X,L,Section,End Condition,,Slope ,Deflection
0,5,0,SS,,0,0
0.005,5,0,SS,,-0.0083,0
0.01,5,0,SS,,-0.0166,0
0.015,5,0,SS,,-0.0249,0
0.02,5,0,SS,,-0.0331,0
0.025,5,0,SS,,-0.0414,0
0.03,5,0,SS,,-0.0496,0
0.035,5,0,SS,,-0.0577,0
0.04,5,0,SS,,-0.0659,0
0.045,5,0,SS,,-0.074,0
0.05,5,0,SS,,-0.0821,0
0.055,5,0,SS,,-0.0902,0
0.06,5,0,SS,,-0.0982,0
0.065,5,0,SS,,-0.1062,0
0.07,5,0,SS,,-0.1142,0
0.075,5,0,SS,,-0.1222,0
0.08,5,0,SS,,-0.1302,0
0.085,5,0,SS,,-0.1381,0
0.09,5,0,SS,,-0.146,0
0.095,5,0,SS,,-0.1538,0
0.1,5,0,SS,,-0.1617,0
0.105,5,0,SS,,-0.1695,0
0.11,5,0,SS,,-0.1773,0
0.115,5,0,SS,,-0.1851,0
0.12,5,0,SS,,-0.1929,0
0.125,5,0,SS,,-0.2006,0
0.13,5,0,SS,,-0.2083,0
0.135,5,0,SS,,-0.216,0
0.14,5,0,SS,,-0.2236,0
0.145,5,0,SS,,-0.2313,0
0.15,5,0,SS,,-0.2389,0
0.155,5,0,SS,,-0.2464,0
0.16,5,0,SS,,-0.254,0
0.165,5,0,SS,,-0.2615,0
0.17,5,0,SS,,-0.269,0
0.175,5,0,SS,,-0.2765,0
0.18,5,0,SS,,-0.284,0
0.185,5,0,SS,,-0.2914,0
0.19,5,0,SS,,-0.2988,0
0.195,5,0,SS,,-0.3062,0
0.2,5,0,SS,,-0.3136,0
0.205,5,0,SS,,-0.3209,0
0.21,5,0,SS,,-0.3283,0
0.215,5,0,SS,,-0.3356,0
0.22,5,0,SS,,-0.3428,0
0.225,5,0,SS,,-0.3501,0
0.23,5,0,SS,,-0.3573,0
0.235,5,0,SS,,-0.3645,0
0.24,5,0,SS,,-0.3717,0
0.245,5,0,SS,,-0.3788,0
0.25,5,0,SS,,-0.3859,0
0.255,5,0,SS,,-0.393,0
0.26,5,0,SS,,-0.4001,0
0.265,5,0,SS,,-0.4072,0
0.27,5,0,SS,,-0.4142,0
0.275,5,0,SS,,-0.4212,0
0.28,5,0,SS,,-0.4282,0
0.285,5,0,SS,,-0.4352,0
0.29,5,0,SS,,-0.4421,0
0.295,5,0,SS,,-0.449,0
0.3,5,0,SS,,-0.4559,0
0.305,5,0,SS,,-0.4628,0
0.31,5,0,SS,,-0.4696,0
0.315,5,0,SS,,-0.4764,0
0.32,5,0,SS,,-0.4832,0
0.325,5,0,SS,,-0.49,0
0.33,5,0,SS,,-0.4967,0
0.335,5,0,SS,,-0.5035,0
0.34,5,0,SS,,-0.5102,0
0.345,5,0,SS,,-0.5169,0
0.35,5,0,SS,,-0.5235,0
0.355,5,0,SS,,-0.5301,0
0.36,5,0,SS,,-0.5368,0
0.365,5,0,SS,,-0.5433,0
0.37,5,0,SS,,-0.5499,0
0.375,5,0,SS,,-0.5564,0
0.38,5,0,SS,,-0.563,0
0.385,5,0,SS,,-0.5695,0
0.39,5,0,SS,,-0.5759,0
0.395,5,0,SS,,-0.5824,0
0.4,5,0,SS,,-0.5888,0
0.405,5,0,SS,,-0.5952,0
0.41,5,0,SS,,-0.6016,0
0.415,5,0,SS,,-0.6079,0
0.42,5,0,SS,,-0.6143,0
0.425,5,0,SS,,-0.6206,0
0.43,5,0,SS,,-0.6269,0
0.435,5,0,SS,,-0.6331,0
0.44,5,0,SS,,-0.6394,0
0.445,5,0,SS,,-0.6456,0
0.45,5,0,SS,,-0.6518,0
0.455,5,0,SS,,-0.658,0
0.46,5,0,SS,,-0.6641,0
0.465,5,0,SS,,-0.6702,0
0.47,5,0,SS,,-0.6763,0
0.475,5,0,SS,,-0.6824,0
0.48,5,0,SS,,-0.6885,0
0.485,5,0,SS,,-0.6945,0
0.49,5,0,SS,,-0.7005,0
0.495,5,0,SS,,-0.7065,0
0.5,5,0,SS,,-0.7125,0
0.505,5,0,SS,,-0.7184,0
0.51,5,0,SS,,-0.7244,0
0.515,5,0,SS,,-0.7303,0
0.52,5,0,SS,,-0.7362,0
0.525,5,0,SS,,-0.742,0
0.53,5,0,SS,,-0.7478,0
0.535,5,0,SS,,-0.7537,0
0.54,5,0,SS,,-0.7594,0
0.545,5,0,SS,,-0.7652,0
0.55,5,0,SS,,-0.771,0
0.555,5,0,SS,,-0.7767,0
0.56,5,0,SS,,-0.7824,0
0.565,5,0,SS,,-0.7881,0
0.57,5,0,SS,,-0.7937,0
0.575,5,0,SS,,-0.7994,0
0.58,5,0,SS,,-0.805,0
0.585,5,0,SS,,-0.8106,0
0.59,5,0,SS,,-0.8161,0
0.595,5,0,SS,,-0.8217,0
0.6,5,0,SS,,-0.8272,0
0.605,5,0,SS,,-0.8327,0
0.61,5,0,SS,,-0.8382,0
0.615,5,0,SS,,-0.8436,0
0.62,5,0,SS,,-0.8491,0
0.625,5,0,SS,,-0.8545,0
0.63,5,0,SS,,-0.8599,0
0.635,5,0,SS,,-0.8653,0
0.64,5,0,SS,,-0.8706,0
0.645,5,0,SS,,-0.8759,0
0.65,5,0,SS,,-0.8812,0
0.655,5,0,SS,,-0.8865,0
0.66,5,0,SS,,-0.8918,0
0.665,5,0,SS,,-0.897,0
0.67,5,0,SS,,-0.9022,0
0.675,5,0,SS,,-0.9074,0
0.68,5,0,SS,,-0.9126,0
0.685,5,0,SS,,-0.9178,0
0.69,5,0,SS,,-0.9229,0
0.695,5,0,SS,,-0.928,0
0.7,5,0,SS,,-0.9331,0
0.705,5,0,SS,,-0.9382,0
0.71,5,0,SS,,-0.9432,0
0.715,5,0,SS,,-0.9482,0
0.72,5,0,SS,,-0.9532,0
0.725,5,0,SS,,-0.9582,0
0.73,5,0,SS,,-0.9632,0
0.735,5,0,SS,,-0.9681,0
0.74,5,0,SS,,-0.973,0
0.745,5,0,SS,,-0.9779,0
0.75,5,0,SS,,-0.9828,0
0.755,5,0,SS,,-0.9877,0
0.76,5,0,SS,,-0.9925,0
0.765,5,0,SS,,-0.9973,0
0.77,5,0,SS,,-1.0021,0
0.775,5,0,SS,,-1.0069,0
0.78,5,0,SS,,-1.0116,0
0.785,5,0,SS,,-1.0163,0
0.79,5,0,SS,,-1.0211,0
0.795,5,0,SS,,-1.0257,0
0.8,5,0,SS,,-1.0304,0
0.805,5,0,SS,,-1.035,0
0.81,5,0,SS,,-1.0397,0
0.815,5,0,SS,,-1.0443,0
0.82,5,0,SS,,-1.0488,0
0.825,5,0,SS,,-1.0534,0
0.83,5,0,SS,,-1.0579,0
0.835,5,0,SS,,-1.0625,0
0.84,5,0,SS,,-1.067,0
0.845,5,0,SS,,-1.0714,0
0.85,5,0,SS,,-1.0759,0
0.855,5,0,SS,,-1.0803,0
0.86,5,0,SS,,-1.0847,0
0.865,5,0,SS,,-1.0891,0
0.87,5,0,SS,,-1.0935,0
0.875,5,0,SS,,-1.0979,0
0.88,5,0,SS,,-1.1022,0
0.885,5,0,SS,,-1.1065,0
0.89,5,0,SS,,-1.1108,0
0.895,5,0,SS,,-1.1151,0
0.9,5,0,SS,,-1.1193,0
0.905,5,0,SS,,-1.1235,0
0.91,5,0,SS,,-1.1277,0
0.915,5,0,SS,,-1.1319,0
0.92,5,0,SS,,-1.1361,0
0.925,5,0,SS,,-1.1402,0
0.93,5,0,SS,,-1.1444,0
0.935,5,0,SS,,-1.1485,0
0.94,5,0,SS,,-1.1526,0
0.945,5,0,SS,,-1.1566,0
0.95,5,0,SS,,-1.1607,0
0.955,5,0,SS,,-1.1647,0
0.96,5,0,SS,,-1.1687,0
0.965,5,0,SS,,-1.1727,0
0.97,5,0,SS,,-1.1766,0
0.975,5,0,SS,,-1.1806,0
0.98,5,0,SS,,-1.1845,0
0.985,5,0,SS,,-1.1884,0
0.99,5,0,SS,,-1.1923,0
0.995,5,0,SS,,-1.1962,0
1,5,0,SS,,-1.2,0
1.005,5,0,SS,,-1.2038,0
1.01,5,0,SS,,-1.2076,0
1.015,5,0,SS,,-1.2114,0
1.02,5,0,SS,,-1.2152,0
1.025,5,0,SS,,-1.2189,0
1.03,5,0,SS,,-1.2226,0
1.035,5,0,SS,,-1.2263,0
1.04,5,0,SS,,-1.23,0
1.045,5,0,SS,,-1.2337,0
1.05,5,0,SS,,-1.2373,0
1.055,5,0,SS,,-1.241,0
1.06,5,0,SS,,-1.2446,0
1.065,5,0,SS,,-1.2482,0
1.07,5,0,SS,,-1.2517,0
1.075,5,0,SS,,-1.2553,0
1.08,5,0,SS,,-1.2588,0
1.085,5,0,SS,,-1.2623,0
1.09,5,0,SS,,-1.2658,0
1.095,5,0,SS,,-1.2693,0
1.1,5,0,SS,,-1.2727,0
1.105,5,0,SS,,-1.2761,0
1.11,5,0,SS,,-1.2795,0
1.115,5,0,SS,,-1.2829,0
1.12,5,0,SS,,-1.2863,0
1.125,5,0,SS,,-1.2896,0
1.13,5,0,SS,,-1.293,0
1.135,5,0,SS,,-1.2963,0
1.14,5,0,SS,,-1.2996,0
1.145,5,0,SS,,-1.3029,0
1.15,5,0,SS,,-1.3061,0
1.155,5,0,SS,,-1.3093,0
1.16,5,0,SS,,-1.3126,0
1.165,5,0,SS,,-1.3158,0
1.17,5,0,SS,,-1.3189,0
1.175,5,0,SS,,-1.3221,0
1.18,5,0,SS,,-1.3252,0
1.185,5,0,SS,,-1.3284,0
1.19,5,0,SS,,-1.3315,0
1.195,5,0,SS,,-1.3345,0
1.2,5,0,SS,,-1.3376,0
1.205,5,0,SS,,-1.3406,0
1.21,5,0,SS,,-1.3437,0
1.215,5,0,SS,,-1.3467,0
1.22,5,0,SS,,-1.3497,0
1.225,5,0,SS,,-1.3526,0
1.23,5,0,SS,,-1.3556,0
1.235,5,0,SS,,-1.3585,0
1.24,5,0,SS,,-1.3614,0
1.245,5,0,SS,,-1.3643,0
1.25,5,0,SS,,-1.3672,0
1.255,5,0,SS,,-1.37,0
1.26,5,0,SS,,-1.3729,0
1.265,5,0,SS,,-1.3757,0
1.27,5,0,SS,,-1.3785,0
1.275,5,0,SS,,-1.3813,0
1.28,5,0,SS,,-1.384,0
1.285,5,0,SS,,-1.3868,0
1.29,5,0,SS,,-1.3895,0
1.295,5,0,SS,,-1.3922,0
1.3,5,0,SS,,-1.3949,0
1.305,5,0,SS,,-1.3976,0
1.31,5,0,SS,,-1.4002,0
1.315,5,0,SS,,-1.4029,0
1.32,5,0,SS,,-1.4055,0
1.325,5,0,SS,,-1.4081,0
1.33,5,0,SS,,-1.4106,0
1.335,5,0,SS,,-1.4132,0
1.34,5,0,SS,,-1.4157,0
1.345,5,0,SS,,-1.4183,0
1.35,5,0,SS,,-1.4208,0
1.355,5,0,SS,,-1.4232,0
1.36,5,0,SS,,-1.4257,0
1.365,5,0,SS,,-1.4282,0
1.37,5,0,SS,,-1.4306,0
1.375,5,0,SS,,-1.433,0
1.38,5,0,SS,,-1.4354,0
1.385,5,0,SS,,-1.4378,0
1.39,5,0,SS,,-1.4401,0
1.395,5,0,SS,,-1.4425,0
1.4,5,0,SS,,-1.4448,0
1.405,5,0,SS,,-1.4471,0
1.41,5,0,SS,,-1.4494,0
1.415,5,0,SS,,-1.4517,0
1.42,5,0,SS,,-1.4539,0
1.425,5,0,SS,,-1.4561,0
1.43,5,0,SS,,-1.4584,0
1.435,5,0,SS,,-1.4606,0
1.44,5,0,SS,,-1.4627,0
1.445,5,0,SS,,-1.4649,0
1.45,5,0,SS,,-1.467,0
1.455,5,0,SS,,-1.4692,0
1.46,5,0,SS,,-1.4713,0
1.465,5,0,SS,,-1.4734,0
1.47,5,0,SS,,-1.4754,0
1.475,5,0,SS,,-1.4775,0
1.48,5,0,SS,,-1.4795,0
1.485,5,0,SS,,-1.4815,0
1.49,5,0,SS,,-1.4835,0
1.495,5,0,SS,,-1.4855,0
1.5,5,0,SS,,-1.4875,0
1.505,5,0,SS,,-1.4894,0
1.51,5,0,SS,,-1.4914,0
1.515,5,0,SS,,-1.4933,0
1.52,5,0,SS,,-1.4952,0
1.525,5,0,SS,,-1.4971,0
1.53,5,0,SS,,-1.4989,0
1.535,5,0,SS,,-1.5008,0
1.54,5,0,SS,,-1.5026,0
1.545,5,0,SS,,-1.5044,0
1.55,5,0,SS,,-1.5062,0
1.555,5,0,SS,,-1.508,0
1.56,5,0,SS,,-1.5097,0
1.565,5,0,SS,,-1.5115,0
1.57,5,0,SS,,-1.5132,0
1.575,5,0,SS,,-1.5149,0
1.58,5,0,SS,,-1.5166,0
1.585,5,0,SS,,-1.5183,0
1.59,5,0,SS,,-1.5199,0
1.595,5,0,SS,,-1.5216,0
1.6,5,0,SS,,-1.5232,0
1.605,5,0,SS,,-1.5248,0
1.61,5,0,SS,,-1.5264,0
1.615,5,0,SS,,-1.528,0
1.62,5,0,SS,,-1.5295,0
1.625,5,0,SS,,-1.5311,0
1.63,5,0,SS,,-1.5326,0
1.635,5,0,SS,,-1.5341,0
1.64,5,0,SS,,-1.5356,0
1.645,5,0,SS,,-1.537,0
1.65,5,0,SS,,-1.5385,0
1.655,5,0,SS,,-1.5399,0
1.66,5,0,SS,,-1.5413,0
1.665,5,0,SS,,-1.5427,0
1.67,5,0,SS,,-1.5441,0
1.675,5,0,SS,,-1.5455,0
1.68,5,0,SS,,-1.5469,0
1.685,5,0,SS,,-1.5482,0
1.69,5,0,SS,,-1.5495,0
1.695,5,0,SS,,-1.5508,0
1.7,5,0,SS,,-1.5521,0
1.705,5,0,SS,,-1.5534,0
1.71,5,0,SS,,-1.5546,0
1.715,5,0,SS,,-1.5559,0
1.72,5,0,SS,,-1.5571,0
1.725,5,0,SS,,-1.5583,0
1.73,5,0,SS,,-1.5595,0
1.735,5,0,SS,,-1.5606,0
1.74,5,0,SS,,-1.5618,0
1.745,5,0,SS,,-1.5629,0
1.75,5,0,SS,,-1.5641,0
1.755,5,0,SS,,-1.5652,0
1.76,5,0,SS,,-1.5663,0
1.765,5,0,SS,,-1.5673,0
1.77,5,0,SS,,-1.5684,0
1.775,5,0,SS,,-1.5694,0
1.78,5,0,SS,,-1.5705,0
1.785,5,0,SS,,-1.5715,0
1.79,5,0,SS,,-1.5725,0
1.795,5,0,SS,,-1.5734,0
1.8,5,0,SS,,-1.5744,0
1.805,5,0,SS,,-1.5753,0
1.81,5,0,SS,,-1.5763,0
1.815,5,0,SS,,-1.5772,0
1.82,5,0,SS,,-1.5781,0
1.825,5,0,SS,,-1.579,0
1.83,5,0,SS,,-1.5798,0
1.835,5,0,SS,,-1.5807,0
1.84,5,0,SS,,-1.5815,0
1.845,5,0,SS,,-1.5823,0
1.85,5,0,SS,,-1.5831,0
1.855,5,0,SS,,-1.5839,0
1.86,5,0,SS,,-1.5847,0
1.865,5,0,SS,,-1.5855,0
1.87,5,0,SS,,-1.5862,0
1.875,5,0,SS,,-1.5869,0
1.88,5,0,SS,,-1.5876,0
1.885,5,0,SS,,-1.5883,0
1.89,5,0,SS,,-1.589,0
1.895,5,0,SS,,-1.5897,0
1.9,5,0,SS,,-1.5903,0
1.905,5,0,SS,,-1.5909,0
1.91,5,0,SS,,-1.5915,0
1.915,5,0,SS,,-1.5921,0
1.92,5,0,SS,,-1.5927,0
1.925,5,0,SS,,-1.5933,0
1.93,5,0,SS,,-1.5939,0
1.935,5,0,SS,,-1.5944,0
1.94,5,0,SS,,-1.5949,0
1.945,5,0,SS,,-1.5954,0
1.95,5,0,SS,,-1.5959,0
1.955,5,0,SS,,-1.5964,0
1.96,5,0,SS,,-1.5969,0
1.965,5,0,SS,,-1.5973,0
1.97,5,0,SS,,-1.5977,0
1.975,5,0,SS,,-1.5981,0
1.98,5,0,SS,,-1.5985,0
1.985,5,0,SS,,-1.5989,0
1.99,5,0,SS,,-1.5993,0
1.995,5,0,SS,,-1.5997,0
2,5,0,SS,,-1.6,0
2.005,5,0,SS,,-1.6003,0
2.01,5,0,SS,,-1.6006,0
2.015,5,0,SS,,-1.6009,0
2.02,5,0,SS,,-1.6012,0
2.025,5,0,SS,,-1.6015,0
2.03,5,0,SS,,-1.6017,0
2.035,5,0,SS,,-1.602,0
2.04,5,0,SS,,-1.6022,0
2.045,5,0,SS,,-1.6024,0
2.05,5,0,SS,,-1.6026,0
2.055,5,0,SS,,-1.6028,0
2.06,5,0,SS,,-1.6029,0
2.065,5,0,SS,,-1.6031,0
2.07,5,0,SS,,-1.6032,0
2.075,5,0,SS,,-1.6033,0
2.08,5,0,SS,,-1.6034,0
2.085,5,0,SS,,-1.6035,0
2.09,5,0,SS,,-1.6036,0
2.095,5,0,SS,,-1.6037,0
2.1,5,0,SS,,-1.6037,0
2.105,5,0,SS,,-1.6037,0
2.11,5,0,SS,,-1.6037,0
2.115,5,0,SS,,-1.6037,0
2.12,5,0,SS,,-1.6037,0
2.125,5,0,SS,,-1.6037,0
2.13,5,0,SS,,-1.6037,0
2.135,5,0,SS,,-1.6036,0
2.14,5,0,SS,,-1.6035,0
2.145,5,0,SS,,-1.6035,0
2.15,5,0,SS,,-1.6034,0
2.155,5,0,SS,,-1.6032,0
2.16,5,0,SS,,-1.6031,0
2.165,5,0,SS,,-1.603,0
2.17,5,0,SS,,-1.6028,0
2.175,5,0,SS,,-1.6027,0
2.18,5,0,SS,,-1.6025,0
2.185,5,0,SS,,-1.6023,0
2.19,5,0,SS,,-1.6021,0
2.195,5,0,SS,,-1.6018,0
2.2,5,0,SS,,-1.6016,0
2.205,5,0,SS,,-1.6013,0
2.21,5,0,SS,,-1.6011,0
2.215,5,0,SS,,-1.6008,0
2.22,5,0,SS,,-1.6005,0
2.225,5,0,SS,,-1.6002,0
2.23,5,0,SS,,-1.5999,0
2.235,5,0,SS,,-1.5995,0
2.24,5,0,SS,,-1.5992,0
2.245,5,0,SS,,-1.5988,0
2.25,5,0,SS,,-1.5984,0
2.255,5,0,SS,,-1.598,0
2.26,5,0,SS,,-1.5976,0
2.265,5,0,SS,,-1.5972,0
2.27,5,0,SS,,-1.5968,0
2.275,5,0,SS,,-1.5963,0
2.28,5,0,SS,,-1.5959,0
2.285,5,0,SS,,-1.5954,0
2.29,5,0,SS,,-1.5949,0
2.295,5,0,SS,,-1.5944,0
2.3,5,0,SS,,-1.5939,0
2.305,5,0,SS,,-1.5934,0
2.31,5,0,SS,,-1.5928,0
2.315,5,0,SS,,-1.5923,0
2.32,5,0,SS,,-1.5917,0
2.325,5,0,SS,,-1.5911,0
2.33,5,0,SS,,-1.5905,0
2.335,5,0,SS,,-1.5899,0
2.34,5,0,SS,,-1.5893,0
2.345,5,0,SS,,-1.5887,0
2.35,5,0,SS,,-1.588,0
2.355,5,0,SS,,-1.5874,0
2.36,5,0,SS,,-1.5867,0
2.365,5,0,SS,,-1.586,0
2.37,5,0,SS,,-1.5853,0
2.375,5,0,SS,,-1.5846,0
2.38,5,0,SS,,-1.5838,0
2.385,5,0,SS,,-1.5831,0
2.39,5,0,SS,,-1.5823,0
2.395,5,0,SS,,-1.5816,0
2.4,5,0,SS,,-1.5808,0
2.405,5,0,SS,,-1.58,0
2.41,5,0,SS,,-1.5792,0
2.415,5,0,SS,,-1.5784,0
2.42,5,0,SS,,-1.5775,0
2.425,5,0,SS,,-1.5767,0
2.43,5,0,SS,,-1.5758,0
2.435,5,0,SS,,-1.575,0
2.44,5,0,SS,,-1.5741,0
2.445,5,0,SS,,-1.5732,0
2.45,5,0,SS,,-1.5723,0
2.455,5,0,SS,,-1.5714,0
2.46,5,0,SS,,-1.5704,0
2.465,5,0,SS,,-1.5695,0
2.47,5,0,SS,,-1.5685,0
2.475,5,0,SS,,-1.5676,0
2.48,5,0,SS,,-1.5666,0
2.485,5,0,SS,,-1.5656,0
2.49,5,0,SS,,-1.5646,0
2.495,5,0,SS,,-1.5635,0
2.5,5,0,SS,,-1.5625,0
2.505,5,0,SS,,-1.5615,0
2.51,5,0,SS,,-1.5604,0
2.515,5,0,SS,,-1.5593,0
2.52,5,0,SS,,-1.5582,0
2.525,5,0,SS,,-1.5571,0
2.53,5,0,SS,,-1.556,0
2.535,5,0,SS,,-1.5549,0
2.54,5,0,SS,,-1.5538,0
2.545,5,0,SS,,-1.5526,0
2.55,5,0,SS,,-1.5515,0
2.555,5,0,SS,,-1.5503,0
2.56,5,0,SS,,-1.5491,0
2.565,5,0,SS,,-1.5479,0
2.57,5,0,SS,,-1.5467,0
2.575,5,0,SS,,-1.5455,0
2.58,5,0,SS,,-1.5443,0
2.585,5,0,SS,,-1.543,0
2.59,5,0,SS,,-1.5417,0
2.595,5,0,SS,,-1.5405,0
2.6,5,0,SS,,-1.5392,0
2.605,5,0,SS,,-1.5379,0
2.61,5,0,SS,,-1.5366,0
2.615,5,0,SS,,-1.5353,0
2.62,5,0,SS,,-1.534,0
2.625,5,0,SS,,-1.5326,0
2.63,5,0,SS,,-1.5313,0
2.635,5,0,SS,,-1.5299,0
2.64,5,0,SS,,-1.5285,0
2.645,5,0,SS,,-1.5271,0
2.65,5,0,SS,,-1.5257,0
2.655,5,0,SS,,-1.5243,0
2.66,5,0,SS,,-1.5229,0
2.665,5,0,SS,,-1.5215,0
2.67,5,0,SS,,-1.52,0
2.675,5,0,SS,,-1.5186,0
2.68,5,0,SS,,-1.5171,0
2.685,5,0,SS,,-1.5156,0
2.69,5,0,SS,,-1.5141,0
2.695,5,0,SS,,-1.5126,0
2.7,5,0,SS,,-1.5111,0
2.705,5,0,SS,,-1.5096,0
2.71,5,0,SS,,-1.508,0
2.715,5,0,SS,,-1.5065,0
2.72,5,0,SS,,-1.5049,0
2.725,5,0,SS,,-1.5033,0
2.73,5,0,SS,,-1.5018,0
2.735,5,0,SS,,-1.5002,0
2.74,5,0,SS,,-1.4986,0
2.745,5,0,SS,,-1.4969,0
2.75,5,0,SS,,-1.4953,0
2.755,5,0,SS,,-1.4937,0
2.76,5,0,SS,,-1.492,0
2.765,5,0,SS,,-1.4904,0
2.77,5,0,SS,,-1.4887,0
2.775,5,0,SS,,-1.487,0
2.78,5,0,SS,,-1.4853,0
2.785,5,0,SS,,-1.4836,0
2.79,5,0,SS,,-1.4819,0
2.795,5,0,SS,,-1.4801,0
2.8,5,0,SS,,-1.4784,0
2.805,5,0,SS,,-1.4766,0
2.81,5,0,SS,,-1.4749,0
2.815,5,0,SS,,-1.4731,0
2.82,5,0,SS,,-1.4713,0
2.825,5,0,SS,,-1.4695,0
2.83,5,0,SS,,-1.4677,0
2.835,5,0,SS,,-1.4659,0
2.84,5,0,SS,,-1.4641,0
2.845,5,0,SS,,-1.4622,0
2.85,5,0,SS,,-1.4604,0
2.855,5,0,SS,,-1.4585,0
2.86,5,0,SS,,-1.4567,0
2.865,5,0,SS,,-1.4548,0
2.87,5,0,SS,,-1.4529,0
2.875,5,0,SS,,-1.451,0
2.88,5,0,SS,,-1.4491,0
2.885,5,0,SS,,-1.4471,0
2.89,5,0,SS,,-1.4452,0
2.895,5,0,SS,,-1.4433,0
2.9,5,0,SS,,-1.4413,0
2.905,5,0,SS,,-1.4393,0
2.91,5,0,SS,,-1.4374,0
2.915,5,0,SS,,-1.4354,0
2.92,5,0,SS,,-1.4334,0
2.925,5,0,SS,,-1.4314,0
2.93,5,0,SS,,-1.4293,0
2.935,5,0,SS,,-1.4273,0
2.94,5,0,SS,,-1.4253,0
2.945,5,0,SS,,-1.4232,0
2.95,5,0,SS,,-1.4212,0
2.955,5,0,SS,,-1.4191,0
2.96,5,0,SS,,-1.417,0
2.965,5,0,SS,,-1.4149,0
2.97,5,0,SS,,-1.4128,0
2.975,5,0,SS,,-1.4107,0
2.98,5,0,SS,,-1.4086,0
2.985,5,0,SS,,-1.4065,0
2.99,5,0,SS,,-1.4043,0
2.995,5,0,SS,,-1.4022,0
3,5,0,SS,,-1.4,0
3.005,5,0,SS,,-1.3978,0
3.01,5,0,SS,,-1.3956,0
3.015,5,0,SS,,-1.3935,0
3.02,5,0,SS,,-1.3913,0
3.025,5,0,SS,,-1.389,0
3.03,5,0,SS,,-1.3868,0
3.035,5,0,SS,,-1.3846,0
3.04,5,0,SS,,-1.3823,0
3.045,5,0,SS,,-1.3801,0
3.05,5,0,SS,,-1.3778,0
3.055,5,0,SS,,-1.3756,0
3.06,5,0,SS,,-1.3733,0
3.065,5,0,SS,,-1.371,0
3.07,5,0,SS,,-1.3687,0
3.075,5,0,SS,,-1.3664,0
3.08,5,0,SS,,-1.3641,0
3.085,5,0,SS,,-1.3617,0
3.09,5,0,SS,,-1.3594,0
3.095,5,0,SS,,-1.3571,0
3.1,5,0,SS,,-1.3547,0
3.105,5,0,SS,,-1.3523,0
3.11,5,0,SS,,-1.35,0
3.115,5,0,SS,,-1.3476,0
3.12,5,0,SS,,-1.3452,0
3.125,5,0,SS,,-1.3428,0
3.13,5,0,SS,,-1.3404,0
3.135,5,0,SS,,-1.3379,0
3.14,5,0,SS,,-1.3355,0
3.145,5,0,SS,,-1.3331,0
3.15,5,0,SS,,-1.3306,0
3.155,5,0,SS,,-1.3282,0
3.16,5,0,SS,,-1.3257,0
3.165,5,0,SS,,-1.3232,0
3.17,5,0,SS,,-1.3207,0
3.175,5,0,SS,,-1.3182,0
3.18,5,0,SS,,-1.3157,0
3.185,5,0,SS,,-1.3132,0
3.19,5,0,SS,,-1.3107,0
3.195,5,0,SS,,-1.3081,0
3.2,5,0,SS,,-1.3056,0
3.205,5,0,SS,,-1.303,0
3.21,5,0,SS,,-1.3005,0
3.215,5,0,SS,,-1.2979,0
3.22,5,0,SS,,-1.2953,0
3.225,5,0,SS,,-1.2928,0
3.23,5,0,SS,,-1.2902,0
3.235,5,0,SS,,-1.2876,0
3.24,5,0,SS,,-1.2849,0
3.245,5,0,SS,,-1.2823,0
3.25,5,0,SS,,-1.2797,0
3.255,5,0,SS,,-1.277,0
3.26,5,0,SS,,-1.2744,0
3.265,5,0,SS,,-1.2717,0
3.27,5,0,SS,,-1.2691,0
3.275,5,0,SS,,-1.2664,0
3.28,5,0,SS,,-1.2637,0
3.285,5,0,SS,,-1.261,0
3.29,5,0,SS,,-1.2583,0
3.295,5,0,SS,,-1.2556,0
3.3,5,0,SS,,-1.2529,0
3.305,5,0,SS,,-1.2502,0
3.31,5,0,SS,,-1.2474,0
3.315,5,0,SS,,-1.2447,0
3.32,5,0,SS,,-1.2419,0
3.325,5,0,SS,,-1.2392,0
3.33,5,0,SS,,-1.2364,0
3.335,5,0,SS,,-1.2336,0
3.34,5,0,SS,,-1.2309,0
3.345,5,0,SS,,-1.2281,0
3.35,5,0,SS,,-1.2253,0
3.355,5,0,SS,,-1.2225,0
3.36,5,0,SS,,-1.2196,0
3.365,5,0,SS,,-1.2168,0
3.37,5,0,SS,,-1.214,0
3.375,5,0,SS,,-1.2111,0
3.38,5,0,SS,,-1.2083,0
3.385,5,0,SS,,-1.2054,0
3.39,5,0,SS,,-1.2026,0
3.395,5,0,SS,,-1.1997,0
3.4,5,0,SS,,-1.1968,0
3.405,5,0,SS,,-1.1939,0
3.41,5,0,SS,,-1.191,0
3.415,5,0,SS,,-1.1881,0
3.42,5,0,SS,,-1.1852,0
3.425,5,0,SS,,-1.1823,0
3.43,5,0,SS,,-1.1793,0
3.435,5,0,SS,,-1.1764,0
3.44,5,0,SS,,-1.1735,0
3.445,5,0,SS,,-1.1705,0
3.45,5,0,SS,,-1.1675,0
3.455,5,0,SS,,-1.1646,0
3.46,5,0,SS,,-1.1616,0
3.465,5,0,SS,,-1.1586,0
3.47,5,0,SS,,-1.1556,0
3.475,5,0,SS,,-1.1526,0
3.48,5,0,SS,,-1.1496,0
3.485,5,0,SS,,-1.1466,0
3.49,5,0,SS,,-1.1436,0
3.495,5,0,SS,,-1.1405,0
3.5,5,0,SS,,-1.1375,0
3.505,5,0,SS,,-1.1345,0
3.51,5,0,SS,,-1.1314,0
3.515,5,0,SS,,-1.1283,0
3.52,5,0,SS,,-1.1253,0
3.525,5,0,SS,,-1.1222,0
3.53,5,0,SS,,-1.1191,0
3.535,5,0,SS,,-1.116,0
3.54,5,0,SS,,-1.1129,0
3.545,5,0,SS,,-1.1098,0
3.55,5,0,SS,,-1.1067,0
3.555,5,0,SS,,-1.1036,0
3.56,5,0,SS,,-1.1005,0
3.565,5,0,SS,,-1.0973,0
3.57,5,0,SS,,-1.0942,0
3.575,5,0,SS,,-1.091,0
3.58,5,0,SS,,-1.0879,0
3.585,5,0,SS,,-1.0847,0
3.59,5,0,SS,,-1.0816,0
3.595,5,0,SS,,-1.0784,0
3.6,5,0,SS,,-1.0752,0
3.605,5,0,SS,,-1.072,0
3.61,5,0,SS,,-1.0688,0
3.615,5,0,SS,,-1.0656,0
3.62,5,0,SS,,-1.0624,0
3.625,5,0,SS,,-1.0592,0
3.63,5,0,SS,,-1.056,0
3.635,5,0,SS,,-1.0527,0
3.64,5,0,SS,,-1.0495,0
3.645,5,0,SS,,-1.0462,0
3.65,5,0,SS,,-1.043,0
3.655,5,0,SS,,-1.0397,0
3.66,5,0,SS,,-1.0365,0
3.665,5,0,SS,,-1.0332,0
3.67,5,0,SS,,-1.0299,0
3.675,5,0,SS,,-1.0266,0
3.68,5,0,SS,,-1.0233,0
3.685,5,0,SS,,-1.02,0
3.69,5,0,SS,,-1.0167,0
3.695,5,0,SS,,-1.0134,0
3.7,5,0,SS,,-1.0101,0
3.705,5,0,SS,,-1.0068,0
3.71,5,0,SS,,-1.0034,0
3.715,5,0,SS,,-1.0001,0
3.72,5,0,SS,,-0.9968,0
3.725,5,0,SS,,-0.9934,0
3.73,5,0,SS,,-0.9901,0
3.735,5,0,SS,,-0.9867,0
3.74,5,0,SS,,-0.9833,0
3.745,5,0,SS,,-0.9799,0
3.75,5,0,SS,,-0.9766,0
3.755,5,0,SS,,-0.9732,0
3.76,5,0,SS,,-0.9698,0
3.765,5,0,SS,,-0.9664,0
3.77,5,0,SS,,-0.963,0
3.775,5,0,SS,,-0.9596,0
3.78,5,0,SS,,-0.9561,0
3.785,5,0,SS,,-0.9527,0
3.79,5,0,SS,,-0.9493,0
3.795,5,0,SS,,-0.9458,0
3.8,5,0,SS,,-0.9424,0
3.805,5,0,SS,,-0.939,0
3.81,5,0,SS,,-0.9355,0
3.815,5,0,SS,,-0.932,0
3.82,5,0,SS,,-0.9286,0
3.825,5,0,SS,,-0.9251,0
3.83,5,0,SS,,-0.9216,0
3.835,5,0,SS,,-0.9181,0
3.84,5,0,SS,,-0.9146,0
3.845,5,0,SS,,-0.9111,0
3.85,5,0,SS,,-0.9076,0
3.855,5,0,SS,,-0.9041,0
3.86,5,0,SS,,-0.9006,0
3.865,5,0,SS,,-0.8971,0
3.87,5,0,SS,,-0.8936,0
3.875,5,0,SS,,-0.89,0
3.88,5,0,SS,,-0.8865,0
3.885,5,0,SS,,-0.883,0
3.89,5,0,SS,,-0.8794,0
3.895,5,0,SS,,-0.8759,0
3.9,5,0,SS,,-0.8723,0
3.905,5,0,SS,,-0.8687,0
3.91,5,0,SS,,-0.8652,0
3.915,5,0,SS,,-0.8616,0
3.92,5,0,SS,,-0.858,0
3.925,5,0,SS,,-0.8544,0
3.93,5,0,SS,,-0.8508,0
3.935,5,0,SS,,-0.8472,0
3.94,5,0,SS,,-0.8436,0
3.945,5,0,SS,,-0.84,0
3.95,5,0,SS,,-0.8364,0
3.955,5,0,SS,,-0.8328,0
3.96,5,0,SS,,-0.8292,0
3.965,5,0,SS,,-0.8255,0
3.97,5,0,SS,,-0.8219,0
3.975,5,0,SS,,-0.8183,0
3.98,5,0,SS,,-0.8146,0
3.985,5,0,SS,,-0.811,0
3.99,5,0,SS,,-0.8073,0
3.995,5,0,SS,,-0.8037,0
4,5,0,SS,,-0.8,0
4.005,5,0,SS,,-0.7963,0
4.01,5,0,SS,,-0.7927,0
4.015,5,0,SS,,-0.789,0
4.02,5,0,SS,,-0.7853,0
4.025,5,0,SS,,-0.7816,0
4.03,5,0,SS,,-0.7779,0
4.035,5,0,SS,,-0.7742,0
4.04,5,0,SS,,-0.7705,0
4.045,5,0,SS,,-0.7668,0
4.05,5,0,SS,,-0.7631,0
4.055,5,0,SS,,-0.7594,0
4.06,5,0,SS,,-0.7556,0
4.065,5,0,SS,,-0.7519,0
4.07,5,0,SS,,-0.7482,0
4.075,5,0,SS,,-0.7445,0
4.08,5,0,SS,,-0.7407,0
4.085,5,0,SS,,-0.737,0
4.09,5,0,SS,,-0.7332,0
4.095,5,0,SS,,-0.7295,0
4.1,5,0,SS,,-0.7257,0
4.105,5,0,SS,,-0.7219,0
4.11,5,0,SS,,-0.7182,0
4.115,5,0,SS,,-0.7144,0
4.12,5,0,SS,,-0.7106,0
4.125,5,0,SS,,-0.7068,0
4.13,5,0,SS,,-0.703,0
4.135,5,0,SS,,-0.6993,0
4.14,5,0,SS,,-0.6955,0
4.145,5,0,SS,,-0.6917,0
4.15,5,0,SS,,-0.6879,0
4.155,5,0,SS,,-0.6841,0
4.16,5,0,SS,,-0.6802,0
4.165,5,0,SS,,-0.6764,0
4.17,5,0,SS,,-0.6726,0
4.175,5,0,SS,,-0.6688,0
4.18,5,0,SS,,-0.665,0
4.185,5,0,SS,,-0.6611,0
4.19,5,0,SS,,-0.6573,0
4.195,5,0,SS,,-0.6534,0
4.2,5,0,SS,,-0.6496,0
4.205,5,0,SS,,-0.6458,0
4.21,5,0,SS,,-0.6419,0
4.215,5,0,SS,,-0.638,0
4.22,5,0,SS,,-0.6342,0
4.225,5,0,SS,,-0.6303,0
4.23,5,0,SS,,-0.6264,0
4.235,5,0,SS,,-0.6226,0
4.24,5,0,SS,,-0.6187,0
4.245,5,0,SS,,-0.6148,0
4.25,5,0,SS,,-0.6109,0
4.255,5,0,SS,,-0.6071,0
4.26,5,0,SS,,-0.6032,0
4.265,5,0,SS,,-0.5993,0
4.27,5,0,SS,,-0.5954,0
4.275,5,0,SS,,-0.5915,0
4.28,5,0,SS,,-0.5876,0
4.285,5,0,SS,,-0.5836,0
4.29,5,0,SS,,-0.5797,0
4.295,5,0,SS,,-0.5758,0
4.3,5,0,SS,,-0.5719,0
4.305,5,0,SS,,-0.568,0
4.31,5,0,SS,,-0.564,0
4.315,5,0,SS,,-0.5601,0
4.32,5,0,SS,,-0.5562,0
4.325,5,0,SS,,-0.5522,0
4.33,5,0,SS,,-0.5483,0
4.335,5,0,SS,,-0.5444,0
4.34,5,0,SS,,-0.5404,0
4.345,5,0,SS,,-0.5365,0
4.35,5,0,SS,,-0.5325,0
4.355,5,0,SS,,-0.5286,0
4.36,5,0,SS,,-0.5246,0
4.365,5,0,SS,,-0.5206,0
4.37,5,0,SS,,-0.5167,0
4.375,5,0,SS,,-0.5127,0
4.38,5,0,SS,,-0.5087,0
4.385,5,0,SS,,-0.5047,0
4.39,5,0,SS,,-0.5008,0
4.395,5,0,SS,,-0.4968,0
4.4,5,0,SS,,-0.4928,0
4.405,5,0,SS,,-0.4888,0
4.41,5,0,SS,,-0.4848,0
4.415,5,0,SS,,-0.4808,0
4.42,5,0,SS,,-0.4768,0
4.425,5,0,SS,,-0.4728,0
4.43,5,0,SS,,-0.4688,0
4.435,5,0,SS,,-0.4648,0
4.44,5,0,SS,,-0.4608,0
4.445,5,0,SS,,-0.4568,0
4.45,5,0,SS,,-0.4528,0
4.455,5,0,SS,,-0.4488,0
4.46,5,0,SS,,-0.4448,0
4.465,5,0,SS,,-0.4407,0
4.47,5,0,SS,,-0.4367,0
4.475,5,0,SS,,-0.4327,0
4.48,5,0,SS,,-0.4286,0
4.485,5,0,SS,,-0.4246,0
4.49,5,0,SS,,-0.4206,0
4.495,5,0,SS,,-0.4165,0
4.5,5,0,SS,,-0.4125,0
4.505,5,0,SS,,-0.4085,0
4.51,5,0,SS,,-0.4044,0
4.515,5,0,SS,,-0.4004,0
4.52,5,0,SS,,-0.3963,0
4.525,5,0,SS,,-0.3923,0
4.53,5,0,SS,,-0.3882,0
4.535,5,0,SS,,-0.3841,0
4.54,5,0,SS,,-0.3801,0
4.545,5,0,SS,,-0.376,0
4.55,5,0,SS,,-0.372,0
4.555,5,0,SS,,-0.3679,0
4.56,5,0,SS,,-0.3638,0
4.565,5,0,SS,,-0.3598,0
4.57,5,0,SS,,-0.3557,0
4.575,5,0,SS,,-0.3516,0
4.58,5,0,SS,,-0.3475,0
4.585,5,0,SS,,-0.3435,0
4.59,5,0,SS,,-0.3394,0
4.595,5,0,SS,,-0.3353,0
4.6,5,0,SS,,-0.3312,0
4.605,5,0,SS,,-0.3271,0
4.61,5,0,SS,,-0.323,0
4.615,5,0,SS,,-0.3189,0
4.62,5,0,SS,,-0.3148,0
4.625,5,0,SS,,-0.3107,0
4.63,5,0,SS,,-0.3066,0
4.635,5,0,SS,,-0.3025,0
4.64,5,0,SS,,-0.2984,0
4.645,5,0,SS,,-0.2943,0
4.65,5,0,SS,,-0.2902,0
4.655,5,0,SS,,-0.2861,0
4.66,5,0,SS,,-0.282,0
4.665,5,0,SS,,-0.2779,0
4.67,5,0,SS,,-0.2738,0
4.675,5,0,SS,,-0.2697,0
4.68,5,0,SS,,-0.2656,0
4.685,5,0,SS,,-0.2615,0
4.69,5,0,SS,,-0.2573,0
4.695,5,0,SS,,-0.2532,0
4.7,5,0,SS,,-0.2491,0
4.705,5,0,SS,,-0.245,0
4.71,5,0,SS,,-0.2409,0
4.715,5,0,SS,,-0.2367,0
4.72,5,0,SS,,-0.2326,0
4.725,5,0,SS,,-0.2285,0
4.73,5,0,SS,,-0.2243,0
4.735,5,0,SS,,-0.2202,0
4.74,5,0,SS,,-0.2161,0
4.745,5,0,SS,,-0.2119,0
4.75,5,0,SS,,-0.2078,0
4.755,5,0,SS,,-0.2037,0
4.76,5,0,SS,,-0.1995,0
4.765,5,0,SS,,-0.1954,0
4.77,5,0,SS,,-0.1913,0
4.775,5,0,SS,,-0.1871,0
4.78,5,0,SS,,-0.183,0
4.785,5,0,SS,,-0.1788,0
4.79,5,0,SS,,-0.1747,0
4.795,5,0,SS,,-0.1705,0
4.8,5,0,SS,,-0.1664,0
4.805,5,0,SS,,-0.1623,0
4.81,5,0,SS,,-0.1581,0
4.815,5,0,SS,,-0.154,0
4.82,5,0,SS,,-0.1498,0
4.825,5,0,SS,,-0.1457,0
4.83,5,0,SS,,-0.1415,0
4.835,5,0,SS,,-0.1374,0
4.84,5,0,SS,,-0.1332,0
4.845,5,0,SS,,-0.129,0
4.85,5,0,SS,,-0.1249,0
4.855,5,0,SS,,-0.1207,0
4.86,5,0,SS,,-0.1166,0
4.865,5,0,SS,,-0.1124,0
4.87,5,0,SS,,-0.1083,0
4.875,5,0,SS,,-0.1041,0
4.88,5,0,SS,,-0.0999,0
4.885,5,0,SS,,-0.0958,0
4.89,5,0,SS,,-0.0916,0
4.895,5,0,SS,,-0.0875,0
4.9,5,0,SS,,-0.0833,0
4.905,5,0,SS,,-0.0791,0
4.91,5,0,SS,,-0.075,0
4.915,5,0,SS,,-0.0708,0
4.92,5,0,SS,,-0.0666,0
4.925,5,0,SS,,-0.0625,0
4.93,5,0,SS,,-0.0583,0
4.935,5,0,SS,,-0.0542,0
4.94,5,0,SS,,-0.05,0
4.945,5,0,SS,,-0.0458,0
4.95,5,0,SS,,-0.0417,0
4.955,5,0,SS,,-0.0375,0
4.96,5,0,SS,,-0.0333,0
4.965,5,0,SS,,-0.0292,0
4.97,5,0,SS,,-0.025,0
4.975,5,0,SS,,-0.0208,0
4.98,5,0,SS,,-0.0167,0
4.985,5,0,SS,,-0.0125,0
4.99,5,0,SS,,-0.0083,0
4.995,5,0,SS,,-0.0042,0
5,5,0,SS,,0,0
0,5,0.5,SS,,0,0
0.005,5,0.5,SS,,-0.006,-0.0036
0.01,5,0.5,SS,,-0.0119,-0.0071
0.015,5,0.5,SS,,-0.0179,-0.0107
0.02,5,0.5,SS,,-0.0238,-0.0142
0.025,5,0.5,SS,,-0.0298,-0.0178
0.03,5,0.5,SS,,-0.0358,-0.0214
0.035,5,0.5,SS,,-0.0417,-0.0249
0.04,5,0.5,SS,,-0.0477,-0.0285
0.045,5,0.5,SS,,-0.0536,-0.032
0.05,5,0.5,SS,,-0.0596,-0.0356
0.055,5,0.5,SS,,-0.0655,-0.0392
0.06,5,0.5,SS,,-0.0715,-0.0427
0.065,5,0.5,SS,,-0.0775,-0.0463
0.07,5,0.5,SS,,-0.0834,-0.0498
0.075,5,0.5,SS,,-0.0894,-0.0534
0.08,5,0.5,SS,,-0.0954,-0.0569
0.085,5,0.5,SS,,-0.1013,-0.0605
0.09,5,0.5,SS,,-0.1073,-0.064
0.095,5,0.5,SS,,-0.1132,-0.0676
0.1,5,0.5,SS,,-0.1192,-0.0711
0.105,5,0.5,SS,,-0.1252,-0.0746
0.11,5,0.5,SS,,-0.1311,-0.0782
0.115,5,0.5,SS,,-0.1371,-0.0817
0.12,5,0.5,SS,,-0.1431,-0.0852
0.125,5,0.5,SS,,-0.149,-0.0888
0.13,5,0.5,SS,,-0.155,-0.0923
0.135,5,0.5,SS,,-0.161,-0.0958
0.14,5,0.5,SS,,-0.1669,-0.0993
0.145,5,0.5,SS,,-0.1729,-0.1029
0.15,5,0.5,SS,,-0.1789,-0.1064
0.155,5,0.5,SS,,-0.1848,-0.1099
0.16,5,0.5,SS,,-0.1908,-0.1134
0.165,5,0.5,SS,,-0.1968,-0.1169
0.17,5,0.5,SS,,-0.2027,-0.1204
0.175,5,0.5,SS,,-0.2087,-0.1239
0.18,5,0.5,SS,,-0.2147,-0.1274
0.185,5,0.5,SS,,-0.2207,-0.1309
0.19,5,0.5,SS,,-0.2266,-0.1343
0.195,5,0.5,SS,,-0.2326,-0.1378
0.2,5,0.5,SS,,-0.2386,-0.1413
0.205,5,0.5,SS,,-0.2446,-0.1448
0.21,5,0.5,SS,,-0.2506,-0.1482
0.215,5,0.5,SS,,-0.2565,-0.1517
0.22,5,0.5,SS,,-0.2625,-0.1552
0.225,5,0.5,SS,,-0.2685,-0.1586
0.23,5,0.5,SS,,-0.2745,-0.162
0.235,5,0.5,SS,,-0.2805,-0.1655
0.24,5,0.5,SS,,-0.2865,-0.1689
0.245,5,0.5,SS,,-0.2924,-0.1724
0.25,5,0.5,SS,,-0.2984,-0.1758
0.255,5,0.5,SS,,-0.3044,-0.1792
0.26,5,0.5,SS,,-0.3104,-0.1826
0.265,5,0.5,SS,,-0.3164,-0.186
0.27,5,0.5,SS,,-0.3224,-0.1894
0.275,5,0.5,SS,,-0.3284,-0.1928
0.28,5,0.5,SS,,-0.3344,-0.1962
0.285,5,0.5,SS,,-0.3404,-0.1996
0.29,5,0.5,SS,,-0.3464,-0.203
0.295,5,0.5,SS,,-0.3524,-0.2063
0.3,5,0.5,SS,,-0.3584,-0.2097
0.305,5,0.5,SS,,-0.3644,-0.2131
0.31,5,0.5,SS,,-0.3704,-0.2164
0.315,5,0.5,SS,,-0.3764,-0.2197
0.32,5,0.5,SS,,-0.3824,-0.2231
0.325,5,0.5,SS,,-0.3884,-0.2264
0.33,5,0.5,SS,,-0.3944,-0.2297
0.335,5,0.5,SS,,-0.4005,-0.233
0.34,5,0.5,SS,,-0.4065,-0.2364
0.345,5,0.5,SS,,-0.4125,-0.2397
0.35,5,0.5,SS,,-0.4185,-0.2429
0.355,5,0.5,SS,,-0.4245,-0.2462
0.36,5,0.5,SS,,-0.4306,-0.2495
0.365,5,0.5,SS,,-0.4366,-0.2528
0.37,5,0.5,SS,,-0.4426,-0.256
0.375,5,0.5,SS,,-0.4486,-0.2593
0.38,5,0.5,SS,,-0.4547,-0.2625
0.385,5,0.5,SS,,-0.4607,-0.2658
0.39,5,0.5,SS,,-0.4667,-0.269
0.395,5,0.5,SS,,-0.4728,-0.2722
0.4,5,0.5,SS,,-0.4788,-0.2754
0.405,5,0.5,SS,,-0.4848,-0.2786
0.41,5,0.5,SS,,-0.4909,-0.2818
0.415,5,0.5,SS,,-0.4969,-0.285
0.42,5,0.5,SS,,-0.503,-0.2881
0.425,5,0.5,SS,,-0.509,-0.2913
0.43,5,0.5,SS,,-0.5151,-0.2944
0.435,5,0.5,SS,,-0.5211,-0.2976
0.44,5,0.5,SS,,-0.5272,-0.3007
0.445,5,0.5,SS,,-0.5332,-0.3038
0.45,5,0.5,SS,,-0.5393,-0.307
0.455,5,0.5,SS,,-0.5453,-0.3101
0.46,5,0.5,SS,,-0.5514,-0.3131
0.465,5,0.5,SS,,-0.5575,-0.3162
0.47,5,0.5,SS,,-0.5635,-0.3193
0.475,5,0.5,SS,,-0.5696,-0.3224
0.48,5,0.5,SS,,-0.5757,-0.3254
0.485,5,0.5,SS,,-0.5818,-0.3284
0.49,5,0.5,SS,,-0.5878,-0.3315
0.495,5,0.5,SS,,-0.5939,-0.3345
0.5,5,0.5,SS,,-0.6,-0.3375
0.505,5,0.5,SS,,-0.6061,-0.3405
0.51,5,0.5,SS,,-0.6121,-0.3435
0.515,5,0.5,SS,,-0.6181,-0.3464
0.52,5,0.5,SS,,-0.6242,-0.3494
0.525,5,0.5,SS,,-0.6301,-0.3524
0.53,5,0.5,SS,,-0.6361,-0.3553
0.535,5,0.5,SS,,-0.642,-0.3582
0.54,5,0.5,SS,,-0.6479,-0.3611
0.545,5,0.5,SS,,-0.6538,-0.364
0.55,5,0.5,SS,,-0.6597,-0.3669
0.555,5,0.5,SS,,-0.6656,-0.3698
0.56,5,0.5,SS,,-0.6714,-0.3727
0.565,5,0.5,SS,,-0.6772,-0.3756
0.57,5,0.5,SS,,-0.683,-0.3784
0.575,5,0.5,SS,,-0.6887,-0.3812
0.58,5,0.5,SS,,-0.6945,-0.3841
0.585,5,0.5,SS,,-0.7002,-0.3869
0.59,5,0.5,SS,,-0.7059,-0.3897
0.595,5,0.5,SS,,-0.7116,-0.3925
0.6,5,0.5,SS,,-0.7172,-0.3953
0.605,5,0.5,SS,,-0.7228,-0.398
0.61,5,0.5,SS,,-0.7284,-0.4008
0.615,5,0.5,SS,,-0.734,-0.4035
0.62,5,0.5,SS,,-0.7396,-0.4063
0.625,5,0.5,SS,,-0.7451,-0.409
0.63,5,0.5,SS,,-0.7506,-0.4117
0.635,5,0.5,SS,,-0.7561,-0.4144
0.64,5,0.5,SS,,-0.7616,-0.4171
0.645,5,0.5,SS,,-0.7671,-0.4198
0.65,5,0.5,SS,,-0.7725,-0.4225
0.655,5,0.5,SS,,-0.7779,-0.4252
0.66,5,0.5,SS,,-0.7833,-0.4278
0.665,5,0.5,SS,,-0.7886,-0.4304
0.67,5,0.5,SS,,-0.794,-0.4331
0.675,5,0.5,SS,,-0.7993,-0.4357
0.68,5,0.5,SS,,-0.8046,-0.4383
0.685,5,0.5,SS,,-0.8099,-0.4409
0.69,5,0.5,SS,,-0.8152,-0.4435
0.695,5,0.5,SS,,-0.8204,-0.4461
0.7,5,0.5,SS,,-0.8256,-0.4486
0.705,5,0.5,SS,,-0.8308,-0.4512
0.71,5,0.5,SS,,-0.836,-0.4537
0.715,5,0.5,SS,,-0.8411,-0.4563
0.72,5,0.5,SS,,-0.8462,-0.4588
0.725,5,0.5,SS,,-0.8513,-0.4613
0.73,5,0.5,SS,,-0.8564,-0.4638
0.735,5,0.5,SS,,-0.8615,-0.4663
0.74,5,0.5,SS,,-0.8665,-0.4688
0.745,5,0.5,SS,,-0.8716,-0.4712
0.75,5,0.5,SS,,-0.8766,-0.4737
0.755,5,0.5,SS,,-0.8815,-0.4761
0.76,5,0.5,SS,,-0.8865,-0.4786
0.765,5,0.5,SS,,-0.8914,-0.481
0.77,5,0.5,SS,,-0.8964,-0.4834
0.775,5,0.5,SS,,-0.9012,-0.4858
0.78,5,0.5,SS,,-0.9061,-0.4882
0.785,5,0.5,SS,,-0.911,-0.4906
0.79,5,0.5,SS,,-0.9158,-0.493
0.795,5,0.5,SS,,-0.9206,-0.4953
0.8,5,0.5,SS,,-0.9254,-0.4977
0.805,5,0.5,SS,,-0.9302,-0.5
0.81,5,0.5,SS,,-0.9349,-0.5024
0.815,5,0.5,SS,,-0.9396,-0.5047
0.82,5,0.5,SS,,-0.9443,-0.507
0.825,5,0.5,SS,,-0.949,-0.5093
0.83,5,0.5,SS,,-0.9537,-0.5116
0.835,5,0.5,SS,,-0.9583,-0.5139
0.84,5,0.5,SS,,-0.963,-0.5161
0.845,5,0.5,SS,,-0.9676,-0.5184
0.85,5,0.5,SS,,-0.9721,-0.5207
0.855,5,0.5,SS,,-0.9767,-0.5229
0.86,5,0.5,SS,,-0.9812,-0.5251
0.865,5,0.5,SS,,-0.9858,-0.5273
0.87,5,0.5,SS,,-0.9903,-0.5295
0.875,5,0.5,SS,,-0.9947,-0.5317
0.88,5,0.5,SS,,-0.9992,-0.5339
0.885,5,0.5,SS,,-1.0036,-0.5361
0.89,5,0.5,SS,,-1.008,-0.5383
0.895,5,0.5,SS,,-1.0124,-0.5404
0.9,5,0.5,SS,,-1.0168,-0.5426
0.905,5,0.5,SS,,-1.0212,-0.5447
0.91,5,0.5,SS,,-1.0255,-0.5468
0.915,5,0.5,SS,,-1.0298,-0.5489
0.92,5,0.5,SS,,-1.0341,-0.551
0.925,5,0.5,SS,,-1.0384,-0.5531
0.93,5,0.5,SS,,-1.0426,-0.5552
0.935,5,0.5,SS,,-1.0468,-0.5573
0.94,5,0.5,SS,,-1.0511,-0.5594
0.945,5,0.5,SS,,-1.0552,-0.5614
0.95,5,0.5,SS,,-1.0594,-0.5635
0.955,5,0.5,SS,,-1.0636,-0.5655
0.96,5,0.5,SS,,-1.0677,-0.5675
0.965,5,0.5,SS,,-1.0718,-0.5695
0.97,5,0.5,SS,,-1.0759,-0.5715
0.975,5,0.5,SS,,-1.08,-0.5735
0.98,5,0.5,SS,,-1.084,-0.5755
0.985,5,0.5,SS,,-1.088,-0.5775
0.99,5,0.5,SS,,-1.092,-0.5794
0.995,5,0.5,SS,,-1.096,-0.5814
1,5,0.5,SS,,-1.1,-0.5833
1.005,5,0.5,SS,,-1.1039,-0.5853
1.01,5,0.5,SS,,-1.1079,-0.5872
1.015,5,0.5,SS,,-1.1118,-0.5891
1.02,5,0.5,SS,,-1.1157,-0.591
1.025,5,0.5,SS,,-1.1195,-0.5929
1.03,5,0.5,SS,,-1.1234,-0.5948
1.035,5,0.5,SS,,-1.1272,-0.5967
1.04,5,0.5,SS,,-1.131,-0.5985
1.045,5,0.5,SS,,-1.1348,-0.6004
1.05,5,0.5,SS,,-1.1386,-0.6022
1.055,5,0.5,SS,,-1.1423,-0.604
1.06,5,0.5,SS,,-1.1461,-0.6059
1.065,5,0.5,SS,,-1.1498,-0.6077
1.07,5,0.5,SS,,-1.1535,-0.6095
1.075,5,0.5,SS,,-1.1571,-0.6113
1.08,5,0.5,SS,,-1.1608,-0.6131
1.085,5,0.5,SS,,-1.1644,-0.6148
1.09,5,0.5,SS,,-1.168,-0.6166
1.095,5,0.5,SS,,-1.1716,-0.6184
1.1,5,0.5,SS,,-1.1752,-0.6201
1.105,5,0.5,SS,,-1.1788,-0.6218
1.11,5,0.5,SS,,-1.1823,-0.6236
1.115,5,0.5,SS,,-1.1858,-0.6253
1.12,5,0.5,SS,,-1.1893,-0.627
1.125,5,0.5,SS,,-1.1928,-0.6287
1.13,5,0.5,SS,,-1.1962,-0.6304
1.135,5,0.5,SS,,-1.1997,-0.632
1.14,5,0.5,SS,,-1.2031,-0.6337
1.145,5,0.5,SS,,-1.2065,-0.6354
1.15,5,0.5,SS,,-1.2099,-0.637
1.155,5,0.5,SS,,-1.2132,-0.6387
1.16,5,0.5,SS,,-1.2166,-0.6403
1.165,5,0.5,SS,,-1.2199,-0.6419
1.17,5,0.5,SS,,-1.2232,-0.6435
1.175,5,0.5,SS,,-1.2265,-0.6451
1.18,5,0.5,SS,,-1.2297,-0.6467
1.185,5,0.5,SS,,-1.233,-0.6483
1.19,5,0.5,SS,,-1.2362,-0.6499
1.195,5,0.5,SS,,-1.2394,-0.6514
1.2,5,0.5,SS,,-1.2426,-0.653
1.205,5,0.5,SS,,-1.2458,-0.6545
1.21,5,0.5,SS,,-1.2489,-0.656
1.215,5,0.5,SS,,-1.252,-0.6576
1.22,5,0.5,SS,,-1.2552,-0.6591
1.225,5,0.5,SS,,-1.2583,-0.6606
1.23,5,0.5,SS,,-1.2613,-0.6621
1.235,5,0.5,SS,,-1.2644,-0.6636
1.24,5,0.5,SS,,-1.2674,-0.665
1.245,5,0.5,SS,,-1.2704,-0.6665
1.25,5,0.5,SS,,-1.2734,-0.668
1.255,5,0.5,SS,,-1.2764,-0.6694
1.26,5,0.5,SS,,-1.2794,-0.6709
1.265,5,0.5,SS,,-1.2823,-0.6723
1.27,5,0.5,SS,,-1.2852,-0.6737
1.275,5,0.5,SS,,-1.2882,-0.6751
1.28,5,0.5,SS,,-1.291,-0.6765
1.285,5,0.5,SS,,-1.2939,-0.6779
1.29,5,0.5,SS,,-1.2968,-0.6793
1.295,5,0.5,SS,,-1.2996,-0.6807
1.3,5,0.5,SS,,-1.3024,-0.682
1.305,5,0.5,SS,,-1.3052,-0.6834
1.31,5,0.5,SS,,-1.308,-0.6847
1.315,5,0.5,SS,,-1.3107,-0.6861
1.32,5,0.5,SS,,-1.3135,-0.6874
1.325,5,0.5,SS,,-1.3162,-0.6887
1.33,5,0.5,SS,,-1.3189,-0.69
1.335,5,0.5,SS,,-1.3216,-0.6913
1.34,5,0.5,SS,,-1.3242,-0.6926
1.345,5,0.5,SS,,-1.3269,-0.6939
1.35,5,0.5,SS,,-1.3295,-0.6952
1.355,5,0.5,SS,,-1.3321,-0.6964
1.36,5,0.5,SS,,-1.3347,-0.6977
1.365,5,0.5,SS,,-1.3373,-0.6989
1.37,5,0.5,SS,,-1.3398,-0.7002
1.375,5,0.5,SS,,-1.3424,-0.7014
1.38,5,0.5,SS,,-1.3449,-0.7026
1.385,5,0.5,SS,,-1.3474,-0.7038
1.39,5,0.5,SS,,-1.3499,-0.705
1.395,5,0.5,SS,,-1.3524,-0.7062
1.4,5,0.5,SS,,-1.3548,-0.7074
1.405,5,0.5,SS,,-1.3572,-0.7086
1.41,5,0.5,SS,,-1.3596,-0.7097
1.415,5,0.5,SS,,-1.362,-0.7109
1.42,5,0.5,SS,,-1.3644,-0.712
1.425,5,0.5,SS,,-1.3668,-0.7132
1.43,5,0.5,SS,,-1.3691,-0.7143
1.435,5,0.5,SS,,-1.3714,-0.7154
1.44,5,0.5,SS,,-1.3737,-0.7165
1.445,5,0.5,SS,,-1.376,-0.7176
1.45,5,0.5,SS,,-1.3783,-0.7187
1.455,5,0.5,SS,,-1.3805,-0.7198
1.46,5,0.5,SS,,-1.3828,-0.7209
1.465,5,0.5,SS,,-1.385,-0.722
1.47,5,0.5,SS,,-1.3872,-0.723
1.475,5,0.5,SS,,-1.3894,-0.7241
1.48,5,0.5,SS,,-1.3915,-0.7251
1.485,5,0.5,SS,,-1.3937,-0.7261
1.49,5,0.5,SS,,-1.3958,-0.7271
1.495,5,0.5,SS,,-1.3979,-0.7282
1.5,5,0.5,SS,,-1.4,-0.7292
1.505,5,0.5,SS,,-1.4021,-0.7302
1.51,5,0.5,SS,,-1.4041,-0.7311
1.515,5,0.5,SS,,-1.4062,-0.7321
1.52,5,0.5,SS,,-1.4082,-0.7331
1.525,5,0.5,SS,,-1.4102,-0.7341
1.53,5,0.5,SS,,-1.4122,-0.735
1.535,5,0.5,SS,,-1.4142,-0.736
1.54,5,0.5,SS,,-1.4161,-0.7369
1.545,5,0.5,SS,,-1.418,-0.7378
1.55,5,0.5,SS,,-1.42,-0.7387
1.555,5,0.5,SS,,-1.4219,-0.7396
1.56,5,0.5,SS,,-1.4237,-0.7405
1.565,5,0.5,SS,,-1.4256,-0.7414
1.57,5,0.5,SS,,-1.4275,-0.7423
1.575,5,0.5,SS,,-1.4293,-0.7432
1.58,5,0.5,SS,,-1.4311,-0.7441
1.585,5,0.5,SS,,-1.4329,-0.7449
1.59,5,0.5,SS,,-1.4347,-0.7458
1.595,5,0.5,SS,,-1.4365,-0.7466
1.6,5,0.5,SS,,-1.4382,-0.7474
1.605,5,0.5,SS,,-1.4399,-0.7483
1.61,5,0.5,SS,,-1.4416,-0.7491
1.615,5,0.5,SS,,-1.4433,-0.7499
1.62,5,0.5,SS,,-1.445,-0.7507
1.625,5,0.5,SS,,-1.4467,-0.7515
1.63,5,0.5,SS,,-1.4483,-0.7522
1.635,5,0.5,SS,,-1.45,-0.753
1.64,5,0.5,SS,,-1.4516,-0.7538
1.645,5,0.5,SS,,-1.4532,-0.7545
1.65,5,0.5,SS,,-1.4547,-0.7553
1.655,5,0.5,SS,,-1.4563,-0.756
1.66,5,0.5,SS,,-1.4578,-0.7568
1.665,5,0.5,SS,,-1.4594,-0.7575
1.67,5,0.5,SS,,-1.4609,-0.7582
1.675,5,0.5,SS,,-1.4624,-0.7589
1.68,5,0.5,SS,,-1.4639,-0.7596
1.685,5,0.5,SS,,-1.4653,-0.7603
1.69,5,0.5,SS,,-1.4668,-0.761
1.695,5,0.5,SS,,-1.4682,-0.7616
1.7,5,0.5,SS,,-1.4696,-0.7623
1.705,5,0.5,SS,,-1.471,-0.763
1.71,5,0.5,SS,,-1.4724,-0.7636
1.715,5,0.5,SS,,-1.4737,-0.7642
1.72,5,0.5,SS,,-1.4751,-0.7649
1.725,5,0.5,SS,,-1.4764,-0.7655
1.73,5,0.5,SS,,-1.4777,-0.7661
1.735,5,0.5,SS,,-1.479,-0.7667
1.74,5,0.5,SS,,-1.4803,-0.7673
1.745,5,0.5,SS,,-1.4816,-0.7679
1.75,5,0.5,SS,,-1.4828,-0.7685
1.755,5,0.5,SS,,-1.484,-0.7691
1.76,5,0.5,SS,,-1.4853,-0.7696
1.765,5,0.5,SS,,-1.4865,-0.7702
1.77,5,0.5,SS,,-1.4876,-0.7707
1.775,5,0.5,SS,,-1.4888,-0.7713
1.78,5,0.5,SS,,-1.49,-0.7718
1.785,5,0.5,SS,,-1.4911,-0.7723
1.79,5,0.5,SS,,-1.4922,-0.7729
1.795,5,0.5,SS,,-1.4933,-0.7734
1.8,5,0.5,SS,,-1.4944,-0.7739
1.805,5,0.5,SS,,-1.4955,-0.7744
1.81,5,0.5,SS,,-1.4965,-0.7748
1.815,5,0.5,SS,,-1.4976,-0.7753
1.82,5,0.5,SS,,-1.4986,-0.7758
1.825,5,0.5,SS,,-1.4996,-0.7763
1.83,5,0.5,SS,,-1.5006,-0.7767
1.835,5,0.5,SS,,-1.5016,-0.7772
1.84,5,0.5,SS,,-1.5025,-0.7776
1.845,5,0.5,SS,,-1.5035,-0.778
1.85,5,0.5,SS,,-1.5044,-0.7784
1.855,5,0.5,SS,,-1.5053,-0.7789
1.86,5,0.5,SS,,-1.5062,-0.7793
1.865,5,0.5,SS,,-1.5071,-0.7797
1.87,5,0.5,SS,,-1.5079,-0.7801
1.875,5,0.5,SS,,-1.5088,-0.7804
1.88,5,0.5,SS,,-1.5096,-0.7808
1.885,5,0.5,SS,,-1.5104,-0.7812
1.89,5,0.5,SS,,-1.5112,-0.7815
1.895,5,0.5,SS,,-1.512,-0.7819
1.9,5,0.5,SS,,-1.5128,-0.7822
1.905,5,0.5,SS,,-1.5136,-0.7826
1.91,5,0.5,SS,,-1.5143,-0.7829
1.915,5,0.5,SS,,-1.515,-0.7832
1.92,5,0.5,SS,,-1.5157,-0.7835
1.925,5,0.5,SS,,-1.5164,-0.7838
1.93,5,0.5,SS,,-1.5171,-0.7841
1.935,5,0.5,SS,,-1.5178,-0.7844
1.94,5,0.5,SS,,-1.5184,-0.7847
1.945,5,0.5,SS,,-1.519,-0.785
1.95,5,0.5,SS,,-1.5197,-0.7852
1.955,5,0.5,SS,,-1.5203,-0.7855
1.96,5,0.5,SS,,-1.5209,-0.7858
1.965,5,0.5,SS,,-1.5214,-0.786
1.97,5,0.5,SS,,-1.522,-0.7862
1.975,5,0.5,SS,,-1.5225,-0.7865
1.98,5,0.5,SS,,-1.523,-0.7867
1.985,5,0.5,SS,,-1.5236,-0.7869
1.99,5,0.5,SS,,-1.5241,-0.7871
1.995,5,0.5,SS,,-1.5245,-0.7873
2,5,0.5,SS,,-1.525,-0.7875
2.005,5,0.5,SS,,-1.5255,-0.7877
2.01,5,0.5,SS,,-1.5259,-0.7879
2.015,5,0.5,SS,,-1.5263,-0.788
2.02,5,0.5,SS,,-1.5267,-0.7882
2.025,5,0.5,SS,,-1.5271,-0.7883
2.03,5,0.5,SS,,-1.5275,-0.7885
2.035,5,0.5,SS,,-1.5278,-0.7886
2.04,5,0.5,SS,,-1.5282,-0.7888
2.045,5,0.5,SS,,-1.5285,-0.7889
2.05,5,0.5,SS,,-1.5288,-0.789
2.055,5,0.5,SS,,-1.5291,-0.7891
2.06,5,0.5,SS,,-1.5294,-0.7892
2.065,5,0.5,SS,,-1.5297,-0.7893
2.07,5,0.5,SS,,-1.53,-0.7894
2.075,5,0.5,SS,,-1.5302,-0.7895
2.08,5,0.5,SS,,-1.5304,-0.7895
2.085,5,0.5,SS,,-1.5306,-0.7896
2.09,5,0.5,SS,,-1.5308,-0.7897
2.095,5,0.5,SS,,-1.531,-0.7897
2.1,5,0.5,SS,,-1.5312,-0.7898
2.105,5,0.5,SS,,-1.5314,-0.7898
2.11,5,0.5,SS,,-1.5315,-0.7898
2.115,5,0.5,SS,,-1.5316,-0.7899
2.12,5,0.5,SS,,-1.5317,-0.7899
2.125,5,0.5,SS,,-1.5318,-0.7899
2.13,5,0.5,SS,,-1.5319,-0.7899
2.135,5,0.5,SS,,-1.532,-0.7899
2.14,5,0.5,SS,,-1.532,-0.7899
2.145,5,0.5,SS,,-1.5321,-0.7898
2.15,5,0.5,SS,,-1.5321,-0.7898
2.155,5,0.5,SS,,-1.5321,-0.7898
2.16,5,0.5,SS,,-1.5321,-0.7897
2.165,5,0.5,SS,,-1.5321,-0.7897
2.17,5,0.5,SS,,-1.5321,-0.7896
2.175,5,0.5,SS,,-1.532,-0.7896
2.18,5,0.5,SS,,-1.532,-0.7895
2.185,5,0.5,SS,,-1.5319,-0.7894
2.19,5,0.5,SS,,-1.5318,-0.7893
2.195,5,0.5,SS,,-1.5317,-0.7892
2.2,5,0.5,SS,,-1.5316,-0.7891
2.205,5,0.5,SS,,-1.5315,-0.789
2.21,5,0.5,SS,,-1.5313,-0.7889
2.215,5,0.5,SS,,-1.5312,-0.7888
2.22,5,0.5,SS,,-1.531,-0.7887
2.225,5,0.5,SS,,-1.5308,-0.7885
2.23,5,0.5,SS,,-1.5306,-0.7884
2.235,5,0.5,SS,,-1.5304,-0.7882
2.24,5,0.5,SS,,-1.5302,-0.7881
2.245,5,0.5,SS,,-1.5299,-0.7879
2.25,5,0.5,SS,,-1.5297,-0.7878
2.255,5,0.5,SS,,-1.5294,-0.7876
2.26,5,0.5,SS,,-1.5291,-0.7874
2.265,5,0.5,SS,,-1.5288,-0.7872
2.27,5,0.5,SS,,-1.5285,-0.787
2.275,5,0.5,SS,,-1.5282,-0.7868
2.28,5,0.5,SS,,-1.5279,-0.7866
2.285,5,0.5,SS,,-1.5275,-0.7864
2.29,5,0.5,SS,,-1.5272,-0.7862
2.295,5,0.5,SS,,-1.5268,-0.7859
2.3,5,0.5,SS,,-1.5264,-0.7857
2.305,5,0.5,SS,,-1.526,-0.7855
2.31,5,0.5,SS,,-1.5256,-0.7852
2.315,5,0.5,SS,,-1.5251,-0.7849
2.32,5,0.5,SS,,-1.5247,-0.7847
2.325,5,0.5,SS,,-1.5242,-0.7844
2.33,5,0.5,SS,,-1.5238,-0.7841
2.335,5,0.5,SS,,-1.5233,-0.7839
2.34,5,0.5,SS,,-1.5228,-0.7836
2.345,5,0.5,SS,,-1.5223,-0.7833
2.35,5,0.5,SS,,-1.5218,-0.783
2.355,5,0.5,SS,,-1.5212,-0.7827
2.36,5,0.5,SS,,-1.5207,-0.7823
2.365,5,0.5,SS,,-1.5201,-0.782
2.37,5,0.5,SS,,-1.5195,-0.7817
2.375,5,0.5,SS,,-1.5189,-0.7813
2.38,5,0.5,SS,,-1.5183,-0.781
2.385,5,0.5,SS,,-1.5177,-0.7807
2.39,5,0.5,SS,,-1.5171,-0.7803
2.395,5,0.5,SS,,-1.5165,-0.7799
2.4,5,0.5,SS,,-1.5158,-0.7796
2.405,5,0.5,SS,,-1.5151,-0.7792
2.41,5,0.5,SS,,-1.5145,-0.7788
2.415,5,0.5,SS,,-1.5138,-0.7784
2.42,5,0.5,SS,,-1.513,-0.778
2.425,5,0.5,SS,,-1.5123,-0.7776
2.43,5,0.5,SS,,-1.5116,-0.7772
2.435,5,0.5,SS,,-1.5109,-0.7768
2.44,5,0.5,SS,,-1.5101,-0.7764
2.445,5,0.5,SS,,-1.5093,-0.776
2.45,5,0.5,SS,,-1.5085,-0.7755
2.455,5,0.5,SS,,-1.5077,-0.7751
2.46,5,0.5,SS,,-1.5069,-0.7746
2.465,5,0.5,SS,,-1.5061,-0.7742
2.47,5,0.5,SS,,-1.5053,-0.7737
2.475,5,0.5,SS,,-1.5044,-0.7733
2.48,5,0.5,SS,,-1.5036,-0.7728
2.485,5,0.5,SS,,-1.5027,-0.7723
2.49,5,0.5,SS,,-1.5018,-0.7718
2.495,5,0.5,SS,,-1.5009,-0.7713
2.5,5,0.5,SS,,-1.5,-0.7708
2.505,5,0.5,SS,,-1.4991,-0.7703
2.51,5,0.5,SS,,-1.4981,-0.7698
2.515,5,0.5,SS,,-1.4972,-0.7693
2.52,5,0.5,SS,,-1.4962,-0.7688
2.525,5,0.5,SS,,-1.4953,-0.7683
2.53,5,0.5,SS,,-1.4943,-0.7677
2.535,5,0.5,SS,,-1.4933,-0.7672
2.54,5,0.5,SS,,-1.4923,-0.7666
2.545,5,0.5,SS,,-1.4912,-0.7661
2.55,5,0.5,SS,,-1.4902,-0.7655
2.555,5,0.5,SS,,-1.4892,-0.765
2.56,5,0.5,SS,,-1.4881,-0.7644
2.565,5,0.5,SS,,-1.487,-0.7638
2.57,5,0.5,SS,,-1.486,-0.7632
2.575,5,0.5,SS,,-1.4849,-0.7626
2.58,5,0.5,SS,,-1.4838,-0.762
2.585,5,0.5,SS,,-1.4826,-0.7614
2.59,5,0.5,SS,,-1.4815,-0.7608
2.595,5,0.5,SS,,-1.4804,-0.7602
2.6,5,0.5,SS,,-1.4792,-0.7596
2.605,5,0.5,SS,,-1.478,-0.759
2.61,5,0.5,SS,,-1.4769,-0.7583
2.615,5,0.5,SS,,-1.4757,-0.7577
2.62,5,0.5,SS,,-1.4745,-0.7571
2.625,5,0.5,SS,,-1.4732,-0.7564
2.63,5,0.5,SS,,-1.472,-0.7558
2.635,5,0.5,SS,,-1.4708,-0.7551
2.64,5,0.5,SS,,-1.4695,-0.7544
2.645,5,0.5,SS,,-1.4683,-0.7538
2.65,5,0.5,SS,,-1.467,-0.7531
2.655,5,0.5,SS,,-1.4657,-0.7524
2.66,5,0.5,SS,,-1.4644,-0.7517
2.665,5,0.5,SS,,-1.4631,-0.751
2.67,5,0.5,SS,,-1.4618,-0.7503
2.675,5,0.5,SS,,-1.4604,-0.7496
2.68,5,0.5,SS,,-1.4591,-0.7489
2.685,5,0.5,SS,,-1.4577,-0.7482
2.69,5,0.5,SS,,-1.4564,-0.7474
2.695,5,0.5,SS,,-1.455,-0.7467
2.7,5,0.5,SS,,-1.4536,-0.746
2.705,5,0.5,SS,,-1.4522,-0.7452
2.71,5,0.5,SS,,-1.4508,-0.7445
2.715,5,0.5,SS,,-1.4494,-0.7437
2.72,5,0.5,SS,,-1.4479,-0.743
2.725,5,0.5,SS,,-1.4465,-0.7422
2.73,5,0.5,SS,,-1.445,-0.7414
2.735,5,0.5,SS,,-1.4435,-0.7406
2.74,5,0.5,SS,,-1.4421,-0.7399
2.745,5,0.5,SS,,-1.4406,-0.7391
2.75,5,0.5,SS,,-1.4391,-0.7383
2.755,5,0.5,SS,,-1.4375,-0.7375
2.76,5,0.5,SS,,-1.436,-0.7367
2.765,5,0.5,SS,,-1.4345,-0.7359
2.77,5,0.5,SS,,-1.4329,-0.735
2.775,5,0.5,SS,,-1.4314,-0.7342
2.78,5,0.5,SS,,-1.4298,-0.7334
2.785,5,0.5,SS,,-1.4282,-0.7326
2.79,5,0.5,SS,,-1.4266,-0.7317
2.795,5,0.5,SS,,-1.425,-0.7309
2.8,5,0.5,SS,,-1.4234,-0.73
2.805,5,0.5,SS,,-1.4218,-0.7292
2.81,5,0.5,SS,,-1.4201,-0.7283
2.815,5,0.5,SS,,-1.4185,-0.7275
2.82,5,0.5,SS,,-1.4168,-0.7266
2.825,5,0.5,SS,,-1.4152,-0.7257
2.83,5,0.5,SS,,-1.4135,-0.7248
2.835,5,0.5,SS,,-1.4118,-0.7239
2.84,5,0.5,SS,,-1.4101,-0.723
2.845,5,0.5,SS,,-1.4084,-0.7221
2.85,5,0.5,SS,,-1.4066,-0.7212
2.855,5,0.5,SS,,-1.4049,-0.7203
2.86,5,0.5,SS,,-1.4032,-0.7194
2.865,5,0.5,SS,,-1.4014,-0.7185
2.87,5,0.5,SS,,-1.3996,-0.7176
2.875,5,0.5,SS,,-1.3979,-0.7166
2.88,5,0.5,SS,,-1.3961,-0.7157
2.885,5,0.5,SS,,-1.3943,-0.7148
2.89,5,0.5,SS,,-1.3925,-0.7138
2.895,5,0.5,SS,,-1.3906,-0.7129
2.9,5,0.5,SS,,-1.3888,-0.7119
2.905,5,0.5,SS,,-1.387,-0.7109
2.91,5,0.5,SS,,-1.3851,-0.71
2.915,5,0.5,SS,,-1.3832,-0.709
2.92,5,0.5,SS,,-1.3814,-0.708
2.925,5,0.5,SS,,-1.3795,-0.707
2.93,5,0.5,SS,,-1.3776,-0.706
2.935,5,0.5,SS,,-1.3757,-0.7051
2.94,5,0.5,SS,,-1.3738,-0.7041
2.945,5,0.5,SS,,-1.3718,-0.703
2.95,5,0.5,SS,,-1.3699,-0.702
2.955,5,0.5,SS,,-1.368,-0.701
2.96,5,0.5,SS,,-1.366,-0.7
2.965,5,0.5,SS,,-1.364,-0.699
2.97,5,0.5,SS,,-1.3621,-0.698
2.975,5,0.5,SS,,-1.3601,-0.6969
2.98,5,0.5,SS,,-1.3581,-0.6959
2.985,5,0.5,SS,,-1.3561,-0.6948
2.99,5,0.5,SS,,-1.3541,-0.6938
2.995,5,0.5,SS,,-1.352,-0.6927
3,5,0.5,SS,,-1.35,-0.6917
3.005,5,0.5,SS,,-1.348,-0.6906
3.01,5,0.5,SS,,-1.3459,-0.6895
3.015,5,0.5,SS,,-1.3438,-0.6885
3.02,5,0.5,SS,,-1.3418,-0.6874
3.025,5,0.5,SS,,-1.3397,-0.6863
3.03,5,0.5,SS,,-1.3376,-0.6852
3.035,5,0.5,SS,,-1.3355,-0.6841
3.04,5,0.5,SS,,-1.3333,-0.683
3.045,5,0.5,SS,,-1.3312,-0.6819
3.05,5,0.5,SS,,-1.3291,-0.6808
3.055,5,0.5,SS,,-1.3269,-0.6797
3.06,5,0.5,SS,,-1.3248,-0.6786
3.065,5,0.5,SS,,-1.3226,-0.6774
3.07,5,0.5,SS,,-1.3204,-0.6763
3.075,5,0.5,SS,,-1.3183,-0.6752
3.08,5,0.5,SS,,-1.3161,-0.674
3.085,5,0.5,SS,,-1.3139,-0.6729
3.09,5,0.5,SS,,-1.3117,-0.6717
3.095,5,0.5,SS,,-1.3094,-0.6706
3.1,5,0.5,SS,,-1.3072,-0.6694
3.105,5,0.5,SS,,-1.305,-0.6683
3.11,5,0.5,SS,,-1.3027,-0.6671
3.115,5,0.5,SS,,-1.3004,-0.6659
3.12,5,0.5,SS,,-1.2982,-0.6648
3.125,5,0.5,SS,,-1.2959,-0.6636
3.13,5,0.5,SS,,-1.2936,-0.6624
3.135,5,0.5,SS,,-1.2913,-0.6612
3.14,5,0.5,SS,,-1.289,-0.66
3.145,5,0.5,SS,,-1.2867,-0.6588
3.15,5,0.5,SS,,-1.2844,-0.6576
3.155,5,0.5,SS,,-1.282,-0.6564
3.16,5,0.5,SS,,-1.2797,-0.6552
3.165,5,0.5,SS,,-1.2773,-0.654
3.17,5,0.5,SS,,-1.275,-0.6527
3.175,5,0.5,SS,,-1.2726,-0.6515
3.18,5,0.5,SS,,-1.2702,-0.6503
3.185,5,0.5,SS,,-1.2678,-0.649
3.19,5,0.5,SS,,-1.2654,-0.6478
3.195,5,0.5,SS,,-1.263,-0.6466
3.2,5,0.5,SS,,-1.2606,-0.6453
3.205,5,0.5,SS,,-1.2582,-0.644
3.21,5,0.5,SS,,-1.2557,-0.6428
3.215,5,0.5,SS,,-1.2533,-0.6415
3.22,5,0.5,SS,,-1.2508,-0.6403
3.225,5,0.5,SS,,-1.2484,-0.639
3.23,5,0.5,SS,,-1.2459,-0.6377
3.235,5,0.5,SS,,-1.2434,-0.6364
3.24,5,0.5,SS,,-1.2409,-0.6351
3.245,5,0.5,SS,,-1.2384,-0.6338
3.25,5,0.5,SS,,-1.2359,-0.6326
3.255,5,0.5,SS,,-1.2334,-0.6313
3.26,5,0.5,SS,,-1.2309,-0.6299
3.265,5,0.5,SS,,-1.2284,-0.6286
3.27,5,0.5,SS,,-1.2258,-0.6273
3.275,5,0.5,SS,,-1.2233,-0.626
3.28,5,0.5,SS,,-1.2207,-0.6247
3.285,5,0.5,SS,,-1.2182,-0.6234
3.29,5,0.5,SS,,-1.2156,-0.622
3.295,5,0.5,SS,,-1.213,-0.6207
3.3,5,0.5,SS,,-1.2104,-0.6194
3.305,5,0.5,SS,,-1.2078,-0.618
3.31,5,0.5,SS,,-1.2052,-0.6167
3.315,5,0.5,SS,,-1.2026,-0.6153
3.32,5,0.5,SS,,-1.1999,-0.614
3.325,5,0.5,SS,,-1.1973,-0.6126
3.33,5,0.5,SS,,-1.1947,-0.6113
3.335,5,0.5,SS,,-1.192,-0.6099
3.34,5,0.5,SS,,-1.1894,-0.6085
3.345,5,0.5,SS,,-1.1867,-0.6071
3.35,5,0.5,SS,,-1.184,-0.6058
3.355,5,0.5,SS,,-1.1813,-0.6044
3.36,5,0.5,SS,,-1.1786,-0.603
3.365,5,0.5,SS,,-1.1759,-0.6016
3.37,5,0.5,SS,,-1.1732,-0.6002
3.375,5,0.5,SS,,-1.1705,-0.5988
3.38,5,0.5,SS,,-1.1678,-0.5974
3.385,5,0.5,SS,,-1.165,-0.596
3.39,5,0.5,SS,,-1.1623,-0.5946
3.395,5,0.5,SS,,-1.1596,-0.5932
3.4,5,0.5,SS,,-1.1568,-0.5917
3.405,5,0.5,SS,,-1.154,-0.5903
3.41,5,0.5,SS,,-1.1513,-0.5889
3.415,5,0.5,SS,,-1.1485,-0.5874
3.42,5,0.5,SS,,-1.1457,-0.586
3.425,5,0.5,SS,,-1.1429,-0.5846
3.43,5,0.5,SS,,-1.1401,-0.5831
3.435,5,0.5,SS,,-1.1373,-0.5817
3.44,5,0.5,SS,,-1.1345,-0.5802
3.445,5,0.5,SS,,-1.1316,-0.5788
3.45,5,0.5,SS,,-1.1288,-0.5773
3.455,5,0.5,SS,,-1.1259,-0.5758
3.46,5,0.5,SS,,-1.1231,-0.5744
3.465,5,0.5,SS,,-1.1202,-0.5729
3.47,5,0.5,SS,,-1.1174,-0.5714
3.475,5,0.5,SS,,-1.1145,-0.57
3.48,5,0.5,SS,,-1.1116,-0.5685
3.485,5,0.5,SS,,-1.1087,-0.567
3.49,5,0.5,SS,,-1.1058,-0.5655
3.495,5,0.5,SS,,-1.1029,-0.564
3.5,5,0.5,SS,,-1.1,-0.5625
3.505,5,0.5,SS,,-1.0971,-0.561
3.51,5,0.5,SS,,-1.0942,-0.5595
3.515,5,0.5,SS,,-1.0912,-0.558
3.52,5,0.5,SS,,-1.0883,-0.5565
3.525,5,0.5,SS,,-1.0853,-0.555
3.53,5,0.5,SS,,-1.0824,-0.5534
3.535,5,0.5,SS,,-1.0794,-0.5519
3.54,5,0.5,SS,,-1.0764,-0.5504
3.545,5,0.5,SS,,-1.0734,-0.5488
3.55,5,0.5,SS,,-1.0705,-0.5473
3.555,5,0.5,SS,,-1.0675,-0.5458
3.56,5,0.5,SS,,-1.0645,-0.5442
3.565,5,0.5,SS,,-1.0615,-0.5427
3.57,5,0.5,SS,,-1.0584,-0.5411
3.575,5,0.5,SS,,-1.0554,-0.5396
3.58,5,0.5,SS,,-1.0524,-0.538
3.585,5,0.5,SS,,-1.0494,-0.5365
3.59,5,0.5,SS,,-1.0463,-0.5349
3.595,5,0.5,SS,,-1.0433,-0.5333
3.6,5,0.5,SS,,-1.0402,-0.5318
3.605,5,0.5,SS,,-1.0371,-0.5302
3.61,5,0.5,SS,,-1.0341,-0.5286
3.615,5,0.5,SS,,-1.031,-0.527
3.62,5,0.5,SS,,-1.0279,-0.5254
3.625,5,0.5,SS,,-1.0248,-0.5239
3.63,5,0.5,SS,,-1.0217,-0.5223
3.635,5,0.5,SS,,-1.0186,-0.5207
3.64,5,0.5,SS,,-1.0155,-0.5191
3.645,5,0.5,SS,,-1.0124,-0.5175
3.65,5,0.5,SS,,-1.0092,-0.5159
3.655,5,0.5,SS,,-1.0061,-0.5143
3.66,5,0.5,SS,,-1.003,-0.5126
3.665,5,0.5,SS,,-0.9998,-0.511
3.67,5,0.5,SS,,-0.9967,-0.5094
3.675,5,0.5,SS,,-0.9935,-0.5078
3.68,5,0.5,SS,,-0.9903,-0.5062
3.685,5,0.5,SS,,-0.9872,-0.5045
3.69,5,0.5,SS,,-0.984,-0.5029
3.695,5,0.5,SS,,-0.9808,-0.5013
3.7,5,0.5,SS,,-0.9776,-0.4996
3.705,5,0.5,SS,,-0.9744,-0.498
3.71,5,0.5,SS,,-0.9712,-0.4963
3.715,5,0.5,SS,,-0.968,-0.4947
3.72,5,0.5,SS,,-0.9648,-0.493
3.725,5,0.5,SS,,-0.9615,-0.4914
3.73,5,0.5,SS,,-0.9583,-0.4897
3.735,5,0.5,SS,,-0.9551,-0.4881
3.74,5,0.5,SS,,-0.9518,-0.4864
3.745,5,0.5,SS,,-0.9486,-0.4847
3.75,5,0.5,SS,,-0.9453,-0.4831
3.755,5,0.5,SS,,-0.942,-0.4814
3.76,5,0.5,SS,,-0.9388,-0.4797
3.765,5,0.5,SS,,-0.9355,-0.478
3.77,5,0.5,SS,,-0.9322,-0.4764
3.775,5,0.5,SS,,-0.9289,-0.4747
3.78,5,0.5,SS,,-0.9256,-0.473
3.785,5,0.5,SS,,-0.9223,-0.4713
3.79,5,0.5,SS,,-0.919,-0.4696
3.795,5,0.5,SS,,-0.9157,-0.4679
3.8,5,0.5,SS,,-0.9124,-0.4662
3.805,5,0.5,SS,,-0.9091,-0.4645
3.81,5,0.5,SS,,-0.9057,-0.4628
3.815,5,0.5,SS,,-0.9024,-0.4611
3.82,5,0.5,SS,,-0.8991,-0.4594
3.825,5,0.5,SS,,-0.8957,-0.4577
3.83,5,0.5,SS,,-0.8924,-0.4559
3.835,5,0.5,SS,,-0.889,-0.4542
3.84,5,0.5,SS,,-0.8856,-0.4525
3.845,5,0.5,SS,,-0.8823,-0.4508
3.85,5,0.5,SS,,-0.8789,-0.449
3.855,5,0.5,SS,,-0.8755,-0.4473
3.86,5,0.5,SS,,-0.8721,-0.4456
3.865,5,0.5,SS,,-0.8687,-0.4438
3.87,5,0.5,SS,,-0.8653,-0.4421
3.875,5,0.5,SS,,-0.8619,-0.4403
3.88,5,0.5,SS,,-0.8585,-0.4386
3.885,5,0.5,SS,,-0.8551,-0.4368
3.89,5,0.5,SS,,-0.8517,-0.4351
3.895,5,0.5,SS,,-0.8482,-0.4333
3.9,5,0.5,SS,,-0.8448,-0.4316
3.905,5,0.5,SS,,-0.8414,-0.4298
3.91,5,0.5,SS,,-0.8379,-0.428
3.915,5,0.5,SS,,-0.8345,-0.4263
3.92,5,0.5,SS,,-0.831,-0.4245
3.925,5,0.5,SS,,-0.8275,-0.4227
3.93,5,0.5,SS,,-0.8241,-0.421
3.935,5,0.5,SS,,-0.8206,-0.4192
3.94,5,0.5,SS,,-0.8171,-0.4174
3.945,5,0.5,SS,,-0.8137,-0.4156
3.95,5,0.5,SS,,-0.8102,-0.4138
3.955,5,0.5,SS,,-0.8067,-0.412
3.96,5,0.5,SS,,-0.8032,-0.4103
3.965,5,0.5,SS,,-0.7997,-0.4085
3.97,5,0.5,SS,,-0.7962,-0.4067
3.975,5,0.5,SS,,-0.7926,-0.4049
3.98,5,0.5,SS,,-0.7891,-0.4031
3.985,5,0.5,SS,,-0.7856,-0.4013
3.99,5,0.5,SS,,-0.7821,-0.3995
3.995,5,0.5,SS,,-0.7785,-0.3976
4,5,0.5,SS,,-0.775,-0.3958
4.005,5,0.5,SS,,-0.7715,-0.394
4.01,5,0.5,SS,,-0.7679,-0.3922
4.015,5,0.5,SS,,-0.7644,-0.3904
4.02,5,0.5,SS,,-0.7608,-0.3886
4.025,5,0.5,SS,,-0.7572,-0.3867
4.03,5,0.5,SS,,-0.7537,-0.3849
4.035,5,0.5,SS,,-0.7501,-0.3831
4.04,5,0.5,SS,,-0.7465,-0.3813
4.045,5,0.5,SS,,-0.7429,-0.3794
4.05,5,0.5,SS,,-0.7393,-0.3776
4.055,5,0.5,SS,,-0.7357,-0.3757
4.06,5,0.5,SS,,-0.7321,-0.3739
4.065,5,0.5,SS,,-0.7285,-0.3721
4.07,5,0.5,SS,,-0.7249,-0.3702
4.075,5,0.5,SS,,-0.7213,-0.3684
4.08,5,0.5,SS,,-0.7177,-0.3665
4.085,5,0.5,SS,,-0.7141,-0.3647
4.09,5,0.5,SS,,-0.7105,-0.3628
4.095,5,0.5,SS,,-0.7068,-0.361
4.1,5,0.5,SS,,-0.7032,-0.3591
4.105,5,0.5,SS,,-0.6996,-0.3572
4.11,5,0.5,SS,,-0.6959,-0.3554
4.115,5,0.5,SS,,-0.6923,-0.3535
4.12,5,0.5,SS,,-0.6886,-0.3516
4.125,5,0.5,SS,,-0.685,-0.3498
4.13,5,0.5,SS,,-0.6813,-0.3479
4.135,5,0.5,SS,,-0.6776,-0.346
4.14,5,0.5,SS,,-0.674,-0.3441
4.145,5,0.5,SS,,-0.6703,-0.3423
4.15,5,0.5,SS,,-0.6666,-0.3404
4.155,5,0.5,SS,,-0.6629,-0.3385
4.16,5,0.5,SS,,-0.6592,-0.3366
4.165,5,0.5,SS,,-0.6556,-0.3347
4.17,5,0.5,SS,,-0.6519,-0.3328
4.175,5,0.5,SS,,-0.6482,-0.331
4.18,5,0.5,SS,,-0.6445,-0.3291
4.185,5,0.5,SS,,-0.6407,-0.3272
4.19,5,0.5,SS,,-0.637,-0.3253
4.195,5,0.5,SS,,-0.6333,-0.3234
4.2,5,0.5,SS,,-0.6296,-0.3215
4.205,5,0.5,SS,,-0.6259,-0.3196
4.21,5,0.5,SS,,-0.6221,-0.3177
4.215,5,0.5,SS,,-0.6184,-0.3158
4.22,5,0.5,SS,,-0.6147,-0.3138
4.225,5,0.5,SS,,-0.6109,-0.3119
4.23,5,0.5,SS,,-0.6072,-0.31
4.235,5,0.5,SS,,-0.6035,-0.3081
4.24,5,0.5,SS,,-0.5997,-0.3062
4.245,5,0.5,SS,,-0.5959,-0.3043
4.25,5,0.5,SS,,-0.5922,-0.3023
4.255,5,0.5,SS,,-0.5884,-0.3004
4.26,5,0.5,SS,,-0.5847,-0.2985
4.265,5,0.5,SS,,-0.5809,-0.2966
4.27,5,0.5,SS,,-0.5771,-0.2946
4.275,5,0.5,SS,,-0.5733,-0.2927
4.28,5,0.5,SS,,-0.5696,-0.2908
4.285,5,0.5,SS,,-0.5658,-0.2888
4.29,5,0.5,SS,,-0.562,-0.2869
4.295,5,0.5,SS,,-0.5582,-0.285
4.3,5,0.5,SS,,-0.5544,-0.283
4.305,5,0.5,SS,,-0.5506,-0.2811
4.31,5,0.5,SS,,-0.5468,-0.2791
4.315,5,0.5,SS,,-0.543,-0.2772
4.32,5,0.5,SS,,-0.5392,-0.2753
4.325,5,0.5,SS,,-0.5354,-0.2733
4.33,5,0.5,SS,,-0.5316,-0.2714
4.335,5,0.5,SS,,-0.5277,-0.2694
4.34,5,0.5,SS,,-0.5239,-0.2675
4.345,5,0.5,SS,,-0.5201,-0.2655
4.35,5,0.5,SS,,-0.5163,-0.2635
4.355,5,0.5,SS,,-0.5124,-0.2616
4.36,5,0.5,SS,,-0.5086,-0.2596
4.365,5,0.5,SS,,-0.5048,-0.2577
4.37,5,0.5,SS,,-0.5009,-0.2557
4.375,5,0.5,SS,,-0.4971,-0.2537
4.38,5,0.5,SS,,-0.4932,-0.2518
4.385,5,0.5,SS,,-0.4894,-0.2498
4.39,5,0.5,SS,,-0.4855,-0.2478
4.395,5,0.5,SS,,-0.4817,-0.2459
4.4,5,0.5,SS,,-0.4778,-0.2439
4.405,5,0.5,SS,,-0.4739,-0.2419
4.41,5,0.5,SS,,-0.4701,-0.24
4.415,5,0.5,SS,,-0.4662,-0.238
4.42,5,0.5,SS,,-0.4623,-0.236
4.425,5,0.5,SS,,-0.4585,-0.234
4.43,5,0.5,SS,,-0.4546,-0.232
4.435,5,0.5,SS,,-0.4507,-0.2301
4.44,5,0.5,SS,,-0.4468,-0.2281
4.445,5,0.5,SS,,-0.4429,-0.2261
4.45,5,0.5,SS,,-0.439,-0.2241
4.455,5,0.5,SS,,-0.4351,-0.2221
4.46,5,0.5,SS,,-0.4313,-0.2201
4.465,5,0.5,SS,,-0.4274,-0.2181
4.47,5,0.5,SS,,-0.4235,-0.2161
4.475,5,0.5,SS,,-0.4196,-0.2142
4.48,5,0.5,SS,,-0.4156,-0.2122
4.485,5,0.5,SS,,-0.4117,-0.2102
4.49,5,0.5,SS,,-0.4078,-0.2082
4.495,5,0.5,SS,,-0.4039,-0.2062
4.5,5,0.5,SS,,-0.4,-0.2042
4.505,5,0.5,SS,,-0.3961,-0.2022
4.51,5,0.5,SS,,-0.3922,-0.2002
4.515,5,0.5,SS,,-0.3882,-0.1982
4.52,5,0.5,SS,,-0.3843,-0.1962
4.525,5,0.5,SS,,-0.3804,-0.1942
4.53,5,0.5,SS,,-0.3765,-0.1921
4.535,5,0.5,SS,,-0.3725,-0.1901
4.54,5,0.5,SS,,-0.3686,-0.1881
4.545,5,0.5,SS,,-0.3647,-0.1861
4.55,5,0.5,SS,,-0.3607,-0.1841
4.555,5,0.5,SS,,-0.3568,-0.1821
4.56,5,0.5,SS,,-0.3528,-0.1801
4.565,5,0.5,SS,,-0.3489,-0.1781
4.57,5,0.5,SS,,-0.3449,-0.176
4.575,5,0.5,SS,,-0.341,-0.174
4.58,5,0.5,SS,,-0.337,-0.172
4.585,5,0.5,SS,,-0.3331,-0.17
4.59,5,0.5,SS,,-0.3291,-0.168
4.595,5,0.5,SS,,-0.3252,-0.166
4.6,5,0.5,SS,,-0.3212,-0.1639
4.605,5,0.5,SS,,-0.3172,-0.1619
4.61,5,0.5,SS,,-0.3133,-0.1599
4.615,5,0.5,SS,,-0.3093,-0.1579
4.62,5,0.5,SS,,-0.3053,-0.1558
4.625,5,0.5,SS,,-0.3014,-0.1538
4.63,5,0.5,SS,,-0.2974,-0.1518
4.635,5,0.5,SS,,-0.2934,-0.1498
4.64,5,0.5,SS,,-0.2894,-0.1477
4.645,5,0.5,SS,,-0.2855,-0.1457
4.65,5,0.5,SS,,-0.2815,-0.1437
4.655,5,0.5,SS,,-0.2775,-0.1416
4.66,5,0.5,SS,,-0.2735,-0.1396
4.665,5,0.5,SS,,-0.2695,-0.1376
4.67,5,0.5,SS,,-0.2656,-0.1355
4.675,5,0.5,SS,,-0.2616,-0.1335
4.68,5,0.5,SS,,-0.2576,-0.1315
4.685,5,0.5,SS,,-0.2536,-0.1294
4.69,5,0.5,SS,,-0.2496,-0.1274
4.695,5,0.5,SS,,-0.2456,-0.1253
4.7,5,0.5,SS,,-0.2416,-0.1233
4.705,5,0.5,SS,,-0.2376,-0.1213
4.71,5,0.5,SS,,-0.2336,-0.1192
4.715,5,0.5,SS,,-0.2296,-0.1172
4.72,5,0.5,SS,,-0.2256,-0.1151
4.725,5,0.5,SS,,-0.2216,-0.1131
4.73,5,0.5,SS,,-0.2176,-0.111
4.735,5,0.5,SS,,-0.2136,-0.109
4.74,5,0.5,SS,,-0.2096,-0.107
4.745,5,0.5,SS,,-0.2056,-0.1049
4.75,5,0.5,SS,,-0.2016,-0.1029
4.755,5,0.5,SS,,-0.1976,-0.1008
4.76,5,0.5,SS,,-0.1935,-0.0988
4.765,5,0.5,SS,,-0.1895,-0.0967
4.77,5,0.5,SS,,-0.1855,-0.0947
4.775,5,0.5,SS,,-0.1815,-0.0926
4.78,5,0.5,SS,,-0.1775,-0.0906
4.785,5,0.5,SS,,-0.1735,-0.0885
4.79,5,0.5,SS,,-0.1694,-0.0865
4.795,5,0.5,SS,,-0.1654,-0.0844
4.8,5,0.5,SS,,-0.1614,-0.0824
4.805,5,0.5,SS,,-0.1574,-0.0803
4.81,5,0.5,SS,,-0.1534,-0.0783
4.815,5,0.5,SS,,-0.1493,-0.0762
4.82,5,0.5,SS,,-0.1453,-0.0742
4.825,5,0.5,SS,,-0.1413,-0.0721
4.83,5,0.5,SS,,-0.1373,-0.07
4.835,5,0.5,SS,,-0.1332,-0.068
4.84,5,0.5,SS,,-0.1292,-0.0659
4.845,5,0.5,SS,,-0.1252,-0.0639
4.85,5,0.5,SS,,-0.1211,-0.0618
4.855,5,0.5,SS,,-0.1171,-0.0598
4.86,5,0.5,SS,,-0.1131,-0.0577
4.865,5,0.5,SS,,-0.109,-0.0556
4.87,5,0.5,SS,,-0.105,-0.0536
4.875,5,0.5,SS,,-0.101,-0.0515
4.88,5,0.5,SS,,-0.0969,-0.0495
4.885,5,0.5,SS,,-0.0929,-0.0474
4.89,5,0.5,SS,,-0.0889,-0.0454
4.895,5,0.5,SS,,-0.0848,-0.0433
4.9,5,0.5,SS,,-0.0808,-0.0412
4.905,5,0.5,SS,,-0.0768,-0.0392
4.91,5,0.5,SS,,-0.0727,-0.0371
4.915,5,0.5,SS,,-0.0687,-0.0351
4.92,5,0.5,SS,,-0.0646,-0.033
4.925,5,0.5,SS,,-0.0606,-0.0309
4.93,5,0.5,SS,,-0.0566,-0.0289
4.935,5,0.5,SS,,-0.0525,-0.0268
4.94,5,0.5,SS,,-0.0485,-0.0247
4.945,5,0.5,SS,,-0.0445,-0.0227
4.95,5,0.5,SS,,-0.0404,-0.0206
4.955,5,0.5,SS,,-0.0364,-0.0186
4.96,5,0.5,SS,,-0.0323,-0.0165
4.965,5,0.5,SS,,-0.0283,-0.0144
4.97,5,0.5,SS,,-0.0242,-0.0124
4.975,5,0.5,SS,,-0.0202,-0.0103
4.98,5,0.5,SS,,-0.0162,-0.0082
4.985,5,0.5,SS,,-0.0121,-0.0062
4.99,5,0.5,SS,,-0.0081,-0.0041
4.995,5,0.5,SS,,-0.004,-0.0021
5,5,0.5,SS,,0,0
0,5,1,SS,,0,0
0.005,5,1,SS,,-0.0038,-0.006
0.01,5,1,SS,,-0.0077,-0.012
0.015,5,1,SS,,-0.0115,-0.018
0.02,5,1,SS,,-0.0153,-0.024
0.025,5,1,SS,,-0.0192,-0.03
0.03,5,1,SS,,-0.023,-0.036
0.035,5,1,SS,,-0.0268,-0.042
0.04,5,1,SS,,-0.0307,-0.048
0.045,5,1,SS,,-0.0345,-0.054
0.05,5,1,SS,,-0.0383,-0.06
0.055,5,1,SS,,-0.0422,-0.066
0.06,5,1,SS,,-0.046,-0.072
0.065,5,1,SS,,-0.0498,-0.078
0.07,5,1,SS,,-0.0537,-0.084
0.075,5,1,SS,,-0.0575,-0.0899
0.08,5,1,SS,,-0.0614,-0.0959
0.085,5,1,SS,,-0.0652,-0.1019
0.09,5,1,SS,,-0.069,-0.1079
0.095,5,1,SS,,-0.0729,-0.1139
0.1,5,1,SS,,-0.0767,-0.1199
0.105,5,1,SS,,-0.0805,-0.1258
0.11,5,1,SS,,-0.0844,-0.1318
0.115,5,1,SS,,-0.0882,-0.1378
0.12,5,1,SS,,-0.0921,-0.1438
0.125,5,1,SS,,-0.0959,-0.1497
0.13,5,1,SS,,-0.0997,-0.1557
0.135,5,1,SS,,-0.1036,-0.1617
0.14,5,1,SS,,-0.1074,-0.1676
0.145,5,1,SS,,-0.1113,-0.1736
0.15,5,1,SS,,-0.1151,-0.1796
0.155,5,1,SS,,-0.119,-0.1855
0.16,5,1,SS,,-0.1228,-0.1915
0.165,5,1,SS,,-0.1266,-0.1974
0.17,5,1,SS,,-0.1305,-0.2033
0.175,5,1,SS,,-0.1343,-0.2093
0.18,5,1,SS,,-0.1382,-0.2152
0.185,5,1,SS,,-0.142,-0.2212
0.19,5,1,SS,,-0.1459,-0.2271
0.195,5,1,SS,,-0.1497,-0.233
0.2,5,1,SS,,-0.1536,-0.2389
0.205,5,1,SS,,-0.1575,-0.2449
0.21,5,1,SS,,-0.1613,-0.2508
0.215,5,1,SS,,-0.1652,-0.2567
0.22,5,1,SS,,-0.169,-0.2626
0.225,5,1,SS,,-0.1729,-0.2685
0.23,5,1,SS,,-0.1767,-0.2744
0.235,5,1,SS,,-0.1806,-0.2803
0.24,5,1,SS,,-0.1845,-0.2862
0.245,5,1,SS,,-0.1883,-0.292
0.25,5,1,SS,,-0.1922,-0.2979
0.255,5,1,SS,,-0.1961,-0.3038
0.26,5,1,SS,,-0.1999,-0.3097
0.265,5,1,SS,,-0.2038,-0.3155
0.27,5,1,SS,,-0.2077,-0.3214
0.275,5,1,SS,,-0.2115,-0.3272
0.28,5,1,SS,,-0.2154,-0.3331
0.285,5,1,SS,,-0.2193,-0.3389
0.29,5,1,SS,,-0.2231,-0.3447
0.295,5,1,SS,,-0.227,-0.3506
0.3,5,1,SS,,-0.2309,-0.3564
0.305,5,1,SS,,-0.2348,-0.3622
0.31,5,1,SS,,-0.2387,-0.368
0.315,5,1,SS,,-0.2425,-0.3738
0.32,5,1,SS,,-0.2464,-0.3796
0.325,5,1,SS,,-0.2503,-0.3854
0.33,5,1,SS,,-0.2542,-0.3912
0.335,5,1,SS,,-0.2581,-0.397
0.34,5,1,SS,,-0.262,-0.4028
0.345,5,1,SS,,-0.2659,-0.4085
0.35,5,1,SS,,-0.2698,-0.4143
0.355,5,1,SS,,-0.2737,-0.42
0.36,5,1,SS,,-0.2776,-0.4258
0.365,5,1,SS,,-0.2815,-0.4315
0.37,5,1,SS,,-0.2854,-0.4372
0.375,5,1,SS,,-0.2893,-0.443
0.38,5,1,SS,,-0.2932,-0.4487
0.385,5,1,SS,,-0.2971,-0.4544
0.39,5,1,SS,,-0.301,-0.4601
0.395,5,1,SS,,-0.3049,-0.4658
0.4,5,1,SS,,-0.3088,-0.4715
0.405,5,1,SS,,-0.3127,-0.4771
0.41,5,1,SS,,-0.3166,-0.4828
0.415,5,1,SS,,-0.3205,-0.4885
0.42,5,1,SS,,-0.3245,-0.4941
0.425,5,1,SS,,-0.3284,-0.4998
0.43,5,1,SS,,-0.3323,-0.5054
0.435,5,1,SS,,-0.3362,-0.511
0.44,5,1,SS,,-0.3402,-0.5166
0.445,5,1,SS,,-0.3441,-0.5223
0.45,5,1,SS,,-0.348,-0.5279
0.455,5,1,SS,,-0.352,-0.5334
0.46,5,1,SS,,-0.3559,-0.539
0.465,5,1,SS,,-0.3599,-0.5446
0.47,5,1,SS,,-0.3638,-0.5502
0.475,5,1,SS,,-0.3677,-0.5557
0.48,5,1,SS,,-0.3717,-0.5613
0.485,5,1,SS,,-0.3756,-0.5668
0.49,5,1,SS,,-0.3796,-0.5723
0.495,5,1,SS,,-0.3835,-0.5778
0.5,5,1,SS,,-0.3875,-0.5833
0.505,5,1,SS,,-0.3915,-0.5888
0.51,5,1,SS,,-0.3954,-0.5943
0.515,5,1,SS,,-0.3994,-0.5998
0.52,5,1,SS,,-0.4034,-0.6053
0.525,5,1,SS,,-0.4073,-0.6107
0.53,5,1,SS,,-0.4113,-0.6161
0.535,5,1,SS,,-0.4153,-0.6216
0.54,5,1,SS,,-0.4192,-0.627
0.545,5,1,SS,,-0.4232,-0.6324
0.55,5,1,SS,,-0.4272,-0.6378
0.555,5,1,SS,,-0.4312,-0.6432
0.56,5,1,SS,,-0.4352,-0.6486
0.565,5,1,SS,,-0.4392,-0.654
0.57,5,1,SS,,-0.4432,-0.6593
0.575,5,1,SS,,-0.4472,-0.6647
0.58,5,1,SS,,-0.4512,-0.67
0.585,5,1,SS,,-0.4552,-0.6753
0.59,5,1,SS,,-0.4592,-0.6806
0.595,5,1,SS,,-0.4632,-0.6859
0.6,5,1,SS,,-0.4672,-0.6912
0.605,5,1,SS,,-0.4712,-0.6965
0.61,5,1,SS,,-0.4752,-0.7017
0.615,5,1,SS,,-0.4793,-0.707
0.62,5,1,SS,,-0.4833,-0.7122
0.625,5,1,SS,,-0.4873,-0.7174
0.63,5,1,SS,,-0.4913,-0.7227
0.635,5,1,SS,,-0.4954,-0.7279
0.64,5,1,SS,,-0.4994,-0.733
0.645,5,1,SS,,-0.5034,-0.7382
0.65,5,1,SS,,-0.5075,-0.7434
0.655,5,1,SS,,-0.5115,-0.7485
0.66,5,1,SS,,-0.5156,-0.7537
0.665,5,1,SS,,-0.5196,-0.7588
0.67,5,1,SS,,-0.5237,-0.7639
0.675,5,1,SS,,-0.5278,-0.769
0.68,5,1,SS,,-0.5318,-0.7741
0.685,5,1,SS,,-0.5359,-0.7791
0.69,5,1,SS,,-0.54,-0.7842
0.695,5,1,SS,,-0.544,-0.7892
0.7,5,1,SS,,-0.5481,-0.7943
0.705,5,1,SS,,-0.5522,-0.7993
0.71,5,1,SS,,-0.5563,-0.8043
0.715,5,1,SS,,-0.5604,-0.8093
0.72,5,1,SS,,-0.5644,-0.8142
0.725,5,1,SS,,-0.5685,-0.8192
0.73,5,1,SS,,-0.5726,-0.8241
0.735,5,1,SS,,-0.5767,-0.8291
0.74,5,1,SS,,-0.5808,-0.834
0.745,5,1,SS,,-0.5849,-0.8389
0.75,5,1,SS,,-0.5891,-0.8438
0.755,5,1,SS,,-0.5932,-0.8486
0.76,5,1,SS,,-0.5973,-0.8535
0.765,5,1,SS,,-0.6014,-0.8583
0.77,5,1,SS,,-0.6056,-0.8631
0.775,5,1,SS,,-0.6097,-0.8679
0.78,5,1,SS,,-0.6138,-0.8727
0.785,5,1,SS,,-0.618,-0.8775
0.79,5,1,SS,,-0.6221,-0.8823
0.795,5,1,SS,,-0.6262,-0.887
0.8,5,1,SS,,-0.6304,-0.8917
0.805,5,1,SS,,-0.6346,-0.8964
0.81,5,1,SS,,-0.6387,-0.9011
0.815,5,1,SS,,-0.6429,-0.9058
0.82,5,1,SS,,-0.647,-0.9105
0.825,5,1,SS,,-0.6512,-0.9151
0.83,5,1,SS,,-0.6554,-0.9198
0.835,5,1,SS,,-0.6596,-0.9244
0.84,5,1,SS,,-0.6638,-0.929
0.845,5,1,SS,,-0.6679,-0.9336
0.85,5,1,SS,,-0.6721,-0.9381
0.855,5,1,SS,,-0.6763,-0.9427
0.86,5,1,SS,,-0.6805,-0.9472
0.865,5,1,SS,,-0.6847,-0.9517
0.87,5,1,SS,,-0.689,-0.9562
0.875,5,1,SS,,-0.6932,-0.9607
0.88,5,1,SS,,-0.6974,-0.9651
0.885,5,1,SS,,-0.7016,-0.9696
0.89,5,1,SS,,-0.7058,-0.974
0.895,5,1,SS,,-0.7101,-0.9784
0.9,5,1,SS,,-0.7143,-0.9828
0.905,5,1,SS,,-0.7185,-0.9872
0.91,5,1,SS,,-0.7228,-0.9915
0.915,5,1,SS,,-0.727,-0.9959
0.92,5,1,SS,,-0.7313,-1.0002
0.925,5,1,SS,,-0.7355,-1.0045
0.93,5,1,SS,,-0.7398,-1.0088
0.935,5,1,SS,,-0.7441,-1.013
0.94,5,1,SS,,-0.7484,-1.0173
0.945,5,1,SS,,-0.7526,-1.0215
0.95,5,1,SS,,-0.7569,-1.0257
0.955,5,1,SS,,-0.7612,-1.0299
0.96,5,1,SS,,-0.7655,-1.034
0.965,5,1,SS,,-0.7698,-1.0382
0.97,5,1,SS,,-0.7741,-1.0423
0.975,5,1,SS,,-0.7784,-1.0464
0.98,5,1,SS,,-0.7827,-1.0505
0.985,5,1,SS,,-0.787,-1.0546
0.99,5,1,SS,,-0.7913,-1.0586
0.995,5,1,SS,,-0.7957,-1.0627
1,5,1,SS,,-0.8,-1.0667
1.005,5,1,SS,,-0.8043,-1.0707
1.01,5,1,SS,,-0.8086,-1.0746
1.015,5,1,SS,,-0.8129,-1.0786
1.02,5,1,SS,,-0.8172,-1.0825
1.025,5,1,SS,,-0.8214,-1.0864
1.03,5,1,SS,,-0.8256,-1.0903
1.035,5,1,SS,,-0.8298,-1.0942
1.04,5,1,SS,,-0.834,-1.098
1.045,5,1,SS,,-0.8382,-1.1019
1.05,5,1,SS,,-0.8423,-1.1057
1.055,5,1,SS,,-0.8465,-1.1095
1.06,5,1,SS,,-0.8506,-1.1132
1.065,5,1,SS,,-0.8547,-1.117
1.07,5,1,SS,,-0.8587,-1.1207
1.075,5,1,SS,,-0.8628,-1.1244
1.08,5,1,SS,,-0.8668,-1.1281
1.085,5,1,SS,,-0.8708,-1.1318
1.09,5,1,SS,,-0.8748,-1.1355
1.095,5,1,SS,,-0.8788,-1.1391
1.1,5,1,SS,,-0.8827,-1.1427
1.105,5,1,SS,,-0.8866,-1.1463
1.11,5,1,SS,,-0.8905,-1.1499
1.115,5,1,SS,,-0.8944,-1.1534
1.12,5,1,SS,,-0.8983,-1.157
1.125,5,1,SS,,-0.9021,-1.1605
1.13,5,1,SS,,-0.906,-1.164
1.135,5,1,SS,,-0.9098,-1.1675
1.14,5,1,SS,,-0.9136,-1.1709
1.145,5,1,SS,,-0.9174,-1.1744
1.15,5,1,SS,,-0.9211,-1.1778
1.155,5,1,SS,,-0.9248,-1.1812
1.16,5,1,SS,,-0.9286,-1.1846
1.165,5,1,SS,,-0.9323,-1.1879
1.17,5,1,SS,,-0.9359,-1.1913
1.175,5,1,SS,,-0.9396,-1.1946
1.18,5,1,SS,,-0.9432,-1.1979
1.185,5,1,SS,,-0.9469,-1.2012
1.19,5,1,SS,,-0.9505,-1.2045
1.195,5,1,SS,,-0.954,-1.2077
1.2,5,1,SS,,-0.9576,-1.2109
1.205,5,1,SS,,-0.9611,-1.2141
1.21,5,1,SS,,-0.9647,-1.2173
1.215,5,1,SS,,-0.9682,-1.2205
1.22,5,1,SS,,-0.9717,-1.2237
1.225,5,1,SS,,-0.9751,-1.2268
1.23,5,1,SS,,-0.9786,-1.2299
1.235,5,1,SS,,-0.982,-1.233
1.24,5,1,SS,,-0.9854,-1.2361
1.245,5,1,SS,,-0.9888,-1.2391
1.25,5,1,SS,,-0.9922,-1.2422
1.255,5,1,SS,,-0.9955,-1.2452
1.26,5,1,SS,,-0.9989,-1.2482
1.265,5,1,SS,,-1.0022,-1.2512
1.27,5,1,SS,,-1.0055,-1.2542
1.275,5,1,SS,,-1.0088,-1.2571
1.28,5,1,SS,,-1.012,-1.26
1.285,5,1,SS,,-1.0153,-1.2629
1.29,5,1,SS,,-1.0185,-1.2658
1.295,5,1,SS,,-1.0217,-1.2687
1.3,5,1,SS,,-1.0249,-1.2716
1.305,5,1,SS,,-1.0281,-1.2744
1.31,5,1,SS,,-1.0312,-1.2772
1.315,5,1,SS,,-1.0344,-1.28
1.32,5,1,SS,,-1.0375,-1.2828
1.325,5,1,SS,,-1.0406,-1.2856
1.33,5,1,SS,,-1.0436,-1.2883
1.335,5,1,SS,,-1.0467,-1.291
1.34,5,1,SS,,-1.0497,-1.2937
1.345,5,1,SS,,-1.0528,-1.2964
1.35,5,1,SS,,-1.0558,-1.2991
1.355,5,1,SS,,-1.0587,-1.3017
1.36,5,1,SS,,-1.0617,-1.3044
1.365,5,1,SS,,-1.0647,-1.307
1.37,5,1,SS,,-1.0676,-1.3096
1.375,5,1,SS,,-1.0705,-1.3122
1.38,5,1,SS,,-1.0734,-1.3147
1.385,5,1,SS,,-1.0763,-1.3173
1.39,5,1,SS,,-1.0791,-1.3198
1.395,5,1,SS,,-1.082,-1.3223
1.4,5,1,SS,,-1.0848,-1.3248
1.405,5,1,SS,,-1.0876,-1.3273
1.41,5,1,SS,,-1.0904,-1.3297
1.415,5,1,SS,,-1.0932,-1.3322
1.42,5,1,SS,,-1.0959,-1.3346
1.425,5,1,SS,,-1.0986,-1.337
1.43,5,1,SS,,-1.1014,-1.3394
1.435,5,1,SS,,-1.1041,-1.3417
1.44,5,1,SS,,-1.1067,-1.3441
1.445,5,1,SS,,-1.1094,-1.3464
1.45,5,1,SS,,-1.112,-1.3487
1.455,5,1,SS,,-1.1147,-1.351
1.46,5,1,SS,,-1.1173,-1.3533
1.465,5,1,SS,,-1.1199,-1.3555
1.47,5,1,SS,,-1.1224,-1.3578
1.475,5,1,SS,,-1.125,-1.36
1.48,5,1,SS,,-1.1275,-1.3622
1.485,5,1,SS,,-1.13,-1.3644
1.49,5,1,SS,,-1.1325,-1.3665
1.495,5,1,SS,,-1.135,-1.3687
1.5,5,1,SS,,-1.1375,-1.3708
1.505,5,1,SS,,-1.1399,-1.3729
1.51,5,1,SS,,-1.1424,-1.375
1.515,5,1,SS,,-1.1448,-1.3771
1.52,5,1,SS,,-1.1472,-1.3792
1.525,5,1,SS,,-1.1496,-1.3812
1.53,5,1,SS,,-1.1519,-1.3833
1.535,5,1,SS,,-1.1543,-1.3853
1.54,5,1,SS,,-1.1566,-1.3873
1.545,5,1,SS,,-1.1589,-1.3893
1.55,5,1,SS,,-1.1612,-1.3912
1.555,5,1,SS,,-1.1635,-1.3932
1.56,5,1,SS,,-1.1657,-1.3951
1.565,5,1,SS,,-1.168,-1.397
1.57,5,1,SS,,-1.1702,-1.3989
1.575,5,1,SS,,-1.1724,-1.4008
1.58,5,1,SS,,-1.1746,-1.4026
1.585,5,1,SS,,-1.1768,-1.4045
1.59,5,1,SS,,-1.1789,-1.4063
1.595,5,1,SS,,-1.1811,-1.4081
1.6,5,1,SS,,-1.1832,-1.4099
1.605,5,1,SS,,-1.1853,-1.4116
1.61,5,1,SS,,-1.1874,-1.4134
1.615,5,1,SS,,-1.1895,-1.4151
1.62,5,1,SS,,-1.1915,-1.4169
1.625,5,1,SS,,-1.1936,-1.4186
1.63,5,1,SS,,-1.1956,-1.4202
1.635,5,1,SS,,-1.1976,-1.4219
1.64,5,1,SS,,-1.1996,-1.4236
1.645,5,1,SS,,-1.2015,-1.4252
1.65,5,1,SS,,-1.2035,-1.4268
1.655,5,1,SS,,-1.2054,-1.4284
1.66,5,1,SS,,-1.2073,-1.43
1.665,5,1,SS,,-1.2092,-1.4316
1.67,5,1,SS,,-1.2111,-1.4331
1.675,5,1,SS,,-1.213,-1.4347
1.68,5,1,SS,,-1.2149,-1.4362
1.685,5,1,SS,,-1.2167,-1.4377
1.69,5,1,SS,,-1.2185,-1.4392
1.695,5,1,SS,,-1.2203,-1.4406
1.7,5,1,SS,,-1.2221,-1.4421
1.705,5,1,SS,,-1.2239,-1.4435
1.71,5,1,SS,,-1.2256,-1.445
1.715,5,1,SS,,-1.2274,-1.4464
1.72,5,1,SS,,-1.2291,-1.4477
1.725,5,1,SS,,-1.2308,-1.4491
1.73,5,1,SS,,-1.2325,-1.4505
1.735,5,1,SS,,-1.2341,-1.4518
1.74,5,1,SS,,-1.2358,-1.4531
1.745,5,1,SS,,-1.2374,-1.4544
1.75,5,1,SS,,-1.2391,-1.4557
1.755,5,1,SS,,-1.2407,-1.457
1.76,5,1,SS,,-1.2423,-1.4583
1.765,5,1,SS,,-1.2438,-1.4595
1.77,5,1,SS,,-1.2454,-1.4607
1.775,5,1,SS,,-1.2469,-1.4619
1.78,5,1,SS,,-1.2485,-1.4631
1.785,5,1,SS,,-1.25,-1.4643
1.79,5,1,SS,,-1.2515,-1.4655
1.795,5,1,SS,,-1.2529,-1.4666
1.8,5,1,SS,,-1.2544,-1.4677
1.805,5,1,SS,,-1.2558,-1.4688
1.81,5,1,SS,,-1.2573,-1.4699
1.815,5,1,SS,,-1.2587,-1.471
1.82,5,1,SS,,-1.2601,-1.4721
1.825,5,1,SS,,-1.2615,-1.4731
1.83,5,1,SS,,-1.2628,-1.4742
1.835,5,1,SS,,-1.2642,-1.4752
1.84,5,1,SS,,-1.2655,-1.4762
1.845,5,1,SS,,-1.2668,-1.4772
1.85,5,1,SS,,-1.2681,-1.4781
1.855,5,1,SS,,-1.2694,-1.4791
1.86,5,1,SS,,-1.2707,-1.48
1.865,5,1,SS,,-1.272,-1.481
1.87,5,1,SS,,-1.2732,-1.4819
1.875,5,1,SS,,-1.2744,-1.4827
1.88,5,1,SS,,-1.2756,-1.4836
1.885,5,1,SS,,-1.2768,-1.4845
1.89,5,1,SS,,-1.278,-1.4853
1.895,5,1,SS,,-1.2792,-1.4862
1.9,5,1,SS,,-1.2803,-1.487
1.905,5,1,SS,,-1.2814,-1.4878
1.91,5,1,SS,,-1.2825,-1.4885
1.915,5,1,SS,,-1.2836,-1.4893
1.92,5,1,SS,,-1.2847,-1.4901
1.925,5,1,SS,,-1.2858,-1.4908
1.93,5,1,SS,,-1.2869,-1.4915
1.935,5,1,SS,,-1.2879,-1.4922
1.94,5,1,SS,,-1.2889,-1.4929
1.945,5,1,SS,,-1.2899,-1.4936
1.95,5,1,SS,,-1.2909,-1.4942
1.955,5,1,SS,,-1.2919,-1.4949
1.96,5,1,SS,,-1.2929,-1.4955
1.965,5,1,SS,,-1.2938,-1.4961
1.97,5,1,SS,,-1.2947,-1.4967
1.975,5,1,SS,,-1.2956,-1.4973
1.98,5,1,SS,,-1.2965,-1.4979
1.985,5,1,SS,,-1.2974,-1.4984
1.99,5,1,SS,,-1.2983,-1.499
1.995,5,1,SS,,-1.2992,-1.4995
2,5,1,SS,,-1.3,-1.5
2.005,5,1,SS,,-1.3008,-1.5005
2.01,5,1,SS,,-1.3016,-1.501
2.015,5,1,SS,,-1.3024,-1.5014
2.02,5,1,SS,,-1.3032,-1.5019
2.025,5,1,SS,,-1.304,-1.5023
2.03,5,1,SS,,-1.3047,-1.5027
2.035,5,1,SS,,-1.3055,-1.5031
2.04,5,1,SS,,-1.3062,-1.5035
2.045,5,1,SS,,-1.3069,-1.5039
2.05,5,1,SS,,-1.3076,-1.5043
2.055,5,1,SS,,-1.3083,-1.5046
2.06,5,1,SS,,-1.3089,-1.5049
2.065,5,1,SS,,-1.3096,-1.5052
2.07,5,1,SS,,-1.3102,-1.5055
2.075,5,1,SS,,-1.3108,-1.5058
2.08,5,1,SS,,-1.3114,-1.5061
2.085,5,1,SS,,-1.312,-1.5064
2.09,5,1,SS,,-1.3126,-1.5066
2.095,5,1,SS,,-1.3132,-1.5068
2.1,5,1,SS,,-1.3137,-1.507
2.105,5,1,SS,,-1.3142,-1.5072
2.11,5,1,SS,,-1.3147,-1.5074
2.115,5,1,SS,,-1.3152,-1.5076
2.12,5,1,SS,,-1.3157,-1.5077
2.125,5,1,SS,,-1.3162,-1.5079
2.13,5,1,SS,,-1.3167,-1.508
2.135,5,1,SS,,-1.3171,-1.5081
2.14,5,1,SS,,-1.3175,-1.5082
2.145,5,1,SS,,-1.318,-1.5083
2.15,5,1,SS,,-1.3184,-1.5084
2.155,5,1,SS,,-1.3187,-1.5084
2.16,5,1,SS,,-1.3191,-1.5085
2.165,5,1,SS,,-1.3195,-1.5085
2.17,5,1,SS,,-1.3198,-1.5085
2.175,5,1,SS,,-1.3202,-1.5085
2.18,5,1,SS,,-1.3205,-1.5085
2.185,5,1,SS,,-1.3208,-1.5084
2.19,5,1,SS,,-1.3211,-1.5084
2.195,5,1,SS,,-1.3213,-1.5083
2.2,5,1,SS,,-1.3216,-1.5083
2.205,5,1,SS,,-1.3218,-1.5082
2.21,5,1,SS,,-1.3221,-1.5081
2.215,5,1,SS,,-1.3223,-1.508
2.22,5,1,SS,,-1.3225,-1.5078
2.225,5,1,SS,,-1.3227,-1.5077
2.23,5,1,SS,,-1.3229,-1.5075
2.235,5,1,SS,,-1.323,-1.5074
2.24,5,1,SS,,-1.3232,-1.5072
2.245,5,1,SS,,-1.3233,-1.507
2.25,5,1,SS,,-1.3234,-1.5068
2.255,5,1,SS,,-1.3235,-1.5065
2.26,5,1,SS,,-1.3236,-1.5063
2.265,5,1,SS,,-1.3237,-1.5061
2.27,5,1,SS,,-1.3238,-1.5058
2.275,5,1,SS,,-1.3238,-1.5055
2.28,5,1,SS,,-1.3239,-1.5052
2.285,5,1,SS,,-1.3239,-1.5049
2.29,5,1,SS,,-1.3239,-1.5046
2.295,5,1,SS,,-1.3239,-1.5042
2.3,5,1,SS,,-1.3239,-1.5039
2.305,5,1,SS,,-1.3239,-1.5035
2.31,5,1,SS,,-1.3238,-1.5032
2.315,5,1,SS,,-1.3238,-1.5028
2.32,5,1,SS,,-1.3237,-1.5024
2.325,5,1,SS,,-1.3236,-1.502
2.33,5,1,SS,,-1.3235,-1.5015
2.335,5,1,SS,,-1.3234,-1.5011
2.34,5,1,SS,,-1.3233,-1.5006
2.345,5,1,SS,,-1.3232,-1.5002
2.35,5,1,SS,,-1.323,-1.4997
2.355,5,1,SS,,-1.3229,-1.4992
2.36,5,1,SS,,-1.3227,-1.4987
2.365,5,1,SS,,-1.3225,-1.4982
2.37,5,1,SS,,-1.3223,-1.4976
2.375,5,1,SS,,-1.3221,-1.4971
2.38,5,1,SS,,-1.3218,-1.4965
2.385,5,1,SS,,-1.3216,-1.4959
2.39,5,1,SS,,-1.3213,-1.4953
2.395,5,1,SS,,-1.3211,-1.4947
2.4,5,1,SS,,-1.3208,-1.4941
2.405,5,1,SS,,-1.3205,-1.4935
2.41,5,1,SS,,-1.3202,-1.4929
2.415,5,1,SS,,-1.3199,-1.4922
2.42,5,1,SS,,-1.3195,-1.4915
2.425,5,1,SS,,-1.3192,-1.4909
2.43,5,1,SS,,-1.3188,-1.4902
2.435,5,1,SS,,-1.3185,-1.4895
2.44,5,1,SS,,-1.3181,-1.4888
2.445,5,1,SS,,-1.3177,-1.488
2.45,5,1,SS,,-1.3173,-1.4873
2.455,5,1,SS,,-1.3169,-1.4865
2.46,5,1,SS,,-1.3164,-1.4858
2.465,5,1,SS,,-1.316,-1.485
2.47,5,1,SS,,-1.3155,-1.4842
2.475,5,1,SS,,-1.3151,-1.4834
2.48,5,1,SS,,-1.3146,-1.4826
2.485,5,1,SS,,-1.3141,-1.4817
2.49,5,1,SS,,-1.3136,-1.4809
2.495,5,1,SS,,-1.313,-1.48
2.5,5,1,SS,,-1.3125,-1.4792
2.505,5,1,SS,,-1.312,-1.4783
2.51,5,1,SS,,-1.3114,-1.4774
2.515,5,1,SS,,-1.3108,-1.4765
2.52,5,1,SS,,-1.3102,-1.4756
2.525,5,1,SS,,-1.3096,-1.4746
2.53,5,1,SS,,-1.309,-1.4737
2.535,5,1,SS,,-1.3084,-1.4727
2.54,5,1,SS,,-1.3078,-1.4718
2.545,5,1,SS,,-1.3071,-1.4708
2.55,5,1,SS,,-1.3065,-1.4698
2.555,5,1,SS,,-1.3058,-1.4688
2.56,5,1,SS,,-1.3051,-1.4678
2.565,5,1,SS,,-1.3044,-1.4667
2.57,5,1,SS,,-1.3037,-1.4657
2.575,5,1,SS,,-1.303,-1.4646
2.58,5,1,SS,,-1.3023,-1.4636
2.585,5,1,SS,,-1.3015,-1.4625
2.59,5,1,SS,,-1.3007,-1.4614
2.595,5,1,SS,,-1.3,-1.4603
2.6,5,1,SS,,-1.2992,-1.4592
2.605,5,1,SS,,-1.2984,-1.4581
2.61,5,1,SS,,-1.2976,-1.4569
2.615,5,1,SS,,-1.2968,-1.4558
2.62,5,1,SS,,-1.296,-1.4546
2.625,5,1,SS,,-1.2951,-1.4535
2.63,5,1,SS,,-1.2943,-1.4523
2.635,5,1,SS,,-1.2934,-1.4511
2.64,5,1,SS,,-1.2925,-1.4499
2.645,5,1,SS,,-1.2916,-1.4486
2.65,5,1,SS,,-1.2907,-1.4474
2.655,5,1,SS,,-1.2898,-1.4462
2.66,5,1,SS,,-1.2889,-1.4449
2.665,5,1,SS,,-1.288,-1.4436
2.67,5,1,SS,,-1.287,-1.4424
2.675,5,1,SS,,-1.2861,-1.4411
2.68,5,1,SS,,-1.2851,-1.4398
2.685,5,1,SS,,-1.2841,-1.4384
2.69,5,1,SS,,-1.2831,-1.4371
2.695,5,1,SS,,-1.2821,-1.4358
2.7,5,1,SS,,-1.2811,-1.4344
2.705,5,1,SS,,-1.2801,-1.4331
2.71,5,1,SS,,-1.279,-1.4317
2.715,5,1,SS,,-1.278,-1.4303
2.72,5,1,SS,,-1.2769,-1.4289
2.725,5,1,SS,,-1.2758,-1.4275
2.73,5,1,SS,,-1.2748,-1.4261
2.735,5,1,SS,,-1.2737,-1.4247
2.74,5,1,SS,,-1.2726,-1.4232
2.745,5,1,SS,,-1.2714,-1.4218
2.75,5,1,SS,,-1.2703,-1.4203
2.755,5,1,SS,,-1.2692,-1.4188
2.76,5,1,SS,,-1.268,-1.4174
2.765,5,1,SS,,-1.2669,-1.4159
2.77,5,1,SS,,-1.2657,-1.4143
2.775,5,1,SS,,-1.2645,-1.4128
2.78,5,1,SS,,-1.2633,-1.4113
2.785,5,1,SS,,-1.2621,-1.4098
2.79,5,1,SS,,-1.2609,-1.4082
2.795,5,1,SS,,-1.2596,-1.4066
2.8,5,1,SS,,-1.2584,-1.4051
2.805,5,1,SS,,-1.2571,-1.4035
2.81,5,1,SS,,-1.2559,-1.4019
2.815,5,1,SS,,-1.2546,-1.4003
2.82,5,1,SS,,-1.2533,-1.3987
2.825,5,1,SS,,-1.252,-1.397
2.83,5,1,SS,,-1.2507,-1.3954
2.835,5,1,SS,,-1.2494,-1.3937
2.84,5,1,SS,,-1.2481,-1.3921
2.845,5,1,SS,,-1.2467,-1.3904
2.85,5,1,SS,,-1.2454,-1.3887
2.855,5,1,SS,,-1.244,-1.387
2.86,5,1,SS,,-1.2427,-1.3853
2.865,5,1,SS,,-1.2413,-1.3836
2.87,5,1,SS,,-1.2399,-1.3819
2.875,5,1,SS,,-1.2385,-1.3801
2.88,5,1,SS,,-1.2371,-1.3784
2.885,5,1,SS,,-1.2356,-1.3766
2.89,5,1,SS,,-1.2342,-1.3749
2.895,5,1,SS,,-1.2328,-1.3731
2.9,5,1,SS,,-1.2313,-1.3713
2.905,5,1,SS,,-1.2298,-1.3695
2.91,5,1,SS,,-1.2284,-1.3677
2.915,5,1,SS,,-1.2269,-1.3659
2.92,5,1,SS,,-1.2254,-1.364
2.925,5,1,SS,,-1.2239,-1.3622
2.93,5,1,SS,,-1.2223,-1.3603
2.935,5,1,SS,,-1.2208,-1.3585
2.94,5,1,SS,,-1.2193,-1.3566
2.945,5,1,SS,,-1.2177,-1.3547
2.95,5,1,SS,,-1.2162,-1.3528
2.955,5,1,SS,,-1.2146,-1.3509
2.96,5,1,SS,,-1.213,-1.349
2.965,5,1,SS,,-1.2114,-1.3471
2.97,5,1,SS,,-1.2098,-1.3452
2.975,5,1,SS,,-1.2082,-1.3432
2.98,5,1,SS,,-1.2066,-1.3413
2.985,5,1,SS,,-1.205,-1.3393
2.99,5,1,SS,,-1.2033,-1.3373
2.995,5,1,SS,,-1.2017,-1.3353
3,5,1,SS,,-1.2,-1.3333
3.005,5,1,SS,,-1.1983,-1.3313
3.01,5,1,SS,,-1.1966,-1.3293
3.015,5,1,SS,,-1.195,-1.3273
3.02,5,1,SS,,-1.1933,-1.3253
3.025,5,1,SS,,-1.1915,-1.3232
3.03,5,1,SS,,-1.1898,-1.3212
3.035,5,1,SS,,-1.1881,-1.3191
3.04,5,1,SS,,-1.1863,-1.317
3.045,5,1,SS,,-1.1846,-1.3149
3.05,5,1,SS,,-1.1828,-1.3128
3.055,5,1,SS,,-1.1811,-1.3107
3.06,5,1,SS,,-1.1793,-1.3086
3.065,5,1,SS,,-1.1775,-1.3065
3.07,5,1,SS,,-1.1757,-1.3044
3.075,5,1,SS,,-1.1739,-1.3022
3.08,5,1,SS,,-1.1721,-1.3001
3.085,5,1,SS,,-1.1702,-1.2979
3.09,5,1,SS,,-1.1684,-1.2957
3.095,5,1,SS,,-1.1666,-1.2936
3.1,5,1,SS,,-1.1647,-1.2914
3.105,5,1,SS,,-1.1628,-1.2892
3.11,5,1,SS,,-1.161,-1.287
3.115,5,1,SS,,-1.1591,-1.2847
3.12,5,1,SS,,-1.1572,-1.2825
3.125,5,1,SS,,-1.1553,-1.2803
3.13,5,1,SS,,-1.1534,-1.278
3.135,5,1,SS,,-1.1514,-1.2758
3.14,5,1,SS,,-1.1495,-1.2735
3.145,5,1,SS,,-1.1476,-1.2712
3.15,5,1,SS,,-1.1456,-1.2689
3.155,5,1,SS,,-1.1437,-1.2667
3.16,5,1,SS,,-1.1417,-1.2643
3.165,5,1,SS,,-1.1397,-1.262
3.17,5,1,SS,,-1.1377,-1.2597
3.175,5,1,SS,,-1.1357,-1.2574
3.18,5,1,SS,,-1.1337,-1.255
3.185,5,1,SS,,-1.1317,-1.2527
3.19,5,1,SS,,-1.1297,-1.2503
3.195,5,1,SS,,-1.1276,-1.248
3.2,5,1,SS,,-1.1256,-1.2456
3.205,5,1,SS,,-1.1235,-1.2432
3.21,5,1,SS,,-1.1215,-1.2408
3.215,5,1,SS,,-1.1194,-1.2384
3.22,5,1,SS,,-1.1173,-1.236
3.225,5,1,SS,,-1.1153,-1.2336
3.23,5,1,SS,,-1.1132,-1.2312
3.235,5,1,SS,,-1.1111,-1.2287
3.24,5,1,SS,,-1.1089,-1.2263
3.245,5,1,SS,,-1.1068,-1.2238
3.25,5,1,SS,,-1.1047,-1.2214
3.255,5,1,SS,,-1.1025,-1.2189
3.26,5,1,SS,,-1.1004,-1.2164
3.265,5,1,SS,,-1.0982,-1.2139
3.27,5,1,SS,,-1.0961,-1.2114
3.275,5,1,SS,,-1.0939,-1.2089
3.28,5,1,SS,,-1.0917,-1.2064
3.285,5,1,SS,,-1.0895,-1.2039
3.29,5,1,SS,,-1.0873,-1.2013
3.295,5,1,SS,,-1.0851,-1.1988
3.3,5,1,SS,,-1.0829,-1.1962
3.305,5,1,SS,,-1.0807,-1.1937
3.31,5,1,SS,,-1.0784,-1.1911
3.315,5,1,SS,,-1.0762,-1.1885
3.32,5,1,SS,,-1.0739,-1.1859
3.325,5,1,SS,,-1.0717,-1.1834
3.33,5,1,SS,,-1.0694,-1.1808
3.335,5,1,SS,,-1.0671,-1.1781
3.34,5,1,SS,,-1.0649,-1.1755
3.345,5,1,SS,,-1.0626,-1.1729
3.35,5,1,SS,,-1.0603,-1.1703
3.355,5,1,SS,,-1.058,-1.1676
3.36,5,1,SS,,-1.0556,-1.165
3.365,5,1,SS,,-1.0533,-1.1623
3.37,5,1,SS,,-1.051,-1.1596
3.375,5,1,SS,,-1.0486,-1.157
3.38,5,1,SS,,-1.0463,-1.1543
3.385,5,1,SS,,-1.0439,-1.1516
3.39,5,1,SS,,-1.0416,-1.1489
3.395,5,1,SS,,-1.0392,-1.1462
3.4,5,1,SS,,-1.0368,-1.1435
3.405,5,1,SS,,-1.0344,-1.1407
3.41,5,1,SS,,-1.032,-1.138
3.415,5,1,SS,,-1.0296,-1.1353
3.42,5,1,SS,,-1.0272,-1.1325
3.425,5,1,SS,,-1.0248,-1.1298
3.43,5,1,SS,,-1.0223,-1.127
3.435,5,1,SS,,-1.0199,-1.1242
3.44,5,1,SS,,-1.0175,-1.1215
3.445,5,1,SS,,-1.015,-1.1187
3.45,5,1,SS,,-1.0125,-1.1159
3.455,5,1,SS,,-1.0101,-1.1131
3.46,5,1,SS,,-1.0076,-1.1103
3.465,5,1,SS,,-1.0051,-1.1074
3.47,5,1,SS,,-1.0026,-1.1046
3.475,5,1,SS,,-1.0001,-1.1018
3.48,5,1,SS,,-0.9976,-1.0989
3.485,5,1,SS,,-0.9951,-1.0961
3.49,5,1,SS,,-0.9926,-1.0932
3.495,5,1,SS,,-0.99,-1.0904
3.5,5,1,SS,,-0.9875,-1.0875
3.505,5,1,SS,,-0.985,-1.0846
3.51,5,1,SS,,-0.9824,-1.0817
3.515,5,1,SS,,-0.9798,-1.0788
3.52,5,1,SS,,-0.9773,-1.0759
3.525,5,1,SS,,-0.9747,-1.073
3.53,5,1,SS,,-0.9721,-1.0701
3.535,5,1,SS,,-0.9695,-1.0672
3.54,5,1,SS,,-0.9669,-1.0643
3.545,5,1,SS,,-0.9643,-1.0613
3.55,5,1,SS,,-0.9617,-1.0584
3.555,5,1,SS,,-0.9591,-1.0554
3.56,5,1,SS,,-0.9565,-1.0525
3.565,5,1,SS,,-0.9538,-1.0495
3.57,5,1,SS,,-0.9512,-1.0465
3.575,5,1,SS,,-0.9485,-1.0435
3.58,5,1,SS,,-0.9459,-1.0406
3.585,5,1,SS,,-0.9432,-1.0376
3.59,5,1,SS,,-0.9406,-1.0346
3.595,5,1,SS,,-0.9379,-1.0315
3.6,5,1,SS,,-0.9352,-1.0285
3.605,5,1,SS,,-0.9325,-1.0255
3.61,5,1,SS,,-0.9298,-1.0225
3.615,5,1,SS,,-0.9271,-1.0194
3.62,5,1,SS,,-0.9244,-1.0164
3.625,5,1,SS,,-0.9217,-1.0133
3.63,5,1,SS,,-0.919,-1.0103
3.635,5,1,SS,,-0.9162,-1.0072
3.64,5,1,SS,,-0.9135,-1.0042
3.645,5,1,SS,,-0.9107,-1.0011
3.65,5,1,SS,,-0.908,-0.998
3.655,5,1,SS,,-0.9052,-0.9949
3.66,5,1,SS,,-0.9025,-0.9918
3.665,5,1,SS,,-0.8997,-0.9887
3.67,5,1,SS,,-0.8969,-0.9856
3.675,5,1,SS,,-0.8941,-0.9825
3.68,5,1,SS,,-0.8913,-0.9793
3.685,5,1,SS,,-0.8885,-0.9762
3.69,5,1,SS,,-0.8857,-0.9731
3.695,5,1,SS,,-0.8829,-0.9699
3.7,5,1,SS,,-0.8801,-0.9668
3.705,5,1,SS,,-0.8773,-0.9636
3.71,5,1,SS,,-0.8744,-0.9604
3.715,5,1,SS,,-0.8716,-0.9573
3.72,5,1,SS,,-0.8688,-0.9541
3.725,5,1,SS,,-0.8659,-0.9509
3.73,5,1,SS,,-0.8631,-0.9477
3.735,5,1,SS,,-0.8602,-0.9445
3.74,5,1,SS,,-0.8573,-0.9413
3.745,5,1,SS,,-0.8544,-0.9381
3.75,5,1,SS,,-0.8516,-0.9349
3.755,5,1,SS,,-0.8487,-0.9317
3.76,5,1,SS,,-0.8458,-0.9284
3.765,5,1,SS,,-0.8429,-0.9252
3.77,5,1,SS,,-0.84,-0.922
3.775,5,1,SS,,-0.8371,-0.9187
3.78,5,1,SS,,-0.8341,-0.9155
3.785,5,1,SS,,-0.8312,-0.9122
3.79,5,1,SS,,-0.8283,-0.9089
3.795,5,1,SS,,-0.8253,-0.9057
3.8,5,1,SS,,-0.8224,-0.9024
3.805,5,1,SS,,-0.8195,-0.8991
3.81,5,1,SS,,-0.8165,-0.8958
3.815,5,1,SS,,-0.8135,-0.8925
3.82,5,1,SS,,-0.8106,-0.8892
3.825,5,1,SS,,-0.8076,-0.8859
3.83,5,1,SS,,-0.8046,-0.8826
3.835,5,1,SS,,-0.8016,-0.8793
3.84,5,1,SS,,-0.7986,-0.876
3.845,5,1,SS,,-0.7956,-0.8726
3.85,5,1,SS,,-0.7926,-0.8693
3.855,5,1,SS,,-0.7896,-0.866
3.86,5,1,SS,,-0.7866,-0.8626
3.865,5,1,SS,,-0.7836,-0.8593
3.87,5,1,SS,,-0.7806,-0.8559
3.875,5,1,SS,,-0.7775,-0.8525
3.88,5,1,SS,,-0.7745,-0.8492
3.885,5,1,SS,,-0.7715,-0.8458
3.89,5,1,SS,,-0.7684,-0.8424
3.895,5,1,SS,,-0.7654,-0.839
3.9,5,1,SS,,-0.7623,-0.8356
3.905,5,1,SS,,-0.7592,-0.8322
3.91,5,1,SS,,-0.7562,-0.8288
3.915,5,1,SS,,-0.7531,-0.8254
3.92,5,1,SS,,-0.75,-0.822
3.925,5,1,SS,,-0.7469,-0.8186
3.93,5,1,SS,,-0.7438,-0.8152
3.935,5,1,SS,,-0.7407,-0.8117
3.94,5,1,SS,,-0.7376,-0.8083
3.945,5,1,SS,,-0.7345,-0.8049
3.95,5,1,SS,,-0.7314,-0.8014
3.955,5,1,SS,,-0.7283,-0.798
3.96,5,1,SS,,-0.7252,-0.7945
3.965,5,1,SS,,-0.722,-0.791
3.97,5,1,SS,,-0.7189,-0.7876
3.975,5,1,SS,,-0.7158,-0.7841
3.98,5,1,SS,,-0.7126,-0.7806
3.985,5,1,SS,,-0.7095,-0.7771
3.99,5,1,SS,,-0.7063,-0.7737
3.995,5,1,SS,,-0.7032,-0.7702
4,5,1,SS,,-0.7,-0.7667
4.005,5,1,SS,,-0.6968,-0.7632
4.01,5,1,SS,,-0.6937,-0.7597
4.015,5,1,SS,,-0.6905,-0.7561
4.02,5,1,SS,,-0.6873,-0.7526
4.025,5,1,SS,,-0.6841,-0.7491
4.03,5,1,SS,,-0.6809,-0.7456
4.035,5,1,SS,,-0.6777,-0.742
4.04,5,1,SS,,-0.6745,-0.7385
4.045,5,1,SS,,-0.6713,-0.735
4.05,5,1,SS,,-0.6681,-0.7314
4.055,5,1,SS,,-0.6649,-0.7279
4.06,5,1,SS,,-0.6616,-0.7243
4.065,5,1,SS,,-0.6584,-0.7208
4.07,5,1,SS,,-0.6552,-0.7172
4.075,5,1,SS,,-0.652,-0.7136
4.08,5,1,SS,,-0.6487,-0.71
4.085,5,1,SS,,-0.6455,-0.7065
4.09,5,1,SS,,-0.6422,-0.7029
4.095,5,1,SS,,-0.639,-0.6993
4.1,5,1,SS,,-0.6357,-0.6957
4.105,5,1,SS,,-0.6324,-0.6921
4.11,5,1,SS,,-0.6292,-0.6885
4.115,5,1,SS,,-0.6259,-0.6849
4.12,5,1,SS,,-0.6226,-0.6813
4.125,5,1,SS,,-0.6193,-0.6777
4.13,5,1,SS,,-0.616,-0.674
4.135,5,1,SS,,-0.6128,-0.6704
4.14,5,1,SS,,-0.6095,-0.6668
4.145,5,1,SS,,-0.6062,-0.6632
4.15,5,1,SS,,-0.6029,-0.6595
4.155,5,1,SS,,-0.5996,-0.6559
4.16,5,1,SS,,-0.5962,-0.6522
4.165,5,1,SS,,-0.5929,-0.6486
4.17,5,1,SS,,-0.5896,-0.6449
4.175,5,1,SS,,-0.5863,-0.6413
4.18,5,1,SS,,-0.583,-0.6376
4.185,5,1,SS,,-0.5796,-0.634
4.19,5,1,SS,,-0.5763,-0.6303
4.195,5,1,SS,,-0.5729,-0.6266
4.2,5,1,SS,,-0.5696,-0.6229
4.205,5,1,SS,,-0.5663,-0.6193
4.21,5,1,SS,,-0.5629,-0.6156
4.215,5,1,SS,,-0.5595,-0.6119
4.22,5,1,SS,,-0.5562,-0.6082
4.225,5,1,SS,,-0.5528,-0.6045
4.23,5,1,SS,,-0.5494,-0.6008
4.235,5,1,SS,,-0.5461,-0.5971
4.24,5,1,SS,,-0.5427,-0.5934
4.245,5,1,SS,,-0.5393,-0.5897
4.25,5,1,SS,,-0.5359,-0.5859
4.255,5,1,SS,,-0.5326,-0.5822
4.26,5,1,SS,,-0.5292,-0.5785
4.265,5,1,SS,,-0.5258,-0.5748
4.27,5,1,SS,,-0.5224,-0.571
4.275,5,1,SS,,-0.519,-0.5673
4.28,5,1,SS,,-0.5156,-0.5636
4.285,5,1,SS,,-0.5121,-0.5598
4.29,5,1,SS,,-0.5087,-0.5561
4.295,5,1,SS,,-0.5053,-0.5523
4.3,5,1,SS,,-0.5019,-0.5486
4.305,5,1,SS,,-0.4985,-0.5448
4.31,5,1,SS,,-0.495,-0.541
4.315,5,1,SS,,-0.4916,-0.5373
4.32,5,1,SS,,-0.4882,-0.5335
4.325,5,1,SS,,-0.4847,-0.5297
4.33,5,1,SS,,-0.4813,-0.526
4.335,5,1,SS,,-0.4779,-0.5222
4.34,5,1,SS,,-0.4744,-0.5184
4.345,5,1,SS,,-0.471,-0.5146
4.35,5,1,SS,,-0.4675,-0.5108
4.355,5,1,SS,,-0.4641,-0.5071
4.36,5,1,SS,,-0.4606,-0.5033
4.365,5,1,SS,,-0.4571,-0.4995
4.37,5,1,SS,,-0.4537,-0.4957
4.375,5,1,SS,,-0.4502,-0.4919
4.38,5,1,SS,,-0.4467,-0.4881
4.385,5,1,SS,,-0.4432,-0.4842
4.39,5,1,SS,,-0.4398,-0.4804
4.395,5,1,SS,,-0.4363,-0.4766
4.4,5,1,SS,,-0.4328,-0.4728
4.405,5,1,SS,,-0.4293,-0.469
4.41,5,1,SS,,-0.4258,-0.4652
4.415,5,1,SS,,-0.4223,-0.4613
4.42,5,1,SS,,-0.4188,-0.4575
4.425,5,1,SS,,-0.4153,-0.4537
4.43,5,1,SS,,-0.4118,-0.4498
4.435,5,1,SS,,-0.4083,-0.446
4.44,5,1,SS,,-0.4048,-0.4421
4.445,5,1,SS,,-0.4013,-0.4383
4.45,5,1,SS,,-0.3978,-0.4345
4.455,5,1,SS,,-0.3943,-0.4306
4.46,5,1,SS,,-0.3908,-0.4268
4.465,5,1,SS,,-0.3872,-0.4229
4.47,5,1,SS,,-0.3837,-0.419
4.475,5,1,SS,,-0.3802,-0.4152
4.48,5,1,SS,,-0.3766,-0.4113
4.485,5,1,SS,,-0.3731,-0.4074
4.49,5,1,SS,,-0.3696,-0.4036
4.495,5,1,SS,,-0.366,-0.3997
4.5,5,1,SS,,-0.3625,-0.3958
4.505,5,1,SS,,-0.359,-0.392
4.51,5,1,SS,,-0.3554,-0.3881
4.515,5,1,SS,,-0.3519,-0.3842
4.52,5,1,SS,,-0.3483,-0.3803
4.525,5,1,SS,,-0.3448,-0.3764
4.53,5,1,SS,,-0.3412,-0.3725
4.535,5,1,SS,,-0.3376,-0.3686
4.54,5,1,SS,,-0.3341,-0.3648
4.545,5,1,SS,,-0.3305,-0.3609
4.55,5,1,SS,,-0.327,-0.357
4.555,5,1,SS,,-0.3234,-0.3531
4.56,5,1,SS,,-0.3198,-0.3492
4.565,5,1,SS,,-0.3163,-0.3453
4.57,5,1,SS,,-0.3127,-0.3413
4.575,5,1,SS,,-0.3091,-0.3374
4.58,5,1,SS,,-0.3055,-0.3335
4.585,5,1,SS,,-0.302,-0.3296
4.59,5,1,SS,,-0.2984,-0.3257
4.595,5,1,SS,,-0.2948,-0.3218
4.6,5,1,SS,,-0.2912,-0.3179
4.605,5,1,SS,,-0.2876,-0.3139
4.61,5,1,SS,,-0.284,-0.31
4.615,5,1,SS,,-0.2804,-0.3061
4.62,5,1,SS,,-0.2768,-0.3022
4.625,5,1,SS,,-0.2732,-0.2982
4.63,5,1,SS,,-0.2696,-0.2943
4.635,5,1,SS,,-0.266,-0.2904
4.64,5,1,SS,,-0.2624,-0.2864
4.645,5,1,SS,,-0.2588,-0.2825
4.65,5,1,SS,,-0.2552,-0.2786
4.655,5,1,SS,,-0.2516,-0.2746
4.66,5,1,SS,,-0.248,-0.2707
4.665,5,1,SS,,-0.2444,-0.2667
4.67,5,1,SS,,-0.2408,-0.2628
4.675,5,1,SS,,-0.2372,-0.2589
4.68,5,1,SS,,-0.2336,-0.2549
4.685,5,1,SS,,-0.23,-0.251
4.69,5,1,SS,,-0.2263,-0.247
4.695,5,1,SS,,-0.2227,-0.2431
4.7,5,1,SS,,-0.2191,-0.2391
4.705,5,1,SS,,-0.2155,-0.2351
4.71,5,1,SS,,-0.2119,-0.2312
4.715,5,1,SS,,-0.2082,-0.2272
4.72,5,1,SS,,-0.2046,-0.2233
4.725,5,1,SS,,-0.201,-0.2193
4.73,5,1,SS,,-0.1973,-0.2153
4.735,5,1,SS,,-0.1937,-0.2114
4.74,5,1,SS,,-0.1901,-0.2074
4.745,5,1,SS,,-0.1864,-0.2034
4.75,5,1,SS,,-0.1828,-0.1995
4.755,5,1,SS,,-0.1792,-0.1955
4.76,5,1,SS,,-0.1755,-0.1915
4.765,5,1,SS,,-0.1719,-0.1876
4.77,5,1,SS,,-0.1683,-0.1836
4.775,5,1,SS,,-0.1646,-0.1796
4.78,5,1,SS,,-0.161,-0.1756
4.785,5,1,SS,,-0.1573,-0.1717
4.79,5,1,SS,,-0.1537,-0.1677
4.795,5,1,SS,,-0.15,-0.1637
4.8,5,1,SS,,-0.1464,-0.1597
4.805,5,1,SS,,-0.1428,-0.1558
4.81,5,1,SS,,-0.1391,-0.1518
4.815,5,1,SS,,-0.1355,-0.1478
4.82,5,1,SS,,-0.1318,-0.1438
4.825,5,1,SS,,-0.1282,-0.1398
4.83,5,1,SS,,-0.1245,-0.1358
4.835,5,1,SS,,-0.1209,-0.1319
4.84,5,1,SS,,-0.1172,-0.1279
4.845,5,1,SS,,-0.1135,-0.1239
4.85,5,1,SS,,-0.1099,-0.1199
4.855,5,1,SS,,-0.1062,-0.1159
4.86,5,1,SS,,-0.1026,-0.1119
4.865,5,1,SS,,-0.0989,-0.1079
4.87,5,1,SS,,-0.0953,-0.1039
4.875,5,1,SS,,-0.0916,-0.0999
4.88,5,1,SS,,-0.0879,-0.0959
4.885,5,1,SS,,-0.0843,-0.0919
4.89,5,1,SS,,-0.0806,-0.088
4.895,5,1,SS,,-0.077,-0.084
4.9,5,1,SS,,-0.0733,-0.08
4.905,5,1,SS,,-0.0696,-0.076
4.91,5,1,SS,,-0.066,-0.072
4.915,5,1,SS,,-0.0623,-0.068
4.92,5,1,SS,,-0.0586,-0.064
4.925,5,1,SS,,-0.055,-0.06
4.93,5,1,SS,,-0.0513,-0.056
4.935,5,1,SS,,-0.0477,-0.052
4.94,5,1,SS,,-0.044,-0.048
4.945,5,1,SS,,-0.0403,-0.044
4.95,5,1,SS,,-0.0367,-0.04
4.955,5,1,SS,,-0.033,-0.036
4.96,5,1,SS,,-0.0293,-0.032
4.965,5,1,SS,,-0.0257,-0.028
4.97,5,1,SS,,-0.022,-0.024
4.975,5,1,SS,,-0.0183,-0.02
4.98,5,1,SS,,-0.0147,-0.016
4.985,5,1,SS,,-0.011,-0.012
4.99,5,1,SS,,-0.0073,-0.008
4.995,5,1,SS,,-0.0037,-0.004
5,5,1,SS,,0,0
0,5,1.5,SS,,0,0
0.005,5,1.5,SS,,-0.002,-0.0074
0.01,5,1.5,SS,,-0.0039,-0.0149
0.015,5,1.5,SS,,-0.0059,-0.0223
0.02,5,1.5,SS,,-0.0078,-0.0297
0.025,5,1.5,SS,,-0.0098,-0.0372
0.03,5,1.5,SS,,-0.0118,-0.0446
0.035,5,1.5,SS,,-0.0137,-0.0521
0.04,5,1.5,SS,,-0.0157,-0.0595
0.045,5,1.5,SS,,-0.0176,-0.0669
0.05,5,1.5,SS,,-0.0196,-0.0744
0.055,5,1.5,SS,,-0.0215,-0.0818
0.06,5,1.5,SS,,-0.0235,-0.0892
0.065,5,1.5,SS,,-0.0255,-0.0967
0.07,5,1.5,SS,,-0.0274,-0.1041
0.075,5,1.5,SS,,-0.0294,-0.1115
0.08,5,1.5,SS,,-0.0314,-0.1189
0.085,5,1.5,SS,,-0.0333,-0.1264
0.09,5,1.5,SS,,-0.0353,-0.1338
0.095,5,1.5,SS,,-0.0372,-0.1412
0.1,5,1.5,SS,,-0.0392,-0.1486
0.105,5,1.5,SS,,-0.0412,-0.1561
0.11,5,1.5,SS,,-0.0431,-0.1635
0.115,5,1.5,SS,,-0.0451,-0.1709
0.12,5,1.5,SS,,-0.0471,-0.1783
0.125,5,1.5,SS,,-0.049,-0.1857
0.13,5,1.5,SS,,-0.051,-0.1931
0.135,5,1.5,SS,,-0.053,-0.2005
0.14,5,1.5,SS,,-0.0549,-0.2079
0.145,5,1.5,SS,,-0.0569,-0.2153
0.15,5,1.5,SS,,-0.0589,-0.2227
0.155,5,1.5,SS,,-0.0608,-0.2301
0.16,5,1.5,SS,,-0.0628,-0.2375
0.165,5,1.5,SS,,-0.0648,-0.2449
0.17,5,1.5,SS,,-0.0667,-0.2523
0.175,5,1.5,SS,,-0.0687,-0.2597
0.18,5,1.5,SS,,-0.0707,-0.2671
0.185,5,1.5,SS,,-0.0727,-0.2744
0.19,5,1.5,SS,,-0.0746,-0.2818
0.195,5,1.5,SS,,-0.0766,-0.2892
0.2,5,1.5,SS,,-0.0786,-0.2966
0.205,5,1.5,SS,,-0.0806,-0.3039
0.21,5,1.5,SS,,-0.0826,-0.3113
0.215,5,1.5,SS,,-0.0845,-0.3187
0.22,5,1.5,SS,,-0.0865,-0.326
0.225,5,1.5,SS,,-0.0885,-0.3334
0.23,5,1.5,SS,,-0.0905,-0.3407
0.235,5,1.5,SS,,-0.0925,-0.348
0.24,5,1.5,SS,,-0.0945,-0.3554
0.245,5,1.5,SS,,-0.0964,-0.3627
0.25,5,1.5,SS,,-0.0984,-0.3701
0.255,5,1.5,SS,,-0.1004,-0.3774
0.26,5,1.5,SS,,-0.1024,-0.3847
0.265,5,1.5,SS,,-0.1044,-0.392
0.27,5,1.5,SS,,-0.1064,-0.3993
0.275,5,1.5,SS,,-0.1084,-0.4066
0.28,5,1.5,SS,,-0.1104,-0.4139
0.285,5,1.5,SS,,-0.1124,-0.4212
0.29,5,1.5,SS,,-0.1144,-0.4285
0.295,5,1.5,SS,,-0.1164,-0.4358
0.3,5,1.5,SS,,-0.1184,-0.4431
0.305,5,1.5,SS,,-0.1204,-0.4504
0.31,5,1.5,SS,,-0.1224,-0.4576
0.315,5,1.5,SS,,-0.1244,-0.4649
0.32,5,1.5,SS,,-0.1264,-0.4722
0.325,5,1.5,SS,,-0.1284,-0.4794
0.33,5,1.5,SS,,-0.1304,-0.4867
0.335,5,1.5,SS,,-0.1325,-0.4939
0.34,5,1.5,SS,,-0.1345,-0.5012
0.345,5,1.5,SS,,-0.1365,-0.5084
0.35,5,1.5,SS,,-0.1385,-0.5156
0.355,5,1.5,SS,,-0.1405,-0.5228
0.36,5,1.5,SS,,-0.1426,-0.5301
0.365,5,1.5,SS,,-0.1446,-0.5373
0.37,5,1.5,SS,,-0.1466,-0.5445
0.375,5,1.5,SS,,-0.1486,-0.5517
0.38,5,1.5,SS,,-0.1507,-0.5588
0.385,5,1.5,SS,,-0.1527,-0.566
0.39,5,1.5,SS,,-0.1547,-0.5732
0.395,5,1.5,SS,,-0.1568,-0.5804
0.4,5,1.5,SS,,-0.1588,-0.5875
0.405,5,1.5,SS,,-0.1608,-0.5947
0.41,5,1.5,SS,,-0.1629,-0.6018
0.415,5,1.5,SS,,-0.1649,-0.609
0.42,5,1.5,SS,,-0.167,-0.6161
0.425,5,1.5,SS,,-0.169,-0.6232
0.43,5,1.5,SS,,-0.1711,-0.6303
0.435,5,1.5,SS,,-0.1731,-0.6375
0.44,5,1.5,SS,,-0.1752,-0.6446
0.445,5,1.5,SS,,-0.1772,-0.6517
0.45,5,1.5,SS,,-0.1793,-0.6587
0.455,5,1.5,SS,,-0.1813,-0.6658
0.46,5,1.5,SS,,-0.1834,-0.6729
0.465,5,1.5,SS,,-0.1855,-0.68
0.47,5,1.5,SS,,-0.1875,-0.687
0.475,5,1.5,SS,,-0.1896,-0.6941
0.48,5,1.5,SS,,-0.1917,-0.7011
0.485,5,1.5,SS,,-0.1938,-0.7081
0.49,5,1.5,SS,,-0.1958,-0.7151
0.495,5,1.5,SS,,-0.1979,-0.7222
0.5,5,1.5,SS,,-0.2,-0.7292
0.505,5,1.5,SS,,-0.2021,-0.7362
0.51,5,1.5,SS,,-0.2042,-0.7431
0.515,5,1.5,SS,,-0.2063,-0.7501
0.52,5,1.5,SS,,-0.2084,-0.7571
0.525,5,1.5,SS,,-0.2104,-0.7641
0.53,5,1.5,SS,,-0.2125,-0.771
0.535,5,1.5,SS,,-0.2146,-0.7779
0.54,5,1.5,SS,,-0.2167,-0.7849
0.545,5,1.5,SS,,-0.2189,-0.7918
0.55,5,1.5,SS,,-0.221,-0.7987
0.555,5,1.5,SS,,-0.2231,-0.8056
0.56,5,1.5,SS,,-0.2252,-0.8125
0.565,5,1.5,SS,,-0.2273,-0.8194
0.57,5,1.5,SS,,-0.2294,-0.8263
0.575,5,1.5,SS,,-0.2315,-0.8331
0.58,5,1.5,SS,,-0.2337,-0.84
0.585,5,1.5,SS,,-0.2358,-0.8468
0.59,5,1.5,SS,,-0.2379,-0.8537
0.595,5,1.5,SS,,-0.2401,-0.8605
0.6,5,1.5,SS,,-0.2422,-0.8673
0.605,5,1.5,SS,,-0.2443,-0.8741
0.61,5,1.5,SS,,-0.2465,-0.8809
0.615,5,1.5,SS,,-0.2486,-0.8877
0.62,5,1.5,SS,,-0.2508,-0.8944
0.625,5,1.5,SS,,-0.2529,-0.9012
0.63,5,1.5,SS,,-0.2551,-0.908
0.635,5,1.5,SS,,-0.2572,-0.9147
0.64,5,1.5,SS,,-0.2594,-0.9214
0.645,5,1.5,SS,,-0.2616,-0.9281
0.65,5,1.5,SS,,-0.2637,-0.9348
0.655,5,1.5,SS,,-0.2659,-0.9415
0.66,5,1.5,SS,,-0.2681,-0.9482
0.665,5,1.5,SS,,-0.2703,-0.9549
0.67,5,1.5,SS,,-0.2724,-0.9615
0.675,5,1.5,SS,,-0.2746,-0.9682
0.68,5,1.5,SS,,-0.2768,-0.9748
0.685,5,1.5,SS,,-0.279,-0.9814
0.69,5,1.5,SS,,-0.2812,-0.988
0.695,5,1.5,SS,,-0.2834,-0.9946
0.7,5,1.5,SS,,-0.2856,-1.0012
0.705,5,1.5,SS,,-0.2878,-1.0078
0.71,5,1.5,SS,,-0.29,-1.0144
0.715,5,1.5,SS,,-0.2922,-1.0209
0.72,5,1.5,SS,,-0.2944,-1.0275
0.725,5,1.5,SS,,-0.2967,-1.034
0.73,5,1.5,SS,,-0.2989,-1.0405
0.735,5,1.5,SS,,-0.3011,-1.047
0.74,5,1.5,SS,,-0.3033,-1.0535
0.745,5,1.5,SS,,-0.3056,-1.0599
0.75,5,1.5,SS,,-0.3078,-1.0664
0.755,5,1.5,SS,,-0.3101,-1.0729
0.76,5,1.5,SS,,-0.3123,-1.0793
0.765,5,1.5,SS,,-0.3145,-1.0857
0.77,5,1.5,SS,,-0.3168,-1.0921
0.775,5,1.5,SS,,-0.3191,-1.0985
0.78,5,1.5,SS,,-0.3213,-1.1049
0.785,5,1.5,SS,,-0.3236,-1.1113
0.79,5,1.5,SS,,-0.3259,-1.1176
0.795,5,1.5,SS,,-0.3281,-1.1239
0.8,5,1.5,SS,,-0.3304,-1.1303
0.805,5,1.5,SS,,-0.3327,-1.1366
0.81,5,1.5,SS,,-0.335,-1.1429
0.815,5,1.5,SS,,-0.3373,-1.1492
0.82,5,1.5,SS,,-0.3395,-1.1554
0.825,5,1.5,SS,,-0.3418,-1.1617
0.83,5,1.5,SS,,-0.3441,-1.1679
0.835,5,1.5,SS,,-0.3464,-1.1741
0.84,5,1.5,SS,,-0.3488,-1.1804
0.845,5,1.5,SS,,-0.3511,-1.1865
0.85,5,1.5,SS,,-0.3534,-1.1927
0.855,5,1.5,SS,,-0.3557,-1.1989
0.86,5,1.5,SS,,-0.358,-1.205
0.865,5,1.5,SS,,-0.3604,-1.2112
0.87,5,1.5,SS,,-0.3627,-1.2173
0.875,5,1.5,SS,,-0.365,-1.2234
0.88,5,1.5,SS,,-0.3674,-1.2295
0.885,5,1.5,SS,,-0.3697,-1.2356
0.89,5,1.5,SS,,-0.3721,-1.2416
0.895,5,1.5,SS,,-0.3744,-1.2477
0.9,5,1.5,SS,,-0.3768,-1.2537
0.905,5,1.5,SS,,-0.3792,-1.2597
0.91,5,1.5,SS,,-0.3815,-1.2657
0.915,5,1.5,SS,,-0.3839,-1.2717
0.92,5,1.5,SS,,-0.3863,-1.2777
0.925,5,1.5,SS,,-0.3887,-1.2836
0.93,5,1.5,SS,,-0.3911,-1.2895
0.935,5,1.5,SS,,-0.3935,-1.2954
0.94,5,1.5,SS,,-0.3959,-1.3013
0.945,5,1.5,SS,,-0.3983,-1.3072
0.95,5,1.5,SS,,-0.4007,-1.3131
0.955,5,1.5,SS,,-0.4031,-1.3189
0.96,5,1.5,SS,,-0.4055,-1.3248
0.965,5,1.5,SS,,-0.4079,-1.3306
0.97,5,1.5,SS,,-0.4103,-1.3364
0.975,5,1.5,SS,,-0.4128,-1.3422
0.98,5,1.5,SS,,-0.4152,-1.3479
0.985,5,1.5,SS,,-0.4176,-1.3537
0.99,5,1.5,SS,,-0.4201,-1.3594
0.995,5,1.5,SS,,-0.4225,-1.3651
1,5,1.5,SS,,-0.425,-1.3708
1.005,5,1.5,SS,,-0.4275,-1.3765
1.01,5,1.5,SS,,-0.4299,-1.3822
1.015,5,1.5,SS,,-0.4324,-1.3878
1.02,5,1.5,SS,,-0.4349,-1.3934
1.025,5,1.5,SS,,-0.4374,-1.3991
1.03,5,1.5,SS,,-0.4398,-1.4046
1.035,5,1.5,SS,,-0.4423,-1.4102
1.04,5,1.5,SS,,-0.4448,-1.4158
1.045,5,1.5,SS,,-0.4473,-1.4213
1.05,5,1.5,SS,,-0.4498,-1.4268
1.055,5,1.5,SS,,-0.4523,-1.4323
1.06,5,1.5,SS,,-0.4549,-1.4378
1.065,5,1.5,SS,,-0.4574,-1.4433
1.07,5,1.5,SS,,-0.4599,-1.4487
1.075,5,1.5,SS,,-0.4625,-1.4541
1.08,5,1.5,SS,,-0.465,-1.4595
1.085,5,1.5,SS,,-0.4675,-1.4649
1.09,5,1.5,SS,,-0.4701,-1.4703
1.095,5,1.5,SS,,-0.4726,-1.4756
1.1,5,1.5,SS,,-0.4752,-1.481
1.105,5,1.5,SS,,-0.4778,-1.4863
1.11,5,1.5,SS,,-0.4803,-1.4916
1.115,5,1.5,SS,,-0.4829,-1.4968
1.12,5,1.5,SS,,-0.4855,-1.5021
1.125,5,1.5,SS,,-0.4881,-1.5073
1.13,5,1.5,SS,,-0.4907,-1.5125
1.135,5,1.5,SS,,-0.4933,-1.5177
1.14,5,1.5,SS,,-0.4959,-1.5229
1.145,5,1.5,SS,,-0.4985,-1.5281
1.15,5,1.5,SS,,-0.5011,-1.5332
1.155,5,1.5,SS,,-0.5037,-1.5383
1.16,5,1.5,SS,,-0.5064,-1.5434
1.165,5,1.5,SS,,-0.509,-1.5485
1.17,5,1.5,SS,,-0.5116,-1.5535
1.175,5,1.5,SS,,-0.5143,-1.5586
1.18,5,1.5,SS,,-0.5169,-1.5636
1.185,5,1.5,SS,,-0.5196,-1.5686
1.19,5,1.5,SS,,-0.5223,-1.5735
1.195,5,1.5,SS,,-0.5249,-1.5785
1.2,5,1.5,SS,,-0.5276,-1.5834
1.205,5,1.5,SS,,-0.5303,-1.5883
1.21,5,1.5,SS,,-0.533,-1.5932
1.215,5,1.5,SS,,-0.5357,-1.5981
1.22,5,1.5,SS,,-0.5384,-1.6029
1.225,5,1.5,SS,,-0.5411,-1.6077
1.23,5,1.5,SS,,-0.5438,-1.6125
1.235,5,1.5,SS,,-0.5465,-1.6173
1.24,5,1.5,SS,,-0.5492,-1.6221
1.245,5,1.5,SS,,-0.552,-1.6268
1.25,5,1.5,SS,,-0.5547,-1.6315
1.255,5,1.5,SS,,-0.5574,-1.6362
1.26,5,1.5,SS,,-0.5602,-1.6409
1.265,5,1.5,SS,,-0.5629,-1.6455
1.27,5,1.5,SS,,-0.5657,-1.6501
1.275,5,1.5,SS,,-0.5685,-1.6548
1.28,5,1.5,SS,,-0.5712,-1.6593
1.285,5,1.5,SS,,-0.574,-1.6639
1.29,5,1.5,SS,,-0.5768,-1.6684
1.295,5,1.5,SS,,-0.5796,-1.6729
1.3,5,1.5,SS,,-0.5824,-1.6774
1.305,5,1.5,SS,,-0.5852,-1.6819
1.31,5,1.5,SS,,-0.588,-1.6863
1.315,5,1.5,SS,,-0.5908,-1.6908
1.32,5,1.5,SS,,-0.5937,-1.6952
1.325,5,1.5,SS,,-0.5965,-1.6995
1.33,5,1.5,SS,,-0.5993,-1.7039
1.335,5,1.5,SS,,-0.6022,-1.7082
1.34,5,1.5,SS,,-0.605,-1.7125
1.345,5,1.5,SS,,-0.6079,-1.7168
1.35,5,1.5,SS,,-0.6108,-1.7211
1.355,5,1.5,SS,,-0.6136,-1.7253
1.36,5,1.5,SS,,-0.6165,-1.7295
1.365,5,1.5,SS,,-0.6194,-1.7337
1.37,5,1.5,SS,,-0.6223,-1.7379
1.375,5,1.5,SS,,-0.6252,-1.742
1.38,5,1.5,SS,,-0.6281,-1.7461
1.385,5,1.5,SS,,-0.631,-1.7502
1.39,5,1.5,SS,,-0.6339,-1.7543
1.395,5,1.5,SS,,-0.6369,-1.7583
1.4,5,1.5,SS,,-0.6398,-1.7624
1.405,5,1.5,SS,,-0.6427,-1.7664
1.41,5,1.5,SS,,-0.6457,-1.7703
1.415,5,1.5,SS,,-0.6486,-1.7743
1.42,5,1.5,SS,,-0.6516,-1.7782
1.425,5,1.5,SS,,-0.6546,-1.7821
1.43,5,1.5,SS,,-0.6576,-1.786
1.435,5,1.5,SS,,-0.6605,-1.7898
1.44,5,1.5,SS,,-0.6635,-1.7936
1.445,5,1.5,SS,,-0.6665,-1.7974
1.45,5,1.5,SS,,-0.6695,-1.8012
1.455,5,1.5,SS,,-0.6726,-1.8049
1.46,5,1.5,SS,,-0.6756,-1.8087
1.465,5,1.5,SS,,-0.6786,-1.8124
1.47,5,1.5,SS,,-0.6816,-1.816
1.475,5,1.5,SS,,-0.6847,-1.8197
1.48,5,1.5,SS,,-0.6877,-1.8233
1.485,5,1.5,SS,,-0.6908,-1.8269
1.49,5,1.5,SS,,-0.6938,-1.8304
1.495,5,1.5,SS,,-0.6969,-1.834
1.5,5,1.5,SS,,-0.7,-1.8375
1.505,5,1.5,SS,,-0.7031,-1.841
1.51,5,1.5,SS,,-0.7061,-1.8444
1.515,5,1.5,SS,,-0.7092,-1.8479
1.52,5,1.5,SS,,-0.7122,-1.8513
1.525,5,1.5,SS,,-0.7152,-1.8547
1.53,5,1.5,SS,,-0.7182,-1.858
1.535,5,1.5,SS,,-0.7212,-1.8614
1.54,5,1.5,SS,,-0.7241,-1.8647
1.545,5,1.5,SS,,-0.727,-1.8679
1.55,5,1.5,SS,,-0.73,-1.8712
1.555,5,1.5,SS,,-0.7329,-1.8744
1.56,5,1.5,SS,,-0.7357,-1.8776
1.565,5,1.5,SS,,-0.7386,-1.8808
1.57,5,1.5,SS,,-0.7415,-1.8839
1.575,5,1.5,SS,,-0.7443,-1.8871
1.58,5,1.5,SS,,-0.7471,-1.8902
1.585,5,1.5,SS,,-0.7499,-1.8932
1.59,5,1.5,SS,,-0.7527,-1.8963
1.595,5,1.5,SS,,-0.7555,-1.8993
1.6,5,1.5,SS,,-0.7582,-1.9023
1.605,5,1.5,SS,,-0.7609,-1.9053
1.61,5,1.5,SS,,-0.7636,-1.9082
1.615,5,1.5,SS,,-0.7663,-1.9111
1.62,5,1.5,SS,,-0.769,-1.914
1.625,5,1.5,SS,,-0.7717,-1.9169
1.63,5,1.5,SS,,-0.7743,-1.9197
1.635,5,1.5,SS,,-0.777,-1.9226
1.64,5,1.5,SS,,-0.7796,-1.9253
1.645,5,1.5,SS,,-0.7822,-1.9281
1.65,5,1.5,SS,,-0.7847,-1.9309
1.655,5,1.5,SS,,-0.7873,-1.9336
1.66,5,1.5,SS,,-0.7898,-1.9363
1.665,5,1.5,SS,,-0.7924,-1.9389
1.67,5,1.5,SS,,-0.7949,-1.9416
1.675,5,1.5,SS,,-0.7974,-1.9442
1.68,5,1.5,SS,,-0.7999,-1.9468
1.685,5,1.5,SS,,-0.8023,-1.9493
1.69,5,1.5,SS,,-0.8048,-1.9519
1.695,5,1.5,SS,,-0.8072,-1.9544
1.7,5,1.5,SS,,-0.8096,-1.9569
1.705,5,1.5,SS,,-0.812,-1.9594
1.71,5,1.5,SS,,-0.8144,-1.9618
1.715,5,1.5,SS,,-0.8167,-1.9642
1.72,5,1.5,SS,,-0.8191,-1.9666
1.725,5,1.5,SS,,-0.8214,-1.969
1.73,5,1.5,SS,,-0.8237,-1.9713
1.735,5,1.5,SS,,-0.826,-1.9737
1.74,5,1.5,SS,,-0.8283,-1.976
1.745,5,1.5,SS,,-0.8306,-1.9782
1.75,5,1.5,SS,,-0.8328,-1.9805
1.755,5,1.5,SS,,-0.835,-1.9827
1.76,5,1.5,SS,,-0.8373,-1.9849
1.765,5,1.5,SS,,-0.8395,-1.9871
1.77,5,1.5,SS,,-0.8416,-1.9892
1.775,5,1.5,SS,,-0.8438,-1.9913
1.78,5,1.5,SS,,-0.846,-1.9934
1.785,5,1.5,SS,,-0.8481,-1.9955
1.79,5,1.5,SS,,-0.8502,-1.9976
1.795,5,1.5,SS,,-0.8523,-1.9996
1.8,5,1.5,SS,,-0.8544,-2.0016
1.805,5,1.5,SS,,-0.8565,-2.0036
1.81,5,1.5,SS,,-0.8585,-2.0055
1.815,5,1.5,SS,,-0.8606,-2.0075
1.82,5,1.5,SS,,-0.8626,-2.0094
1.825,5,1.5,SS,,-0.8646,-2.0113
1.83,5,1.5,SS,,-0.8666,-2.0131
1.835,5,1.5,SS,,-0.8686,-2.015
1.84,5,1.5,SS,,-0.8705,-2.0168
1.845,5,1.5,SS,,-0.8725,-2.0186
1.85,5,1.5,SS,,-0.8744,-2.0203
1.855,5,1.5,SS,,-0.8763,-2.0221
1.86,5,1.5,SS,,-0.8782,-2.0238
1.865,5,1.5,SS,,-0.8801,-2.0255
1.87,5,1.5,SS,,-0.8819,-2.0272
1.875,5,1.5,SS,,-0.8838,-2.0288
1.88,5,1.5,SS,,-0.8856,-2.0304
1.885,5,1.5,SS,,-0.8874,-2.032
1.89,5,1.5,SS,,-0.8892,-2.0336
1.895,5,1.5,SS,,-0.891,-2.0352
1.9,5,1.5,SS,,-0.8928,-2.0367
1.905,5,1.5,SS,,-0.8946,-2.0382
1.91,5,1.5,SS,,-0.8963,-2.0397
1.915,5,1.5,SS,,-0.898,-2.0412
1.92,5,1.5,SS,,-0.8997,-2.0426
1.925,5,1.5,SS,,-0.9014,-2.044
1.93,5,1.5,SS,,-0.9031,-2.0454
1.935,5,1.5,SS,,-0.9048,-2.0468
1.94,5,1.5,SS,,-0.9064,-2.0481
1.945,5,1.5,SS,,-0.908,-2.0494
1.95,5,1.5,SS,,-0.9097,-2.0507
1.955,5,1.5,SS,,-0.9113,-2.052
1.96,5,1.5,SS,,-0.9129,-2.0533
1.965,5,1.5,SS,,-0.9144,-2.0545
1.97,5,1.5,SS,,-0.916,-2.0557
1.975,5,1.5,SS,,-0.9175,-2.0569
1.98,5,1.5,SS,,-0.919,-2.0581
1.985,5,1.5,SS,,-0.9206,-2.0592
1.99,5,1.5,SS,,-0.9221,-2.0603
1.995,5,1.5,SS,,-0.9235,-2.0614
2,5,1.5,SS,,-0.925,-2.0625
2.005,5,1.5,SS,,-0.9265,-2.0636
2.01,5,1.5,SS,,-0.9279,-2.0646
2.015,5,1.5,SS,,-0.9293,-2.0656
2.02,5,1.5,SS,,-0.9307,-2.0666
2.025,5,1.5,SS,,-0.9321,-2.0675
2.03,5,1.5,SS,,-0.9335,-2.0685
2.035,5,1.5,SS,,-0.9348,-2.0694
2.04,5,1.5,SS,,-0.9362,-2.0703
2.045,5,1.5,SS,,-0.9375,-2.0712
2.05,5,1.5,SS,,-0.9388,-2.072
2.055,5,1.5,SS,,-0.9401,-2.0728
2.06,5,1.5,SS,,-0.9414,-2.0736
2.065,5,1.5,SS,,-0.9427,-2.0744
2.07,5,1.5,SS,,-0.944,-2.0752
2.075,5,1.5,SS,,-0.9452,-2.0759
2.08,5,1.5,SS,,-0.9464,-2.0766
2.085,5,1.5,SS,,-0.9476,-2.0773
2.09,5,1.5,SS,,-0.9488,-2.078
2.095,5,1.5,SS,,-0.95,-2.0787
2.1,5,1.5,SS,,-0.9512,-2.0793
2.105,5,1.5,SS,,-0.9524,-2.0799
2.11,5,1.5,SS,,-0.9535,-2.0805
2.115,5,1.5,SS,,-0.9546,-2.0811
2.12,5,1.5,SS,,-0.9557,-2.0816
2.125,5,1.5,SS,,-0.9568,-2.0821
2.13,5,1.5,SS,,-0.9579,-2.0826
2.135,5,1.5,SS,,-0.959,-2.0831
2.14,5,1.5,SS,,-0.96,-2.0836
2.145,5,1.5,SS,,-0.9611,-2.084
2.15,5,1.5,SS,,-0.9621,-2.0844
2.155,5,1.5,SS,,-0.9631,-2.0848
2.16,5,1.5,SS,,-0.9641,-2.0852
2.165,5,1.5,SS,,-0.9651,-2.0855
2.17,5,1.5,SS,,-0.9661,-2.0859
2.175,5,1.5,SS,,-0.967,-2.0862
2.18,5,1.5,SS,,-0.968,-2.0865
2.185,5,1.5,SS,,-0.9689,-2.0867
2.19,5,1.5,SS,,-0.9698,-2.087
2.195,5,1.5,SS,,-0.9707,-2.0872
2.2,5,1.5,SS,,-0.9716,-2.0874
2.205,5,1.5,SS,,-0.9725,-2.0876
2.21,5,1.5,SS,,-0.9733,-2.0877
2.215,5,1.5,SS,,-0.9742,-2.0879
2.22,5,1.5,SS,,-0.975,-2.088
2.225,5,1.5,SS,,-0.9758,-2.0881
2.23,5,1.5,SS,,-0.9766,-2.0882
2.235,5,1.5,SS,,-0.9774,-2.0882
2.24,5,1.5,SS,,-0.9782,-2.0883
2.245,5,1.5,SS,,-0.9789,-2.0883
2.25,5,1.5,SS,,-0.9797,-2.0883
2.255,5,1.5,SS,,-0.9804,-2.0883
2.26,5,1.5,SS,,-0.9811,-2.0882
2.265,5,1.5,SS,,-0.9818,-2.0881
2.27,5,1.5,SS,,-0.9825,-2.0881
2.275,5,1.5,SS,,-0.9832,-2.0879
2.28,5,1.5,SS,,-0.9839,-2.0878
2.285,5,1.5,SS,,-0.9845,-2.0877
2.29,5,1.5,SS,,-0.9852,-2.0875
2.295,5,1.5,SS,,-0.9858,-2.0873
2.3,5,1.5,SS,,-0.9864,-2.0871
2.305,5,1.5,SS,,-0.987,-2.0869
2.31,5,1.5,SS,,-0.9876,-2.0866
2.315,5,1.5,SS,,-0.9881,-2.0863
2.32,5,1.5,SS,,-0.9887,-2.0861
2.325,5,1.5,SS,,-0.9892,-2.0857
2.33,5,1.5,SS,,-0.9898,-2.0854
2.335,5,1.5,SS,,-0.9903,-2.0851
2.34,5,1.5,SS,,-0.9908,-2.0847
2.345,5,1.5,SS,,-0.9913,-2.0843
2.35,5,1.5,SS,,-0.9918,-2.0839
2.355,5,1.5,SS,,-0.9922,-2.0835
2.36,5,1.5,SS,,-0.9927,-2.083
2.365,5,1.5,SS,,-0.9931,-2.0825
2.37,5,1.5,SS,,-0.9935,-2.0821
2.375,5,1.5,SS,,-0.9939,-2.0815
2.38,5,1.5,SS,,-0.9943,-2.081
2.385,5,1.5,SS,,-0.9947,-2.0805
2.39,5,1.5,SS,,-0.9951,-2.0799
2.395,5,1.5,SS,,-0.9955,-2.0793
2.4,5,1.5,SS,,-0.9958,-2.0787
2.405,5,1.5,SS,,-0.9961,-2.0781
2.41,5,1.5,SS,,-0.9965,-2.0774
2.415,5,1.5,SS,,-0.9968,-2.0768
2.42,5,1.5,SS,,-0.997,-2.0761
2.425,5,1.5,SS,,-0.9973,-2.0754
2.43,5,1.5,SS,,-0.9976,-2.0746
2.435,5,1.5,SS,,-0.9979,-2.0739
2.44,5,1.5,SS,,-0.9981,-2.0731
2.445,5,1.5,SS,,-0.9983,-2.0724
2.45,5,1.5,SS,,-0.9985,-2.0716
2.455,5,1.5,SS,,-0.9987,-2.0707
2.46,5,1.5,SS,,-0.9989,-2.0699
2.465,5,1.5,SS,,-0.9991,-2.069
2.47,5,1.5,SS,,-0.9993,-2.0682
2.475,5,1.5,SS,,-0.9994,-2.0673
2.48,5,1.5,SS,,-0.9996,-2.0663
2.485,5,1.5,SS,,-0.9997,-2.0654
2.49,5,1.5,SS,,-0.9998,-2.0645
2.495,5,1.5,SS,,-0.9999,-2.0635
2.5,5,1.5,SS,,-1,-2.0625
2.505,5,1.5,SS,,-1.0001,-2.0615
2.51,5,1.5,SS,,-1.0001,-2.0605
2.515,5,1.5,SS,,-1.0002,-2.0594
2.52,5,1.5,SS,,-1.0002,-2.0584
2.525,5,1.5,SS,,-1.0003,-2.0573
2.53,5,1.5,SS,,-1.0003,-2.0562
2.535,5,1.5,SS,,-1.0003,-2.055
2.54,5,1.5,SS,,-1.0003,-2.0539
2.545,5,1.5,SS,,-1.0002,-2.0527
2.55,5,1.5,SS,,-1.0002,-2.0516
2.555,5,1.5,SS,,-1.0002,-2.0504
2.56,5,1.5,SS,,-1.0001,-2.0492
2.565,5,1.5,SS,,-1,-2.0479
2.57,5,1.5,SS,,-1,-2.0467
2.575,5,1.5,SS,,-0.9999,-2.0454
2.58,5,1.5,SS,,-0.9998,-2.0441
2.585,5,1.5,SS,,-0.9996,-2.0428
2.59,5,1.5,SS,,-0.9995,-2.0415
2.595,5,1.5,SS,,-0.9994,-2.0402
2.6,5,1.5,SS,,-0.9992,-2.0388
2.605,5,1.5,SS,,-0.999,-2.0374
2.61,5,1.5,SS,,-0.9989,-2.036
2.615,5,1.5,SS,,-0.9987,-2.0346
2.62,5,1.5,SS,,-0.9985,-2.0332
2.625,5,1.5,SS,,-0.9982,-2.0317
2.63,5,1.5,SS,,-0.998,-2.0303
2.635,5,1.5,SS,,-0.9978,-2.0288
2.64,5,1.5,SS,,-0.9975,-2.0273
2.645,5,1.5,SS,,-0.9973,-2.0258
2.65,5,1.5,SS,,-0.997,-2.0242
2.655,5,1.5,SS,,-0.9967,-2.0227
2.66,5,1.5,SS,,-0.9964,-2.0211
2.665,5,1.5,SS,,-0.9961,-2.0195
2.67,5,1.5,SS,,-0.9958,-2.0179
2.675,5,1.5,SS,,-0.9954,-2.0163
2.68,5,1.5,SS,,-0.9951,-2.0146
2.685,5,1.5,SS,,-0.9947,-2.013
2.69,5,1.5,SS,,-0.9944,-2.0113
2.695,5,1.5,SS,,-0.994,-2.0096
2.7,5,1.5,SS,,-0.9936,-2.0079
2.705,5,1.5,SS,,-0.9932,-2.0062
2.71,5,1.5,SS,,-0.9928,-2.0044
2.715,5,1.5,SS,,-0.9924,-2.0027
2.72,5,1.5,SS,,-0.9919,-2.0009
2.725,5,1.5,SS,,-0.9915,-1.9991
2.73,5,1.5,SS,,-0.991,-1.9973
2.735,5,1.5,SS,,-0.9905,-1.9954
2.74,5,1.5,SS,,-0.9901,-1.9936
2.745,5,1.5,SS,,-0.9896,-1.9917
2.75,5,1.5,SS,,-0.9891,-1.9898
2.755,5,1.5,SS,,-0.9885,-1.9879
2.76,5,1.5,SS,,-0.988,-1.986
2.765,5,1.5,SS,,-0.9875,-1.9841
2.77,5,1.5,SS,,-0.9869,-1.9821
2.775,5,1.5,SS,,-0.9864,-1.9802
2.78,5,1.5,SS,,-0.9858,-1.9782
2.785,5,1.5,SS,,-0.9852,-1.9762
2.79,5,1.5,SS,,-0.9846,-1.9742
2.795,5,1.5,SS,,-0.984,-1.9721
2.8,5,1.5,SS,,-0.9834,-1.9701
2.805,5,1.5,SS,,-0.9828,-1.968
2.81,5,1.5,SS,,-0.9821,-1.966
2.815,5,1.5,SS,,-0.9815,-1.9639
2.82,5,1.5,SS,,-0.9808,-1.9617
2.825,5,1.5,SS,,-0.9802,-1.9596
2.83,5,1.5,SS,,-0.9795,-1.9575
2.835,5,1.5,SS,,-0.9788,-1.9553
2.84,5,1.5,SS,,-0.9781,-1.9531
2.845,5,1.5,SS,,-0.9774,-1.9509
2.85,5,1.5,SS,,-0.9766,-1.9487
2.855,5,1.5,SS,,-0.9759,-1.9465
2.86,5,1.5,SS,,-0.9752,-1.9442
2.865,5,1.5,SS,,-0.9744,-1.942
2.87,5,1.5,SS,,-0.9736,-1.9397
2.875,5,1.5,SS,,-0.9729,-1.9374
2.88,5,1.5,SS,,-0.9721,-1.9351
2.885,5,1.5,SS,,-0.9713,-1.9328
2.89,5,1.5,SS,,-0.9705,-1.9304
2.895,5,1.5,SS,,-0.9696,-1.9281
2.9,5,1.5,SS,,-0.9688,-1.9257
2.905,5,1.5,SS,,-0.968,-1.9233
2.91,5,1.5,SS,,-0.9671,-1.9209
2.915,5,1.5,SS,,-0.9662,-1.9185
2.92,5,1.5,SS,,-0.9654,-1.9161
2.925,5,1.5,SS,,-0.9645,-1.9136
2.93,5,1.5,SS,,-0.9636,-1.9111
2.935,5,1.5,SS,,-0.9627,-1.9087
2.94,5,1.5,SS,,-0.9618,-1.9062
2.945,5,1.5,SS,,-0.9608,-1.9036
2.95,5,1.5,SS,,-0.9599,-1.9011
2.955,5,1.5,SS,,-0.959,-1.8986
2.96,5,1.5,SS,,-0.958,-1.896
2.965,5,1.5,SS,,-0.957,-1.8934
2.97,5,1.5,SS,,-0.9561,-1.8909
2.975,5,1.5,SS,,-0.9551,-1.8882
2.98,5,1.5,SS,,-0.9541,-1.8856
2.985,5,1.5,SS,,-0.9531,-1.883
2.99,5,1.5,SS,,-0.9521,-1.8803
2.995,5,1.5,SS,,-0.951,-1.8777
3,5,1.5,SS,,-0.95,-1.875
3.005,5,1.5,SS,,-0.949,-1.8723
3.01,5,1.5,SS,,-0.9479,-1.8696
3.015,5,1.5,SS,,-0.9468,-1.8669
3.02,5,1.5,SS,,-0.9458,-1.8641
3.025,5,1.5,SS,,-0.9447,-1.8614
3.03,5,1.5,SS,,-0.9436,-1.8586
3.035,5,1.5,SS,,-0.9425,-1.8558
3.04,5,1.5,SS,,-0.9413,-1.853
3.045,5,1.5,SS,,-0.9402,-1.8502
3.05,5,1.5,SS,,-0.9391,-1.8474
3.055,5,1.5,SS,,-0.9379,-1.8445
3.06,5,1.5,SS,,-0.9368,-1.8417
3.065,5,1.5,SS,,-0.9356,-1.8388
3.07,5,1.5,SS,,-0.9344,-1.8359
3.075,5,1.5,SS,,-0.9333,-1.833
3.08,5,1.5,SS,,-0.9321,-1.8301
3.085,5,1.5,SS,,-0.9309,-1.8272
3.09,5,1.5,SS,,-0.9297,-1.8242
3.095,5,1.5,SS,,-0.9284,-1.8213
3.1,5,1.5,SS,,-0.9272,-1.8183
3.105,5,1.5,SS,,-0.926,-1.8153
3.11,5,1.5,SS,,-0.9247,-1.8123
3.115,5,1.5,SS,,-0.9234,-1.8093
3.12,5,1.5,SS,,-0.9222,-1.8063
3.125,5,1.5,SS,,-0.9209,-1.8032
3.13,5,1.5,SS,,-0.9196,-1.8002
3.135,5,1.5,SS,,-0.9183,-1.7971
3.14,5,1.5,SS,,-0.917,-1.794
3.145,5,1.5,SS,,-0.9157,-1.7909
3.15,5,1.5,SS,,-0.9144,-1.7878
3.155,5,1.5,SS,,-0.913,-1.7847
3.16,5,1.5,SS,,-0.9117,-1.7815
3.165,5,1.5,SS,,-0.9103,-1.7784
3.17,5,1.5,SS,,-0.909,-1.7752
3.175,5,1.5,SS,,-0.9076,-1.772
3.18,5,1.5,SS,,-0.9062,-1.7688
3.185,5,1.5,SS,,-0.9048,-1.7656
3.19,5,1.5,SS,,-0.9034,-1.7624
3.195,5,1.5,SS,,-0.902,-1.7592
3.2,5,1.5,SS,,-0.9006,-1.7559
3.205,5,1.5,SS,,-0.8992,-1.7526
3.21,5,1.5,SS,,-0.8977,-1.7494
3.215,5,1.5,SS,,-0.8963,-1.7461
3.22,5,1.5,SS,,-0.8948,-1.7428
3.225,5,1.5,SS,,-0.8934,-1.7394
3.23,5,1.5,SS,,-0.8919,-1.7361
3.235,5,1.5,SS,,-0.8904,-1.7328
3.24,5,1.5,SS,,-0.8889,-1.7294
3.245,5,1.5,SS,,-0.8874,-1.726
3.25,5,1.5,SS,,-0.8859,-1.7227
3.255,5,1.5,SS,,-0.8844,-1.7193
3.26,5,1.5,SS,,-0.8829,-1.7158
3.265,5,1.5,SS,,-0.8814,-1.7124
3.27,5,1.5,SS,,-0.8798,-1.709
3.275,5,1.5,SS,,-0.8783,-1.7055
3.28,5,1.5,SS,,-0.8767,-1.7021
3.285,5,1.5,SS,,-0.8752,-1.6986
3.29,5,1.5,SS,,-0.8736,-1.6951
3.295,5,1.5,SS,,-0.872,-1.6916
3.3,5,1.5,SS,,-0.8704,-1.6881
3.305,5,1.5,SS,,-0.8688,-1.6846
3.31,5,1.5,SS,,-0.8672,-1.681
3.315,5,1.5,SS,,-0.8656,-1.6775
3.32,5,1.5,SS,,-0.8639,-1.6739
3.325,5,1.5,SS,,-0.8623,-1.6703
3.33,5,1.5,SS,,-0.8607,-1.6668
3.335,5,1.5,SS,,-0.859,-1.6631
3.34,5,1.5,SS,,-0.8574,-1.6595
3.345,5,1.5,SS,,-0.8557,-1.6559
3.35,5,1.5,SS,,-0.854,-1.6523
3.355,5,1.5,SS,,-0.8523,-1.6486
3.36,5,1.5,SS,,-0.8506,-1.645
3.365,5,1.5,SS,,-0.8489,-1.6413
3.37,5,1.5,SS,,-0.8472,-1.6376
3.375,5,1.5,SS,,-0.8455,-1.6339
3.38,5,1.5,SS,,-0.8438,-1.6302
3.385,5,1.5,SS,,-0.842,-1.6264
3.39,5,1.5,SS,,-0.8403,-1.6227
3.395,5,1.5,SS,,-0.8386,-1.619
3.4,5,1.5,SS,,-0.8368,-1.6152
3.405,5,1.5,SS,,-0.835,-1.6114
3.41,5,1.5,SS,,-0.8333,-1.6076
3.415,5,1.5,SS,,-0.8315,-1.6038
3.42,5,1.5,SS,,-0.8297,-1.6
3.425,5,1.5,SS,,-0.8279,-1.5962
3.43,5,1.5,SS,,-0.8261,-1.5924
3.435,5,1.5,SS,,-0.8243,-1.5885
3.44,5,1.5,SS,,-0.8225,-1.5847
3.445,5,1.5,SS,,-0.8206,-1.5808
3.45,5,1.5,SS,,-0.8188,-1.5769
3.455,5,1.5,SS,,-0.8169,-1.573
3.46,5,1.5,SS,,-0.8151,-1.5691
3.465,5,1.5,SS,,-0.8132,-1.5652
3.47,5,1.5,SS,,-0.8114,-1.5613
3.475,5,1.5,SS,,-0.8095,-1.5574
3.48,5,1.5,SS,,-0.8076,-1.5534
3.485,5,1.5,SS,,-0.8057,-1.5494
3.49,5,1.5,SS,,-0.8038,-1.5455
3.495,5,1.5,SS,,-0.8019,-1.5415
3.5,5,1.5,SS,,-0.8,-1.5375
3.505,5,1.5,SS,,-0.7981,-1.5335
3.51,5,1.5,SS,,-0.7962,-1.5295
3.515,5,1.5,SS,,-0.7942,-1.5254
3.52,5,1.5,SS,,-0.7923,-1.5214
3.525,5,1.5,SS,,-0.7903,-1.5174
3.53,5,1.5,SS,,-0.7884,-1.5133
3.535,5,1.5,SS,,-0.7864,-1.5092
3.54,5,1.5,SS,,-0.7844,-1.5051
3.545,5,1.5,SS,,-0.7824,-1.501
3.55,5,1.5,SS,,-0.7805,-1.4969
3.555,5,1.5,SS,,-0.7785,-1.4928
3.56,5,1.5,SS,,-0.7765,-1.4887
3.565,5,1.5,SS,,-0.7745,-1.4846
3.57,5,1.5,SS,,-0.7724,-1.4804
3.575,5,1.5,SS,,-0.7704,-1.4763
3.58,5,1.5,SS,,-0.7684,-1.4721
3.585,5,1.5,SS,,-0.7664,-1.4679
3.59,5,1.5,SS,,-0.7643,-1.4637
3.595,5,1.5,SS,,-0.7623,-1.4595
3.6,5,1.5,SS,,-0.7602,-1.4553
3.605,5,1.5,SS,,-0.7581,-1.4511
3.61,5,1.5,SS,,-0.7561,-1.4468
3.615,5,1.5,SS,,-0.754,-1.4426
3.62,5,1.5,SS,,-0.7519,-1.4383
3.625,5,1.5,SS,,-0.7498,-1.4341
3.63,5,1.5,SS,,-0.7477,-1.4298
3.635,5,1.5,SS,,-0.7456,-1.4255
3.64,5,1.5,SS,,-0.7435,-1.4212
3.645,5,1.5,SS,,-0.7414,-1.4169
3.65,5,1.5,SS,,-0.7392,-1.4126
3.655,5,1.5,SS,,-0.7371,-1.4083
3.66,5,1.5,SS,,-0.735,-1.4039
3.665,5,1.5,SS,,-0.7328,-1.3996
3.67,5,1.5,SS,,-0.7307,-1.3952
3.675,5,1.5,SS,,-0.7285,-1.3909
3.68,5,1.5,SS,,-0.7263,-1.3865
3.685,5,1.5,SS,,-0.7242,-1.3821
3.69,5,1.5,SS,,-0.722,-1.3777
3.695,5,1.5,SS,,-0.7198,-1.3733
3.7,5,1.5,SS,,-0.7176,-1.3689
3.705,5,1.5,SS,,-0.7154,-1.3645
3.71,5,1.5,SS,,-0.7132,-1.36
3.715,5,1.5,SS,,-0.711,-1.3556
3.72,5,1.5,SS,,-0.7088,-1.3511
3.725,5,1.5,SS,,-0.7065,-1.3467
3.73,5,1.5,SS,,-0.7043,-1.3422
3.735,5,1.5,SS,,-0.7021,-1.3377
3.74,5,1.5,SS,,-0.6998,-1.3332
3.745,5,1.5,SS,,-0.6976,-1.3287
3.75,5,1.5,SS,,-0.6953,-1.3242
3.755,5,1.5,SS,,-0.693,-1.3197
3.76,5,1.5,SS,,-0.6908,-1.3152
3.765,5,1.5,SS,,-0.6885,-1.3106
3.77,5,1.5,SS,,-0.6862,-1.3061
3.775,5,1.5,SS,,-0.6839,-1.3015
3.78,5,1.5,SS,,-0.6816,-1.297
3.785,5,1.5,SS,,-0.6793,-1.2924
3.79,5,1.5,SS,,-0.677,-1.2878
3.795,5,1.5,SS,,-0.6747,-1.2832
3.8,5,1.5,SS,,-0.6724,-1.2786
3.805,5,1.5,SS,,-0.6701,-1.274
3.81,5,1.5,SS,,-0.6677,-1.2694
3.815,5,1.5,SS,,-0.6654,-1.2647
3.82,5,1.5,SS,,-0.6631,-1.2601
3.825,5,1.5,SS,,-0.6607,-1.2555
3.83,5,1.5,SS,,-0.6584,-1.2508
3.835,5,1.5,SS,,-0.656,-1.2461
3.84,5,1.5,SS,,-0.6536,-1.2415
3.845,5,1.5,SS,,-0.6513,-1.2368
3.85,5,1.5,SS,,-0.6489,-1.2321
3.855,5,1.5,SS,,-0.6465,-1.2274
3.86,5,1.5,SS,,-0.6441,-1.2227
3.865,5,1.5,SS,,-0.6417,-1.218
3.87,5,1.5,SS,,-0.6393,-1.2132
3.875,5,1.5,SS,,-0.6369,-1.2085
3.88,5,1.5,SS,,-0.6345,-1.2038
3.885,5,1.5,SS,,-0.6321,-1.199
3.89,5,1.5,SS,,-0.6297,-1.1942
3.895,5,1.5,SS,,-0.6272,-1.1895
3.9,5,1.5,SS,,-0.6248,-1.1847
3.905,5,1.5,SS,,-0.6224,-1.1799
3.91,5,1.5,SS,,-0.6199,-1.1751
3.915,5,1.5,SS,,-0.6175,-1.1703
3.92,5,1.5,SS,,-0.615,-1.1655
3.925,5,1.5,SS,,-0.6125,-1.1607
3.93,5,1.5,SS,,-0.6101,-1.1559
3.935,5,1.5,SS,,-0.6076,-1.151
3.94,5,1.5,SS,,-0.6051,-1.1462
3.945,5,1.5,SS,,-0.6027,-1.1414
3.95,5,1.5,SS,,-0.6002,-1.1365
3.955,5,1.5,SS,,-0.5977,-1.1316
3.96,5,1.5,SS,,-0.5952,-1.1268
3.965,5,1.5,SS,,-0.5927,-1.1219
3.97,5,1.5,SS,,-0.5902,-1.117
3.975,5,1.5,SS,,-0.5876,-1.1121
3.98,5,1.5,SS,,-0.5851,-1.1072
3.985,5,1.5,SS,,-0.5826,-1.1023
3.99,5,1.5,SS,,-0.5801,-1.0974
3.995,5,1.5,SS,,-0.5775,-1.0924
4,5,1.5,SS,,-0.575,-1.0875
4.005,5,1.5,SS,,-0.5725,-1.0826
4.01,5,1.5,SS,,-0.5699,-1.0776
4.015,5,1.5,SS,,-0.5674,-1.0727
4.02,5,1.5,SS,,-0.5648,-1.0677
4.025,5,1.5,SS,,-0.5622,-1.0627
4.03,5,1.5,SS,,-0.5597,-1.0577
4.035,5,1.5,SS,,-0.5571,-1.0528
4.04,5,1.5,SS,,-0.5545,-1.0478
4.045,5,1.5,SS,,-0.5519,-1.0428
4.05,5,1.5,SS,,-0.5493,-1.0378
4.055,5,1.5,SS,,-0.5467,-1.0327
4.06,5,1.5,SS,,-0.5441,-1.0277
4.065,5,1.5,SS,,-0.5415,-1.0227
4.07,5,1.5,SS,,-0.5389,-1.0177
4.075,5,1.5,SS,,-0.5363,-1.0126
4.08,5,1.5,SS,,-0.5337,-1.0076
4.085,5,1.5,SS,,-0.5311,-1.0025
4.09,5,1.5,SS,,-0.5285,-0.9974
4.095,5,1.5,SS,,-0.5258,-0.9924
4.1,5,1.5,SS,,-0.5232,-0.9873
4.105,5,1.5,SS,,-0.5206,-0.9822
4.11,5,1.5,SS,,-0.5179,-0.9771
4.115,5,1.5,SS,,-0.5153,-0.972
4.12,5,1.5,SS,,-0.5126,-0.9669
4.125,5,1.5,SS,,-0.51,-0.9618
4.13,5,1.5,SS,,-0.5073,-0.9567
4.135,5,1.5,SS,,-0.5046,-0.9516
4.14,5,1.5,SS,,-0.502,-0.9464
4.145,5,1.5,SS,,-0.4993,-0.9413
4.15,5,1.5,SS,,-0.4966,-0.9362
4.155,5,1.5,SS,,-0.4939,-0.931
4.16,5,1.5,SS,,-0.4912,-0.9259
4.165,5,1.5,SS,,-0.4886,-0.9207
4.17,5,1.5,SS,,-0.4859,-0.9155
4.175,5,1.5,SS,,-0.4832,-0.9104
4.18,5,1.5,SS,,-0.4805,-0.9052
4.185,5,1.5,SS,,-0.4777,-0.9
4.19,5,1.5,SS,,-0.475,-0.8948
4.195,5,1.5,SS,,-0.4723,-0.8896
4.2,5,1.5,SS,,-0.4696,-0.8844
4.205,5,1.5,SS,,-0.4669,-0.8792
4.21,5,1.5,SS,,-0.4641,-0.874
4.215,5,1.5,SS,,-0.4614,-0.8688
4.22,5,1.5,SS,,-0.4587,-0.8635
4.225,5,1.5,SS,,-0.4559,-0.8583
4.23,5,1.5,SS,,-0.4532,-0.853
4.235,5,1.5,SS,,-0.4505,-0.8478
4.24,5,1.5,SS,,-0.4477,-0.8426
4.245,5,1.5,SS,,-0.4449,-0.8373
4.25,5,1.5,SS,,-0.4422,-0.832
4.255,5,1.5,SS,,-0.4394,-0.8268
4.26,5,1.5,SS,,-0.4367,-0.8215
4.265,5,1.5,SS,,-0.4339,-0.8162
4.27,5,1.5,SS,,-0.4311,-0.8109
4.275,5,1.5,SS,,-0.4283,-0.8056
4.28,5,1.5,SS,,-0.4256,-0.8003
4.285,5,1.5,SS,,-0.4228,-0.795
4.29,5,1.5,SS,,-0.42,-0.7897
4.295,5,1.5,SS,,-0.4172,-0.7844
4.3,5,1.5,SS,,-0.4144,-0.7791
4.305,5,1.5,SS,,-0.4116,-0.7738
4.31,5,1.5,SS,,-0.4088,-0.7684
4.315,5,1.5,SS,,-0.406,-0.7631
4.32,5,1.5,SS,,-0.4032,-0.7578
4.325,5,1.5,SS,,-0.4004,-0.7524
4.33,5,1.5,SS,,-0.3976,-0.7471
4.335,5,1.5,SS,,-0.3947,-0.7417
4.34,5,1.5,SS,,-0.3919,-0.7364
4.345,5,1.5,SS,,-0.3891,-0.731
4.35,5,1.5,SS,,-0.3863,-0.7256
4.355,5,1.5,SS,,-0.3834,-0.7203
4.36,5,1.5,SS,,-0.3806,-0.7149
4.365,5,1.5,SS,,-0.3778,-0.7095
4.37,5,1.5,SS,,-0.3749,-0.7041
4.375,5,1.5,SS,,-0.3721,-0.6987
4.38,5,1.5,SS,,-0.3692,-0.6933
4.385,5,1.5,SS,,-0.3664,-0.6879
4.39,5,1.5,SS,,-0.3635,-0.6825
4.395,5,1.5,SS,,-0.3607,-0.6771
4.4,5,1.5,SS,,-0.3578,-0.6717
4.405,5,1.5,SS,,-0.3549,-0.6663
4.41,5,1.5,SS,,-0.3521,-0.6609
4.415,5,1.5,SS,,-0.3492,-0.6554
4.42,5,1.5,SS,,-0.3463,-0.65
4.425,5,1.5,SS,,-0.3435,-0.6446
4.43,5,1.5,SS,,-0.3406,-0.6391
4.435,5,1.5,SS,,-0.3377,-0.6337
4.44,5,1.5,SS,,-0.3348,-0.6282
4.445,5,1.5,SS,,-0.3319,-0.6228
4.45,5,1.5,SS,,-0.329,-0.6173
4.455,5,1.5,SS,,-0.3261,-0.6118
4.46,5,1.5,SS,,-0.3233,-0.6064
4.465,5,1.5,SS,,-0.3204,-0.6009
4.47,5,1.5,SS,,-0.3175,-0.5954
4.475,5,1.5,SS,,-0.3146,-0.59
4.48,5,1.5,SS,,-0.3116,-0.5845
4.485,5,1.5,SS,,-0.3087,-0.579
4.49,5,1.5,SS,,-0.3058,-0.5735
4.495,5,1.5,SS,,-0.3029,-0.568
4.5,5,1.5,SS,,-0.3,-0.5625
4.505,5,1.5,SS,,-0.2971,-0.557
4.51,5,1.5,SS,,-0.2942,-0.5515
4.515,5,1.5,SS,,-0.2912,-0.546
4.52,5,1.5,SS,,-0.2883,-0.5405
4.525,5,1.5,SS,,-0.2854,-0.535
4.53,5,1.5,SS,,-0.2825,-0.5294
4.535,5,1.5,SS,,-0.2795,-0.5239
4.54,5,1.5,SS,,-0.2766,-0.5184
4.545,5,1.5,SS,,-0.2737,-0.5129
4.55,5,1.5,SS,,-0.2707,-0.5073
4.555,5,1.5,SS,,-0.2678,-0.5018
4.56,5,1.5,SS,,-0.2648,-0.4962
4.565,5,1.5,SS,,-0.2619,-0.4907
4.57,5,1.5,SS,,-0.2589,-0.4851
4.575,5,1.5,SS,,-0.256,-0.4796
4.58,5,1.5,SS,,-0.253,-0.474
4.585,5,1.5,SS,,-0.2501,-0.4685
4.59,5,1.5,SS,,-0.2471,-0.4629
4.595,5,1.5,SS,,-0.2442,-0.4574
4.6,5,1.5,SS,,-0.2412,-0.4518
4.605,5,1.5,SS,,-0.2382,-0.4462
4.61,5,1.5,SS,,-0.2353,-0.4407
4.615,5,1.5,SS,,-0.2323,-0.4351
4.62,5,1.5,SS,,-0.2293,-0.4295
4.625,5,1.5,SS,,-0.2264,-0.4239
4.63,5,1.5,SS,,-0.2234,-0.4183
4.635,5,1.5,SS,,-0.2204,-0.4128
4.64,5,1.5,SS,,-0.2174,-0.4072
4.645,5,1.5,SS,,-0.2145,-0.4016
4.65,5,1.5,SS,,-0.2115,-0.396
4.655,5,1.5,SS,,-0.2085,-0.3904
4.66,5,1.5,SS,,-0.2055,-0.3848
4.665,5,1.5,SS,,-0.2025,-0.3792
4.67,5,1.5,SS,,-0.1996,-0.3736
4.675,5,1.5,SS,,-0.1966,-0.368
4.68,5,1.5,SS,,-0.1936,-0.3624
4.685,5,1.5,SS,,-0.1906,-0.3567
4.69,5,1.5,SS,,-0.1876,-0.3511
4.695,5,1.5,SS,,-0.1846,-0.3455
4.7,5,1.5,SS,,-0.1816,-0.3399
4.705,5,1.5,SS,,-0.1786,-0.3343
4.71,5,1.5,SS,,-0.1756,-0.3287
4.715,5,1.5,SS,,-0.1726,-0.323
4.72,5,1.5,SS,,-0.1696,-0.3174
4.725,5,1.5,SS,,-0.1666,-0.3118
4.73,5,1.5,SS,,-0.1636,-0.3061
4.735,5,1.5,SS,,-0.1606,-0.3005
4.74,5,1.5,SS,,-0.1576,-0.2949
4.745,5,1.5,SS,,-0.1546,-0.2892
4.75,5,1.5,SS,,-0.1516,-0.2836
4.755,5,1.5,SS,,-0.1486,-0.278
4.76,5,1.5,SS,,-0.1455,-0.2723
4.765,5,1.5,SS,,-0.1425,-0.2667
4.77,5,1.5,SS,,-0.1395,-0.261
4.775,5,1.5,SS,,-0.1365,-0.2554
4.78,5,1.5,SS,,-0.1335,-0.2497
4.785,5,1.5,SS,,-0.1305,-0.2441
4.79,5,1.5,SS,,-0.1274,-0.2384
4.795,5,1.5,SS,,-0.1244,-0.2328
4.8,5,1.5,SS,,-0.1214,-0.2271
4.805,5,1.5,SS,,-0.1184,-0.2214
4.81,5,1.5,SS,,-0.1154,-0.2158
4.815,5,1.5,SS,,-0.1123,-0.2101
4.82,5,1.5,SS,,-0.1093,-0.2045
4.825,5,1.5,SS,,-0.1063,-0.1988
4.83,5,1.5,SS,,-0.1033,-0.1931
4.835,5,1.5,SS,,-0.1002,-0.1875
4.84,5,1.5,SS,,-0.0972,-0.1818
4.845,5,1.5,SS,,-0.0942,-0.1761
4.85,5,1.5,SS,,-0.0911,-0.1705
4.855,5,1.5,SS,,-0.0881,-0.1648
4.86,5,1.5,SS,,-0.0851,-0.1591
4.865,5,1.5,SS,,-0.082,-0.1534
4.87,5,1.5,SS,,-0.079,-0.1478
4.875,5,1.5,SS,,-0.076,-0.1421
4.88,5,1.5,SS,,-0.0729,-0.1364
4.885,5,1.5,SS,,-0.0699,-0.1307
4.89,5,1.5,SS,,-0.0669,-0.1251
4.895,5,1.5,SS,,-0.0638,-0.1194
4.9,5,1.5,SS,,-0.0608,-0.1137
4.905,5,1.5,SS,,-0.0578,-0.108
4.91,5,1.5,SS,,-0.0547,-0.1023
4.915,5,1.5,SS,,-0.0517,-0.0967
4.92,5,1.5,SS,,-0.0486,-0.091
4.925,5,1.5,SS,,-0.0456,-0.0853
4.93,5,1.5,SS,,-0.0426,-0.0796
4.935,5,1.5,SS,,-0.0395,-0.0739
4.94,5,1.5,SS,,-0.0365,-0.0682
4.945,5,1.5,SS,,-0.0335,-0.0626
4.95,5,1.5,SS,,-0.0304,-0.0569
4.955,5,1.5,SS,,-0.0274,-0.0512
4.96,5,1.5,SS,,-0.0243,-0.0455
4.965,5,1.5,SS,,-0.0213,-0.0398
4.97,5,1.5,SS,,-0.0182,-0.0341
4.975,5,1.5,SS,,-0.0152,-0.0284
4.98,5,1.5,SS,,-0.0122,-0.0227
4.985,5,1.5,SS,,-0.0091,-0.0171
4.99,5,1.5,SS,,-0.0061,-0.0114
4.995,5,1.5,SS,,-0.003,-0.0057
5,5,1.5,SS,,0,0
0,5,2,SS,,0,0
0.005,5,2,SS,,-0.0003,-0.008
0.01,5,2,SS,,-0.0007,-0.016
0.015,5,2,SS,,-0.001,-0.024
0.02,5,2,SS,,-0.0013,-0.032
0.025,5,2,SS,,-0.0017,-0.04
0.03,5,2,SS,,-0.002,-0.048
0.035,5,2,SS,,-0.0023,-0.056
0.04,5,2,SS,,-0.0027,-0.064
0.045,5,2,SS,,-0.003,-0.072
0.05,5,2,SS,,-0.0033,-0.08
0.055,5,2,SS,,-0.0037,-0.088
0.06,5,2,SS,,-0.004,-0.096
0.065,5,2,SS,,-0.0043,-0.104
0.07,5,2,SS,,-0.0047,-0.112
0.075,5,2,SS,,-0.005,-0.12
0.08,5,2,SS,,-0.0054,-0.1279
0.085,5,2,SS,,-0.0057,-0.1359
0.09,5,2,SS,,-0.006,-0.1439
0.095,5,2,SS,,-0.0064,-0.1519
0.1,5,2,SS,,-0.0067,-0.1599
0.105,5,2,SS,,-0.007,-0.1679
0.11,5,2,SS,,-0.0074,-0.1759
0.115,5,2,SS,,-0.0077,-0.1838
0.12,5,2,SS,,-0.0081,-0.1918
0.125,5,2,SS,,-0.0084,-0.1998
0.13,5,2,SS,,-0.0087,-0.2078
0.135,5,2,SS,,-0.0091,-0.2158
0.14,5,2,SS,,-0.0094,-0.2237
0.145,5,2,SS,,-0.0098,-0.2317
0.15,5,2,SS,,-0.0101,-0.2397
0.155,5,2,SS,,-0.0105,-0.2476
0.16,5,2,SS,,-0.0108,-0.2556
0.165,5,2,SS,,-0.0111,-0.2636
0.17,5,2,SS,,-0.0115,-0.2715
0.175,5,2,SS,,-0.0118,-0.2795
0.18,5,2,SS,,-0.0122,-0.2874
0.185,5,2,SS,,-0.0125,-0.2954
0.19,5,2,SS,,-0.0129,-0.3033
0.195,5,2,SS,,-0.0132,-0.3113
0.2,5,2,SS,,-0.0136,-0.3192
0.205,5,2,SS,,-0.014,-0.3271
0.21,5,2,SS,,-0.0143,-0.3351
0.215,5,2,SS,,-0.0147,-0.343
0.22,5,2,SS,,-0.015,-0.3509
0.225,5,2,SS,,-0.0154,-0.3589
0.23,5,2,SS,,-0.0157,-0.3668
0.235,5,2,SS,,-0.0161,-0.3747
0.24,5,2,SS,,-0.0165,-0.3826
0.245,5,2,SS,,-0.0168,-0.3905
0.25,5,2,SS,,-0.0172,-0.3984
0.255,5,2,SS,,-0.0176,-0.4063
0.26,5,2,SS,,-0.0179,-0.4142
0.265,5,2,SS,,-0.0183,-0.4221
0.27,5,2,SS,,-0.0187,-0.43
0.275,5,2,SS,,-0.019,-0.4379
0.28,5,2,SS,,-0.0194,-0.4458
0.285,5,2,SS,,-0.0198,-0.4537
0.29,5,2,SS,,-0.0201,-0.4616
0.295,5,2,SS,,-0.0205,-0.4694
0.3,5,2,SS,,-0.0209,-0.4773
0.305,5,2,SS,,-0.0213,-0.4852
0.31,5,2,SS,,-0.0217,-0.493
0.315,5,2,SS,,-0.022,-0.5009
0.32,5,2,SS,,-0.0224,-0.5087
0.325,5,2,SS,,-0.0228,-0.5166
0.33,5,2,SS,,-0.0232,-0.5244
0.335,5,2,SS,,-0.0236,-0.5322
0.34,5,2,SS,,-0.024,-0.5401
0.345,5,2,SS,,-0.0244,-0.5479
0.35,5,2,SS,,-0.0248,-0.5557
0.355,5,2,SS,,-0.0252,-0.5635
0.36,5,2,SS,,-0.0256,-0.5713
0.365,5,2,SS,,-0.026,-0.5791
0.37,5,2,SS,,-0.0264,-0.5869
0.375,5,2,SS,,-0.0268,-0.5947
0.38,5,2,SS,,-0.0272,-0.6025
0.385,5,2,SS,,-0.0276,-0.6103
0.39,5,2,SS,,-0.028,-0.6181
0.395,5,2,SS,,-0.0284,-0.6258
0.4,5,2,SS,,-0.0288,-0.6336
0.405,5,2,SS,,-0.0292,-0.6414
0.41,5,2,SS,,-0.0296,-0.6491
0.415,5,2,SS,,-0.03,-0.6569
0.42,5,2,SS,,-0.0305,-0.6646
0.425,5,2,SS,,-0.0309,-0.6723
0.43,5,2,SS,,-0.0313,-0.68
0.435,5,2,SS,,-0.0317,-0.6878
0.44,5,2,SS,,-0.0322,-0.6955
0.445,5,2,SS,,-0.0326,-0.7032
0.45,5,2,SS,,-0.033,-0.7109
0.455,5,2,SS,,-0.0335,-0.7186
0.46,5,2,SS,,-0.0339,-0.7263
0.465,5,2,SS,,-0.0344,-0.7339
0.47,5,2,SS,,-0.0348,-0.7416
0.475,5,2,SS,,-0.0352,-0.7493
0.48,5,2,SS,,-0.0357,-0.7569
0.485,5,2,SS,,-0.0361,-0.7646
0.49,5,2,SS,,-0.0366,-0.7722
0.495,5,2,SS,,-0.037,-0.7799
0.5,5,2,SS,,-0.0375,-0.7875
0.505,5,2,SS,,-0.038,-0.7951
0.51,5,2,SS,,-0.0384,-0.8027
0.515,5,2,SS,,-0.0389,-0.8103
0.52,5,2,SS,,-0.0394,-0.8179
0.525,5,2,SS,,-0.0398,-0.8255
0.53,5,2,SS,,-0.0403,-0.8331
0.535,5,2,SS,,-0.0408,-0.8407
0.54,5,2,SS,,-0.0412,-0.8483
0.545,5,2,SS,,-0.0417,-0.8558
0.55,5,2,SS,,-0.0422,-0.8634
0.555,5,2,SS,,-0.0427,-0.8709
0.56,5,2,SS,,-0.0432,-0.8784
0.565,5,2,SS,,-0.0437,-0.886
0.57,5,2,SS,,-0.0442,-0.8935
0.575,5,2,SS,,-0.0447,-0.901
0.58,5,2,SS,,-0.0452,-0.9085
0.585,5,2,SS,,-0.0457,-0.916
0.59,5,2,SS,,-0.0462,-0.9235
0.595,5,2,SS,,-0.0467,-0.9309
0.6,5,2,SS,,-0.0472,-0.9384
0.605,5,2,SS,,-0.0477,-0.9459
0.61,5,2,SS,,-0.0482,-0.9533
0.615,5,2,SS,,-0.0488,-0.9607
0.62,5,2,SS,,-0.0493,-0.9682
0.625,5,2,SS,,-0.0498,-0.9756
0.63,5,2,SS,,-0.0503,-0.983
0.635,5,2,SS,,-0.0509,-0.9904
0.64,5,2,SS,,-0.0514,-0.9978
0.645,5,2,SS,,-0.0519,-1.0052
0.65,5,2,SS,,-0.0525,-1.0125
0.655,5,2,SS,,-0.053,-1.0199
0.66,5,2,SS,,-0.0536,-1.0273
0.665,5,2,SS,,-0.0541,-1.0346
0.67,5,2,SS,,-0.0547,-1.0419
0.675,5,2,SS,,-0.0553,-1.0492
0.68,5,2,SS,,-0.0558,-1.0566
0.685,5,2,SS,,-0.0564,-1.0639
0.69,5,2,SS,,-0.057,-1.0711
0.695,5,2,SS,,-0.0575,-1.0784
0.7,5,2,SS,,-0.0581,-1.0857
0.705,5,2,SS,,-0.0587,-1.093
0.71,5,2,SS,,-0.0593,-1.1002
0.715,5,2,SS,,-0.0599,-1.1074
0.72,5,2,SS,,-0.0604,-1.1147
0.725,5,2,SS,,-0.061,-1.1219
0.73,5,2,SS,,-0.0616,-1.1291
0.735,5,2,SS,,-0.0622,-1.1363
0.74,5,2,SS,,-0.0628,-1.1435
0.745,5,2,SS,,-0.0634,-1.1507
0.75,5,2,SS,,-0.0641,-1.1578
0.755,5,2,SS,,-0.0647,-1.165
0.76,5,2,SS,,-0.0653,-1.1721
0.765,5,2,SS,,-0.0659,-1.1792
0.77,5,2,SS,,-0.0666,-1.1863
0.775,5,2,SS,,-0.0672,-1.1935
0.78,5,2,SS,,-0.0678,-1.2005
0.785,5,2,SS,,-0.0685,-1.2076
0.79,5,2,SS,,-0.0691,-1.2147
0.795,5,2,SS,,-0.0697,-1.2218
0.8,5,2,SS,,-0.0704,-1.2288
0.805,5,2,SS,,-0.0711,-1.2358
0.81,5,2,SS,,-0.0717,-1.2429
0.815,5,2,SS,,-0.0724,-1.2499
0.82,5,2,SS,,-0.073,-1.2569
0.825,5,2,SS,,-0.0737,-1.2638
0.83,5,2,SS,,-0.0744,-1.2708
0.835,5,2,SS,,-0.0751,-1.2778
0.84,5,2,SS,,-0.0758,-1.2847
0.845,5,2,SS,,-0.0764,-1.2917
0.85,5,2,SS,,-0.0771,-1.2986
0.855,5,2,SS,,-0.0778,-1.3055
0.86,5,2,SS,,-0.0785,-1.3124
0.865,5,2,SS,,-0.0792,-1.3193
0.87,5,2,SS,,-0.08,-1.3261
0.875,5,2,SS,,-0.0807,-1.333
0.88,5,2,SS,,-0.0814,-1.3399
0.885,5,2,SS,,-0.0821,-1.3467
0.89,5,2,SS,,-0.0828,-1.3535
0.895,5,2,SS,,-0.0836,-1.3603
0.9,5,2,SS,,-0.0843,-1.3671
0.905,5,2,SS,,-0.085,-1.3739
0.91,5,2,SS,,-0.0858,-1.3806
0.915,5,2,SS,,-0.0865,-1.3874
0.92,5,2,SS,,-0.0873,-1.3941
0.925,5,2,SS,,-0.088,-1.4009
0.93,5,2,SS,,-0.0888,-1.4076
0.935,5,2,SS,,-0.0896,-1.4143
0.94,5,2,SS,,-0.0904,-1.4209
0.945,5,2,SS,,-0.0911,-1.4276
0.95,5,2,SS,,-0.0919,-1.4343
0.955,5,2,SS,,-0.0927,-1.4409
0.96,5,2,SS,,-0.0935,-1.4475
0.965,5,2,SS,,-0.0943,-1.4541
0.97,5,2,SS,,-0.0951,-1.4607
0.975,5,2,SS,,-0.0959,-1.4673
0.98,5,2,SS,,-0.0967,-1.4739
0.985,5,2,SS,,-0.0975,-1.4804
0.99,5,2,SS,,-0.0983,-1.487
0.995,5,2,SS,,-0.0992,-1.4935
1,5,2,SS,,-0.1,-1.5
1.005,5,2,SS,,-0.1008,-1.5065
1.01,5,2,SS,,-0.1017,-1.513
1.015,5,2,SS,,-0.1025,-1.5194
1.02,5,2,SS,,-0.1034,-1.5259
1.025,5,2,SS,,-0.1042,-1.5323
1.03,5,2,SS,,-0.1051,-1.5387
1.035,5,2,SS,,-0.106,-1.5451
1.04,5,2,SS,,-0.1068,-1.5515
1.045,5,2,SS,,-0.1077,-1.5579
1.05,5,2,SS,,-0.1086,-1.5642
1.055,5,2,SS,,-0.1095,-1.5706
1.06,5,2,SS,,-0.1104,-1.5769
1.065,5,2,SS,,-0.1113,-1.5832
1.07,5,2,SS,,-0.1122,-1.5895
1.075,5,2,SS,,-0.1131,-1.5958
1.08,5,2,SS,,-0.114,-1.602
1.085,5,2,SS,,-0.1149,-1.6083
1.09,5,2,SS,,-0.1158,-1.6145
1.095,5,2,SS,,-0.1168,-1.6207
1.1,5,2,SS,,-0.1177,-1.6269
1.105,5,2,SS,,-0.1186,-1.6331
1.11,5,2,SS,,-0.1196,-1.6392
1.115,5,2,SS,,-0.1205,-1.6454
1.12,5,2,SS,,-0.1215,-1.6515
1.125,5,2,SS,,-0.1225,-1.6576
1.13,5,2,SS,,-0.1234,-1.6637
1.135,5,2,SS,,-0.1244,-1.6698
1.14,5,2,SS,,-0.1254,-1.6758
1.145,5,2,SS,,-0.1264,-1.6819
1.15,5,2,SS,,-0.1274,-1.6879
1.155,5,2,SS,,-0.1284,-1.6939
1.16,5,2,SS,,-0.1294,-1.6999
1.165,5,2,SS,,-0.1304,-1.7059
1.17,5,2,SS,,-0.1314,-1.7118
1.175,5,2,SS,,-0.1324,-1.7178
1.18,5,2,SS,,-0.1334,-1.7237
1.185,5,2,SS,,-0.1345,-1.7296
1.19,5,2,SS,,-0.1355,-1.7355
1.195,5,2,SS,,-0.1365,-1.7414
1.2,5,2,SS,,-0.1376,-1.7472
1.205,5,2,SS,,-0.1387,-1.753
1.21,5,2,SS,,-0.1397,-1.7588
1.215,5,2,SS,,-0.1408,-1.7646
1.22,5,2,SS,,-0.1419,-1.7704
1.225,5,2,SS,,-0.1429,-1.7762
1.23,5,2,SS,,-0.144,-1.7819
1.235,5,2,SS,,-0.1451,-1.7876
1.24,5,2,SS,,-0.1462,-1.7933
1.245,5,2,SS,,-0.1473,-1.799
1.25,5,2,SS,,-0.1484,-1.8047
1.255,5,2,SS,,-0.1496,-1.8103
1.26,5,2,SS,,-0.1507,-1.816
1.265,5,2,SS,,-0.1518,-1.8216
1.27,5,2,SS,,-0.1529,-1.8272
1.275,5,2,SS,,-0.1541,-1.8327
1.28,5,2,SS,,-0.1552,-1.8383
1.285,5,2,SS,,-0.1564,-1.8438
1.29,5,2,SS,,-0.1576,-1.8493
1.295,5,2,SS,,-0.1587,-1.8548
1.3,5,2,SS,,-0.1599,-1.8603
1.305,5,2,SS,,-0.1611,-1.8658
1.31,5,2,SS,,-0.1623,-1.8712
1.315,5,2,SS,,-0.1635,-1.8766
1.32,5,2,SS,,-0.1647,-1.882
1.325,5,2,SS,,-0.1659,-1.8874
1.33,5,2,SS,,-0.1671,-1.8927
1.335,5,2,SS,,-0.1683,-1.8981
1.34,5,2,SS,,-0.1695,-1.9034
1.345,5,2,SS,,-0.1708,-1.9087
1.35,5,2,SS,,-0.172,-1.914
1.355,5,2,SS,,-0.1733,-1.9192
1.36,5,2,SS,,-0.1745,-1.9245
1.365,5,2,SS,,-0.1758,-1.9297
1.37,5,2,SS,,-0.177,-1.9349
1.375,5,2,SS,,-0.1783,-1.94
1.38,5,2,SS,,-0.1796,-1.9452
1.385,5,2,SS,,-0.1809,-1.9503
1.39,5,2,SS,,-0.1822,-1.9554
1.395,5,2,SS,,-0.1835,-1.9605
1.4,5,2,SS,,-0.1848,-1.9656
1.405,5,2,SS,,-0.1861,-1.9706
1.41,5,2,SS,,-0.1874,-1.9757
1.415,5,2,SS,,-0.1888,-1.9807
1.42,5,2,SS,,-0.1901,-1.9857
1.425,5,2,SS,,-0.1915,-1.9906
1.43,5,2,SS,,-0.1928,-1.9956
1.435,5,2,SS,,-0.1942,-2.0005
1.44,5,2,SS,,-0.1955,-2.0054
1.445,5,2,SS,,-0.1969,-2.0103
1.45,5,2,SS,,-0.1983,-2.0151
1.455,5,2,SS,,-0.1997,-2.02
1.46,5,2,SS,,-0.2011,-2.0248
1.465,5,2,SS,,-0.2025,-2.0296
1.47,5,2,SS,,-0.2039,-2.0343
1.475,5,2,SS,,-0.2053,-2.0391
1.48,5,2,SS,,-0.2067,-2.0438
1.485,5,2,SS,,-0.2082,-2.0485
1.49,5,2,SS,,-0.2096,-2.0532
1.495,5,2,SS,,-0.211,-2.0579
1.5,5,2,SS,,-0.2125,-2.0625
1.505,5,2,SS,,-0.214,-2.0671
1.51,5,2,SS,,-0.2154,-2.0717
1.515,5,2,SS,,-0.2169,-2.0763
1.52,5,2,SS,,-0.2184,-2.0808
1.525,5,2,SS,,-0.2199,-2.0853
1.53,5,2,SS,,-0.2214,-2.0898
1.535,5,2,SS,,-0.2229,-2.0943
1.54,5,2,SS,,-0.2244,-2.0988
1.545,5,2,SS,,-0.2259,-2.1032
1.55,5,2,SS,,-0.2275,-2.1076
1.555,5,2,SS,,-0.229,-2.112
1.56,5,2,SS,,-0.2305,-2.1164
1.565,5,2,SS,,-0.2321,-2.1207
1.57,5,2,SS,,-0.2337,-2.125
1.575,5,2,SS,,-0.2352,-2.1293
1.58,5,2,SS,,-0.2368,-2.1336
1.585,5,2,SS,,-0.2384,-2.1378
1.59,5,2,SS,,-0.24,-2.142
1.595,5,2,SS,,-0.2416,-2.1462
1.6,5,2,SS,,-0.2432,-2.1504
1.605,5,2,SS,,-0.2448,-2.1545
1.61,5,2,SS,,-0.2464,-2.1587
1.615,5,2,SS,,-0.2481,-2.1628
1.62,5,2,SS,,-0.2497,-2.1668
1.625,5,2,SS,,-0.2514,-2.1709
1.63,5,2,SS,,-0.253,-2.1749
1.635,5,2,SS,,-0.2547,-2.1789
1.64,5,2,SS,,-0.2564,-2.1829
1.645,5,2,SS,,-0.258,-2.1869
1.65,5,2,SS,,-0.2597,-2.1908
1.655,5,2,SS,,-0.2614,-2.1947
1.66,5,2,SS,,-0.2631,-2.1986
1.665,5,2,SS,,-0.2649,-2.2024
1.67,5,2,SS,,-0.2666,-2.2063
1.675,5,2,SS,,-0.2683,-2.2101
1.68,5,2,SS,,-0.2701,-2.2138
1.685,5,2,SS,,-0.2718,-2.2176
1.69,5,2,SS,,-0.2736,-2.2213
1.695,5,2,SS,,-0.2753,-2.225
1.7,5,2,SS,,-0.2771,-2.2287
1.705,5,2,SS,,-0.2789,-2.2324
1.71,5,2,SS,,-0.2807,-2.236
1.715,5,2,SS,,-0.2825,-2.2396
1.72,5,2,SS,,-0.2843,-2.2432
1.725,5,2,SS,,-0.2861,-2.2467
1.73,5,2,SS,,-0.2879,-2.2502
1.735,5,2,SS,,-0.2898,-2.2537
1.74,5,2,SS,,-0.2916,-2.2572
1.745,5,2,SS,,-0.2935,-2.2606
1.75,5,2,SS,,-0.2953,-2.2641
1.755,5,2,SS,,-0.2972,-2.2675
1.76,5,2,SS,,-0.2991,-2.2708
1.765,5,2,SS,,-0.3009,-2.2742
1.77,5,2,SS,,-0.3028,-2.2775
1.775,5,2,SS,,-0.3047,-2.2808
1.78,5,2,SS,,-0.3067,-2.284
1.785,5,2,SS,,-0.3086,-2.2873
1.79,5,2,SS,,-0.3105,-2.2905
1.795,5,2,SS,,-0.3125,-2.2936
1.8,5,2,SS,,-0.3144,-2.2968
1.805,5,2,SS,,-0.3164,-2.2999
1.81,5,2,SS,,-0.3183,-2.303
1.815,5,2,SS,,-0.3203,-2.3061
1.82,5,2,SS,,-0.3223,-2.3091
1.825,5,2,SS,,-0.3243,-2.3122
1.83,5,2,SS,,-0.3263,-2.3152
1.835,5,2,SS,,-0.3283,-2.3181
1.84,5,2,SS,,-0.3303,-2.321
1.845,5,2,SS,,-0.3323,-2.324
1.85,5,2,SS,,-0.3344,-2.3268
1.855,5,2,SS,,-0.3364,-2.3297
1.86,5,2,SS,,-0.3385,-2.3325
1.865,5,2,SS,,-0.3406,-2.3353
1.87,5,2,SS,,-0.3426,-2.3381
1.875,5,2,SS,,-0.3447,-2.3408
1.88,5,2,SS,,-0.3468,-2.3435
1.885,5,2,SS,,-0.3489,-2.3462
1.89,5,2,SS,,-0.351,-2.3489
1.895,5,2,SS,,-0.3532,-2.3515
1.9,5,2,SS,,-0.3553,-2.3541
1.905,5,2,SS,,-0.3574,-2.3567
1.91,5,2,SS,,-0.3596,-2.3592
1.915,5,2,SS,,-0.3618,-2.3617
1.92,5,2,SS,,-0.3639,-2.3642
1.925,5,2,SS,,-0.3661,-2.3667
1.93,5,2,SS,,-0.3683,-2.3691
1.935,5,2,SS,,-0.3705,-2.3715
1.94,5,2,SS,,-0.3727,-2.3739
1.945,5,2,SS,,-0.3749,-2.3762
1.95,5,2,SS,,-0.3772,-2.3785
1.955,5,2,SS,,-0.3794,-2.3808
1.96,5,2,SS,,-0.3817,-2.383
1.965,5,2,SS,,-0.3839,-2.3853
1.97,5,2,SS,,-0.3862,-2.3875
1.975,5,2,SS,,-0.3885,-2.3896
1.98,5,2,SS,,-0.3907,-2.3918
1.985,5,2,SS,,-0.393,-2.3939
1.99,5,2,SS,,-0.3954,-2.3959
1.995,5,2,SS,,-0.3977,-2.398
2,5,2,SS,,-0.4,-2.4
2.005,5,2,SS,,-0.4023,-2.402
2.01,5,2,SS,,-0.4046,-2.4039
2.015,5,2,SS,,-0.4069,-2.4059
2.02,5,2,SS,,-0.4092,-2.4078
2.025,5,2,SS,,-0.4115,-2.4096
2.03,5,2,SS,,-0.4137,-2.4115
2.035,5,2,SS,,-0.416,-2.4133
2.04,5,2,SS,,-0.4182,-2.415
2.045,5,2,SS,,-0.4204,-2.4168
2.05,5,2,SS,,-0.4226,-2.4185
2.055,5,2,SS,,-0.4248,-2.4202
2.06,5,2,SS,,-0.4269,-2.4219
2.065,5,2,SS,,-0.4291,-2.4235
2.07,5,2,SS,,-0.4312,-2.4251
2.075,5,2,SS,,-0.4333,-2.4267
2.08,5,2,SS,,-0.4354,-2.4282
2.085,5,2,SS,,-0.4375,-2.4297
2.09,5,2,SS,,-0.4396,-2.4312
2.095,5,2,SS,,-0.4417,-2.4326
2.1,5,2,SS,,-0.4437,-2.4341
2.105,5,2,SS,,-0.4457,-2.4355
2.11,5,2,SS,,-0.4477,-2.4368
2.115,5,2,SS,,-0.4497,-2.4382
2.12,5,2,SS,,-0.4517,-2.4395
2.125,5,2,SS,,-0.4537,-2.4408
2.13,5,2,SS,,-0.4557,-2.442
2.135,5,2,SS,,-0.4576,-2.4432
2.14,5,2,SS,,-0.4595,-2.4444
2.145,5,2,SS,,-0.4615,-2.4456
2.15,5,2,SS,,-0.4634,-2.4467
2.155,5,2,SS,,-0.4652,-2.4478
2.16,5,2,SS,,-0.4671,-2.4489
2.165,5,2,SS,,-0.469,-2.45
2.17,5,2,SS,,-0.4708,-2.451
2.175,5,2,SS,,-0.4727,-2.452
2.18,5,2,SS,,-0.4745,-2.4529
2.185,5,2,SS,,-0.4763,-2.4539
2.19,5,2,SS,,-0.4781,-2.4548
2.195,5,2,SS,,-0.4798,-2.4557
2.2,5,2,SS,,-0.4816,-2.4565
2.205,5,2,SS,,-0.4833,-2.4574
2.21,5,2,SS,,-0.4851,-2.4582
2.215,5,2,SS,,-0.4868,-2.4589
2.22,5,2,SS,,-0.4885,-2.4597
2.225,5,2,SS,,-0.4902,-2.4604
2.23,5,2,SS,,-0.4919,-2.4611
2.235,5,2,SS,,-0.4935,-2.4617
2.24,5,2,SS,,-0.4952,-2.4624
2.245,5,2,SS,,-0.4968,-2.463
2.25,5,2,SS,,-0.4984,-2.4635
2.255,5,2,SS,,-0.5,-2.4641
2.26,5,2,SS,,-0.5016,-2.4646
2.265,5,2,SS,,-0.5032,-2.4651
2.27,5,2,SS,,-0.5048,-2.4656
2.275,5,2,SS,,-0.5063,-2.466
2.28,5,2,SS,,-0.5079,-2.4664
2.285,5,2,SS,,-0.5094,-2.4668
2.29,5,2,SS,,-0.5109,-2.4672
2.295,5,2,SS,,-0.5124,-2.4675
2.3,5,2,SS,,-0.5139,-2.4678
2.305,5,2,SS,,-0.5154,-2.4681
2.31,5,2,SS,,-0.5168,-2.4683
2.315,5,2,SS,,-0.5183,-2.4685
2.32,5,2,SS,,-0.5197,-2.4687
2.325,5,2,SS,,-0.5211,-2.4689
2.33,5,2,SS,,-0.5225,-2.4691
2.335,5,2,SS,,-0.5239,-2.4692
2.34,5,2,SS,,-0.5253,-2.4693
2.345,5,2,SS,,-0.5267,-2.4693
2.35,5,2,SS,,-0.528,-2.4694
2.355,5,2,SS,,-0.5294,-2.4694
2.36,5,2,SS,,-0.5307,-2.4694
2.365,5,2,SS,,-0.532,-2.4693
2.37,5,2,SS,,-0.5333,-2.4692
2.375,5,2,SS,,-0.5346,-2.4691
2.38,5,2,SS,,-0.5358,-2.469
2.385,5,2,SS,,-0.5371,-2.4689
2.39,5,2,SS,,-0.5383,-2.4687
2.395,5,2,SS,,-0.5396,-2.4685
2.4,5,2,SS,,-0.5408,-2.4683
2.405,5,2,SS,,-0.542,-2.468
2.41,5,2,SS,,-0.5432,-2.4677
2.415,5,2,SS,,-0.5444,-2.4674
2.42,5,2,SS,,-0.5455,-2.4671
2.425,5,2,SS,,-0.5467,-2.4667
2.43,5,2,SS,,-0.5478,-2.4664
2.435,5,2,SS,,-0.549,-2.466
2.44,5,2,SS,,-0.5501,-2.4655
2.445,5,2,SS,,-0.5512,-2.4651
2.45,5,2,SS,,-0.5523,-2.4646
2.455,5,2,SS,,-0.5534,-2.4641
2.46,5,2,SS,,-0.5544,-2.4635
2.465,5,2,SS,,-0.5555,-2.463
2.47,5,2,SS,,-0.5565,-2.4624
2.475,5,2,SS,,-0.5576,-2.4618
2.48,5,2,SS,,-0.5586,-2.4611
2.485,5,2,SS,,-0.5596,-2.4605
2.49,5,2,SS,,-0.5606,-2.4598
2.495,5,2,SS,,-0.5615,-2.4591
2.5,5,2,SS,,-0.5625,-2.4583
2.505,5,2,SS,,-0.5635,-2.4576
2.51,5,2,SS,,-0.5644,-2.4568
2.515,5,2,SS,,-0.5653,-2.456
2.52,5,2,SS,,-0.5662,-2.4551
2.525,5,2,SS,,-0.5671,-2.4543
2.53,5,2,SS,,-0.568,-2.4534
2.535,5,2,SS,,-0.5689,-2.4525
2.54,5,2,SS,,-0.5698,-2.4515
2.545,5,2,SS,,-0.5706,-2.4506
2.55,5,2,SS,,-0.5715,-2.4496
2.555,5,2,SS,,-0.5723,-2.4486
2.56,5,2,SS,,-0.5731,-2.4475
2.565,5,2,SS,,-0.5739,-2.4465
2.57,5,2,SS,,-0.5747,-2.4454
2.575,5,2,SS,,-0.5755,-2.4443
2.58,5,2,SS,,-0.5763,-2.4432
2.585,5,2,SS,,-0.577,-2.442
2.59,5,2,SS,,-0.5777,-2.4408
2.595,5,2,SS,,-0.5785,-2.4396
2.6,5,2,SS,,-0.5792,-2.4384
2.605,5,2,SS,,-0.5799,-2.4371
2.61,5,2,SS,,-0.5806,-2.4359
2.615,5,2,SS,,-0.5813,-2.4346
2.62,5,2,SS,,-0.582,-2.4332
2.625,5,2,SS,,-0.5826,-2.4319
2.63,5,2,SS,,-0.5833,-2.4305
2.635,5,2,SS,,-0.5839,-2.4291
2.64,5,2,SS,,-0.5845,-2.4277
2.645,5,2,SS,,-0.5851,-2.4263
2.65,5,2,SS,,-0.5857,-2.4248
2.655,5,2,SS,,-0.5863,-2.4233
2.66,5,2,SS,,-0.5869,-2.4218
2.665,5,2,SS,,-0.5875,-2.4203
2.67,5,2,SS,,-0.588,-2.4187
2.675,5,2,SS,,-0.5886,-2.4171
2.68,5,2,SS,,-0.5891,-2.4155
2.685,5,2,SS,,-0.5896,-2.4139
2.69,5,2,SS,,-0.5901,-2.4122
2.695,5,2,SS,,-0.5906,-2.4106
2.7,5,2,SS,,-0.5911,-2.4089
2.705,5,2,SS,,-0.5916,-2.4071
2.71,5,2,SS,,-0.592,-2.4054
2.715,5,2,SS,,-0.5925,-2.4036
2.72,5,2,SS,,-0.5929,-2.4018
2.725,5,2,SS,,-0.5933,-2.4
2.73,5,2,SS,,-0.5938,-2.3982
2.735,5,2,SS,,-0.5942,-2.3963
2.74,5,2,SS,,-0.5946,-2.3945
2.745,5,2,SS,,-0.5949,-2.3926
2.75,5,2,SS,,-0.5953,-2.3906
2.755,5,2,SS,,-0.5957,-2.3887
2.76,5,2,SS,,-0.596,-2.3867
2.765,5,2,SS,,-0.5964,-2.3847
2.77,5,2,SS,,-0.5967,-2.3827
2.775,5,2,SS,,-0.597,-2.3807
2.78,5,2,SS,,-0.5973,-2.3786
2.785,5,2,SS,,-0.5976,-2.3765
2.79,5,2,SS,,-0.5979,-2.3744
2.795,5,2,SS,,-0.5981,-2.3723
2.8,5,2,SS,,-0.5984,-2.3701
2.805,5,2,SS,,-0.5986,-2.368
2.81,5,2,SS,,-0.5989,-2.3658
2.815,5,2,SS,,-0.5991,-2.3636
2.82,5,2,SS,,-0.5993,-2.3613
2.825,5,2,SS,,-0.5995,-2.3591
2.83,5,2,SS,,-0.5997,-2.3568
2.835,5,2,SS,,-0.5999,-2.3545
2.84,5,2,SS,,-0.6001,-2.3522
2.845,5,2,SS,,-0.6002,-2.3498
2.85,5,2,SS,,-0.6004,-2.3474
2.855,5,2,SS,,-0.6005,-2.3451
2.86,5,2,SS,,-0.6007,-2.3426
2.865,5,2,SS,,-0.6008,-2.3402
2.87,5,2,SS,,-0.6009,-2.3378
2.875,5,2,SS,,-0.601,-2.3353
2.88,5,2,SS,,-0.6011,-2.3328
2.885,5,2,SS,,-0.6011,-2.3303
2.89,5,2,SS,,-0.6012,-2.3277
2.895,5,2,SS,,-0.6013,-2.3252
2.9,5,2,SS,,-0.6013,-2.3226
2.905,5,2,SS,,-0.6013,-2.32
2.91,5,2,SS,,-0.6014,-2.3174
2.915,5,2,SS,,-0.6014,-2.3147
2.92,5,2,SS,,-0.6014,-2.3121
2.925,5,2,SS,,-0.6014,-2.3094
2.93,5,2,SS,,-0.6013,-2.3067
2.935,5,2,SS,,-0.6013,-2.304
2.94,5,2,SS,,-0.6013,-2.3012
2.945,5,2,SS,,-0.6012,-2.2984
2.95,5,2,SS,,-0.6012,-2.2957
2.955,5,2,SS,,-0.6011,-2.2929
2.96,5,2,SS,,-0.601,-2.29
2.965,5,2,SS,,-0.6009,-2.2872
2.97,5,2,SS,,-0.6008,-2.2843
2.975,5,2,SS,,-0.6007,-2.2814
2.98,5,2,SS,,-0.6006,-2.2785
2.985,5,2,SS,,-0.6005,-2.2756
2.99,5,2,SS,,-0.6003,-2.2726
2.995,5,2,SS,,-0.6002,-2.2697
3,5,2,SS,,-0.6,-2.2667
3.005,5,2,SS,,-0.5998,-2.2637
3.01,5,2,SS,,-0.5996,-2.2606
3.015,5,2,SS,,-0.5995,-2.2576
3.02,5,2,SS,,-0.5993,-2.2545
3.025,5,2,SS,,-0.599,-2.2514
3.03,5,2,SS,,-0.5988,-2.2483
3.035,5,2,SS,,-0.5986,-2.2452
3.04,5,2,SS,,-0.5983,-2.242
3.045,5,2,SS,,-0.5981,-2.2389
3.05,5,2,SS,,-0.5978,-2.2357
3.055,5,2,SS,,-0.5976,-2.2325
3.06,5,2,SS,,-0.5973,-2.2292
3.065,5,2,SS,,-0.597,-2.226
3.07,5,2,SS,,-0.5967,-2.2227
3.075,5,2,SS,,-0.5964,-2.2194
3.08,5,2,SS,,-0.5961,-2.2161
3.085,5,2,SS,,-0.5957,-2.2128
3.09,5,2,SS,,-0.5954,-2.2095
3.095,5,2,SS,,-0.5951,-2.2061
3.1,5,2,SS,,-0.5947,-2.2027
3.105,5,2,SS,,-0.5943,-2.1993
3.11,5,2,SS,,-0.594,-2.1959
3.115,5,2,SS,,-0.5936,-2.1925
3.12,5,2,SS,,-0.5932,-2.189
3.125,5,2,SS,,-0.5928,-2.1855
3.13,5,2,SS,,-0.5924,-2.1821
3.135,5,2,SS,,-0.5919,-2.1785
3.14,5,2,SS,,-0.5915,-2.175
3.145,5,2,SS,,-0.5911,-2.1715
3.15,5,2,SS,,-0.5906,-2.1679
3.155,5,2,SS,,-0.5902,-2.1643
3.16,5,2,SS,,-0.5897,-2.1607
3.165,5,2,SS,,-0.5892,-2.1571
3.17,5,2,SS,,-0.5887,-2.1534
3.175,5,2,SS,,-0.5882,-2.1498
3.18,5,2,SS,,-0.5877,-2.1461
3.185,5,2,SS,,-0.5872,-2.1424
3.19,5,2,SS,,-0.5867,-2.1387
3.195,5,2,SS,,-0.5861,-2.135
3.2,5,2,SS,,-0.5856,-2.1312
3.205,5,2,SS,,-0.585,-2.1274
3.21,5,2,SS,,-0.5845,-2.1236
3.215,5,2,SS,,-0.5839,-2.1198
3.22,5,2,SS,,-0.5833,-2.116
3.225,5,2,SS,,-0.5828,-2.1122
3.23,5,2,SS,,-0.5822,-2.1083
3.235,5,2,SS,,-0.5816,-2.1044
3.24,5,2,SS,,-0.5809,-2.1005
3.245,5,2,SS,,-0.5803,-2.0966
3.25,5,2,SS,,-0.5797,-2.0927
3.255,5,2,SS,,-0.579,-2.0888
3.26,5,2,SS,,-0.5784,-2.0848
3.265,5,2,SS,,-0.5777,-2.0808
3.27,5,2,SS,,-0.5771,-2.0768
3.275,5,2,SS,,-0.5764,-2.0728
3.28,5,2,SS,,-0.5757,-2.0688
3.285,5,2,SS,,-0.575,-2.0647
3.29,5,2,SS,,-0.5743,-2.0607
3.295,5,2,SS,,-0.5736,-2.0566
3.3,5,2,SS,,-0.5729,-2.0525
3.305,5,2,SS,,-0.5722,-2.0483
3.31,5,2,SS,,-0.5714,-2.0442
3.315,5,2,SS,,-0.5707,-2.0401
3.32,5,2,SS,,-0.5699,-2.0359
3.325,5,2,SS,,-0.5692,-2.0317
3.33,5,2,SS,,-0.5684,-2.0275
3.335,5,2,SS,,-0.5676,-2.0233
3.34,5,2,SS,,-0.5669,-2.019
3.345,5,2,SS,,-0.5661,-2.0148
3.35,5,2,SS,,-0.5653,-2.0105
3.355,5,2,SS,,-0.5645,-2.0062
3.36,5,2,SS,,-0.5636,-2.0019
3.365,5,2,SS,,-0.5628,-1.9976
3.37,5,2,SS,,-0.562,-1.9933
3.375,5,2,SS,,-0.5611,-1.9889
3.38,5,2,SS,,-0.5603,-1.9846
3.385,5,2,SS,,-0.5594,-1.9802
3.39,5,2,SS,,-0.5586,-1.9758
3.395,5,2,SS,,-0.5577,-1.9714
3.4,5,2,SS,,-0.5568,-1.9669
3.405,5,2,SS,,-0.5559,-1.9625
3.41,5,2,SS,,-0.555,-1.958
3.415,5,2,SS,,-0.5541,-1.9535
3.42,5,2,SS,,-0.5532,-1.949
3.425,5,2,SS,,-0.5523,-1.9445
3.43,5,2,SS,,-0.5513,-1.94
3.435,5,2,SS,,-0.5504,-1.9355
3.44,5,2,SS,,-0.5495,-1.9309
3.445,5,2,SS,,-0.5485,-1.9263
3.45,5,2,SS,,-0.5475,-1.9217
3.455,5,2,SS,,-0.5466,-1.9171
3.46,5,2,SS,,-0.5456,-1.9125
3.465,5,2,SS,,-0.5446,-1.9079
3.47,5,2,SS,,-0.5436,-1.9032
3.475,5,2,SS,,-0.5426,-1.8986
3.48,5,2,SS,,-0.5416,-1.8939
3.485,5,2,SS,,-0.5406,-1.8892
3.49,5,2,SS,,-0.5396,-1.8845
3.495,5,2,SS,,-0.5385,-1.8797
3.5,5,2,SS,,-0.5375,-1.875
3.505,5,2,SS,,-0.5365,-1.8702
3.51,5,2,SS,,-0.5354,-1.8655
3.515,5,2,SS,,-0.5343,-1.8607
3.52,5,2,SS,,-0.5333,-1.8559
3.525,5,2,SS,,-0.5322,-1.8511
3.53,5,2,SS,,-0.5311,-1.8462
3.535,5,2,SS,,-0.53,-1.8414
3.54,5,2,SS,,-0.5289,-1.8365
3.545,5,2,SS,,-0.5278,-1.8316
3.55,5,2,SS,,-0.5267,-1.8268
3.555,5,2,SS,,-0.5256,-1.8219
3.56,5,2,SS,,-0.5245,-1.8169
3.565,5,2,SS,,-0.5233,-1.812
3.57,5,2,SS,,-0.5222,-1.8071
3.575,5,2,SS,,-0.521,-1.8021
3.58,5,2,SS,,-0.5199,-1.7971
3.585,5,2,SS,,-0.5187,-1.7921
3.59,5,2,SS,,-0.5176,-1.7871
3.595,5,2,SS,,-0.5164,-1.7821
3.6,5,2,SS,,-0.5152,-1.7771
3.605,5,2,SS,,-0.514,-1.772
3.61,5,2,SS,,-0.5128,-1.767
3.615,5,2,SS,,-0.5116,-1.7619
3.62,5,2,SS,,-0.5104,-1.7568
3.625,5,2,SS,,-0.5092,-1.7517
3.63,5,2,SS,,-0.508,-1.7466
3.635,5,2,SS,,-0.5067,-1.7414
3.64,5,2,SS,,-0.5055,-1.7363
3.645,5,2,SS,,-0.5042,-1.7311
3.65,5,2,SS,,-0.503,-1.726
3.655,5,2,SS,,-0.5017,-1.7208
3.66,5,2,SS,,-0.5005,-1.7156
3.665,5,2,SS,,-0.4992,-1.7104
3.67,5,2,SS,,-0.4979,-1.7052
3.675,5,2,SS,,-0.4966,-1.6999
3.68,5,2,SS,,-0.4953,-1.6947
3.685,5,2,SS,,-0.494,-1.6894
3.69,5,2,SS,,-0.4927,-1.6841
3.695,5,2,SS,,-0.4914,-1.6788
3.7,5,2,SS,,-0.4901,-1.6735
3.705,5,2,SS,,-0.4888,-1.6682
3.71,5,2,SS,,-0.4874,-1.6629
3.715,5,2,SS,,-0.4861,-1.6575
3.72,5,2,SS,,-0.4848,-1.6522
3.725,5,2,SS,,-0.4834,-1.6468
3.73,5,2,SS,,-0.4821,-1.6414
3.735,5,2,SS,,-0.4807,-1.636
3.74,5,2,SS,,-0.4793,-1.6306
3.745,5,2,SS,,-0.4779,-1.6252
3.75,5,2,SS,,-0.4766,-1.6198
3.755,5,2,SS,,-0.4752,-1.6143
3.76,5,2,SS,,-0.4738,-1.6089
3.765,5,2,SS,,-0.4724,-1.6034
3.77,5,2,SS,,-0.471,-1.5979
3.775,5,2,SS,,-0.4696,-1.5924
3.78,5,2,SS,,-0.4681,-1.5869
3.785,5,2,SS,,-0.4667,-1.5814
3.79,5,2,SS,,-0.4653,-1.5759
3.795,5,2,SS,,-0.4638,-1.5704
3.8,5,2,SS,,-0.4624,-1.5648
3.805,5,2,SS,,-0.461,-1.5592
3.81,5,2,SS,,-0.4595,-1.5537
3.815,5,2,SS,,-0.458,-1.5481
3.82,5,2,SS,,-0.4566,-1.5425
3.825,5,2,SS,,-0.4551,-1.5369
3.83,5,2,SS,,-0.4536,-1.5312
3.835,5,2,SS,,-0.4521,-1.5256
3.84,5,2,SS,,-0.4506,-1.5199
3.845,5,2,SS,,-0.4491,-1.5143
3.85,5,2,SS,,-0.4476,-1.5086
3.855,5,2,SS,,-0.4461,-1.5029
3.86,5,2,SS,,-0.4446,-1.4972
3.865,5,2,SS,,-0.4431,-1.4915
3.87,5,2,SS,,-0.4416,-1.4858
3.875,5,2,SS,,-0.44,-1.4801
3.88,5,2,SS,,-0.4385,-1.4743
3.885,5,2,SS,,-0.437,-1.4686
3.89,5,2,SS,,-0.4354,-1.4628
3.895,5,2,SS,,-0.4339,-1.4571
3.9,5,2,SS,,-0.4323,-1.4513
3.905,5,2,SS,,-0.4307,-1.4455
3.91,5,2,SS,,-0.4292,-1.4397
3.915,5,2,SS,,-0.4276,-1.4338
3.92,5,2,SS,,-0.426,-1.428
3.925,5,2,SS,,-0.4244,-1.4222
3.93,5,2,SS,,-0.4228,-1.4163
3.935,5,2,SS,,-0.4212,-1.4105
3.94,5,2,SS,,-0.4196,-1.4046
3.945,5,2,SS,,-0.418,-1.3987
3.95,5,2,SS,,-0.4164,-1.3928
3.955,5,2,SS,,-0.4148,-1.3869
3.96,5,2,SS,,-0.4132,-1.381
3.965,5,2,SS,,-0.4115,-1.3751
3.97,5,2,SS,,-0.4099,-1.3692
3.975,5,2,SS,,-0.4083,-1.3632
3.98,5,2,SS,,-0.4066,-1.3573
3.985,5,2,SS,,-0.405,-1.3513
3.99,5,2,SS,,-0.4033,-1.3453
3.995,5,2,SS,,-0.4017,-1.3393
4,5,2,SS,,-0.4,-1.3333
4.005,5,2,SS,,-0.3983,-1.3273
4.01,5,2,SS,,-0.3967,-1.3213
4.015,5,2,SS,,-0.395,-1.3153
4.02,5,2,SS,,-0.3933,-1.3093
4.025,5,2,SS,,-0.3916,-1.3032
4.03,5,2,SS,,-0.3899,-1.2972
4.035,5,2,SS,,-0.3882,-1.2911
4.04,5,2,SS,,-0.3865,-1.285
4.045,5,2,SS,,-0.3848,-1.2789
4.05,5,2,SS,,-0.3831,-1.2728
4.055,5,2,SS,,-0.3814,-1.2667
4.06,5,2,SS,,-0.3796,-1.2606
4.065,5,2,SS,,-0.3779,-1.2545
4.07,5,2,SS,,-0.3762,-1.2484
4.075,5,2,SS,,-0.3745,-1.2422
4.08,5,2,SS,,-0.3727,-1.2361
4.085,5,2,SS,,-0.371,-1.2299
4.09,5,2,SS,,-0.3692,-1.2238
4.095,5,2,SS,,-0.3675,-1.2176
4.1,5,2,SS,,-0.3657,-1.2114
4.105,5,2,SS,,-0.3639,-1.2052
4.11,5,2,SS,,-0.3622,-1.199
4.115,5,2,SS,,-0.3604,-1.1928
4.12,5,2,SS,,-0.3586,-1.1866
4.125,5,2,SS,,-0.3568,-1.1803
4.13,5,2,SS,,-0.355,-1.1741
4.135,5,2,SS,,-0.3533,-1.1679
4.14,5,2,SS,,-0.3515,-1.1616
4.145,5,2,SS,,-0.3497,-1.1553
4.15,5,2,SS,,-0.3479,-1.1491
4.155,5,2,SS,,-0.3461,-1.1428
4.16,5,2,SS,,-0.3442,-1.1365
4.165,5,2,SS,,-0.3424,-1.1302
4.17,5,2,SS,,-0.3406,-1.1239
4.175,5,2,SS,,-0.3388,-1.1176
4.18,5,2,SS,,-0.337,-1.1112
4.185,5,2,SS,,-0.3351,-1.1049
4.19,5,2,SS,,-0.3333,-1.0986
4.195,5,2,SS,,-0.3314,-1.0922
4.2,5,2,SS,,-0.3296,-1.0859
4.205,5,2,SS,,-0.3278,-1.0795
4.21,5,2,SS,,-0.3259,-1.0731
4.215,5,2,SS,,-0.324,-1.0668
4.22,5,2,SS,,-0.3222,-1.0604
4.225,5,2,SS,,-0.3203,-1.054
4.23,5,2,SS,,-0.3184,-1.0476
4.235,5,2,SS,,-0.3166,-1.0412
4.24,5,2,SS,,-0.3147,-1.0347
4.245,5,2,SS,,-0.3128,-1.0283
4.25,5,2,SS,,-0.3109,-1.0219
4.255,5,2,SS,,-0.3091,-1.0154
4.26,5,2,SS,,-0.3072,-1.009
4.265,5,2,SS,,-0.3053,-1.0025
4.27,5,2,SS,,-0.3034,-0.9961
4.275,5,2,SS,,-0.3015,-0.9896
4.28,5,2,SS,,-0.2996,-0.9831
4.285,5,2,SS,,-0.2976,-0.9766
4.29,5,2,SS,,-0.2957,-0.9701
4.295,5,2,SS,,-0.2938,-0.9636
4.3,5,2,SS,,-0.2919,-0.9571
4.305,5,2,SS,,-0.29,-0.9506
4.31,5,2,SS,,-0.288,-0.9441
4.315,5,2,SS,,-0.2861,-0.9376
4.32,5,2,SS,,-0.2842,-0.931
4.325,5,2,SS,,-0.2822,-0.9245
4.33,5,2,SS,,-0.2803,-0.9179
4.335,5,2,SS,,-0.2784,-0.9114
4.34,5,2,SS,,-0.2764,-0.9048
4.345,5,2,SS,,-0.2745,-0.8983
4.35,5,2,SS,,-0.2725,-0.8917
4.355,5,2,SS,,-0.2706,-0.8851
4.36,5,2,SS,,-0.2686,-0.8785
4.365,5,2,SS,,-0.2666,-0.8719
4.37,5,2,SS,,-0.2647,-0.8653
4.375,5,2,SS,,-0.2627,-0.8587
4.38,5,2,SS,,-0.2607,-0.8521
4.385,5,2,SS,,-0.2587,-0.8455
4.39,5,2,SS,,-0.2568,-0.8389
4.395,5,2,SS,,-0.2548,-0.8322
4.4,5,2,SS,,-0.2528,-0.8256
4.405,5,2,SS,,-0.2508,-0.819
4.41,5,2,SS,,-0.2488,-0.8123
4.415,5,2,SS,,-0.2468,-0.8057
4.42,5,2,SS,,-0.2448,-0.799
4.425,5,2,SS,,-0.2428,-0.7923
4.43,5,2,SS,,-0.2408,-0.7857
4.435,5,2,SS,,-0.2388,-0.779
4.44,5,2,SS,,-0.2368,-0.7723
4.445,5,2,SS,,-0.2348,-0.7656
4.45,5,2,SS,,-0.2328,-0.7589
4.455,5,2,SS,,-0.2308,-0.7522
4.46,5,2,SS,,-0.2288,-0.7455
4.465,5,2,SS,,-0.2267,-0.7388
4.47,5,2,SS,,-0.2247,-0.7321
4.475,5,2,SS,,-0.2227,-0.7254
4.48,5,2,SS,,-0.2206,-0.7186
4.485,5,2,SS,,-0.2186,-0.7119
4.49,5,2,SS,,-0.2166,-0.7052
4.495,5,2,SS,,-0.2145,-0.6984
4.5,5,2,SS,,-0.2125,-0.6917
4.505,5,2,SS,,-0.2105,-0.6849
4.51,5,2,SS,,-0.2084,-0.6782
4.515,5,2,SS,,-0.2064,-0.6714
4.52,5,2,SS,,-0.2043,-0.6646
4.525,5,2,SS,,-0.2023,-0.6579
4.53,5,2,SS,,-0.2002,-0.6511
4.535,5,2,SS,,-0.1981,-0.6443
4.54,5,2,SS,,-0.1961,-0.6375
4.545,5,2,SS,,-0.194,-0.6307
4.55,5,2,SS,,-0.192,-0.6239
4.555,5,2,SS,,-0.1899,-0.6171
4.56,5,2,SS,,-0.1878,-0.6103
4.565,5,2,SS,,-0.1858,-0.6035
4.57,5,2,SS,,-0.1837,-0.5967
4.575,5,2,SS,,-0.1816,-0.5899
4.58,5,2,SS,,-0.1795,-0.5831
4.585,5,2,SS,,-0.1775,-0.5762
4.59,5,2,SS,,-0.1754,-0.5694
4.595,5,2,SS,,-0.1733,-0.5626
4.6,5,2,SS,,-0.1712,-0.5557
4.605,5,2,SS,,-0.1691,-0.5489
4.61,5,2,SS,,-0.167,-0.542
4.615,5,2,SS,,-0.1649,-0.5352
4.62,5,2,SS,,-0.1628,-0.5283
4.625,5,2,SS,,-0.1607,-0.5215
4.63,5,2,SS,,-0.1586,-0.5146
4.635,5,2,SS,,-0.1565,-0.5078
4.64,5,2,SS,,-0.1544,-0.5009
4.645,5,2,SS,,-0.1523,-0.494
4.65,5,2,SS,,-0.1502,-0.4871
4.655,5,2,SS,,-0.1481,-0.4803
4.66,5,2,SS,,-0.146,-0.4734
4.665,5,2,SS,,-0.1439,-0.4665
4.67,5,2,SS,,-0.1418,-0.4596
4.675,5,2,SS,,-0.1397,-0.4527
4.68,5,2,SS,,-0.1376,-0.4458
4.685,5,2,SS,,-0.1355,-0.4389
4.69,5,2,SS,,-0.1333,-0.432
4.695,5,2,SS,,-0.1312,-0.4251
4.7,5,2,SS,,-0.1291,-0.4182
4.705,5,2,SS,,-0.127,-0.4113
4.71,5,2,SS,,-0.1249,-0.4044
4.715,5,2,SS,,-0.1227,-0.3975
4.72,5,2,SS,,-0.1206,-0.3905
4.725,5,2,SS,,-0.1185,-0.3836
4.73,5,2,SS,,-0.1163,-0.3767
4.735,5,2,SS,,-0.1142,-0.3698
4.74,5,2,SS,,-0.1121,-0.3628
4.745,5,2,SS,,-0.1099,-0.3559
4.75,5,2,SS,,-0.1078,-0.349
4.755,5,2,SS,,-0.1057,-0.342
4.76,5,2,SS,,-0.1035,-0.3351
4.765,5,2,SS,,-0.1014,-0.3281
4.77,5,2,SS,,-0.0993,-0.3212
4.775,5,2,SS,,-0.0971,-0.3142
4.78,5,2,SS,,-0.095,-0.3073
4.785,5,2,SS,,-0.0928,-0.3003
4.79,5,2,SS,,-0.0907,-0.2934
4.795,5,2,SS,,-0.0885,-0.2864
4.8,5,2,SS,,-0.0864,-0.2795
4.805,5,2,SS,,-0.0843,-0.2725
4.81,5,2,SS,,-0.0821,-0.2655
4.815,5,2,SS,,-0.08,-0.2586
4.82,5,2,SS,,-0.0778,-0.2516
4.825,5,2,SS,,-0.0757,-0.2446
4.83,5,2,SS,,-0.0735,-0.2377
4.835,5,2,SS,,-0.0714,-0.2307
4.84,5,2,SS,,-0.0692,-0.2237
4.845,5,2,SS,,-0.067,-0.2168
4.85,5,2,SS,,-0.0649,-0.2098
4.855,5,2,SS,,-0.0627,-0.2028
4.86,5,2,SS,,-0.0606,-0.1958
4.865,5,2,SS,,-0.0584,-0.1888
4.87,5,2,SS,,-0.0563,-0.1819
4.875,5,2,SS,,-0.0541,-0.1749
4.88,5,2,SS,,-0.0519,-0.1679
4.885,5,2,SS,,-0.0498,-0.1609
4.89,5,2,SS,,-0.0476,-0.1539
4.895,5,2,SS,,-0.0455,-0.1469
4.9,5,2,SS,,-0.0433,-0.1399
4.905,5,2,SS,,-0.0411,-0.1329
4.91,5,2,SS,,-0.039,-0.126
4.915,5,2,SS,,-0.0368,-0.119
4.92,5,2,SS,,-0.0346,-0.112
4.925,5,2,SS,,-0.0325,-0.105
4.93,5,2,SS,,-0.0303,-0.098
4.935,5,2,SS,,-0.0282,-0.091
4.94,5,2,SS,,-0.026,-0.084
4.945,5,2,SS,,-0.0238,-0.077
4.95,5,2,SS,,-0.0217,-0.07
4.955,5,2,SS,,-0.0195,-0.063
4.96,5,2,SS,,-0.0173,-0.056
4.965,5,2,SS,,-0.0152,-0.049
4.97,5,2,SS,,-0.013,-0.042
4.975,5,2,SS,,-0.0108,-0.035
4.98,5,2,SS,,-0.0087,-0.028
4.985,5,2,SS,,-0.0065,-0.021
4.99,5,2,SS,,-0.0043,-0.014
4.995,5,2,SS,,-0.0022,-0.007
5,5,2,SS,,0,0
0,5,2.5,SS,,0,0
0.005,5,2.5,SS,,0.001,-0.0078
0.01,5,2.5,SS,,0.0021,-0.0156
0.015,5,2.5,SS,,0.0031,-0.0234
0.02,5,2.5,SS,,0.0042,-0.0312
0.025,5,2.5,SS,,0.0052,-0.0391
0.03,5,2.5,SS,,0.0062,-0.0469
0.035,5,2.5,SS,,0.0073,-0.0547
0.04,5,2.5,SS,,0.0083,-0.0625
0.045,5,2.5,SS,,0.0094,-0.0703
0.05,5,2.5,SS,,0.0104,-0.0781
0.055,5,2.5,SS,,0.0115,-0.0859
0.06,5,2.5,SS,,0.0125,-0.0937
0.065,5,2.5,SS,,0.0135,-0.1015
0.07,5,2.5,SS,,0.0146,-0.1093
0.075,5,2.5,SS,,0.0156,-0.1172
0.08,5,2.5,SS,,0.0166,-0.125
0.085,5,2.5,SS,,0.0177,-0.1328
0.09,5,2.5,SS,,0.0187,-0.1406
0.095,5,2.5,SS,,0.0198,-0.1484
0.1,5,2.5,SS,,0.0208,-0.1562
0.105,5,2.5,SS,,0.0218,-0.164
0.11,5,2.5,SS,,0.0229,-0.1718
0.115,5,2.5,SS,,0.0239,-0.1796
0.12,5,2.5,SS,,0.0249,-0.1874
0.125,5,2.5,SS,,0.026,-0.1951
0.13,5,2.5,SS,,0.027,-0.2029
0.135,5,2.5,SS,,0.028,-0.2107
0.14,5,2.5,SS,,0.0291,-0.2185
0.145,5,2.5,SS,,0.0301,-0.2263
0.15,5,2.5,SS,,0.0311,-0.2341
0.155,5,2.5,SS,,0.0322,-0.2419
0.16,5,2.5,SS,,0.0332,-0.2497
0.165,5,2.5,SS,,0.0342,-0.2574
0.17,5,2.5,SS,,0.0353,-0.2652
0.175,5,2.5,SS,,0.0363,-0.273
0.18,5,2.5,SS,,0.0373,-0.2808
0.185,5,2.5,SS,,0.0383,-0.2885
0.19,5,2.5,SS,,0.0394,-0.2963
0.195,5,2.5,SS,,0.0404,-0.3041
0.2,5,2.5,SS,,0.0414,-0.3118
0.205,5,2.5,SS,,0.0424,-0.3196
0.21,5,2.5,SS,,0.0434,-0.3274
0.215,5,2.5,SS,,0.0445,-0.3351
0.22,5,2.5,SS,,0.0455,-0.3429
0.225,5,2.5,SS,,0.0465,-0.3506
0.23,5,2.5,SS,,0.0475,-0.3584
0.235,5,2.5,SS,,0.0485,-0.3661
0.24,5,2.5,SS,,0.0495,-0.3738
0.245,5,2.5,SS,,0.0506,-0.3816
0.25,5,2.5,SS,,0.0516,-0.3893
0.255,5,2.5,SS,,0.0526,-0.3971
0.26,5,2.5,SS,,0.0536,-0.4048
0.265,5,2.5,SS,,0.0546,-0.4125
0.27,5,2.5,SS,,0.0556,-0.4202
0.275,5,2.5,SS,,0.0566,-0.428
0.28,5,2.5,SS,,0.0576,-0.4357
0.285,5,2.5,SS,,0.0586,-0.4434
0.29,5,2.5,SS,,0.0596,-0.4511
0.295,5,2.5,SS,,0.0606,-0.4588
0.3,5,2.5,SS,,0.0616,-0.4665
0.305,5,2.5,SS,,0.0626,-0.4742
0.31,5,2.5,SS,,0.0636,-0.4819
0.315,5,2.5,SS,,0.0646,-0.4896
0.32,5,2.5,SS,,0.0656,-0.4973
0.325,5,2.5,SS,,0.0666,-0.505
0.33,5,2.5,SS,,0.0676,-0.5126
0.335,5,2.5,SS,,0.0685,-0.5203
0.34,5,2.5,SS,,0.0695,-0.528
0.345,5,2.5,SS,,0.0705,-0.5356
0.35,5,2.5,SS,,0.0715,-0.5433
0.355,5,2.5,SS,,0.0725,-0.551
0.36,5,2.5,SS,,0.0734,-0.5586
0.365,5,2.5,SS,,0.0744,-0.5663
0.37,5,2.5,SS,,0.0754,-0.5739
0.375,5,2.5,SS,,0.0764,-0.5815
0.38,5,2.5,SS,,0.0773,-0.5892
0.385,5,2.5,SS,,0.0783,-0.5968
0.39,5,2.5,SS,,0.0793,-0.6044
0.395,5,2.5,SS,,0.0802,-0.6121
0.4,5,2.5,SS,,0.0812,-0.6197
0.405,5,2.5,SS,,0.0822,-0.6273
0.41,5,2.5,SS,,0.0831,-0.6349
0.415,5,2.5,SS,,0.0841,-0.6425
0.42,5,2.5,SS,,0.085,-0.6501
0.425,5,2.5,SS,,0.086,-0.6577
0.43,5,2.5,SS,,0.0869,-0.6652
0.435,5,2.5,SS,,0.0879,-0.6728
0.44,5,2.5,SS,,0.0888,-0.6804
0.445,5,2.5,SS,,0.0898,-0.688
0.45,5,2.5,SS,,0.0907,-0.6955
0.455,5,2.5,SS,,0.0917,-0.7031
0.46,5,2.5,SS,,0.0926,-0.7106
0.465,5,2.5,SS,,0.0935,-0.7182
0.47,5,2.5,SS,,0.0945,-0.7257
0.475,5,2.5,SS,,0.0954,-0.7333
0.48,5,2.5,SS,,0.0963,-0.7408
0.485,5,2.5,SS,,0.0972,-0.7483
0.49,5,2.5,SS,,0.0982,-0.7558
0.495,5,2.5,SS,,0.0991,-0.7633
0.5,5,2.5,SS,,0.1,-0.7708
0.505,5,2.5,SS,,0.1009,-0.7783
0.51,5,2.5,SS,,0.1018,-0.7858
0.515,5,2.5,SS,,0.1027,-0.7933
0.52,5,2.5,SS,,0.1036,-0.8008
0.525,5,2.5,SS,,0.1046,-0.8083
0.53,5,2.5,SS,,0.1055,-0.8157
0.535,5,2.5,SS,,0.1064,-0.8232
0.54,5,2.5,SS,,0.1073,-0.8306
0.545,5,2.5,SS,,0.1081,-0.8381
0.55,5,2.5,SS,,0.109,-0.8455
0.555,5,2.5,SS,,0.1099,-0.8529
0.56,5,2.5,SS,,0.1108,-0.8604
0.565,5,2.5,SS,,0.1117,-0.8678
0.57,5,2.5,SS,,0.1126,-0.8752
0.575,5,2.5,SS,,0.1135,-0.8826
0.58,5,2.5,SS,,0.1143,-0.89
0.585,5,2.5,SS,,0.1152,-0.8974
0.59,5,2.5,SS,,0.1161,-0.9048
0.595,5,2.5,SS,,0.1169,-0.9121
0.6,5,2.5,SS,,0.1178,-0.9195
0.605,5,2.5,SS,,0.1187,-0.9269
0.61,5,2.5,SS,,0.1195,-0.9342
0.615,5,2.5,SS,,0.1204,-0.9416
0.62,5,2.5,SS,,0.1212,-0.9489
0.625,5,2.5,SS,,0.1221,-0.9562
0.63,5,2.5,SS,,0.1229,-0.9635
0.635,5,2.5,SS,,0.1238,-0.9709
0.64,5,2.5,SS,,0.1246,-0.9782
0.645,5,2.5,SS,,0.1254,-0.9855
0.65,5,2.5,SS,,0.1263,-0.9927
0.655,5,2.5,SS,,0.1271,-1
0.66,5,2.5,SS,,0.1279,-1.0073
0.665,5,2.5,SS,,0.1287,-1.0146
0.67,5,2.5,SS,,0.1296,-1.0218
0.675,5,2.5,SS,,0.1304,-1.0291
0.68,5,2.5,SS,,0.1312,-1.0363
0.685,5,2.5,SS,,0.132,-1.0435
0.69,5,2.5,SS,,0.1328,-1.0507
0.695,5,2.5,SS,,0.1336,-1.058
0.7,5,2.5,SS,,0.1344,-1.0652
0.705,5,2.5,SS,,0.1352,-1.0724
0.71,5,2.5,SS,,0.136,-1.0795
0.715,5,2.5,SS,,0.1368,-1.0867
0.72,5,2.5,SS,,0.1376,-1.0939
0.725,5,2.5,SS,,0.1383,-1.1011
0.73,5,2.5,SS,,0.1391,-1.1082
0.735,5,2.5,SS,,0.1399,-1.1153
0.74,5,2.5,SS,,0.1407,-1.1225
0.745,5,2.5,SS,,0.1414,-1.1296
0.75,5,2.5,SS,,0.1422,-1.1367
0.755,5,2.5,SS,,0.1429,-1.1438
0.76,5,2.5,SS,,0.1437,-1.1509
0.765,5,2.5,SS,,0.1445,-1.158
0.77,5,2.5,SS,,0.1452,-1.1651
0.775,5,2.5,SS,,0.1459,-1.1721
0.78,5,2.5,SS,,0.1467,-1.1792
0.785,5,2.5,SS,,0.1474,-1.1863
0.79,5,2.5,SS,,0.1481,-1.1933
0.795,5,2.5,SS,,0.1489,-1.2003
0.8,5,2.5,SS,,0.1496,-1.2073
0.805,5,2.5,SS,,0.1503,-1.2143
0.81,5,2.5,SS,,0.151,-1.2213
0.815,5,2.5,SS,,0.1517,-1.2283
0.82,5,2.5,SS,,0.1525,-1.2353
0.825,5,2.5,SS,,0.1532,-1.2423
0.83,5,2.5,SS,,0.1539,-1.2492
0.835,5,2.5,SS,,0.1546,-1.2562
0.84,5,2.5,SS,,0.1552,-1.2631
0.845,5,2.5,SS,,0.1559,-1.27
0.85,5,2.5,SS,,0.1566,-1.2769
0.855,5,2.5,SS,,0.1573,-1.2839
0.86,5,2.5,SS,,0.158,-1.2907
0.865,5,2.5,SS,,0.1586,-1.2976
0.87,5,2.5,SS,,0.1593,-1.3045
0.875,5,2.5,SS,,0.16,-1.3114
0.88,5,2.5,SS,,0.1606,-1.3182
0.885,5,2.5,SS,,0.1613,-1.325
0.89,5,2.5,SS,,0.1619,-1.3319
0.895,5,2.5,SS,,0.1626,-1.3387
0.9,5,2.5,SS,,0.1632,-1.3455
0.905,5,2.5,SS,,0.1638,-1.3523
0.91,5,2.5,SS,,0.1645,-1.3591
0.915,5,2.5,SS,,0.1651,-1.3658
0.92,5,2.5,SS,,0.1657,-1.3726
0.925,5,2.5,SS,,0.1663,-1.3794
0.93,5,2.5,SS,,0.1669,-1.3861
0.935,5,2.5,SS,,0.1675,-1.3928
0.94,5,2.5,SS,,0.1681,-1.3995
0.945,5,2.5,SS,,0.1687,-1.4062
0.95,5,2.5,SS,,0.1693,-1.4129
0.955,5,2.5,SS,,0.1699,-1.4196
0.96,5,2.5,SS,,0.1705,-1.4263
0.965,5,2.5,SS,,0.1711,-1.4329
0.97,5,2.5,SS,,0.1717,-1.4396
0.975,5,2.5,SS,,0.1722,-1.4462
0.98,5,2.5,SS,,0.1728,-1.4528
0.985,5,2.5,SS,,0.1734,-1.4594
0.99,5,2.5,SS,,0.1739,-1.466
0.995,5,2.5,SS,,0.1745,-1.4726
1,5,2.5,SS,,0.175,-1.4792
1.005,5,2.5,SS,,0.1755,-1.4857
1.01,5,2.5,SS,,0.1761,-1.4923
1.015,5,2.5,SS,,0.1766,-1.4988
1.02,5,2.5,SS,,0.1771,-1.5053
1.025,5,2.5,SS,,0.1776,-1.5118
1.03,5,2.5,SS,,0.1782,-1.5183
1.035,5,2.5,SS,,0.1787,-1.5248
1.04,5,2.5,SS,,0.1792,-1.5313
1.045,5,2.5,SS,,0.1797,-1.5377
1.05,5,2.5,SS,,0.1802,-1.5442
1.055,5,2.5,SS,,0.1807,-1.5506
1.06,5,2.5,SS,,0.1811,-1.557
1.065,5,2.5,SS,,0.1816,-1.5634
1.07,5,2.5,SS,,0.1821,-1.5698
1.075,5,2.5,SS,,0.1825,-1.5762
1.08,5,2.5,SS,,0.183,-1.5825
1.085,5,2.5,SS,,0.1835,-1.5889
1.09,5,2.5,SS,,0.1839,-1.5952
1.095,5,2.5,SS,,0.1844,-1.6015
1.1,5,2.5,SS,,0.1848,-1.6078
1.105,5,2.5,SS,,0.1852,-1.6141
1.11,5,2.5,SS,,0.1857,-1.6204
1.115,5,2.5,SS,,0.1861,-1.6267
1.12,5,2.5,SS,,0.1865,-1.6329
1.125,5,2.5,SS,,0.1869,-1.6392
1.13,5,2.5,SS,,0.1873,-1.6454
1.135,5,2.5,SS,,0.1877,-1.6516
1.14,5,2.5,SS,,0.1881,-1.6578
1.145,5,2.5,SS,,0.1885,-1.664
1.15,5,2.5,SS,,0.1889,-1.6701
1.155,5,2.5,SS,,0.1893,-1.6763
1.16,5,2.5,SS,,0.1896,-1.6824
1.165,5,2.5,SS,,0.19,-1.6885
1.17,5,2.5,SS,,0.1904,-1.6947
1.175,5,2.5,SS,,0.1907,-1.7008
1.18,5,2.5,SS,,0.1911,-1.7068
1.185,5,2.5,SS,,0.1914,-1.7129
1.19,5,2.5,SS,,0.1917,-1.7189
1.195,5,2.5,SS,,0.1921,-1.725
1.2,5,2.5,SS,,0.1924,-1.731
1.205,5,2.5,SS,,0.1927,-1.737
1.21,5,2.5,SS,,0.193,-1.743
1.215,5,2.5,SS,,0.1933,-1.749
1.22,5,2.5,SS,,0.1936,-1.7549
1.225,5,2.5,SS,,0.1939,-1.7609
1.23,5,2.5,SS,,0.1942,-1.7668
1.235,5,2.5,SS,,0.1945,-1.7727
1.24,5,2.5,SS,,0.1948,-1.7786
1.245,5,2.5,SS,,0.195,-1.7845
1.25,5,2.5,SS,,0.1953,-1.7904
1.255,5,2.5,SS,,0.1956,-1.7962
1.26,5,2.5,SS,,0.1958,-1.8021
1.265,5,2.5,SS,,0.1961,-1.8079
1.27,5,2.5,SS,,0.1963,-1.8137
1.275,5,2.5,SS,,0.1965,-1.8195
1.28,5,2.5,SS,,0.1968,-1.8252
1.285,5,2.5,SS,,0.197,-1.831
1.29,5,2.5,SS,,0.1972,-1.8367
1.295,5,2.5,SS,,0.1974,-1.8425
1.3,5,2.5,SS,,0.1976,-1.8482
1.305,5,2.5,SS,,0.1978,-1.8539
1.31,5,2.5,SS,,0.198,-1.8595
1.315,5,2.5,SS,,0.1982,-1.8652
1.32,5,2.5,SS,,0.1983,-1.8708
1.325,5,2.5,SS,,0.1985,-1.8765
1.33,5,2.5,SS,,0.1987,-1.8821
1.335,5,2.5,SS,,0.1988,-1.8877
1.34,5,2.5,SS,,0.199,-1.8932
1.345,5,2.5,SS,,0.1991,-1.8988
1.35,5,2.5,SS,,0.1992,-1.9043
1.355,5,2.5,SS,,0.1994,-1.9099
1.36,5,2.5,SS,,0.1995,-1.9154
1.365,5,2.5,SS,,0.1996,-1.9209
1.37,5,2.5,SS,,0.1997,-1.9263
1.375,5,2.5,SS,,0.1998,-1.9318
1.38,5,2.5,SS,,0.1999,-1.9372
1.385,5,2.5,SS,,0.2,-1.9427
1.39,5,2.5,SS,,0.2001,-1.9481
1.395,5,2.5,SS,,0.2001,-1.9535
1.4,5,2.5,SS,,0.2002,-1.9588
1.405,5,2.5,SS,,0.2003,-1.9642
1.41,5,2.5,SS,,0.2003,-1.9695
1.415,5,2.5,SS,,0.2004,-1.9748
1.42,5,2.5,SS,,0.2004,-1.9801
1.425,5,2.5,SS,,0.2004,-1.9854
1.43,5,2.5,SS,,0.2004,-1.9907
1.435,5,2.5,SS,,0.2005,-1.9959
1.44,5,2.5,SS,,0.2005,-2.0012
1.445,5,2.5,SS,,0.2005,-2.0064
1.45,5,2.5,SS,,0.2005,-2.0116
1.455,5,2.5,SS,,0.2004,-2.0167
1.46,5,2.5,SS,,0.2004,-2.0219
1.465,5,2.5,SS,,0.2004,-2.027
1.47,5,2.5,SS,,0.2004,-2.0322
1.475,5,2.5,SS,,0.2003,-2.0373
1.48,5,2.5,SS,,0.2003,-2.0424
1.485,5,2.5,SS,,0.2002,-2.0474
1.49,5,2.5,SS,,0.2002,-2.0525
1.495,5,2.5,SS,,0.2001,-2.0575
1.5,5,2.5,SS,,0.2,-2.0625
1.505,5,2.5,SS,,0.1999,-2.0675
1.51,5,2.5,SS,,0.1998,-2.0725
1.515,5,2.5,SS,,0.1997,-2.0774
1.52,5,2.5,SS,,0.1996,-2.0823
1.525,5,2.5,SS,,0.1995,-2.0873
1.53,5,2.5,SS,,0.1994,-2.0922
1.535,5,2.5,SS,,0.1992,-2.097
1.54,5,2.5,SS,,0.1991,-2.1019
1.545,5,2.5,SS,,0.1989,-2.1067
1.55,5,2.5,SS,,0.1988,-2.1116
1.555,5,2.5,SS,,0.1986,-2.1164
1.56,5,2.5,SS,,0.1985,-2.1211
1.565,5,2.5,SS,,0.1983,-2.1259
1.57,5,2.5,SS,,0.1981,-2.1306
1.575,5,2.5,SS,,0.1979,-2.1354
1.58,5,2.5,SS,,0.1977,-2.1401
1.585,5,2.5,SS,,0.1975,-2.1447
1.59,5,2.5,SS,,0.1973,-2.1494
1.595,5,2.5,SS,,0.197,-2.154
1.6,5,2.5,SS,,0.1968,-2.1587
1.605,5,2.5,SS,,0.1966,-2.1633
1.61,5,2.5,SS,,0.1963,-2.1679
1.615,5,2.5,SS,,0.196,-2.1724
1.62,5,2.5,SS,,0.1958,-2.177
1.625,5,2.5,SS,,0.1955,-2.1815
1.63,5,2.5,SS,,0.1952,-2.186
1.635,5,2.5,SS,,0.1949,-2.1905
1.64,5,2.5,SS,,0.1946,-2.1949
1.645,5,2.5,SS,,0.1943,-2.1994
1.65,5,2.5,SS,,0.194,-2.2038
1.655,5,2.5,SS,,0.1937,-2.2082
1.66,5,2.5,SS,,0.1934,-2.2126
1.665,5,2.5,SS,,0.193,-2.2169
1.67,5,2.5,SS,,0.1927,-2.2213
1.675,5,2.5,SS,,0.1923,-2.2256
1.68,5,2.5,SS,,0.1919,-2.2299
1.685,5,2.5,SS,,0.1916,-2.2341
1.69,5,2.5,SS,,0.1912,-2.2384
1.695,5,2.5,SS,,0.1908,-2.2426
1.7,5,2.5,SS,,0.1904,-2.2468
1.705,5,2.5,SS,,0.19,-2.251
1.71,5,2.5,SS,,0.1896,-2.2552
1.715,5,2.5,SS,,0.1892,-2.2593
1.72,5,2.5,SS,,0.1887,-2.2635
1.725,5,2.5,SS,,0.1883,-2.2676
1.73,5,2.5,SS,,0.1878,-2.2716
1.735,5,2.5,SS,,0.1874,-2.2757
1.74,5,2.5,SS,,0.1869,-2.2797
1.745,5,2.5,SS,,0.1864,-2.2838
1.75,5,2.5,SS,,0.1859,-2.2878
1.755,5,2.5,SS,,0.1854,-2.2917
1.76,5,2.5,SS,,0.1849,-2.2957
1.765,5,2.5,SS,,0.1844,-2.2996
1.77,5,2.5,SS,,0.1839,-2.3035
1.775,5,2.5,SS,,0.1834,-2.3074
1.78,5,2.5,SS,,0.1828,-2.3113
1.785,5,2.5,SS,,0.1823,-2.3151
1.79,5,2.5,SS,,0.1817,-2.3189
1.795,5,2.5,SS,,0.1812,-2.3227
1.8,5,2.5,SS,,0.1806,-2.3265
1.805,5,2.5,SS,,0.18,-2.3303
1.81,5,2.5,SS,,0.1794,-2.334
1.815,5,2.5,SS,,0.1788,-2.3377
1.82,5,2.5,SS,,0.1782,-2.3414
1.825,5,2.5,SS,,0.1776,-2.345
1.83,5,2.5,SS,,0.177,-2.3487
1.835,5,2.5,SS,,0.1763,-2.3523
1.84,5,2.5,SS,,0.1757,-2.3559
1.845,5,2.5,SS,,0.175,-2.3594
1.85,5,2.5,SS,,0.1744,-2.363
1.855,5,2.5,SS,,0.1737,-2.3665
1.86,5,2.5,SS,,0.173,-2.37
1.865,5,2.5,SS,,0.1723,-2.3735
1.87,5,2.5,SS,,0.1716,-2.3769
1.875,5,2.5,SS,,0.1709,-2.3804
1.88,5,2.5,SS,,0.1702,-2.3838
1.885,5,2.5,SS,,0.1694,-2.3872
1.89,5,2.5,SS,,0.1687,-2.3905
1.895,5,2.5,SS,,0.168,-2.3939
1.9,5,2.5,SS,,0.1672,-2.3972
1.905,5,2.5,SS,,0.1664,-2.4005
1.91,5,2.5,SS,,0.1657,-2.4037
1.915,5,2.5,SS,,0.1649,-2.407
1.92,5,2.5,SS,,0.1641,-2.4102
1.925,5,2.5,SS,,0.1633,-2.4134
1.93,5,2.5,SS,,0.1624,-2.4165
1.935,5,2.5,SS,,0.1616,-2.4197
1.94,5,2.5,SS,,0.1608,-2.4228
1.945,5,2.5,SS,,0.1599,-2.4259
1.95,5,2.5,SS,,0.1591,-2.429
1.955,5,2.5,SS,,0.1582,-2.432
1.96,5,2.5,SS,,0.1573,-2.435
1.965,5,2.5,SS,,0.1565,-2.438
1.97,5,2.5,SS,,0.1556,-2.441
1.975,5,2.5,SS,,0.1547,-2.444
1.98,5,2.5,SS,,0.1538,-2.4469
1.985,5,2.5,SS,,0.1528,-2.4498
1.99,5,2.5,SS,,0.1519,-2.4527
1.995,5,2.5,SS,,0.151,-2.4555
2,5,2.5,SS,,0.15,-2.4583
2.005,5,2.5,SS,,0.149,-2.4611
2.01,5,2.5,SS,,0.1481,-2.4639
2.015,5,2.5,SS,,0.1471,-2.4667
2.02,5,2.5,SS,,0.1461,-2.4694
2.025,5,2.5,SS,,0.1451,-2.4721
2.03,5,2.5,SS,,0.1441,-2.4748
2.035,5,2.5,SS,,0.143,-2.4774
2.04,5,2.5,SS,,0.142,-2.48
2.045,5,2.5,SS,,0.141,-2.4826
2.05,5,2.5,SS,,0.1399,-2.4852
2.055,5,2.5,SS,,0.1388,-2.4877
2.06,5,2.5,SS,,0.1378,-2.4903
2.065,5,2.5,SS,,0.1367,-2.4928
2.07,5,2.5,SS,,0.1356,-2.4952
2.075,5,2.5,SS,,0.1345,-2.4977
2.08,5,2.5,SS,,0.1334,-2.5001
2.085,5,2.5,SS,,0.1322,-2.5025
2.09,5,2.5,SS,,0.1311,-2.5048
2.095,5,2.5,SS,,0.13,-2.5072
2.1,5,2.5,SS,,0.1288,-2.5095
2.105,5,2.5,SS,,0.1276,-2.5118
2.11,5,2.5,SS,,0.1265,-2.514
2.115,5,2.5,SS,,0.1253,-2.5163
2.12,5,2.5,SS,,0.1241,-2.5185
2.125,5,2.5,SS,,0.1229,-2.5207
2.13,5,2.5,SS,,0.1216,-2.5228
2.135,5,2.5,SS,,0.1204,-2.525
2.14,5,2.5,SS,,0.1192,-2.5271
2.145,5,2.5,SS,,0.1179,-2.5291
2.15,5,2.5,SS,,0.1166,-2.5312
2.155,5,2.5,SS,,0.1154,-2.5332
2.16,5,2.5,SS,,0.1141,-2.5352
2.165,5,2.5,SS,,0.1128,-2.5372
2.17,5,2.5,SS,,0.1115,-2.5391
2.175,5,2.5,SS,,0.1102,-2.541
2.18,5,2.5,SS,,0.1088,-2.5429
2.185,5,2.5,SS,,0.1075,-2.5448
2.19,5,2.5,SS,,0.1061,-2.5466
2.195,5,2.5,SS,,0.1048,-2.5484
2.2,5,2.5,SS,,0.1034,-2.5502
2.205,5,2.5,SS,,0.102,-2.5519
2.21,5,2.5,SS,,0.1006,-2.5536
2.215,5,2.5,SS,,0.0992,-2.5553
2.22,5,2.5,SS,,0.0978,-2.557
2.225,5,2.5,SS,,0.0964,-2.5586
2.23,5,2.5,SS,,0.0949,-2.5602
2.235,5,2.5,SS,,0.0935,-2.5618
2.24,5,2.5,SS,,0.092,-2.5634
2.245,5,2.5,SS,,0.0905,-2.5649
2.25,5,2.5,SS,,0.0891,-2.5664
2.255,5,2.5,SS,,0.0876,-2.5679
2.26,5,2.5,SS,,0.0861,-2.5693
2.265,5,2.5,SS,,0.0845,-2.5707
2.27,5,2.5,SS,,0.083,-2.5721
2.275,5,2.5,SS,,0.0815,-2.5735
2.28,5,2.5,SS,,0.0799,-2.5748
2.285,5,2.5,SS,,0.0784,-2.5761
2.29,5,2.5,SS,,0.0768,-2.5774
2.295,5,2.5,SS,,0.0752,-2.5786
2.3,5,2.5,SS,,0.0736,-2.5798
2.305,5,2.5,SS,,0.072,-2.581
2.31,5,2.5,SS,,0.0704,-2.5822
2.315,5,2.5,SS,,0.0687,-2.5833
2.32,5,2.5,SS,,0.0671,-2.5844
2.325,5,2.5,SS,,0.0654,-2.5855
2.33,5,2.5,SS,,0.0638,-2.5865
2.335,5,2.5,SS,,0.0621,-2.5875
2.34,5,2.5,SS,,0.0604,-2.5885
2.345,5,2.5,SS,,0.0587,-2.5895
2.35,5,2.5,SS,,0.057,-2.5904
2.355,5,2.5,SS,,0.0553,-2.5913
2.36,5,2.5,SS,,0.0535,-2.5921
2.365,5,2.5,SS,,0.0518,-2.593
2.37,5,2.5,SS,,0.05,-2.5938
2.375,5,2.5,SS,,0.0482,-2.5946
2.38,5,2.5,SS,,0.0465,-2.5953
2.385,5,2.5,SS,,0.0447,-2.596
2.39,5,2.5,SS,,0.0429,-2.5967
2.395,5,2.5,SS,,0.041,-2.5974
2.4,5,2.5,SS,,0.0392,-2.598
2.405,5,2.5,SS,,0.0374,-2.5986
2.41,5,2.5,SS,,0.0355,-2.5992
2.415,5,2.5,SS,,0.0336,-2.5997
2.42,5,2.5,SS,,0.0318,-2.6002
2.425,5,2.5,SS,,0.0299,-2.6007
2.43,5,2.5,SS,,0.028,-2.6011
2.435,5,2.5,SS,,0.026,-2.6015
2.44,5,2.5,SS,,0.0241,-2.6019
2.445,5,2.5,SS,,0.0222,-2.6023
2.45,5,2.5,SS,,0.0202,-2.6026
2.455,5,2.5,SS,,0.0182,-2.6029
2.46,5,2.5,SS,,0.0163,-2.6032
2.465,5,2.5,SS,,0.0143,-2.6034
2.47,5,2.5,SS,,0.0123,-2.6036
2.475,5,2.5,SS,,0.0103,-2.6038
2.48,5,2.5,SS,,0.0082,-2.6039
2.485,5,2.5,SS,,0.0062,-2.604
2.49,5,2.5,SS,,0.0041,-2.6041
2.495,5,2.5,SS,,0.0021,-2.6042
2.5,5,2.5,SS,,0,-2.6042
2.505,5,2.5,SS,,-0.0021,-2.6042
2.51,5,2.5,SS,,-0.0041,-2.6041
2.515,5,2.5,SS,,-0.0062,-2.604
2.52,5,2.5,SS,,-0.0082,-2.6039
2.525,5,2.5,SS,,-0.0103,-2.6038
2.53,5,2.5,SS,,-0.0123,-2.6036
2.535,5,2.5,SS,,-0.0143,-2.6034
2.54,5,2.5,SS,,-0.0163,-2.6032
2.545,5,2.5,SS,,-0.0182,-2.6029
2.55,5,2.5,SS,,-0.0202,-2.6026
2.555,5,2.5,SS,,-0.0222,-2.6023
2.56,5,2.5,SS,,-0.0241,-2.6019
2.565,5,2.5,SS,,-0.026,-2.6015
2.57,5,2.5,SS,,-0.028,-2.6011
2.575,5,2.5,SS,,-0.0299,-2.6007
2.58,5,2.5,SS,,-0.0318,-2.6002
2.585,5,2.5,SS,,-0.0336,-2.5997
2.59,5,2.5,SS,,-0.0355,-2.5992
2.595,5,2.5,SS,,-0.0374,-2.5986
2.6,5,2.5,SS,,-0.0392,-2.598
2.605,5,2.5,SS,,-0.041,-2.5974
2.61,5,2.5,SS,,-0.0429,-2.5967
2.615,5,2.5,SS,,-0.0447,-2.596
2.62,5,2.5,SS,,-0.0465,-2.5953
2.625,5,2.5,SS,,-0.0482,-2.5946
2.63,5,2.5,SS,,-0.05,-2.5938
2.635,5,2.5,SS,,-0.0518,-2.593
2.64,5,2.5,SS,,-0.0535,-2.5921
2.645,5,2.5,SS,,-0.0553,-2.5913
2.65,5,2.5,SS,,-0.057,-2.5904
2.655,5,2.5,SS,,-0.0587,-2.5895
2.66,5,2.5,SS,,-0.0604,-2.5885
2.665,5,2.5,SS,,-0.0621,-2.5875
2.67,5,2.5,SS,,-0.0638,-2.5865
2.675,5,2.5,SS,,-0.0654,-2.5855
2.68,5,2.5,SS,,-0.0671,-2.5844
2.685,5,2.5,SS,,-0.0687,-2.5833
2.69,5,2.5,SS,,-0.0704,-2.5822
2.695,5,2.5,SS,,-0.072,-2.581
2.7,5,2.5,SS,,-0.0736,-2.5798
2.705,5,2.5,SS,,-0.0752,-2.5786
2.71,5,2.5,SS,,-0.0768,-2.5774
2.715,5,2.5,SS,,-0.0784,-2.5761
2.72,5,2.5,SS,,-0.0799,-2.5748
2.725,5,2.5,SS,,-0.0815,-2.5735
2.73,5,2.5,SS,,-0.083,-2.5721
2.735,5,2.5,SS,,-0.0845,-2.5707
2.74,5,2.5,SS,,-0.0861,-2.5693
2.745,5,2.5,SS,,-0.0876,-2.5679
2.75,5,2.5,SS,,-0.0891,-2.5664
2.755,5,2.5,SS,,-0.0905,-2.5649
2.76,5,2.5,SS,,-0.092,-2.5634
2.765,5,2.5,SS,,-0.0935,-2.5618
2.77,5,2.5,SS,,-0.0949,-2.5602
2.775,5,2.5,SS,,-0.0964,-2.5586
2.78,5,2.5,SS,,-0.0978,-2.557
2.785,5,2.5,SS,,-0.0992,-2.5553
2.79,5,2.5,SS,,-0.1006,-2.5536
2.795,5,2.5,SS,,-0.102,-2.5519
2.8,5,2.5,SS,,-0.1034,-2.5502
2.805,5,2.5,SS,,-0.1048,-2.5484
2.81,5,2.5,SS,,-0.1061,-2.5466
2.815,5,2.5,SS,,-0.1075,-2.5448
2.82,5,2.5,SS,,-0.1088,-2.5429
2.825,5,2.5,SS,,-0.1102,-2.541
2.83,5,2.5,SS,,-0.1115,-2.5391
2.835,5,2.5,SS,,-0.1128,-2.5372
2.84,5,2.5,SS,,-0.1141,-2.5352
2.845,5,2.5,SS,,-0.1154,-2.5332
2.85,5,2.5,SS,,-0.1166,-2.5312
2.855,5,2.5,SS,,-0.1179,-2.5291
2.86,5,2.5,SS,,-0.1192,-2.5271
2.865,5,2.5,SS,,-0.1204,-2.525
2.87,5,2.5,SS,,-0.1216,-2.5228
2.875,5,2.5,SS,,-0.1229,-2.5207
2.88,5,2.5,SS,,-0.1241,-2.5185
2.885,5,2.5,SS,,-0.1253,-2.5163
2.89,5,2.5,SS,,-0.1265,-2.514
2.895,5,2.5,SS,,-0.1276,-2.5118
2.9,5,2.5,SS,,-0.1288,-2.5095
2.905,5,2.5,SS,,-0.13,-2.5072
2.91,5,2.5,SS,,-0.1311,-2.5048
2.915,5,2.5,SS,,-0.1322,-2.5025
2.92,5,2.5,SS,,-0.1334,-2.5001
2.925,5,2.5,SS,,-0.1345,-2.4977
2.93,5,2.5,SS,,-0.1356,-2.4952
2.935,5,2.5,SS,,-0.1367,-2.4928
2.94,5,2.5,SS,,-0.1378,-2.4903
2.945,5,2.5,SS,,-0.1388,-2.4877
2.95,5,2.5,SS,,-0.1399,-2.4852
2.955,5,2.5,SS,,-0.141,-2.4826
2.96,5,2.5,SS,,-0.142,-2.48
2.965,5,2.5,SS,,-0.143,-2.4774
2.97,5,2.5,SS,,-0.1441,-2.4748
2.975,5,2.5,SS,,-0.1451,-2.4721
2.98,5,2.5,SS,,-0.1461,-2.4694
2.985,5,2.5,SS,,-0.1471,-2.4667
2.99,5,2.5,SS,,-0.1481,-2.4639
2.995,5,2.5,SS,,-0.149,-2.4611
3,5,2.5,SS,,-0.15,-2.4583
3.005,5,2.5,SS,,-0.151,-2.4555
3.01,5,2.5,SS,,-0.1519,-2.4527
3.015,5,2.5,SS,,-0.1528,-2.4498
3.02,5,2.5,SS,,-0.1538,-2.4469
3.025,5,2.5,SS,,-0.1547,-2.444
3.03,5,2.5,SS,,-0.1556,-2.441
3.035,5,2.5,SS,,-0.1565,-2.438
3.04,5,2.5,SS,,-0.1573,-2.435
3.045,5,2.5,SS,,-0.1582,-2.432
3.05,5,2.5,SS,,-0.1591,-2.429
3.055,5,2.5,SS,,-0.1599,-2.4259
3.06,5,2.5,SS,,-0.1608,-2.4228
3.065,5,2.5,SS,,-0.1616,-2.4197
3.07,5,2.5,SS,,-0.1624,-2.4165
3.075,5,2.5,SS,,-0.1633,-2.4134
3.08,5,2.5,SS,,-0.1641,-2.4102
3.085,5,2.5,SS,,-0.1649,-2.407
3.09,5,2.5,SS,,-0.1657,-2.4037
3.095,5,2.5,SS,,-0.1664,-2.4005
3.1,5,2.5,SS,,-0.1672,-2.3972
3.105,5,2.5,SS,,-0.168,-2.3939
3.11,5,2.5,SS,,-0.1687,-2.3905
3.115,5,2.5,SS,,-0.1694,-2.3872
3.12,5,2.5,SS,,-0.1702,-2.3838
3.125,5,2.5,SS,,-0.1709,-2.3804
3.13,5,2.5,SS,,-0.1716,-2.3769
3.135,5,2.5,SS,,-0.1723,-2.3735
3.14,5,2.5,SS,,-0.173,-2.37
3.145,5,2.5,SS,,-0.1737,-2.3665
3.15,5,2.5,SS,,-0.1744,-2.363
3.155,5,2.5,SS,,-0.175,-2.3594
3.16,5,2.5,SS,,-0.1757,-2.3559
3.165,5,2.5,SS,,-0.1763,-2.3523
3.17,5,2.5,SS,,-0.177,-2.3487
3.175,5,2.5,SS,,-0.1776,-2.345
3.18,5,2.5,SS,,-0.1782,-2.3414
3.185,5,2.5,SS,,-0.1788,-2.3377
3.19,5,2.5,SS,,-0.1794,-2.334
3.195,5,2.5,SS,,-0.18,-2.3303
3.2,5,2.5,SS,,-0.1806,-2.3265
3.205,5,2.5,SS,,-0.1812,-2.3227
3.21,5,2.5,SS,,-0.1817,-2.3189
3.215,5,2.5,SS,,-0.1823,-2.3151
3.22,5,2.5,SS,,-0.1828,-2.3113
3.225,5,2.5,SS,,-0.1834,-2.3074
3.23,5,2.5,SS,,-0.1839,-2.3035
3.235,5,2.5,SS,,-0.1844,-2.2996
3.24,5,2.5,SS,,-0.1849,-2.2957
3.245,5,2.5,SS,,-0.1854,-2.2917
3.25,5,2.5,SS,,-0.1859,-2.2878
3.255,5,2.5,SS,,-0.1864,-2.2838
3.26,5,2.5,SS,,-0.1869,-2.2797
3.265,5,2.5,SS,,-0.1874,-2.2757
3.27,5,2.5,SS,,-0.1878,-2.2716
3.275,5,2.5,SS,,-0.1883,-2.2676
3.28,5,2.5,SS,,-0.1887,-2.2635
3.285,5,2.5,SS,,-0.1892,-2.2593
3.29,5,2.5,SS,,-0.1896,-2.2552
3.295,5,2.5,SS,,-0.19,-2.251
3.3,5,2.5,SS,,-0.1904,-2.2468
3.305,5,2.5,SS,,-0.1908,-2.2426
3.31,5,2.5,SS,,-0.1912,-2.2384
3.315,5,2.5,SS,,-0.1916,-2.2341
3.32,5,2.5,SS,,-0.1919,-2.2299
3.325,5,2.5,SS,,-0.1923,-2.2256
3.33,5,2.5,SS,,-0.1927,-2.2213
3.335,5,2.5,SS,,-0.193,-2.2169
3.34,5,2.5,SS,,-0.1934,-2.2126
3.345,5,2.5,SS,,-0.1937,-2.2082
3.35,5,2.5,SS,,-0.194,-2.2038
3.355,5,2.5,SS,,-0.1943,-2.1994
3.36,5,2.5,SS,,-0.1946,-2.1949
3.365,5,2.5,SS,,-0.1949,-2.1905
3.37,5,2.5,SS,,-0.1952,-2.186
3.375,5,2.5,SS,,-0.1955,-2.1815
3.38,5,2.5,SS,,-0.1958,-2.177
3.385,5,2.5,SS,,-0.196,-2.1724
3.39,5,2.5,SS,,-0.1963,-2.1679
3.395,5,2.5,SS,,-0.1966,-2.1633
3.4,5,2.5,SS,,-0.1968,-2.1587
3.405,5,2.5,SS,,-0.197,-2.154
3.41,5,2.5,SS,,-0.1973,-2.1494
3.415,5,2.5,SS,,-0.1975,-2.1447
3.42,5,2.5,SS,,-0.1977,-2.1401
3.425,5,2.5,SS,,-0.1979,-2.1354
3.43,5,2.5,SS,,-0.1981,-2.1306
3.435,5,2.5,SS,,-0.1983,-2.1259
3.44,5,2.5,SS,,-0.1985,-2.1211
3.445,5,2.5,SS,,-0.1986,-2.1164
3.45,5,2.5,SS,,-0.1988,-2.1116
3.455,5,2.5,SS,,-0.1989,-2.1067
3.46,5,2.5,SS,,-0.1991,-2.1019
3.465,5,2.5,SS,,-0.1992,-2.097
3.47,5,2.5,SS,,-0.1994,-2.0922
3.475,5,2.5,SS,,-0.1995,-2.0873
3.48,5,2.5,SS,,-0.1996,-2.0823
3.485,5,2.5,SS,,-0.1997,-2.0774
3.49,5,2.5,SS,,-0.1998,-2.0725
3.495,5,2.5,SS,,-0.1999,-2.0675
3.5,5,2.5,SS,,-0.2,-2.0625
3.505,5,2.5,SS,,-0.2001,-2.0575
3.51,5,2.5,SS,,-0.2002,-2.0525
3.515,5,2.5,SS,,-0.2002,-2.0474
3.52,5,2.5,SS,,-0.2003,-2.0424
3.525,5,2.5,SS,,-0.2003,-2.0373
3.53,5,2.5,SS,,-0.2004,-2.0322
3.535,5,2.5,SS,,-0.2004,-2.027
3.54,5,2.5,SS,,-0.2004,-2.0219
3.545,5,2.5,SS,,-0.2004,-2.0167
3.55,5,2.5,SS,,-0.2005,-2.0116
3.555,5,2.5,SS,,-0.2005,-2.0064
3.56,5,2.5,SS,,-0.2005,-2.0012
3.565,5,2.5,SS,,-0.2005,-1.9959
3.57,5,2.5,SS,,-0.2004,-1.9907
3.575,5,2.5,SS,,-0.2004,-1.9854
3.58,5,2.5,SS,,-0.2004,-1.9801
3.585,5,2.5,SS,,-0.2004,-1.9748
3.59,5,2.5,SS,,-0.2003,-1.9695
3.595,5,2.5,SS,,-0.2003,-1.9642
3.6,5,2.5,SS,,-0.2002,-1.9588
3.605,5,2.5,SS,,-0.2001,-1.9535
3.61,5,2.5,SS,,-0.2001,-1.9481
3.615,5,2.5,SS,,-0.2,-1.9427
3.62,5,2.5,SS,,-0.1999,-1.9372
3.625,5,2.5,SS,,-0.1998,-1.9318
3.63,5,2.5,SS,,-0.1997,-1.9263
3.635,5,2.5,SS,,-0.1996,-1.9209
3.64,5,2.5,SS,,-0.1995,-1.9154
3.645,5,2.5,SS,,-0.1994,-1.9099
3.65,5,2.5,SS,,-0.1992,-1.9043
3.655,5,2.5,SS,,-0.1991,-1.8988
3.66,5,2.5,SS,,-0.199,-1.8932
3.665,5,2.5,SS,,-0.1988,-1.8877
3.67,5,2.5,SS,,-0.1987,-1.8821
3.675,5,2.5,SS,,-0.1985,-1.8765
3.68,5,2.5,SS,,-0.1983,-1.8708
3.685,5,2.5,SS,,-0.1982,-1.8652
3.69,5,2.5,SS,,-0.198,-1.8595
3.695,5,2.5,SS,,-0.1978,-1.8539
3.7,5,2.5,SS,,-0.1976,-1.8482
3.705,5,2.5,SS,,-0.1974,-1.8425
3.71,5,2.5,SS,,-0.1972,-1.8367
3.715,5,2.5,SS,,-0.197,-1.831
3.72,5,2.5,SS,,-0.1968,-1.8252
3.725,5,2.5,SS,,-0.1965,-1.8195
3.73,5,2.5,SS,,-0.1963,-1.8137
3.735,5,2.5,SS,,-0.1961,-1.8079
3.74,5,2.5,SS,,-0.1958,-1.8021
3.745,5,2.5,SS,,-0.1956,-1.7962
3.75,5,2.5,SS,,-0.1953,-1.7904
3.755,5,2.5,SS,,-0.195,-1.7845
3.76,5,2.5,SS,,-0.1948,-1.7786
3.765,5,2.5,SS,,-0.1945,-1.7727
3.77,5,2.5,SS,,-0.1942,-1.7668
3.775,5,2.5,SS,,-0.1939,-1.7609
3.78,5,2.5,SS,,-0.1936,-1.7549
3.785,5,2.5,SS,,-0.1933,-1.749
3.79,5,2.5,SS,,-0.193,-1.743
3.795,5,2.5,SS,,-0.1927,-1.737
3.8,5,2.5,SS,,-0.1924,-1.731
3.805,5,2.5,SS,,-0.1921,-1.725
3.81,5,2.5,SS,,-0.1917,-1.7189
3.815,5,2.5,SS,,-0.1914,-1.7129
3.82,5,2.5,SS,,-0.1911,-1.7068
3.825,5,2.5,SS,,-0.1907,-1.7008
3.83,5,2.5,SS,,-0.1904,-1.6947
3.835,5,2.5,SS,,-0.19,-1.6885
3.84,5,2.5,SS,,-0.1896,-1.6824
3.845,5,2.5,SS,,-0.1893,-1.6763
3.85,5,2.5,SS,,-0.1889,-1.6701
3.855,5,2.5,SS,,-0.1885,-1.664
3.86,5,2.5,SS,,-0.1881,-1.6578
3.865,5,2.5,SS,,-0.1877,-1.6516
3.87,5,2.5,SS,,-0.1873,-1.6454
3.875,5,2.5,SS,,-0.1869,-1.6392
3.88,5,2.5,SS,,-0.1865,-1.6329
3.885,5,2.5,SS,,-0.1861,-1.6267
3.89,5,2.5,SS,,-0.1857,-1.6204
3.895,5,2.5,SS,,-0.1852,-1.6141
3.9,5,2.5,SS,,-0.1848,-1.6078
3.905,5,2.5,SS,,-0.1844,-1.6015
3.91,5,2.5,SS,,-0.1839,-1.5952
3.915,5,2.5,SS,,-0.1835,-1.5889
3.92,5,2.5,SS,,-0.183,-1.5825
3.925,5,2.5,SS,,-0.1825,-1.5762
3.93,5,2.5,SS,,-0.1821,-1.5698
3.935,5,2.5,SS,,-0.1816,-1.5634
3.94,5,2.5,SS,,-0.1811,-1.557
3.945,5,2.5,SS,,-0.1807,-1.5506
3.95,5,2.5,SS,,-0.1802,-1.5442
3.955,5,2.5,SS,,-0.1797,-1.5377
3.96,5,2.5,SS,,-0.1792,-1.5313
3.965,5,2.5,SS,,-0.1787,-1.5248
3.97,5,2.5,SS,,-0.1782,-1.5183
3.975,5,2.5,SS,,-0.1776,-1.5118
3.98,5,2.5,SS,,-0.1771,-1.5053
3.985,5,2.5,SS,,-0.1766,-1.4988
3.99,5,2.5,SS,,-0.1761,-1.4923
3.995,5,2.5,SS,,-0.1755,-1.4857
4,5,2.5,SS,,-0.175,-1.4792
4.005,5,2.5,SS,,-0.1745,-1.4726
4.01,5,2.5,SS,,-0.1739,-1.466
4.015,5,2.5,SS,,-0.1734,-1.4594
4.02,5,2.5,SS,,-0.1728,-1.4528
4.025,5,2.5,SS,,-0.1722,-1.4462
4.03,5,2.5,SS,,-0.1717,-1.4396
4.035,5,2.5,SS,,-0.1711,-1.4329
4.04,5,2.5,SS,,-0.1705,-1.4263
4.045,5,2.5,SS,,-0.1699,-1.4196
4.05,5,2.5,SS,,-0.1693,-1.4129
4.055,5,2.5,SS,,-0.1687,-1.4062
4.06,5,2.5,SS,,-0.1681,-1.3995
4.065,5,2.5,SS,,-0.1675,-1.3928
4.07,5,2.5,SS,,-0.1669,-1.3861
4.075,5,2.5,SS,,-0.1663,-1.3794
4.08,5,2.5,SS,,-0.1657,-1.3726
4.085,5,2.5,SS,,-0.1651,-1.3658
4.09,5,2.5,SS,,-0.1645,-1.3591
4.095,5,2.5,SS,,-0.1638,-1.3523
4.1,5,2.5,SS,,-0.1632,-1.3455
4.105,5,2.5,SS,,-0.1626,-1.3387
4.11,5,2.5,SS,,-0.1619,-1.3319
4.115,5,2.5,SS,,-0.1613,-1.325
4.12,5,2.5,SS,,-0.1606,-1.3182
4.125,5,2.5,SS,,-0.16,-1.3114
4.13,5,2.5,SS,,-0.1593,-1.3045
4.135,5,2.5,SS,,-0.1586,-1.2976
4.14,5,2.5,SS,,-0.158,-1.2907
4.145,5,2.5,SS,,-0.1573,-1.2839
4.15,5,2.5,SS,,-0.1566,-1.2769
4.155,5,2.5,SS,,-0.1559,-1.27
4.16,5,2.5,SS,,-0.1552,-1.2631
4.165,5,2.5,SS,,-0.1546,-1.2562
4.17,5,2.5,SS,,-0.1539,-1.2492
4.175,5,2.5,SS,,-0.1532,-1.2423
4.18,5,2.5,SS,,-0.1525,-1.2353
4.185,5,2.5,SS,,-0.1517,-1.2283
4.19,5,2.5,SS,,-0.151,-1.2213
4.195,5,2.5,SS,,-0.1503,-1.2143
4.2,5,2.5,SS,,-0.1496,-1.2073
4.205,5,2.5,SS,,-0.1489,-1.2003
4.21,5,2.5,SS,,-0.1481,-1.1933
4.215,5,2.5,SS,,-0.1474,-1.1863
4.22,5,2.5,SS,,-0.1467,-1.1792
4.225,5,2.5,SS,,-0.1459,-1.1721
4.23,5,2.5,SS,,-0.1452,-1.1651
4.235,5,2.5,SS,,-0.1445,-1.158
4.24,5,2.5,SS,,-0.1437,-1.1509
4.245,5,2.5,SS,,-0.1429,-1.1438
4.25,5,2.5,SS,,-0.1422,-1.1367
4.255,5,2.5,SS,,-0.1414,-1.1296
4.26,5,2.5,SS,,-0.1407,-1.1225
4.265,5,2.5,SS,,-0.1399,-1.1153
4.27,5,2.5,SS,,-0.1391,-1.1082
4.275,5,2.5,SS,,-0.1383,-1.1011
4.28,5,2.5,SS,,-0.1376,-1.0939
4.285,5,2.5,SS,,-0.1368,-1.0867
4.29,5,2.5,SS,,-0.136,-1.0795
4.295,5,2.5,SS,,-0.1352,-1.0724
4.3,5,2.5,SS,,-0.1344,-1.0652
4.305,5,2.5,SS,,-0.1336,-1.058
4.31,5,2.5,SS,,-0.1328,-1.0507
4.315,5,2.5,SS,,-0.132,-1.0435
4.32,5,2.5,SS,,-0.1312,-1.0363
4.325,5,2.5,SS,,-0.1304,-1.0291
4.33,5,2.5,SS,,-0.1296,-1.0218
4.335,5,2.5,SS,,-0.1287,-1.0146
4.34,5,2.5,SS,,-0.1279,-1.0073
4.345,5,2.5,SS,,-0.1271,-1
4.35,5,2.5,SS,,-0.1263,-0.9927
4.355,5,2.5,SS,,-0.1254,-0.9855
4.36,5,2.5,SS,,-0.1246,-0.9782
4.365,5,2.5,SS,,-0.1238,-0.9709
4.37,5,2.5,SS,,-0.1229,-0.9635
4.375,5,2.5,SS,,-0.1221,-0.9562
4.38,5,2.5,SS,,-0.1212,-0.9489
4.385,5,2.5,SS,,-0.1204,-0.9416
4.39,5,2.5,SS,,-0.1195,-0.9342
4.395,5,2.5,SS,,-0.1187,-0.9269
4.4,5,2.5,SS,,-0.1178,-0.9195
4.405,5,2.5,SS,,-0.1169,-0.9121
4.41,5,2.5,SS,,-0.1161,-0.9048
4.415,5,2.5,SS,,-0.1152,-0.8974
4.42,5,2.5,SS,,-0.1143,-0.89
4.425,5,2.5,SS,,-0.1135,-0.8826
4.43,5,2.5,SS,,-0.1126,-0.8752
4.435,5,2.5,SS,,-0.1117,-0.8678
4.44,5,2.5,SS,,-0.1108,-0.8604
4.445,5,2.5,SS,,-0.1099,-0.8529
4.45,5,2.5,SS,,-0.109,-0.8455
4.455,5,2.5,SS,,-0.1081,-0.8381
4.46,5,2.5,SS,,-0.1073,-0.8306
4.465,5,2.5,SS,,-0.1064,-0.8232
4.47,5,2.5,SS,,-0.1055,-0.8157
4.475,5,2.5,SS,,-0.1046,-0.8083
4.48,5,2.5,SS,,-0.1036,-0.8008
4.485,5,2.5,SS,,-0.1027,-0.7933
4.49,5,2.5,SS,,-0.1018,-0.7858
4.495,5,2.5,SS,,-0.1009,-0.7783
4.5,5,2.5,SS,,-0.1,-0.7708
4.505,5,2.5,SS,,-0.0991,-0.7633
4.51,5,2.5,SS,,-0.0982,-0.7558
4.515,5,2.5,SS,,-0.0972,-0.7483
4.52,5,2.5,SS,,-0.0963,-0.7408
4.525,5,2.5,SS,,-0.0954,-0.7333
4.53,5,2.5,SS,,-0.0945,-0.7257
4.535,5,2.5,SS,,-0.0935,-0.7182
4.54,5,2.5,SS,,-0.0926,-0.7106
4.545,5,2.5,SS,,-0.0917,-0.7031
4.55,5,2.5,SS,,-0.0907,-0.6955
4.555,5,2.5,SS,,-0.0898,-0.688
4.56,5,2.5,SS,,-0.0888,-0.6804
4.565,5,2.5,SS,,-0.0879,-0.6728
4.57,5,2.5,SS,,-0.0869,-0.6652
4.575,5,2.5,SS,,-0.086,-0.6577
4.58,5,2.5,SS,,-0.085,-0.6501
4.585,5,2.5,SS,,-0.0841,-0.6425
4.59,5,2.5,SS,,-0.0831,-0.6349
4.595,5,2.5,SS,,-0.0822,-0.6273
4.6,5,2.5,SS,,-0.0812,-0.6197
4.605,5,2.5,SS,,-0.0802,-0.6121
4.61,5,2.5,SS,,-0.0793,-0.6044
4.615,5,2.5,SS,,-0.0783,-0.5968
4.62,5,2.5,SS,,-0.0773,-0.5892
4.625,5,2.5,SS,,-0.0764,-0.5815
4.63,5,2.5,SS,,-0.0754,-0.5739
4.635,5,2.5,SS,,-0.0744,-0.5663
4.64,5,2.5,SS,,-0.0734,-0.5586
4.645,5,2.5,SS,,-0.0725,-0.551
4.65,5,2.5,SS,,-0.0715,-0.5433
4.655,5,2.5,SS,,-0.0705,-0.5356
4.66,5,2.5,SS,,-0.0695,-0.528
4.665,5,2.5,SS,,-0.0685,-0.5203
4.67,5,2.5,SS,,-0.0676,-0.5126
4.675,5,2.5,SS,,-0.0666,-0.505
4.68,5,2.5,SS,,-0.0656,-0.4973
4.685,5,2.5,SS,,-0.0646,-0.4896
4.69,5,2.5,SS,,-0.0636,-0.4819
4.695,5,2.5,SS,,-0.0626,-0.4742
4.7,5,2.5,SS,,-0.0616,-0.4665
4.705,5,2.5,SS,,-0.0606,-0.4588
4.71,5,2.5,SS,,-0.0596,-0.4511
4.715,5,2.5,SS,,-0.0586,-0.4434
4.72,5,2.5,SS,,-0.0576,-0.4357
4.725,5,2.5,SS,,-0.0566,-0.428
4.73,5,2.5,SS,,-0.0556,-0.4202
4.735,5,2.5,SS,,-0.0546,-0.4125
4.74,5,2.5,SS,,-0.0536,-0.4048
4.745,5,2.5,SS,,-0.0526,-0.3971
4.75,5,2.5,SS,,-0.0516,-0.3893
4.755,5,2.5,SS,,-0.0506,-0.3816
4.76,5,2.5,SS,,-0.0495,-0.3738
4.765,5,2.5,SS,,-0.0485,-0.3661
4.77,5,2.5,SS,,-0.0475,-0.3584
4.775,5,2.5,SS,,-0.0465,-0.3506
4.78,5,2.5,SS,,-0.0455,-0.3429
4.785,5,2.5,SS,,-0.0445,-0.3351
4.79,5,2.5,SS,,-0.0434,-0.3274
4.795,5,2.5,SS,,-0.0424,-0.3196
4.8,5,2.5,SS,,-0.0414,-0.3118
4.805,5,2.5,SS,,-0.0404,-0.3041
4.81,5,2.5,SS,,-0.0394,-0.2963
4.815,5,2.5,SS,,-0.0383,-0.2885
4.82,5,2.5,SS,,-0.0373,-0.2808
4.825,5,2.5,SS,,-0.0363,-0.273
4.83,5,2.5,SS,,-0.0353,-0.2652
4.835,5,2.5,SS,,-0.0342,-0.2574
4.84,5,2.5,SS,,-0.0332,-0.2497
4.845,5,2.5,SS,,-0.0322,-0.2419
4.85,5,2.5,SS,,-0.0311,-0.2341
4.855,5,2.5,SS,,-0.0301,-0.2263
4.86,5,2.5,SS,,-0.0291,-0.2185
4.865,5,2.5,SS,,-0.028,-0.2107
4.87,5,2.5,SS,,-0.027,-0.2029
4.875,5,2.5,SS,,-0.026,-0.1951
4.88,5,2.5,SS,,-0.0249,-0.1874
4.885,5,2.5,SS,,-0.0239,-0.1796
4.89,5,2.5,SS,,-0.0229,-0.1718
4.895,5,2.5,SS,,-0.0218,-0.164
4.9,5,2.5,SS,,-0.0208,-0.1562
4.905,5,2.5,SS,,-0.0198,-0.1484
4.91,5,2.5,SS,,-0.0187,-0.1406
4.915,5,2.5,SS,,-0.0177,-0.1328
4.92,5,2.5,SS,,-0.0166,-0.125
4.925,5,2.5,SS,,-0.0156,-0.1172
4.93,5,2.5,SS,,-0.0146,-0.1093
4.935,5,2.5,SS,,-0.0135,-0.1015
4.94,5,2.5,SS,,-0.0125,-0.0937
4.945,5,2.5,SS,,-0.0115,-0.0859
4.95,5,2.5,SS,,-0.0104,-0.0781
4.955,5,2.5,SS,,-0.0094,-0.0703
4.96,5,2.5,SS,,-0.0083,-0.0625
4.965,5,2.5,SS,,-0.0073,-0.0547
4.97,5,2.5,SS,,-0.0062,-0.0469
4.975,5,2.5,SS,,-0.0052,-0.0391
4.98,5,2.5,SS,,-0.0042,-0.0312
4.985,5,2.5,SS,,-0.0031,-0.0234
4.99,5,2.5,SS,,-0.0021,-0.0156
4.995,5,2.5,SS,,-0.001,-0.0078
5,5,2.5,SS,,0,0
0,5,3,SS,,0,0
0.005,5,3,SS,,0.0022,-0.007
0.01,5,3,SS,,0.0043,-0.014
0.015,5,3,SS,,0.0065,-0.021
0.02,5,3,SS,,0.0087,-0.028
0.025,5,3,SS,,0.0108,-0.035
0.03,5,3,SS,,0.013,-0.042
0.035,5,3,SS,,0.0152,-0.049
0.04,5,3,SS,,0.0173,-0.056
0.045,5,3,SS,,0.0195,-0.063
0.05,5,3,SS,,0.0217,-0.07
0.055,5,3,SS,,0.0238,-0.077
0.06,5,3,SS,,0.026,-0.084
0.065,5,3,SS,,0.0282,-0.091
0.07,5,3,SS,,0.0303,-0.098
0.075,5,3,SS,,0.0325,-0.105
0.08,5,3,SS,,0.0346,-0.112
0.085,5,3,SS,,0.0368,-0.119
0.09,5,3,SS,,0.039,-0.126
0.095,5,3,SS,,0.0411,-0.1329
0.1,5,3,SS,,0.0433,-0.1399
0.105,5,3,SS,,0.0455,-0.1469
0.11,5,3,SS,,0.0476,-0.1539
0.115,5,3,SS,,0.0498,-0.1609
0.12,5,3,SS,,0.0519,-0.1679
0.125,5,3,SS,,0.0541,-0.1749
0.13,5,3,SS,,0.0563,-0.1819
0.135,5,3,SS,,0.0584,-0.1888
0.14,5,3,SS,,0.0606,-0.1958
0.145,5,3,SS,,0.0627,-0.2028
0.15,5,3,SS,,0.0649,-0.2098
0.155,5,3,SS,,0.067,-0.2168
0.16,5,3,SS,,0.0692,-0.2237
0.165,5,3,SS,,0.0714,-0.2307
0.17,5,3,SS,,0.0735,-0.2377
0.175,5,3,SS,,0.0757,-0.2446
0.18,5,3,SS,,0.0778,-0.2516
0.185,5,3,SS,,0.08,-0.2586
0.19,5,3,SS,,0.0821,-0.2655
0.195,5,3,SS,,0.0843,-0.2725
0.2,5,3,SS,,0.0864,-0.2795
0.205,5,3,SS,,0.0885,-0.2864
0.21,5,3,SS,,0.0907,-0.2934
0.215,5,3,SS,,0.0928,-0.3003
0.22,5,3,SS,,0.095,-0.3073
0.225,5,3,SS,,0.0971,-0.3142
0.23,5,3,SS,,0.0993,-0.3212
0.235,5,3,SS,,0.1014,-0.3281
0.24,5,3,SS,,0.1035,-0.3351
0.245,5,3,SS,,0.1057,-0.342
0.25,5,3,SS,,0.1078,-0.349
0.255,5,3,SS,,0.1099,-0.3559
0.26,5,3,SS,,0.1121,-0.3628
0.265,5,3,SS,,0.1142,-0.3698
0.27,5,3,SS,,0.1163,-0.3767
0.275,5,3,SS,,0.1185,-0.3836
0.28,5,3,SS,,0.1206,-0.3905
0.285,5,3,SS,,0.1227,-0.3975
0.29,5,3,SS,,0.1249,-0.4044
0.295,5,3,SS,,0.127,-0.4113
0.3,5,3,SS,,0.1291,-0.4182
0.305,5,3,SS,,0.1312,-0.4251
0.31,5,3,SS,,0.1333,-0.432
0.315,5,3,SS,,0.1355,-0.4389
0.32,5,3,SS,,0.1376,-0.4458
0.325,5,3,SS,,0.1397,-0.4527
0.33,5,3,SS,,0.1418,-0.4596
0.335,5,3,SS,,0.1439,-0.4665
0.34,5,3,SS,,0.146,-0.4734
0.345,5,3,SS,,0.1481,-0.4803
0.35,5,3,SS,,0.1502,-0.4871
0.355,5,3,SS,,0.1523,-0.494
0.36,5,3,SS,,0.1544,-0.5009
0.365,5,3,SS,,0.1565,-0.5078
0.37,5,3,SS,,0.1586,-0.5146
0.375,5,3,SS,,0.1607,-0.5215
0.38,5,3,SS,,0.1628,-0.5283
0.385,5,3,SS,,0.1649,-0.5352
0.39,5,3,SS,,0.167,-0.542
0.395,5,3,SS,,0.1691,-0.5489
0.4,5,3,SS,,0.1712,-0.5557
0.405,5,3,SS,,0.1733,-0.5626
0.41,5,3,SS,,0.1754,-0.5694
0.415,5,3,SS,,0.1775,-0.5762
0.42,5,3,SS,,0.1795,-0.5831
0.425,5,3,SS,,0.1816,-0.5899
0.43,5,3,SS,,0.1837,-0.5967
0.435,5,3,SS,,0.1858,-0.6035
0.44,5,3,SS,,0.1878,-0.6103
0.445,5,3,SS,,0.1899,-0.6171
0.45,5,3,SS,,0.192,-0.6239
0.455,5,3,SS,,0.194,-0.6307
0.46,5,3,SS,,0.1961,-0.6375
0.465,5,3,SS,,0.1981,-0.6443
0.47,5,3,SS,,0.2002,-0.6511
0.475,5,3,SS,,0.2023,-0.6579
0.48,5,3,SS,,0.2043,-0.6646
0.485,5,3,SS,,0.2064,-0.6714
0.49,5,3,SS,,0.2084,-0.6782
0.495,5,3,SS,,0.2105,-0.6849
0.5,5,3,SS,,0.2125,-0.6917
0.505,5,3,SS,,0.2145,-0.6984
0.51,5,3,SS,,0.2166,-0.7052
0.515,5,3,SS,,0.2186,-0.7119
0.52,5,3,SS,,0.2206,-0.7186
0.525,5,3,SS,,0.2227,-0.7254
0.53,5,3,SS,,0.2247,-0.7321
0.535,5,3,SS,,0.2267,-0.7388
0.54,5,3,SS,,0.2288,-0.7455
0.545,5,3,SS,,0.2308,-0.7522
0.55,5,3,SS,,0.2328,-0.7589
0.555,5,3,SS,,0.2348,-0.7656
0.56,5,3,SS,,0.2368,-0.7723
0.565,5,3,SS,,0.2388,-0.779
0.57,5,3,SS,,0.2408,-0.7857
0.575,5,3,SS,,0.2428,-0.7923
0.58,5,3,SS,,0.2448,-0.799
0.585,5,3,SS,,0.2468,-0.8057
0.59,5,3,SS,,0.2488,-0.8123
0.595,5,3,SS,,0.2508,-0.819
0.6,5,3,SS,,0.2528,-0.8256
0.605,5,3,SS,,0.2548,-0.8322
0.61,5,3,SS,,0.2568,-0.8389
0.615,5,3,SS,,0.2587,-0.8455
0.62,5,3,SS,,0.2607,-0.8521
0.625,5,3,SS,,0.2627,-0.8587
0.63,5,3,SS,,0.2647,-0.8653
0.635,5,3,SS,,0.2666,-0.8719
0.64,5,3,SS,,0.2686,-0.8785
0.645,5,3,SS,,0.2706,-0.8851
0.65,5,3,SS,,0.2725,-0.8917
0.655,5,3,SS,,0.2745,-0.8983
0.66,5,3,SS,,0.2764,-0.9048
0.665,5,3,SS,,0.2784,-0.9114
0.67,5,3,SS,,0.2803,-0.9179
0.675,5,3,SS,,0.2822,-0.9245
0.68,5,3,SS,,0.2842,-0.931
0.685,5,3,SS,,0.2861,-0.9376
0.69,5,3,SS,,0.288,-0.9441
0.695,5,3,SS,,0.29,-0.9506
0.7,5,3,SS,,0.2919,-0.9571
0.705,5,3,SS,,0.2938,-0.9636
0.71,5,3,SS,,0.2957,-0.9701
0.715,5,3,SS,,0.2976,-0.9766
0.72,5,3,SS,,0.2996,-0.9831
0.725,5,3,SS,,0.3015,-0.9896
0.73,5,3,SS,,0.3034,-0.9961
0.735,5,3,SS,,0.3053,-1.0025
0.74,5,3,SS,,0.3072,-1.009
0.745,5,3,SS,,0.3091,-1.0154
0.75,5,3,SS,,0.3109,-1.0219
0.755,5,3,SS,,0.3128,-1.0283
0.76,5,3,SS,,0.3147,-1.0347
0.765,5,3,SS,,0.3166,-1.0412
0.77,5,3,SS,,0.3184,-1.0476
0.775,5,3,SS,,0.3203,-1.054
0.78,5,3,SS,,0.3222,-1.0604
0.785,5,3,SS,,0.324,-1.0668
0.79,5,3,SS,,0.3259,-1.0731
0.795,5,3,SS,,0.3278,-1.0795
0.8,5,3,SS,,0.3296,-1.0859
0.805,5,3,SS,,0.3314,-1.0922
0.81,5,3,SS,,0.3333,-1.0986
0.815,5,3,SS,,0.3351,-1.1049
0.82,5,3,SS,,0.337,-1.1112
0.825,5,3,SS,,0.3388,-1.1176
0.83,5,3,SS,,0.3406,-1.1239
0.835,5,3,SS,,0.3424,-1.1302
0.84,5,3,SS,,0.3442,-1.1365
0.845,5,3,SS,,0.3461,-1.1428
0.85,5,3,SS,,0.3479,-1.1491
0.855,5,3,SS,,0.3497,-1.1553
0.86,5,3,SS,,0.3515,-1.1616
0.865,5,3,SS,,0.3533,-1.1679
0.87,5,3,SS,,0.355,-1.1741
0.875,5,3,SS,,0.3568,-1.1803
0.88,5,3,SS,,0.3586,-1.1866
0.885,5,3,SS,,0.3604,-1.1928
0.89,5,3,SS,,0.3622,-1.199
0.895,5,3,SS,,0.3639,-1.2052
0.9,5,3,SS,,0.3657,-1.2114
0.905,5,3,SS,,0.3675,-1.2176
0.91,5,3,SS,,0.3692,-1.2238
0.915,5,3,SS,,0.371,-1.2299
0.92,5,3,SS,,0.3727,-1.2361
0.925,5,3,SS,,0.3745,-1.2422
0.93,5,3,SS,,0.3762,-1.2484
0.935,5,3,SS,,0.3779,-1.2545
0.94,5,3,SS,,0.3796,-1.2606
0.945,5,3,SS,,0.3814,-1.2667
0.95,5,3,SS,,0.3831,-1.2728
0.955,5,3,SS,,0.3848,-1.2789
0.96,5,3,SS,,0.3865,-1.285
0.965,5,3,SS,,0.3882,-1.2911
0.97,5,3,SS,,0.3899,-1.2972
0.975,5,3,SS,,0.3916,-1.3032
0.98,5,3,SS,,0.3933,-1.3093
0.985,5,3,SS,,0.395,-1.3153
0.99,5,3,SS,,0.3967,-1.3213
0.995,5,3,SS,,0.3983,-1.3273
1,5,3,SS,,0.4,-1.3333
1.005,5,3,SS,,0.4017,-1.3393
1.01,5,3,SS,,0.4033,-1.3453
1.015,5,3,SS,,0.405,-1.3513
1.02,5,3,SS,,0.4066,-1.3573
1.025,5,3,SS,,0.4083,-1.3632
1.03,5,3,SS,,0.4099,-1.3692
1.035,5,3,SS,,0.4115,-1.3751
1.04,5,3,SS,,0.4132,-1.381
1.045,5,3,SS,,0.4148,-1.3869
1.05,5,3,SS,,0.4164,-1.3928
1.055,5,3,SS,,0.418,-1.3987
1.06,5,3,SS,,0.4196,-1.4046
1.065,5,3,SS,,0.4212,-1.4105
1.07,5,3,SS,,0.4228,-1.4163
1.075,5,3,SS,,0.4244,-1.4222
1.08,5,3,SS,,0.426,-1.428
1.085,5,3,SS,,0.4276,-1.4338
1.09,5,3,SS,,0.4292,-1.4397
1.095,5,3,SS,,0.4307,-1.4455
1.1,5,3,SS,,0.4323,-1.4513
1.105,5,3,SS,,0.4339,-1.4571
1.11,5,3,SS,,0.4354,-1.4628
1.115,5,3,SS,,0.437,-1.4686
1.12,5,3,SS,,0.4385,-1.4743
1.125,5,3,SS,,0.44,-1.4801
1.13,5,3,SS,,0.4416,-1.4858
1.135,5,3,SS,,0.4431,-1.4915
1.14,5,3,SS,,0.4446,-1.4972
1.145,5,3,SS,,0.4461,-1.5029
1.15,5,3,SS,,0.4476,-1.5086
1.155,5,3,SS,,0.4491,-1.5143
1.16,5,3,SS,,0.4506,-1.5199
1.165,5,3,SS,,0.4521,-1.5256
1.17,5,3,SS,,0.4536,-1.5312
1.175,5,3,SS,,0.4551,-1.5369
1.18,5,3,SS,,0.4566,-1.5425
1.185,5,3,SS,,0.458,-1.5481
1.19,5,3,SS,,0.4595,-1.5537
1.195,5,3,SS,,0.461,-1.5592
1.2,5,3,SS,,0.4624,-1.5648
1.205,5,3,SS,,0.4638,-1.5704
1.21,5,3,SS,,0.4653,-1.5759
1.215,5,3,SS,,0.4667,-1.5814
1.22,5,3,SS,,0.4681,-1.5869
1.225,5,3,SS,,0.4696,-1.5924
1.23,5,3,SS,,0.471,-1.5979
1.235,5,3,SS,,0.4724,-1.6034
1.24,5,3,SS,,0.4738,-1.6089
1.245,5,3,SS,,0.4752,-1.6143
1.25,5,3,SS,,0.4766,-1.6198
1.255,5,3,SS,,0.4779,-1.6252
1.26,5,3,SS,,0.4793,-1.6306
1.265,5,3,SS,,0.4807,-1.636
1.27,5,3,SS,,0.4821,-1.6414
1.275,5,3,SS,,0.4834,-1.6468
1.28,5,3,SS,,0.4848,-1.6522
1.285,5,3,SS,,0.4861,-1.6575
1.29,5,3,SS,,0.4874,-1.6629
1.295,5,3,SS,,0.4888,-1.6682
1.3,5,3,SS,,0.4901,-1.6735
1.305,5,3,SS,,0.4914,-1.6788
1.31,5,3,SS,,0.4927,-1.6841
1.315,5,3,SS,,0.494,-1.6894
1.32,5,3,SS,,0.4953,-1.6947
1.325,5,3,SS,,0.4966,-1.6999
1.33,5,3,SS,,0.4979,-1.7052
1.335,5,3,SS,,0.4992,-1.7104
1.34,5,3,SS,,0.5005,-1.7156
1.345,5,3,SS,,0.5017,-1.7208
1.35,5,3,SS,,0.503,-1.726
1.355,5,3,SS,,0.5042,-1.7311
1.36,5,3,SS,,0.5055,-1.7363
1.365,5,3,SS,,0.5067,-1.7414
1.37,5,3,SS,,0.508,-1.7466
1.375,5,3,SS,,0.5092,-1.7517
1.38,5,3,SS,,0.5104,-1.7568
1.385,5,3,SS,,0.5116,-1.7619
1.39,5,3,SS,,0.5128,-1.767
1.395,5,3,SS,,0.514,-1.772
1.4,5,3,SS,,0.5152,-1.7771
1.405,5,3,SS,,0.5164,-1.7821
1.41,5,3,SS,,0.5176,-1.7871
1.415,5,3,SS,,0.5187,-1.7921
1.42,5,3,SS,,0.5199,-1.7971
1.425,5,3,SS,,0.521,-1.8021
1.43,5,3,SS,,0.5222,-1.8071
1.435,5,3,SS,,0.5233,-1.812
1.44,5,3,SS,,0.5245,-1.8169
1.445,5,3,SS,,0.5256,-1.8219
1.45,5,3,SS,,0.5267,-1.8268
1.455,5,3,SS,,0.5278,-1.8316
1.46,5,3,SS,,0.5289,-1.8365
1.465,5,3,SS,,0.53,-1.8414
1.47,5,3,SS,,0.5311,-1.8462
1.475,5,3,SS,,0.5322,-1.8511
1.48,5,3,SS,,0.5333,-1.8559
1.485,5,3,SS,,0.5343,-1.8607
1.49,5,3,SS,,0.5354,-1.8655
1.495,5,3,SS,,0.5365,-1.8702
1.5,5,3,SS,,0.5375,-1.875
1.505,5,3,SS,,0.5385,-1.8797
1.51,5,3,SS,,0.5396,-1.8845
1.515,5,3,SS,,0.5406,-1.8892
1.52,5,3,SS,,0.5416,-1.8939
1.525,5,3,SS,,0.5426,-1.8986
1.53,5,3,SS,,0.5436,-1.9032
1.535,5,3,SS,,0.5446,-1.9079
1.54,5,3,SS,,0.5456,-1.9125
1.545,5,3,SS,,0.5466,-1.9171
1.55,5,3,SS,,0.5475,-1.9217
1.555,5,3,SS,,0.5485,-1.9263
1.56,5,3,SS,,0.5495,-1.9309
1.565,5,3,SS,,0.5504,-1.9355
1.57,5,3,SS,,0.5513,-1.94
1.575,5,3,SS,,0.5523,-1.9445
1.58,5,3,SS,,0.5532,-1.949
1.585,5,3,SS,,0.5541,-1.9535
1.59,5,3,SS,,0.555,-1.958
1.595,5,3,SS,,0.5559,-1.9625
1.6,5,3,SS,,0.5568,-1.9669
1.605,5,3,SS,,0.5577,-1.9714
1.61,5,3,SS,,0.5586,-1.9758
1.615,5,3,SS,,0.5594,-1.9802
1.62,5,3,SS,,0.5603,-1.9846
1.625,5,3,SS,,0.5611,-1.9889
1.63,5,3,SS,,0.562,-1.9933
1.635,5,3,SS,,0.5628,-1.9976
1.64,5,3,SS,,0.5636,-2.0019
1.645,5,3,SS,,0.5645,-2.0062
1.65,5,3,SS,,0.5653,-2.0105
1.655,5,3,SS,,0.5661,-2.0148
1.66,5,3,SS,,0.5669,-2.019
1.665,5,3,SS,,0.5676,-2.0233
1.67,5,3,SS,,0.5684,-2.0275
1.675,5,3,SS,,0.5692,-2.0317
1.68,5,3,SS,,0.5699,-2.0359
1.685,5,3,SS,,0.5707,-2.0401
1.69,5,3,SS,,0.5714,-2.0442
1.695,5,3,SS,,0.5722,-2.0483
1.7,5,3,SS,,0.5729,-2.0525
1.705,5,3,SS,,0.5736,-2.0566
1.71,5,3,SS,,0.5743,-2.0607
1.715,5,3,SS,,0.575,-2.0647
1.72,5,3,SS,,0.5757,-2.0688
1.725,5,3,SS,,0.5764,-2.0728
1.73,5,3,SS,,0.5771,-2.0768
1.735,5,3,SS,,0.5777,-2.0808
1.74,5,3,SS,,0.5784,-2.0848
1.745,5,3,SS,,0.579,-2.0888
1.75,5,3,SS,,0.5797,-2.0927
1.755,5,3,SS,,0.5803,-2.0966
1.76,5,3,SS,,0.5809,-2.1005
1.765,5,3,SS,,0.5816,-2.1044
1.77,5,3,SS,,0.5822,-2.1083
1.775,5,3,SS,,0.5828,-2.1122
1.78,5,3,SS,,0.5833,-2.116
1.785,5,3,SS,,0.5839,-2.1198
1.79,5,3,SS,,0.5845,-2.1236
1.795,5,3,SS,,0.585,-2.1274
1.8,5,3,SS,,0.5856,-2.1312
1.805,5,3,SS,,0.5861,-2.135
1.81,5,3,SS,,0.5867,-2.1387
1.815,5,3,SS,,0.5872,-2.1424
1.82,5,3,SS,,0.5877,-2.1461
1.825,5,3,SS,,0.5882,-2.1498
1.83,5,3,SS,,0.5887,-2.1534
1.835,5,3,SS,,0.5892,-2.1571
1.84,5,3,SS,,0.5897,-2.1607
1.845,5,3,SS,,0.5902,-2.1643
1.85,5,3,SS,,0.5906,-2.1679
1.855,5,3,SS,,0.5911,-2.1715
1.86,5,3,SS,,0.5915,-2.175
1.865,5,3,SS,,0.5919,-2.1785
1.87,5,3,SS,,0.5924,-2.1821
1.875,5,3,SS,,0.5928,-2.1855
1.88,5,3,SS,,0.5932,-2.189
1.885,5,3,SS,,0.5936,-2.1925
1.89,5,3,SS,,0.594,-2.1959
1.895,5,3,SS,,0.5943,-2.1993
1.9,5,3,SS,,0.5947,-2.2027
1.905,5,3,SS,,0.5951,-2.2061
1.91,5,3,SS,,0.5954,-2.2095
1.915,5,3,SS,,0.5957,-2.2128
1.92,5,3,SS,,0.5961,-2.2161
1.925,5,3,SS,,0.5964,-2.2194
1.93,5,3,SS,,0.5967,-2.2227
1.935,5,3,SS,,0.597,-2.226
1.94,5,3,SS,,0.5973,-2.2292
1.945,5,3,SS,,0.5976,-2.2325
1.95,5,3,SS,,0.5978,-2.2357
1.955,5,3,SS,,0.5981,-2.2389
1.96,5,3,SS,,0.5983,-2.242
1.965,5,3,SS,,0.5986,-2.2452
1.97,5,3,SS,,0.5988,-2.2483
1.975,5,3,SS,,0.599,-2.2514
1.98,5,3,SS,,0.5993,-2.2545
1.985,5,3,SS,,0.5995,-2.2576
1.99,5,3,SS,,0.5996,-2.2606
1.995,5,3,SS,,0.5998,-2.2637
2,5,3,SS,,0.6,-2.2667
2.005,5,3,SS,,0.6002,-2.2697
2.01,5,3,SS,,0.6003,-2.2726
2.015,5,3,SS,,0.6005,-2.2756
2.02,5,3,SS,,0.6006,-2.2785
2.025,5,3,SS,,0.6007,-2.2814
2.03,5,3,SS,,0.6008,-2.2843
2.035,5,3,SS,,0.6009,-2.2872
2.04,5,3,SS,,0.601,-2.29
2.045,5,3,SS,,0.6011,-2.2929
2.05,5,3,SS,,0.6012,-2.2957
2.055,5,3,SS,,0.6012,-2.2984
2.06,5,3,SS,,0.6013,-2.3012
2.065,5,3,SS,,0.6013,-2.304
2.07,5,3,SS,,0.6013,-2.3067
2.075,5,3,SS,,0.6014,-2.3094
2.08,5,3,SS,,0.6014,-2.3121
2.085,5,3,SS,,0.6014,-2.3147
2.09,5,3,SS,,0.6014,-2.3174
2.095,5,3,SS,,0.6013,-2.32
2.1,5,3,SS,,0.6013,-2.3226
2.105,5,3,SS,,0.6013,-2.3252
2.11,5,3,SS,,0.6012,-2.3277
2.115,5,3,SS,,0.6011,-2.3303
2.12,5,3,SS,,0.6011,-2.3328
2.125,5,3,SS,,0.601,-2.3353
2.13,5,3,SS,,0.6009,-2.3378
2.135,5,3,SS,,0.6008,-2.3402
2.14,5,3,SS,,0.6007,-2.3426
2.145,5,3,SS,,0.6005,-2.3451
2.15,5,3,SS,,0.6004,-2.3474
2.155,5,3,SS,,0.6002,-2.3498
2.16,5,3,SS,,0.6001,-2.3522
2.165,5,3,SS,,0.5999,-2.3545
2.17,5,3,SS,,0.5997,-2.3568
2.175,5,3,SS,,0.5995,-2.3591
2.18,5,3,SS,,0.5993,-2.3613
2.185,5,3,SS,,0.5991,-2.3636
2.19,5,3,SS,,0.5989,-2.3658
2.195,5,3,SS,,0.5986,-2.368
2.2,5,3,SS,,0.5984,-2.3701
2.205,5,3,SS,,0.5981,-2.3723
2.21,5,3,SS,,0.5979,-2.3744
2.215,5,3,SS,,0.5976,-2.3765
2.22,5,3,SS,,0.5973,-2.3786
2.225,5,3,SS,,0.597,-2.3807
2.23,5,3,SS,,0.5967,-2.3827
2.235,5,3,SS,,0.5964,-2.3847
2.24,5,3,SS,,0.596,-2.3867
2.245,5,3,SS,,0.5957,-2.3887
2.25,5,3,SS,,0.5953,-2.3906
2.255,5,3,SS,,0.5949,-2.3926
2.26,5,3,SS,,0.5946,-2.3945
2.265,5,3,SS,,0.5942,-2.3963
2.27,5,3,SS,,0.5938,-2.3982
2.275,5,3,SS,,0.5933,-2.4
2.28,5,3,SS,,0.5929,-2.4018
2.285,5,3,SS,,0.5925,-2.4036
2.29,5,3,SS,,0.592,-2.4054
2.295,5,3,SS,,0.5916,-2.4071
2.3,5,3,SS,,0.5911,-2.4089
2.305,5,3,SS,,0.5906,-2.4106
2.31,5,3,SS,,0.5901,-2.4122
2.315,5,3,SS,,0.5896,-2.4139
2.32,5,3,SS,,0.5891,-2.4155
2.325,5,3,SS,,0.5886,-2.4171
2.33,5,3,SS,,0.588,-2.4187
2.335,5,3,SS,,0.5875,-2.4203
2.34,5,3,SS,,0.5869,-2.4218
2.345,5,3,SS,,0.5863,-2.4233
2.35,5,3,SS,,0.5857,-2.4248
2.355,5,3,SS,,0.5851,-2.4263
2.36,5,3,SS,,0.5845,-2.4277
2.365,5,3,SS,,0.5839,-2.4291
2.37,5,3,SS,,0.5833,-2.4305
2.375,5,3,SS,,0.5826,-2.4319
2.38,5,3,SS,,0.582,-2.4332
2.385,5,3,SS,,0.5813,-2.4346
2.39,5,3,SS,,0.5806,-2.4359
2.395,5,3,SS,,0.5799,-2.4371
2.4,5,3,SS,,0.5792,-2.4384
2.405,5,3,SS,,0.5785,-2.4396
2.41,5,3,SS,,0.5777,-2.4408
2.415,5,3,SS,,0.577,-2.442
2.42,5,3,SS,,0.5763,-2.4432
2.425,5,3,SS,,0.5755,-2.4443
2.43,5,3,SS,,0.5747,-2.4454
2.435,5,3,SS,,0.5739,-2.4465
2.44,5,3,SS,,0.5731,-2.4475
2.445,5,3,SS,,0.5723,-2.4486
2.45,5,3,SS,,0.5715,-2.4496
2.455,5,3,SS,,0.5706,-2.4506
2.46,5,3,SS,,0.5698,-2.4515
2.465,5,3,SS,,0.5689,-2.4525
2.47,5,3,SS,,0.568,-2.4534
2.475,5,3,SS,,0.5671,-2.4543
2.48,5,3,SS,,0.5662,-2.4551
2.485,5,3,SS,,0.5653,-2.456
2.49,5,3,SS,,0.5644,-2.4568
2.495,5,3,SS,,0.5635,-2.4576
2.5,5,3,SS,,0.5625,-2.4583
2.505,5,3,SS,,0.5615,-2.4591
2.51,5,3,SS,,0.5606,-2.4598
2.515,5,3,SS,,0.5596,-2.4605
2.52,5,3,SS,,0.5586,-2.4611
2.525,5,3,SS,,0.5576,-2.4618
2.53,5,3,SS,,0.5565,-2.4624
2.535,5,3,SS,,0.5555,-2.463
2.54,5,3,SS,,0.5544,-2.4635
2.545,5,3,SS,,0.5534,-2.4641
2.55,5,3,SS,,0.5523,-2.4646
2.555,5,3,SS,,0.5512,-2.4651
2.56,5,3,SS,,0.5501,-2.4655
2.565,5,3,SS,,0.549,-2.466
2.57,5,3,SS,,0.5478,-2.4664
2.575,5,3,SS,,0.5467,-2.4667
2.58,5,3,SS,,0.5455,-2.4671
2.585,5,3,SS,,0.5444,-2.4674
2.59,5,3,SS,,0.5432,-2.4677
2.595,5,3,SS,,0.542,-2.468
2.6,5,3,SS,,0.5408,-2.4683
2.605,5,3,SS,,0.5396,-2.4685
2.61,5,3,SS,,0.5383,-2.4687
2.615,5,3,SS,,0.5371,-2.4689
2.62,5,3,SS,,0.5358,-2.469
2.625,5,3,SS,,0.5346,-2.4691
2.63,5,3,SS,,0.5333,-2.4692
2.635,5,3,SS,,0.532,-2.4693
2.64,5,3,SS,,0.5307,-2.4694
2.645,5,3,SS,,0.5294,-2.4694
2.65,5,3,SS,,0.528,-2.4694
2.655,5,3,SS,,0.5267,-2.4693
2.66,5,3,SS,,0.5253,-2.4693
2.665,5,3,SS,,0.5239,-2.4692
2.67,5,3,SS,,0.5225,-2.4691
2.675,5,3,SS,,0.5211,-2.4689
2.68,5,3,SS,,0.5197,-2.4687
2.685,5,3,SS,,0.5183,-2.4685
2.69,5,3,SS,,0.5168,-2.4683
2.695,5,3,SS,,0.5154,-2.4681
2.7,5,3,SS,,0.5139,-2.4678
2.705,5,3,SS,,0.5124,-2.4675
2.71,5,3,SS,,0.5109,-2.4672
2.715,5,3,SS,,0.5094,-2.4668
2.72,5,3,SS,,0.5079,-2.4664
2.725,5,3,SS,,0.5063,-2.466
2.73,5,3,SS,,0.5048,-2.4656
2.735,5,3,SS,,0.5032,-2.4651
2.74,5,3,SS,,0.5016,-2.4646
2.745,5,3,SS,,0.5,-2.4641
2.75,5,3,SS,,0.4984,-2.4635
2.755,5,3,SS,,0.4968,-2.463
2.76,5,3,SS,,0.4952,-2.4624
2.765,5,3,SS,,0.4935,-2.4617
2.77,5,3,SS,,0.4919,-2.4611
2.775,5,3,SS,,0.4902,-2.4604
2.78,5,3,SS,,0.4885,-2.4597
2.785,5,3,SS,,0.4868,-2.4589
2.79,5,3,SS,,0.4851,-2.4582
2.795,5,3,SS,,0.4833,-2.4574
2.8,5,3,SS,,0.4816,-2.4565
2.805,5,3,SS,,0.4798,-2.4557
2.81,5,3,SS,,0.4781,-2.4548
2.815,5,3,SS,,0.4763,-2.4539
2.82,5,3,SS,,0.4745,-2.4529
2.825,5,3,SS,,0.4727,-2.452
2.83,5,3,SS,,0.4708,-2.451
2.835,5,3,SS,,0.469,-2.45
2.84,5,3,SS,,0.4671,-2.4489
2.845,5,3,SS,,0.4652,-2.4478
2.85,5,3,SS,,0.4634,-2.4467
2.855,5,3,SS,,0.4615,-2.4456
2.86,5,3,SS,,0.4595,-2.4444
2.865,5,3,SS,,0.4576,-2.4432
2.87,5,3,SS,,0.4557,-2.442
2.875,5,3,SS,,0.4537,-2.4408
2.88,5,3,SS,,0.4517,-2.4395
2.885,5,3,SS,,0.4497,-2.4382
2.89,5,3,SS,,0.4477,-2.4368
2.895,5,3,SS,,0.4457,-2.4355
2.9,5,3,SS,,0.4437,-2.4341
2.905,5,3,SS,,0.4417,-2.4326
2.91,5,3,SS,,0.4396,-2.4312
2.915,5,3,SS,,0.4375,-2.4297
2.92,5,3,SS,,0.4354,-2.4282
2.925,5,3,SS,,0.4333,-2.4267
2.93,5,3,SS,,0.4312,-2.4251
2.935,5,3,SS,,0.4291,-2.4235
2.94,5,3,SS,,0.4269,-2.4219
2.945,5,3,SS,,0.4248,-2.4202
2.95,5,3,SS,,0.4226,-2.4185
2.955,5,3,SS,,0.4204,-2.4168
2.96,5,3,SS,,0.4182,-2.415
2.965,5,3,SS,,0.416,-2.4133
2.97,5,3,SS,,0.4137,-2.4115
2.975,5,3,SS,,0.4115,-2.4096
2.98,5,3,SS,,0.4092,-2.4078
2.985,5,3,SS,,0.4069,-2.4059
2.99,5,3,SS,,0.4046,-2.4039
2.995,5,3,SS,,0.4023,-2.402
3,5,3,SS,,0.4,-2.4
3.005,5,3,SS,,0.3977,-2.398
3.01,5,3,SS,,0.3954,-2.3959
3.015,5,3,SS,,0.393,-2.3939
3.02,5,3,SS,,0.3907,-2.3918
3.025,5,3,SS,,0.3885,-2.3896
3.03,5,3,SS,,0.3862,-2.3875
3.035,5,3,SS,,0.3839,-2.3853
3.04,5,3,SS,,0.3817,-2.383
3.045,5,3,SS,,0.3794,-2.3808
3.05,5,3,SS,,0.3772,-2.3785
3.055,5,3,SS,,0.3749,-2.3762
3.06,5,3,SS,,0.3727,-2.3739
3.065,5,3,SS,,0.3705,-2.3715
3.07,5,3,SS,,0.3683,-2.3691
3.075,5,3,SS,,0.3661,-2.3667
3.08,5,3,SS,,0.3639,-2.3642
3.085,5,3,SS,,0.3618,-2.3617
3.09,5,3,SS,,0.3596,-2.3592
3.095,5,3,SS,,0.3574,-2.3567
3.1,5,3,SS,,0.3553,-2.3541
3.105,5,3,SS,,0.3532,-2.3515
3.11,5,3,SS,,0.351,-2.3489
3.115,5,3,SS,,0.3489,-2.3462
3.12,5,3,SS,,0.3468,-2.3435
3.125,5,3,SS,,0.3447,-2.3408
3.13,5,3,SS,,0.3426,-2.3381
3.135,5,3,SS,,0.3406,-2.3353
3.14,5,3,SS,,0.3385,-2.3325
3.145,5,3,SS,,0.3364,-2.3297
3.15,5,3,SS,,0.3344,-2.3268
3.155,5,3,SS,,0.3323,-2.324
3.16,5,3,SS,,0.3303,-2.321
3.165,5,3,SS,,0.3283,-2.3181
3.17,5,3,SS,,0.3263,-2.3152
3.175,5,3,SS,,0.3243,-2.3122
3.18,5,3,SS,,0.3223,-2.3091
3.185,5,3,SS,,0.3203,-2.3061
3.19,5,3,SS,,0.3183,-2.303
3.195,5,3,SS,,0.3164,-2.2999
3.2,5,3,SS,,0.3144,-2.2968
3.205,5,3,SS,,0.3125,-2.2936
3.21,5,3,SS,,0.3105,-2.2905
3.215,5,3,SS,,0.3086,-2.2873
3.22,5,3,SS,,0.3067,-2.284
3.225,5,3,SS,,0.3047,-2.2808
3.23,5,3,SS,,0.3028,-2.2775
3.235,5,3,SS,,0.3009,-2.2742
3.24,5,3,SS,,0.2991,-2.2708
3.245,5,3,SS,,0.2972,-2.2675
3.25,5,3,SS,,0.2953,-2.2641
3.255,5,3,SS,,0.2935,-2.2606
3.26,5,3,SS,,0.2916,-2.2572
3.265,5,3,SS,,0.2898,-2.2537
3.27,5,3,SS,,0.2879,-2.2502
3.275,5,3,SS,,0.2861,-2.2467
3.28,5,3,SS,,0.2843,-2.2432
3.285,5,3,SS,,0.2825,-2.2396
3.29,5,3,SS,,0.2807,-2.236
3.295,5,3,SS,,0.2789,-2.2324
3.3,5,3,SS,,0.2771,-2.2287
3.305,5,3,SS,,0.2753,-2.225
3.31,5,3,SS,,0.2736,-2.2213
3.315,5,3,SS,,0.2718,-2.2176
3.32,5,3,SS,,0.2701,-2.2138
3.325,5,3,SS,,0.2683,-2.2101
3.33,5,3,SS,,0.2666,-2.2063
3.335,5,3,SS,,0.2649,-2.2024
3.34,5,3,SS,,0.2631,-2.1986
3.345,5,3,SS,,0.2614,-2.1947
3.35,5,3,SS,,0.2597,-2.1908
3.355,5,3,SS,,0.258,-2.1869
3.36,5,3,SS,,0.2564,-2.1829
3.365,5,3,SS,,0.2547,-2.1789
3.37,5,3,SS,,0.253,-2.1749
3.375,5,3,SS,,0.2514,-2.1709
3.38,5,3,SS,,0.2497,-2.1668
3.385,5,3,SS,,0.2481,-2.1628
3.39,5,3,SS,,0.2464,-2.1587
3.395,5,3,SS,,0.2448,-2.1545
3.4,5,3,SS,,0.2432,-2.1504
3.405,5,3,SS,,0.2416,-2.1462
3.41,5,3,SS,,0.24,-2.142
3.415,5,3,SS,,0.2384,-2.1378
3.42,5,3,SS,,0.2368,-2.1336
3.425,5,3,SS,,0.2352,-2.1293
3.43,5,3,SS,,0.2337,-2.125
3.435,5,3,SS,,0.2321,-2.1207
3.44,5,3,SS,,0.2305,-2.1164
3.445,5,3,SS,,0.229,-2.112
3.45,5,3,SS,,0.2275,-2.1076
3.455,5,3,SS,,0.2259,-2.1032
3.46,5,3,SS,,0.2244,-2.0988
3.465,5,3,SS,,0.2229,-2.0943
3.47,5,3,SS,,0.2214,-2.0898
3.475,5,3,SS,,0.2199,-2.0853
3.48,5,3,SS,,0.2184,-2.0808
3.485,5,3,SS,,0.2169,-2.0763
3.49,5,3,SS,,0.2154,-2.0717
3.495,5,3,SS,,0.214,-2.0671
3.5,5,3,SS,,0.2125,-2.0625
3.505,5,3,SS,,0.211,-2.0579
3.51,5,3,SS,,0.2096,-2.0532
3.515,5,3,SS,,0.2082,-2.0485
3.52,5,3,SS,,0.2067,-2.0438
3.525,5,3,SS,,0.2053,-2.0391
3.53,5,3,SS,,0.2039,-2.0343
3.535,5,3,SS,,0.2025,-2.0296
3.54,5,3,SS,,0.2011,-2.0248
3.545,5,3,SS,,0.1997,-2.02
3.55,5,3,SS,,0.1983,-2.0151
3.555,5,3,SS,,0.1969,-2.0103
3.56,5,3,SS,,0.1955,-2.0054
3.565,5,3,SS,,0.1942,-2.0005
3.57,5,3,SS,,0.1928,-1.9956
3.575,5,3,SS,,0.1915,-1.9906
3.58,5,3,SS,,0.1901,-1.9857
3.585,5,3,SS,,0.1888,-1.9807
3.59,5,3,SS,,0.1874,-1.9757
3.595,5,3,SS,,0.1861,-1.9706
3.6,5,3,SS,,0.1848,-1.9656
3.605,5,3,SS,,0.1835,-1.9605
3.61,5,3,SS,,0.1822,-1.9554
3.615,5,3,SS,,0.1809,-1.9503
3.62,5,3,SS,,0.1796,-1.9452
3.625,5,3,SS,,0.1783,-1.94
3.63,5,3,SS,,0.177,-1.9349
3.635,5,3,SS,,0.1758,-1.9297
3.64,5,3,SS,,0.1745,-1.9245
3.645,5,3,SS,,0.1733,-1.9192
3.65,5,3,SS,,0.172,-1.914
3.655,5,3,SS,,0.1708,-1.9087
3.66,5,3,SS,,0.1695,-1.9034
3.665,5,3,SS,,0.1683,-1.8981
3.67,5,3,SS,,0.1671,-1.8927
3.675,5,3,SS,,0.1659,-1.8874
3.68,5,3,SS,,0.1647,-1.882
3.685,5,3,SS,,0.1635,-1.8766
3.69,5,3,SS,,0.1623,-1.8712
3.695,5,3,SS,,0.1611,-1.8658
3.7,5,3,SS,,0.1599,-1.8603
3.705,5,3,SS,,0.1587,-1.8548
3.71,5,3,SS,,0.1576,-1.8493
3.715,5,3,SS,,0.1564,-1.8438
3.72,5,3,SS,,0.1552,-1.8383
3.725,5,3,SS,,0.1541,-1.8327
3.73,5,3,SS,,0.1529,-1.8272
3.735,5,3,SS,,0.1518,-1.8216
3.74,5,3,SS,,0.1507,-1.816
3.745,5,3,SS,,0.1496,-1.8103
3.75,5,3,SS,,0.1484,-1.8047
3.755,5,3,SS,,0.1473,-1.799
3.76,5,3,SS,,0.1462,-1.7933
3.765,5,3,SS,,0.1451,-1.7876
3.77,5,3,SS,,0.144,-1.7819
3.775,5,3,SS,,0.1429,-1.7762
3.78,5,3,SS,,0.1419,-1.7704
3.785,5,3,SS,,0.1408,-1.7646
3.79,5,3,SS,,0.1397,-1.7588
3.795,5,3,SS,,0.1387,-1.753
3.8,5,3,SS,,0.1376,-1.7472
3.805,5,3,SS,,0.1365,-1.7414
3.81,5,3,SS,,0.1355,-1.7355
3.815,5,3,SS,,0.1345,-1.7296
3.82,5,3,SS,,0.1334,-1.7237
3.825,5,3,SS,,0.1324,-1.7178
3.83,5,3,SS,,0.1314,-1.7118
3.835,5,3,SS,,0.1304,-1.7059
3.84,5,3,SS,,0.1294,-1.6999
3.845,5,3,SS,,0.1284,-1.6939
3.85,5,3,SS,,0.1274,-1.6879
3.855,5,3,SS,,0.1264,-1.6819
3.86,5,3,SS,,0.1254,-1.6758
3.865,5,3,SS,,0.1244,-1.6698
3.87,5,3,SS,,0.1234,-1.6637
3.875,5,3,SS,,0.1225,-1.6576
3.88,5,3,SS,,0.1215,-1.6515
3.885,5,3,SS,,0.1205,-1.6454
3.89,5,3,SS,,0.1196,-1.6392
3.895,5,3,SS,,0.1186,-1.6331
3.9,5,3,SS,,0.1177,-1.6269
3.905,5,3,SS,,0.1168,-1.6207
3.91,5,3,SS,,0.1158,-1.6145
3.915,5,3,SS,,0.1149,-1.6083
3.92,5,3,SS,,0.114,-1.602
3.925,5,3,SS,,0.1131,-1.5958
3.93,5,3,SS,,0.1122,-1.5895
3.935,5,3,SS,,0.1113,-1.5832
3.94,5,3,SS,,0.1104,-1.5769
3.945,5,3,SS,,0.1095,-1.5706
3.95,5,3,SS,,0.1086,-1.5642
3.955,5,3,SS,,0.1077,-1.5579
3.96,5,3,SS,,0.1068,-1.5515
3.965,5,3,SS,,0.106,-1.5451
3.97,5,3,SS,,0.1051,-1.5387
3.975,5,3,SS,,0.1042,-1.5323
3.98,5,3,SS,,0.1034,-1.5259
3.985,5,3,SS,,0.1025,-1.5194
3.99,5,3,SS,,0.1017,-1.513
3.995,5,3,SS,,0.1008,-1.5065
4,5,3,SS,,0.1,-1.5
4.005,5,3,SS,,0.0992,-1.4935
4.01,5,3,SS,,0.0983,-1.487
4.015,5,3,SS,,0.0975,-1.4804
4.02,5,3,SS,,0.0967,-1.4739
4.025,5,3,SS,,0.0959,-1.4673
4.03,5,3,SS,,0.0951,-1.4607
4.035,5,3,SS,,0.0943,-1.4541
4.04,5,3,SS,,0.0935,-1.4475
4.045,5,3,SS,,0.0927,-1.4409
4.05,5,3,SS,,0.0919,-1.4343
4.055,5,3,SS,,0.0911,-1.4276
4.06,5,3,SS,,0.0904,-1.4209
4.065,5,3,SS,,0.0896,-1.4143
4.07,5,3,SS,,0.0888,-1.4076
4.075,5,3,SS,,0.088,-1.4009
4.08,5,3,SS,,0.0873,-1.3941
4.085,5,3,SS,,0.0865,-1.3874
4.09,5,3,SS,,0.0858,-1.3806
4.095,5,3,SS,,0.085,-1.3739
4.1,5,3,SS,,0.0843,-1.3671
4.105,5,3,SS,,0.0836,-1.3603
4.11,5,3,SS,,0.0828,-1.3535
4.115,5,3,SS,,0.0821,-1.3467
4.12,5,3,SS,,0.0814,-1.3399
4.125,5,3,SS,,0.0807,-1.333
4.13,5,3,SS,,0.08,-1.3261
4.135,5,3,SS,,0.0792,-1.3193
4.14,5,3,SS,,0.0785,-1.3124
4.145,5,3,SS,,0.0778,-1.3055
4.15,5,3,SS,,0.0771,-1.2986
4.155,5,3,SS,,0.0764,-1.2917
4.16,5,3,SS,,0.0758,-1.2847
4.165,5,3,SS,,0.0751,-1.2778
4.17,5,3,SS,,0.0744,-1.2708
4.175,5,3,SS,,0.0737,-1.2638
4.18,5,3,SS,,0.073,-1.2569
4.185,5,3,SS,,0.0724,-1.2499
4.19,5,3,SS,,0.0717,-1.2429
4.195,5,3,SS,,0.0711,-1.2358
4.2,5,3,SS,,0.0704,-1.2288
4.205,5,3,SS,,0.0697,-1.2218
4.21,5,3,SS,,0.0691,-1.2147
4.215,5,3,SS,,0.0685,-1.2076
4.22,5,3,SS,,0.0678,-1.2005
4.225,5,3,SS,,0.0672,-1.1935
4.23,5,3,SS,,0.0666,-1.1863
4.235,5,3,SS,,0.0659,-1.1792
4.24,5,3,SS,,0.0653,-1.1721
4.245,5,3,SS,,0.0647,-1.165
4.25,5,3,SS,,0.0641,-1.1578
4.255,5,3,SS,,0.0634,-1.1507
4.26,5,3,SS,,0.0628,-1.1435
4.265,5,3,SS,,0.0622,-1.1363
4.27,5,3,SS,,0.0616,-1.1291
4.275,5,3,SS,,0.061,-1.1219
4.28,5,3,SS,,0.0604,-1.1147
4.285,5,3,SS,,0.0599,-1.1074
4.29,5,3,SS,,0.0593,-1.1002
4.295,5,3,SS,,0.0587,-1.093
4.3,5,3,SS,,0.0581,-1.0857
4.305,5,3,SS,,0.0575,-1.0784
4.31,5,3,SS,,0.057,-1.0711
4.315,5,3,SS,,0.0564,-1.0639
4.32,5,3,SS,,0.0558,-1.0566
4.325,5,3,SS,,0.0553,-1.0492
4.33,5,3,SS,,0.0547,-1.0419
4.335,5,3,SS,,0.0541,-1.0346
4.34,5,3,SS,,0.0536,-1.0273
4.345,5,3,SS,,0.053,-1.0199
4.35,5,3,SS,,0.0525,-1.0125
4.355,5,3,SS,,0.0519,-1.0052
4.36,5,3,SS,,0.0514,-0.9978
4.365,5,3,SS,,0.0509,-0.9904
4.37,5,3,SS,,0.0503,-0.983
4.375,5,3,SS,,0.0498,-0.9756
4.38,5,3,SS,,0.0493,-0.9682
4.385,5,3,SS,,0.0488,-0.9607
4.39,5,3,SS,,0.0482,-0.9533
4.395,5,3,SS,,0.0477,-0.9459
4.4,5,3,SS,,0.0472,-0.9384
4.405,5,3,SS,,0.0467,-0.9309
4.41,5,3,SS,,0.0462,-0.9235
4.415,5,3,SS,,0.0457,-0.916
4.42,5,3,SS,,0.0452,-0.9085
4.425,5,3,SS,,0.0447,-0.901
4.43,5,3,SS,,0.0442,-0.8935
4.435,5,3,SS,,0.0437,-0.886
4.44,5,3,SS,,0.0432,-0.8784
4.445,5,3,SS,,0.0427,-0.8709
4.45,5,3,SS,,0.0422,-0.8634
4.455,5,3,SS,,0.0417,-0.8558
4.46,5,3,SS,,0.0412,-0.8483
4.465,5,3,SS,,0.0408,-0.8407
4.47,5,3,SS,,0.0403,-0.8331
4.475,5,3,SS,,0.0398,-0.8255
4.48,5,3,SS,,0.0394,-0.8179
4.485,5,3,SS,,0.0389,-0.8103
4.49,5,3,SS,,0.0384,-0.8027
4.495,5,3,SS,,0.038,-0.7951
4.5,5,3,SS,,0.0375,-0.7875
4.505,5,3,SS,,0.037,-0.7799
4.51,5,3,SS,,0.0366,-0.7722
4.515,5,3,SS,,0.0361,-0.7646
4.52,5,3,SS,,0.0357,-0.7569
4.525,5,3,SS,,0.0352,-0.7493
4.53,5,3,SS,,0.0348,-0.7416
4.535,5,3,SS,,0.0344,-0.7339
4.54,5,3,SS,,0.0339,-0.7263
4.545,5,3,SS,,0.0335,-0.7186
4.55,5,3,SS,,0.033,-0.7109
4.555,5,3,SS,,0.0326,-0.7032
4.56,5,3,SS,,0.0322,-0.6955
4.565,5,3,SS,,0.0317,-0.6878
4.57,5,3,SS,,0.0313,-0.68
4.575,5,3,SS,,0.0309,-0.6723
4.58,5,3,SS,,0.0305,-0.6646
4.585,5,3,SS,,0.03,-0.6569
4.59,5,3,SS,,0.0296,-0.6491
4.595,5,3,SS,,0.0292,-0.6414
4.6,5,3,SS,,0.0288,-0.6336
4.605,5,3,SS,,0.0284,-0.6258
4.61,5,3,SS,,0.028,-0.6181
4.615,5,3,SS,,0.0276,-0.6103
4.62,5,3,SS,,0.0272,-0.6025
4.625,5,3,SS,,0.0268,-0.5947
4.63,5,3,SS,,0.0264,-0.5869
4.635,5,3,SS,,0.026,-0.5791
4.64,5,3,SS,,0.0256,-0.5713
4.645,5,3,SS,,0.0252,-0.5635
4.65,5,3,SS,,0.0248,-0.5557
4.655,5,3,SS,,0.0244,-0.5479
4.66,5,3,SS,,0.024,-0.5401
4.665,5,3,SS,,0.0236,-0.5322
4.67,5,3,SS,,0.0232,-0.5244
4.675,5,3,SS,,0.0228,-0.5166
4.68,5,3,SS,,0.0224,-0.5087
4.685,5,3,SS,,0.022,-0.5009
4.69,5,3,SS,,0.0217,-0.493
4.695,5,3,SS,,0.0213,-0.4852
4.7,5,3,SS,,0.0209,-0.4773
4.705,5,3,SS,,0.0205,-0.4694
4.71,5,3,SS,,0.0201,-0.4616
4.715,5,3,SS,,0.0198,-0.4537
4.72,5,3,SS,,0.0194,-0.4458
4.725,5,3,SS,,0.019,-0.4379
4.73,5,3,SS,,0.0187,-0.43
4.735,5,3,SS,,0.0183,-0.4221
4.74,5,3,SS,,0.0179,-0.4142
4.745,5,3,SS,,0.0176,-0.4063
4.75,5,3,SS,,0.0172,-0.3984
4.755,5,3,SS,,0.0168,-0.3905
4.76,5,3,SS,,0.0165,-0.3826
4.765,5,3,SS,,0.0161,-0.3747
4.77,5,3,SS,,0.0157,-0.3668
4.775,5,3,SS,,0.0154,-0.3589
4.78,5,3,SS,,0.015,-0.3509
4.785,5,3,SS,,0.0147,-0.343
4.79,5,3,SS,,0.0143,-0.3351
4.795,5,3,SS,,0.014,-0.3271
4.8,5,3,SS,,0.0136,-0.3192
4.805,5,3,SS,,0.0132,-0.3113
4.81,5,3,SS,,0.0129,-0.3033
4.815,5,3,SS,,0.0125,-0.2954
4.82,5,3,SS,,0.0122,-0.2874
4.825,5,3,SS,,0.0118,-0.2795
4.83,5,3,SS,,0.0115,-0.2715
4.835,5,3,SS,,0.0111,-0.2636
4.84,5,3,SS,,0.0108,-0.2556
4.845,5,3,SS,,0.0105,-0.2476
4.85,5,3,SS,,0.0101,-0.2397
4.855,5,3,SS,,0.0098,-0.2317
4.86,5,3,SS,,0.0094,-0.2237
4.865,5,3,SS,,0.0091,-0.2158
4.87,5,3,SS,,0.0087,-0.2078
4.875,5,3,SS,,0.0084,-0.1998
4.88,5,3,SS,,0.0081,-0.1918
4.885,5,3,SS,,0.0077,-0.1838
4.89,5,3,SS,,0.0074,-0.1759
4.895,5,3,SS,,0.007,-0.1679
4.9,5,3,SS,,0.0067,-0.1599
4.905,5,3,SS,,0.0064,-0.1519
4.91,5,3,SS,,0.006,-0.1439
4.915,5,3,SS,,0.0057,-0.1359
4.92,5,3,SS,,0.0054,-0.1279
4.925,5,3,SS,,0.005,-0.12
4.93,5,3,SS,,0.0047,-0.112
4.935,5,3,SS,,0.0043,-0.104
4.94,5,3,SS,,0.004,-0.096
4.945,5,3,SS,,0.0037,-0.088
4.95,5,3,SS,,0.0033,-0.08
4.955,5,3,SS,,0.003,-0.072
4.96,5,3,SS,,0.0027,-0.064
4.965,5,3,SS,,0.0023,-0.056
4.97,5,3,SS,,0.002,-0.048
4.975,5,3,SS,,0.0017,-0.04
4.98,5,3,SS,,0.0013,-0.032
4.985,5,3,SS,,0.001,-0.024
4.99,5,3,SS,,0.0007,-0.016
4.995,5,3,SS,,0.0003,-0.008
5,5,3,SS,,0,0
0,5,3.5,SS,,0,0
0.005,5,3.5,SS,,0.003,-0.0057
0.01,5,3.5,SS,,0.0061,-0.0114
0.015,5,3.5,SS,,0.0091,-0.0171
0.02,5,3.5,SS,,0.0122,-0.0227
0.025,5,3.5,SS,,0.0152,-0.0284
0.03,5,3.5,SS,,0.0182,-0.0341
0.035,5,3.5,SS,,0.0213,-0.0398
0.04,5,3.5,SS,,0.0243,-0.0455
0.045,5,3.5,SS,,0.0274,-0.0512
0.05,5,3.5,SS,,0.0304,-0.0569
0.055,5,3.5,SS,,0.0335,-0.0626
0.06,5,3.5,SS,,0.0365,-0.0682
0.065,5,3.5,SS,,0.0395,-0.0739
0.07,5,3.5,SS,,0.0426,-0.0796
0.075,5,3.5,SS,,0.0456,-0.0853
0.08,5,3.5,SS,,0.0486,-0.091
0.085,5,3.5,SS,,0.0517,-0.0967
0.09,5,3.5,SS,,0.0547,-0.1023
0.095,5,3.5,SS,,0.0578,-0.108
0.1,5,3.5,SS,,0.0608,-0.1137
0.105,5,3.5,SS,,0.0638,-0.1194
0.11,5,3.5,SS,,0.0669,-0.1251
0.115,5,3.5,SS,,0.0699,-0.1307
0.12,5,3.5,SS,,0.0729,-0.1364
0.125,5,3.5,SS,,0.076,-0.1421
0.13,5,3.5,SS,,0.079,-0.1478
0.135,5,3.5,SS,,0.082,-0.1534
0.14,5,3.5,SS,,0.0851,-0.1591
0.145,5,3.5,SS,,0.0881,-0.1648
0.15,5,3.5,SS,,0.0911,-0.1705
0.155,5,3.5,SS,,0.0942,-0.1761
0.16,5,3.5,SS,,0.0972,-0.1818
0.165,5,3.5,SS,,0.1002,-0.1875
0.17,5,3.5,SS,,0.1033,-0.1931
0.175,5,3.5,SS,,0.1063,-0.1988
0.18,5,3.5,SS,,0.1093,-0.2045
0.185,5,3.5,SS,,0.1123,-0.2101
0.19,5,3.5,SS,,0.1154,-0.2158
0.195,5,3.5,SS,,0.1184,-0.2214
0.2,5,3.5,SS,,0.1214,-0.2271
0.205,5,3.5,SS,,0.1244,-0.2328
0.21,5,3.5,SS,,0.1274,-0.2384
0.215,5,3.5,SS,,0.1305,-0.2441
0.22,5,3.5,SS,,0.1335,-0.2497
0.225,5,3.5,SS,,0.1365,-0.2554
0.23,5,3.5,SS,,0.1395,-0.261
0.235,5,3.5,SS,,0.1425,-0.2667
0.24,5,3.5,SS,,0.1455,-0.2723
0.245,5,3.5,SS,,0.1486,-0.278
0.25,5,3.5,SS,,0.1516,-0.2836
0.255,5,3.5,SS,,0.1546,-0.2892
0.26,5,3.5,SS,,0.1576,-0.2949
0.265,5,3.5,SS,,0.1606,-0.3005
0.27,5,3.5,SS,,0.1636,-0.3061
0.275,5,3.5,SS,,0.1666,-0.3118
0.28,5,3.5,SS,,0.1696,-0.3174
0.285,5,3.5,SS,,0.1726,-0.323
0.29,5,3.5,SS,,0.1756,-0.3287
0.295,5,3.5,SS,,0.1786,-0.3343
0.3,5,3.5,SS,,0.1816,-0.3399
0.305,5,3.5,SS,,0.1846,-0.3455
0.31,5,3.5,SS,,0.1876,-0.3511
0.315,5,3.5,SS,,0.1906,-0.3567
0.32,5,3.5,SS,,0.1936,-0.3624
0.325,5,3.5,SS,,0.1966,-0.368
0.33,5,3.5,SS,,0.1996,-0.3736
0.335,5,3.5,SS,,0.2025,-0.3792
0.34,5,3.5,SS,,0.2055,-0.3848
0.345,5,3.5,SS,,0.2085,-0.3904
0.35,5,3.5,SS,,0.2115,-0.396
0.355,5,3.5,SS,,0.2145,-0.4016
0.36,5,3.5,SS,,0.2174,-0.4072
0.365,5,3.5,SS,,0.2204,-0.4128
0.37,5,3.5,SS,,0.2234,-0.4183
0.375,5,3.5,SS,,0.2264,-0.4239
0.38,5,3.5,SS,,0.2293,-0.4295
0.385,5,3.5,SS,,0.2323,-0.4351
0.39,5,3.5,SS,,0.2353,-0.4407
0.395,5,3.5,SS,,0.2382,-0.4462
0.4,5,3.5,SS,,0.2412,-0.4518
0.405,5,3.5,SS,,0.2442,-0.4574
0.41,5,3.5,SS,,0.2471,-0.4629
0.415,5,3.5,SS,,0.2501,-0.4685
0.42,5,3.5,SS,,0.253,-0.474
0.425,5,3.5,SS,,0.256,-0.4796
0.43,5,3.5,SS,,0.2589,-0.4851
0.435,5,3.5,SS,,0.2619,-0.4907
0.44,5,3.5,SS,,0.2648,-0.4962
0.445,5,3.5,SS,,0.2678,-0.5018
0.45,5,3.5,SS,,0.2707,-0.5073
0.455,5,3.5,SS,,0.2737,-0.5129
0.46,5,3.5,SS,,0.2766,-0.5184
0.465,5,3.5,SS,,0.2795,-0.5239
0.47,5,3.5,SS,,0.2825,-0.5294
0.475,5,3.5,SS,,0.2854,-0.535
0.48,5,3.5,SS,,0.2883,-0.5405
0.485,5,3.5,SS,,0.2912,-0.546
0.49,5,3.5,SS,,0.2942,-0.5515
0.495,5,3.5,SS,,0.2971,-0.557
0.5,5,3.5,SS,,0.3,-0.5625
0.505,5,3.5,SS,,0.3029,-0.568
0.51,5,3.5,SS,,0.3058,-0.5735
0.515,5,3.5,SS,,0.3087,-0.579
0.52,5,3.5,SS,,0.3116,-0.5845
0.525,5,3.5,SS,,0.3146,-0.59
0.53,5,3.5,SS,,0.3175,-0.5954
0.535,5,3.5,SS,,0.3204,-0.6009
0.54,5,3.5,SS,,0.3233,-0.6064
0.545,5,3.5,SS,,0.3261,-0.6118
0.55,5,3.5,SS,,0.329,-0.6173
0.555,5,3.5,SS,,0.3319,-0.6228
0.56,5,3.5,SS,,0.3348,-0.6282
0.565,5,3.5,SS,,0.3377,-0.6337
0.57,5,3.5,SS,,0.3406,-0.6391
0.575,5,3.5,SS,,0.3435,-0.6446
0.58,5,3.5,SS,,0.3463,-0.65
0.585,5,3.5,SS,,0.3492,-0.6554
0.59,5,3.5,SS,,0.3521,-0.6609
0.595,5,3.5,SS,,0.3549,-0.6663
0.6,5,3.5,SS,,0.3578,-0.6717
0.605,5,3.5,SS,,0.3607,-0.6771
0.61,5,3.5,SS,,0.3635,-0.6825
0.615,5,3.5,SS,,0.3664,-0.6879
0.62,5,3.5,SS,,0.3692,-0.6933
0.625,5,3.5,SS,,0.3721,-0.6987
0.63,5,3.5,SS,,0.3749,-0.7041
0.635,5,3.5,SS,,0.3778,-0.7095
0.64,5,3.5,SS,,0.3806,-0.7149
0.645,5,3.5,SS,,0.3834,-0.7203
0.65,5,3.5,SS,,0.3863,-0.7256
0.655,5,3.5,SS,,0.3891,-0.731
0.66,5,3.5,SS,,0.3919,-0.7364
0.665,5,3.5,SS,,0.3947,-0.7417
0.67,5,3.5,SS,,0.3976,-0.7471
0.675,5,3.5,SS,,0.4004,-0.7524
0.68,5,3.5,SS,,0.4032,-0.7578
0.685,5,3.5,SS,,0.406,-0.7631
0.69,5,3.5,SS,,0.4088,-0.7684
0.695,5,3.5,SS,,0.4116,-0.7738
0.7,5,3.5,SS,,0.4144,-0.7791
0.705,5,3.5,SS,,0.4172,-0.7844
0.71,5,3.5,SS,,0.42,-0.7897
0.715,5,3.5,SS,,0.4228,-0.795
0.72,5,3.5,SS,,0.4256,-0.8003
0.725,5,3.5,SS,,0.4283,-0.8056
0.73,5,3.5,SS,,0.4311,-0.8109
0.735,5,3.5,SS,,0.4339,-0.8162
0.74,5,3.5,SS,,0.4367,-0.8215
0.745,5,3.5,SS,,0.4394,-0.8268
0.75,5,3.5,SS,,0.4422,-0.832
0.755,5,3.5,SS,,0.4449,-0.8373
0.76,5,3.5,SS,,0.4477,-0.8426
0.765,5,3.5,SS,,0.4505,-0.8478
0.77,5,3.5,SS,,0.4532,-0.853
0.775,5,3.5,SS,,0.4559,-0.8583
0.78,5,3.5,SS,,0.4587,-0.8635
0.785,5,3.5,SS,,0.4614,-0.8688
0.79,5,3.5,SS,,0.4641,-0.874
0.795,5,3.5,SS,,0.4669,-0.8792
0.8,5,3.5,SS,,0.4696,-0.8844
0.805,5,3.5,SS,,0.4723,-0.8896
0.81,5,3.5,SS,,0.475,-0.8948
0.815,5,3.5,SS,,0.4777,-0.9
0.82,5,3.5,SS,,0.4805,-0.9052
0.825,5,3.5,SS,,0.4832,-0.9104
0.83,5,3.5,SS,,0.4859,-0.9155
0.835,5,3.5,SS,,0.4886,-0.9207
0.84,5,3.5,SS,,0.4912,-0.9259
0.845,5,3.5,SS,,0.4939,-0.931
0.85,5,3.5,SS,,0.4966,-0.9362
0.855,5,3.5,SS,,0.4993,-0.9413
0.86,5,3.5,SS,,0.502,-0.9464
0.865,5,3.5,SS,,0.5046,-0.9516
0.87,5,3.5,SS,,0.5073,-0.9567
0.875,5,3.5,SS,,0.51,-0.9618
0.88,5,3.5,SS,,0.5126,-0.9669
0.885,5,3.5,SS,,0.5153,-0.972
0.89,5,3.5,SS,,0.5179,-0.9771
0.895,5,3.5,SS,,0.5206,-0.9822
0.9,5,3.5,SS,,0.5232,-0.9873
0.905,5,3.5,SS,,0.5258,-0.9924
0.91,5,3.5,SS,,0.5285,-0.9974
0.915,5,3.5,SS,,0.5311,-1.0025
0.92,5,3.5,SS,,0.5337,-1.0076
0.925,5,3.5,SS,,0.5363,-1.0126
0.93,5,3.5,SS,,0.5389,-1.0177
0.935,5,3.5,SS,,0.5415,-1.0227
0.94,5,3.5,SS,,0.5441,-1.0277
0.945,5,3.5,SS,,0.5467,-1.0327
0.95,5,3.5,SS,,0.5493,-1.0378
0.955,5,3.5,SS,,0.5519,-1.0428
0.96,5,3.5,SS,,0.5545,-1.0478
0.965,5,3.5,SS,,0.5571,-1.0528
0.97,5,3.5,SS,,0.5597,-1.0577
0.975,5,3.5,SS,,0.5622,-1.0627
0.98,5,3.5,SS,,0.5648,-1.0677
0.985,5,3.5,SS,,0.5674,-1.0727
0.99,5,3.5,SS,,0.5699,-1.0776
0.995,5,3.5,SS,,0.5725,-1.0826
1,5,3.5,SS,,0.575,-1.0875
1.005,5,3.5,SS,,0.5775,-1.0924
1.01,5,3.5,SS,,0.5801,-1.0974
1.015,5,3.5,SS,,0.5826,-1.1023
1.02,5,3.5,SS,,0.5851,-1.1072
1.025,5,3.5,SS,,0.5876,-1.1121
1.03,5,3.5,SS,,0.5902,-1.117
1.035,5,3.5,SS,,0.5927,-1.1219
1.04,5,3.5,SS,,0.5952,-1.1268
1.045,5,3.5,SS,,0.5977,-1.1316
1.05,5,3.5,SS,,0.6002,-1.1365
1.055,5,3.5,SS,,0.6027,-1.1414
1.06,5,3.5,SS,,0.6051,-1.1462
1.065,5,3.5,SS,,0.6076,-1.151
1.07,5,3.5,SS,,0.6101,-1.1559
1.075,5,3.5,SS,,0.6125,-1.1607
1.08,5,3.5,SS,,0.615,-1.1655
1.085,5,3.5,SS,,0.6175,-1.1703
1.09,5,3.5,SS,,0.6199,-1.1751
1.095,5,3.5,SS,,0.6224,-1.1799
1.1,5,3.5,SS,,0.6248,-1.1847
1.105,5,3.5,SS,,0.6272,-1.1895
1.11,5,3.5,SS,,0.6297,-1.1942
1.115,5,3.5,SS,,0.6321,-1.199
1.12,5,3.5,SS,,0.6345,-1.2038
1.125,5,3.5,SS,,0.6369,-1.2085
1.13,5,3.5,SS,,0.6393,-1.2132
1.135,5,3.5,SS,,0.6417,-1.218
1.14,5,3.5,SS,,0.6441,-1.2227
1.145,5,3.5,SS,,0.6465,-1.2274
1.15,5,3.5,SS,,0.6489,-1.2321
1.155,5,3.5,SS,,0.6513,-1.2368
1.16,5,3.5,SS,,0.6536,-1.2415
1.165,5,3.5,SS,,0.656,-1.2461
1.17,5,3.5,SS,,0.6584,-1.2508
1.175,5,3.5,SS,,0.6607,-1.2555
1.18,5,3.5,SS,,0.6631,-1.2601
1.185,5,3.5,SS,,0.6654,-1.2647
1.19,5,3.5,SS,,0.6677,-1.2694
1.195,5,3.5,SS,,0.6701,-1.274
1.2,5,3.5,SS,,0.6724,-1.2786
1.205,5,3.5,SS,,0.6747,-1.2832
1.21,5,3.5,SS,,0.677,-1.2878
1.215,5,3.5,SS,,0.6793,-1.2924
1.22,5,3.5,SS,,0.6816,-1.297
1.225,5,3.5,SS,,0.6839,-1.3015
1.23,5,3.5,SS,,0.6862,-1.3061
1.235,5,3.5,SS,,0.6885,-1.3106
1.24,5,3.5,SS,,0.6908,-1.3152
1.245,5,3.5,SS,,0.693,-1.3197
1.25,5,3.5,SS,,0.6953,-1.3242
1.255,5,3.5,SS,,0.6976,-1.3287
1.26,5,3.5,SS,,0.6998,-1.3332
1.265,5,3.5,SS,,0.7021,-1.3377
1.27,5,3.5,SS,,0.7043,-1.3422
1.275,5,3.5,SS,,0.7065,-1.3467
1.28,5,3.5,SS,,0.7088,-1.3511
1.285,5,3.5,SS,,0.711,-1.3556
1.29,5,3.5,SS,,0.7132,-1.36
1.295,5,3.5,SS,,0.7154,-1.3645
1.3,5,3.5,SS,,0.7176,-1.3689
1.305,5,3.5,SS,,0.7198,-1.3733
1.31,5,3.5,SS,,0.722,-1.3777
1.315,5,3.5,SS,,0.7242,-1.3821
1.32,5,3.5,SS,,0.7263,-1.3865
1.325,5,3.5,SS,,0.7285,-1.3909
1.33,5,3.5,SS,,0.7307,-1.3952
1.335,5,3.5,SS,,0.7328,-1.3996
1.34,5,3.5,SS,,0.735,-1.4039
1.345,5,3.5,SS,,0.7371,-1.4083
1.35,5,3.5,SS,,0.7392,-1.4126
1.355,5,3.5,SS,,0.7414,-1.4169
1.36,5,3.5,SS,,0.7435,-1.4212
1.365,5,3.5,SS,,0.7456,-1.4255
1.37,5,3.5,SS,,0.7477,-1.4298
1.375,5,3.5,SS,,0.7498,-1.4341
1.38,5,3.5,SS,,0.7519,-1.4383
1.385,5,3.5,SS,,0.754,-1.4426
1.39,5,3.5,SS,,0.7561,-1.4468
1.395,5,3.5,SS,,0.7581,-1.4511
1.4,5,3.5,SS,,0.7602,-1.4553
1.405,5,3.5,SS,,0.7623,-1.4595
1.41,5,3.5,SS,,0.7643,-1.4637
1.415,5,3.5,SS,,0.7664,-1.4679
1.42,5,3.5,SS,,0.7684,-1.4721
1.425,5,3.5,SS,,0.7704,-1.4763
1.43,5,3.5,SS,,0.7724,-1.4804
1.435,5,3.5,SS,,0.7745,-1.4846
1.44,5,3.5,SS,,0.7765,-1.4887
1.445,5,3.5,SS,,0.7785,-1.4928
1.45,5,3.5,SS,,0.7805,-1.4969
1.455,5,3.5,SS,,0.7824,-1.501
1.46,5,3.5,SS,,0.7844,-1.5051
1.465,5,3.5,SS,,0.7864,-1.5092
1.47,5,3.5,SS,,0.7884,-1.5133
1.475,5,3.5,SS,,0.7903,-1.5174
1.48,5,3.5,SS,,0.7923,-1.5214
1.485,5,3.5,SS,,0.7942,-1.5254
1.49,5,3.5,SS,,0.7962,-1.5295
1.495,5,3.5,SS,,0.7981,-1.5335
1.5,5,3.5,SS,,0.8,-1.5375
1.505,5,3.5,SS,,0.8019,-1.5415
1.51,5,3.5,SS,,0.8038,-1.5455
1.515,5,3.5,SS,,0.8057,-1.5494
1.52,5,3.5,SS,,0.8076,-1.5534
1.525,5,3.5,SS,,0.8095,-1.5574
1.53,5,3.5,SS,,0.8114,-1.5613
1.535,5,3.5,SS,,0.8132,-1.5652
1.54,5,3.5,SS,,0.8151,-1.5691
1.545,5,3.5,SS,,0.8169,-1.573
1.55,5,3.5,SS,,0.8188,-1.5769
1.555,5,3.5,SS,,0.8206,-1.5808
1.56,5,3.5,SS,,0.8225,-1.5847
1.565,5,3.5,SS,,0.8243,-1.5885
1.57,5,3.5,SS,,0.8261,-1.5924
1.575,5,3.5,SS,,0.8279,-1.5962
1.58,5,3.5,SS,,0.8297,-1.6
1.585,5,3.5,SS,,0.8315,-1.6038
1.59,5,3.5,SS,,0.8333,-1.6076
1.595,5,3.5,SS,,0.835,-1.6114
1.6,5,3.5,SS,,0.8368,-1.6152
1.605,5,3.5,SS,,0.8386,-1.619
1.61,5,3.5,SS,,0.8403,-1.6227
1.615,5,3.5,SS,,0.842,-1.6264
1.62,5,3.5,SS,,0.8438,-1.6302
1.625,5,3.5,SS,,0.8455,-1.6339
1.63,5,3.5,SS,,0.8472,-1.6376
1.635,5,3.5,SS,,0.8489,-1.6413
1.64,5,3.5,SS,,0.8506,-1.645
1.645,5,3.5,SS,,0.8523,-1.6486
1.65,5,3.5,SS,,0.854,-1.6523
1.655,5,3.5,SS,,0.8557,-1.6559
1.66,5,3.5,SS,,0.8574,-1.6595
1.665,5,3.5,SS,,0.859,-1.6631
1.67,5,3.5,SS,,0.8607,-1.6668
1.675,5,3.5,SS,,0.8623,-1.6703
1.68,5,3.5,SS,,0.8639,-1.6739
1.685,5,3.5,SS,,0.8656,-1.6775
1.69,5,3.5,SS,,0.8672,-1.681
1.695,5,3.5,SS,,0.8688,-1.6846
1.7,5,3.5,SS,,0.8704,-1.6881
1.705,5,3.5,SS,,0.872,-1.6916
1.71,5,3.5,SS,,0.8736,-1.6951
1.715,5,3.5,SS,,0.8752,-1.6986
1.72,5,3.5,SS,,0.8767,-1.7021
1.725,5,3.5,SS,,0.8783,-1.7055
1.73,5,3.5,SS,,0.8798,-1.709
1.735,5,3.5,SS,,0.8814,-1.7124
1.74,5,3.5,SS,,0.8829,-1.7158
1.745,5,3.5,SS,,0.8844,-1.7193
1.75,5,3.5,SS,,0.8859,-1.7227
1.755,5,3.5,SS,,0.8874,-1.726
1.76,5,3.5,SS,,0.8889,-1.7294
1.765,5,3.5,SS,,0.8904,-1.7328
1.77,5,3.5,SS,,0.8919,-1.7361
1.775,5,3.5,SS,,0.8934,-1.7394
1.78,5,3.5,SS,,0.8948,-1.7428
1.785,5,3.5,SS,,0.8963,-1.7461
1.79,5,3.5,SS,,0.8977,-1.7494
1.795,5,3.5,SS,,0.8992,-1.7526
1.8,5,3.5,SS,,0.9006,-1.7559
1.805,5,3.5,SS,,0.902,-1.7592
1.81,5,3.5,SS,,0.9034,-1.7624
1.815,5,3.5,SS,,0.9048,-1.7656
1.82,5,3.5,SS,,0.9062,-1.7688
1.825,5,3.5,SS,,0.9076,-1.772
1.83,5,3.5,SS,,0.909,-1.7752
1.835,5,3.5,SS,,0.9103,-1.7784
1.84,5,3.5,SS,,0.9117,-1.7815
1.845,5,3.5,SS,,0.913,-1.7847
1.85,5,3.5,SS,,0.9144,-1.7878
1.855,5,3.5,SS,,0.9157,-1.7909
1.86,5,3.5,SS,,0.917,-1.794
1.865,5,3.5,SS,,0.9183,-1.7971
1.87,5,3.5,SS,,0.9196,-1.8002
1.875,5,3.5,SS,,0.9209,-1.8032
1.88,5,3.5,SS,,0.9222,-1.8063
1.885,5,3.5,SS,,0.9234,-1.8093
1.89,5,3.5,SS,,0.9247,-1.8123
1.895,5,3.5,SS,,0.926,-1.8153
1.9,5,3.5,SS,,0.9272,-1.8183
1.905,5,3.5,SS,,0.9284,-1.8213
1.91,5,3.5,SS,,0.9297,-1.8242
1.915,5,3.5,SS,,0.9309,-1.8272
1.92,5,3.5,SS,,0.9321,-1.8301
1.925,5,3.5,SS,,0.9333,-1.833
1.93,5,3.5,SS,,0.9344,-1.8359
1.935,5,3.5,SS,,0.9356,-1.8388
1.94,5,3.5,SS,,0.9368,-1.8417
1.945,5,3.5,SS,,0.9379,-1.8445
1.95,5,3.5,SS,,0.9391,-1.8474
1.955,5,3.5,SS,,0.9402,-1.8502
1.96,5,3.5,SS,,0.9413,-1.853
1.965,5,3.5,SS,,0.9425,-1.8558
1.97,5,3.5,SS,,0.9436,-1.8586
1.975,5,3.5,SS,,0.9447,-1.8614
1.98,5,3.5,SS,,0.9458,-1.8641
1.985,5,3.5,SS,,0.9468,-1.8669
1.99,5,3.5,SS,,0.9479,-1.8696
1.995,5,3.5,SS,,0.949,-1.8723
2,5,3.5,SS,,0.95,-1.875
2.005,5,3.5,SS,,0.951,-1.8777
2.01,5,3.5,SS,,0.9521,-1.8803
2.015,5,3.5,SS,,0.9531,-1.883
2.02,5,3.5,SS,,0.9541,-1.8856
2.025,5,3.5,SS,,0.9551,-1.8882
2.03,5,3.5,SS,,0.9561,-1.8909
2.035,5,3.5,SS,,0.957,-1.8934
2.04,5,3.5,SS,,0.958,-1.896
2.045,5,3.5,SS,,0.959,-1.8986
2.05,5,3.5,SS,,0.9599,-1.9011
2.055,5,3.5,SS,,0.9608,-1.9036
2.06,5,3.5,SS,,0.9618,-1.9062
2.065,5,3.5,SS,,0.9627,-1.9087
2.07,5,3.5,SS,,0.9636,-1.9111
2.075,5,3.5,SS,,0.9645,-1.9136
2.08,5,3.5,SS,,0.9654,-1.9161
2.085,5,3.5,SS,,0.9662,-1.9185
2.09,5,3.5,SS,,0.9671,-1.9209
2.095,5,3.5,SS,,0.968,-1.9233
2.1,5,3.5,SS,,0.9688,-1.9257
2.105,5,3.5,SS,,0.9696,-1.9281
2.11,5,3.5,SS,,0.9705,-1.9304
2.115,5,3.5,SS,,0.9713,-1.9328
2.12,5,3.5,SS,,0.9721,-1.9351
2.125,5,3.5,SS,,0.9729,-1.9374
2.13,5,3.5,SS,,0.9736,-1.9397
2.135,5,3.5,SS,,0.9744,-1.942
2.14,5,3.5,SS,,0.9752,-1.9442
2.145,5,3.5,SS,,0.9759,-1.9465
2.15,5,3.5,SS,,0.9766,-1.9487
2.155,5,3.5,SS,,0.9774,-1.9509
2.16,5,3.5,SS,,0.9781,-1.9531
2.165,5,3.5,SS,,0.9788,-1.9553
2.17,5,3.5,SS,,0.9795,-1.9575
2.175,5,3.5,SS,,0.9802,-1.9596
2.18,5,3.5,SS,,0.9808,-1.9617
2.185,5,3.5,SS,,0.9815,-1.9639
2.19,5,3.5,SS,,0.9821,-1.966
2.195,5,3.5,SS,,0.9828,-1.968
2.2,5,3.5,SS,,0.9834,-1.9701
2.205,5,3.5,SS,,0.984,-1.9721
2.21,5,3.5,SS,,0.9846,-1.9742
2.215,5,3.5,SS,,0.9852,-1.9762
2.22,5,3.5,SS,,0.9858,-1.9782
2.225,5,3.5,SS,,0.9864,-1.9802
2.23,5,3.5,SS,,0.9869,-1.9821
2.235,5,3.5,SS,,0.9875,-1.9841
2.24,5,3.5,SS,,0.988,-1.986
2.245,5,3.5,SS,,0.9885,-1.9879
2.25,5,3.5,SS,,0.9891,-1.9898
2.255,5,3.5,SS,,0.9896,-1.9917
2.26,5,3.5,SS,,0.9901,-1.9936
2.265,5,3.5,SS,,0.9905,-1.9954
2.27,5,3.5,SS,,0.991,-1.9973
2.275,5,3.5,SS,,0.9915,-1.9991
2.28,5,3.5,SS,,0.9919,-2.0009
2.285,5,3.5,SS,,0.9924,-2.0027
2.29,5,3.5,SS,,0.9928,-2.0044
2.295,5,3.5,SS,,0.9932,-2.0062
2.3,5,3.5,SS,,0.9936,-2.0079
2.305,5,3.5,SS,,0.994,-2.0096
2.31,5,3.5,SS,,0.9944,-2.0113
2.315,5,3.5,SS,,0.9947,-2.013
2.32,5,3.5,SS,,0.9951,-2.0146
2.325,5,3.5,SS,,0.9954,-2.0163
2.33,5,3.5,SS,,0.9958,-2.0179
2.335,5,3.5,SS,,0.9961,-2.0195
2.34,5,3.5,SS,,0.9964,-2.0211
2.345,5,3.5,SS,,0.9967,-2.0227
2.35,5,3.5,SS,,0.997,-2.0242
2.355,5,3.5,SS,,0.9973,-2.0258
2.36,5,3.5,SS,,0.9975,-2.0273
2.365,5,3.5,SS,,0.9978,-2.0288
2.37,5,3.5,SS,,0.998,-2.0303
2.375,5,3.5,SS,,0.9982,-2.0317
2.38,5,3.5,SS,,0.9985,-2.0332
2.385,5,3.5,SS,,0.9987,-2.0346
2.39,5,3.5,SS,,0.9989,-2.036
2.395,5,3.5,SS,,0.999,-2.0374
2.4,5,3.5,SS,,0.9992,-2.0388
2.405,5,3.5,SS,,0.9994,-2.0402
2.41,5,3.5,SS,,0.9995,-2.0415
2.415,5,3.5,SS,,0.9996,-2.0428
2.42,5,3.5,SS,,0.9998,-2.0441
2.425,5,3.5,SS,,0.9999,-2.0454
2.43,5,3.5,SS,,1,-2.0467
2.435,5,3.5,SS,,1,-2.0479
2.44,5,3.5,SS,,1.0001,-2.0492
2.445,5,3.5,SS,,1.0002,-2.0504
2.45,5,3.5,SS,,1.0002,-2.0516
2.455,5,3.5,SS,,1.0002,-2.0527
2.46,5,3.5,SS,,1.0003,-2.0539
2.465,5,3.5,SS,,1.0003,-2.055
2.47,5,3.5,SS,,1.0003,-2.0562
2.475,5,3.5,SS,,1.0003,-2.0573
2.48,5,3.5,SS,,1.0002,-2.0584
2.485,5,3.5,SS,,1.0002,-2.0594
2.49,5,3.5,SS,,1.0001,-2.0605
2.495,5,3.5,SS,,1.0001,-2.0615
2.5,5,3.5,SS,,1,-2.0625
2.505,5,3.5,SS,,0.9999,-2.0635
2.51,5,3.5,SS,,0.9998,-2.0645
2.515,5,3.5,SS,,0.9997,-2.0654
2.52,5,3.5,SS,,0.9996,-2.0663
2.525,5,3.5,SS,,0.9994,-2.0673
2.53,5,3.5,SS,,0.9993,-2.0682
2.535,5,3.5,SS,,0.9991,-2.069
2.54,5,3.5,SS,,0.9989,-2.0699
2.545,5,3.5,SS,,0.9987,-2.0707
2.55,5,3.5,SS,,0.9985,-2.0716
2.555,5,3.5,SS,,0.9983,-2.0724
2.56,5,3.5,SS,,0.9981,-2.0731
2.565,5,3.5,SS,,0.9979,-2.0739
2.57,5,3.5,SS,,0.9976,-2.0746
2.575,5,3.5,SS,,0.9973,-2.0754
2.58,5,3.5,SS,,0.997,-2.0761
2.585,5,3.5,SS,,0.9968,-2.0768
2.59,5,3.5,SS,,0.9965,-2.0774
2.595,5,3.5,SS,,0.9961,-2.0781
2.6,5,3.5,SS,,0.9958,-2.0787
2.605,5,3.5,SS,,0.9955,-2.0793
2.61,5,3.5,SS,,0.9951,-2.0799
2.615,5,3.5,SS,,0.9947,-2.0805
2.62,5,3.5,SS,,0.9943,-2.081
2.625,5,3.5,SS,,0.9939,-2.0815
2.63,5,3.5,SS,,0.9935,-2.0821
2.635,5,3.5,SS,,0.9931,-2.0825
2.64,5,3.5,SS,,0.9927,-2.083
2.645,5,3.5,SS,,0.9922,-2.0835
2.65,5,3.5,SS,,0.9918,-2.0839
2.655,5,3.5,SS,,0.9913,-2.0843
2.66,5,3.5,SS,,0.9908,-2.0847
2.665,5,3.5,SS,,0.9903,-2.0851
2.67,5,3.5,SS,,0.9898,-2.0854
2.675,5,3.5,SS,,0.9892,-2.0857
2.68,5,3.5,SS,,0.9887,-2.0861
2.685,5,3.5,SS,,0.9881,-2.0863
2.69,5,3.5,SS,,0.9876,-2.0866
2.695,5,3.5,SS,,0.987,-2.0869
2.7,5,3.5,SS,,0.9864,-2.0871
2.705,5,3.5,SS,,0.9858,-2.0873
2.71,5,3.5,SS,,0.9852,-2.0875
2.715,5,3.5,SS,,0.9845,-2.0877
2.72,5,3.5,SS,,0.9839,-2.0878
2.725,5,3.5,SS,,0.9832,-2.0879
2.73,5,3.5,SS,,0.9825,-2.0881
2.735,5,3.5,SS,,0.9818,-2.0881
2.74,5,3.5,SS,,0.9811,-2.0882
2.745,5,3.5,SS,,0.9804,-2.0883
2.75,5,3.5,SS,,0.9797,-2.0883
2.755,5,3.5,SS,,0.9789,-2.0883
2.76,5,3.5,SS,,0.9782,-2.0883
2.765,5,3.5,SS,,0.9774,-2.0882
2.77,5,3.5,SS,,0.9766,-2.0882
2.775,5,3.5,SS,,0.9758,-2.0881
2.78,5,3.5,SS,,0.975,-2.088
2.785,5,3.5,SS,,0.9742,-2.0879
2.79,5,3.5,SS,,0.9733,-2.0877
2.795,5,3.5,SS,,0.9725,-2.0876
2.8,5,3.5,SS,,0.9716,-2.0874
2.805,5,3.5,SS,,0.9707,-2.0872
2.81,5,3.5,SS,,0.9698,-2.087
2.815,5,3.5,SS,,0.9689,-2.0867
2.82,5,3.5,SS,,0.968,-2.0865
2.825,5,3.5,SS,,0.967,-2.0862
2.83,5,3.5,SS,,0.9661,-2.0859
2.835,5,3.5,SS,,0.9651,-2.0855
2.84,5,3.5,SS,,0.9641,-2.0852
2.845,5,3.5,SS,,0.9631,-2.0848
2.85,5,3.5,SS,,0.9621,-2.0844
2.855,5,3.5,SS,,0.9611,-2.084
2.86,5,3.5,SS,,0.96,-2.0836
2.865,5,3.5,SS,,0.959,-2.0831
2.87,5,3.5,SS,,0.9579,-2.0826
2.875,5,3.5,SS,,0.9568,-2.0821
2.88,5,3.5,SS,,0.9557,-2.0816
2.885,5,3.5,SS,,0.9546,-2.0811
2.89,5,3.5,SS,,0.9535,-2.0805
2.895,5,3.5,SS,,0.9524,-2.0799
2.9,5,3.5,SS,,0.9512,-2.0793
2.905,5,3.5,SS,,0.95,-2.0787
2.91,5,3.5,SS,,0.9488,-2.078
2.915,5,3.5,SS,,0.9476,-2.0773
2.92,5,3.5,SS,,0.9464,-2.0766
2.925,5,3.5,SS,,0.9452,-2.0759
2.93,5,3.5,SS,,0.944,-2.0752
2.935,5,3.5,SS,,0.9427,-2.0744
2.94,5,3.5,SS,,0.9414,-2.0736
2.945,5,3.5,SS,,0.9401,-2.0728
2.95,5,3.5,SS,,0.9388,-2.072
2.955,5,3.5,SS,,0.9375,-2.0712
2.96,5,3.5,SS,,0.9362,-2.0703
2.965,5,3.5,SS,,0.9348,-2.0694
2.97,5,3.5,SS,,0.9335,-2.0685
2.975,5,3.5,SS,,0.9321,-2.0675
2.98,5,3.5,SS,,0.9307,-2.0666
2.985,5,3.5,SS,,0.9293,-2.0656
2.99,5,3.5,SS,,0.9279,-2.0646
2.995,5,3.5,SS,,0.9265,-2.0636
3,5,3.5,SS,,0.925,-2.0625
3.005,5,3.5,SS,,0.9235,-2.0614
3.01,5,3.5,SS,,0.9221,-2.0603
3.015,5,3.5,SS,,0.9206,-2.0592
3.02,5,3.5,SS,,0.919,-2.0581
3.025,5,3.5,SS,,0.9175,-2.0569
3.03,5,3.5,SS,,0.916,-2.0557
3.035,5,3.5,SS,,0.9144,-2.0545
3.04,5,3.5,SS,,0.9129,-2.0533
3.045,5,3.5,SS,,0.9113,-2.052
3.05,5,3.5,SS,,0.9097,-2.0507
3.055,5,3.5,SS,,0.908,-2.0494
3.06,5,3.5,SS,,0.9064,-2.0481
3.065,5,3.5,SS,,0.9048,-2.0468
3.07,5,3.5,SS,,0.9031,-2.0454
3.075,5,3.5,SS,,0.9014,-2.044
3.08,5,3.5,SS,,0.8997,-2.0426
3.085,5,3.5,SS,,0.898,-2.0412
3.09,5,3.5,SS,,0.8963,-2.0397
3.095,5,3.5,SS,,0.8946,-2.0382
3.1,5,3.5,SS,,0.8928,-2.0367
3.105,5,3.5,SS,,0.891,-2.0352
3.11,5,3.5,SS,,0.8892,-2.0336
3.115,5,3.5,SS,,0.8874,-2.032
3.12,5,3.5,SS,,0.8856,-2.0304
3.125,5,3.5,SS,,0.8838,-2.0288
3.13,5,3.5,SS,,0.8819,-2.0272
3.135,5,3.5,SS,,0.8801,-2.0255
3.14,5,3.5,SS,,0.8782,-2.0238
3.145,5,3.5,SS,,0.8763,-2.0221
3.15,5,3.5,SS,,0.8744,-2.0203
3.155,5,3.5,SS,,0.8725,-2.0186
3.16,5,3.5,SS,,0.8705,-2.0168
3.165,5,3.5,SS,,0.8686,-2.015
3.17,5,3.5,SS,,0.8666,-2.0131
3.175,5,3.5,SS,,0.8646,-2.0113
3.18,5,3.5,SS,,0.8626,-2.0094
3.185,5,3.5,SS,,0.8606,-2.0075
3.19,5,3.5,SS,,0.8585,-2.0055
3.195,5,3.5,SS,,0.8565,-2.0036
3.2,5,3.5,SS,,0.8544,-2.0016
3.205,5,3.5,SS,,0.8523,-1.9996
3.21,5,3.5,SS,,0.8502,-1.9976
3.215,5,3.5,SS,,0.8481,-1.9955
3.22,5,3.5,SS,,0.846,-1.9934
3.225,5,3.5,SS,,0.8438,-1.9913
3.23,5,3.5,SS,,0.8416,-1.9892
3.235,5,3.5,SS,,0.8395,-1.9871
3.24,5,3.5,SS,,0.8373,-1.9849
3.245,5,3.5,SS,,0.835,-1.9827
3.25,5,3.5,SS,,0.8328,-1.9805
3.255,5,3.5,SS,,0.8306,-1.9782
3.26,5,3.5,SS,,0.8283,-1.976
3.265,5,3.5,SS,,0.826,-1.9737
3.27,5,3.5,SS,,0.8237,-1.9713
3.275,5,3.5,SS,,0.8214,-1.969
3.28,5,3.5,SS,,0.8191,-1.9666
3.285,5,3.5,SS,,0.8167,-1.9642
3.29,5,3.5,SS,,0.8144,-1.9618
3.295,5,3.5,SS,,0.812,-1.9594
3.3,5,3.5,SS,,0.8096,-1.9569
3.305,5,3.5,SS,,0.8072,-1.9544
3.31,5,3.5,SS,,0.8048,-1.9519
3.315,5,3.5,SS,,0.8023,-1.9493
3.32,5,3.5,SS,,0.7999,-1.9468
3.325,5,3.5,SS,,0.7974,-1.9442
3.33,5,3.5,SS,,0.7949,-1.9416
3.335,5,3.5,SS,,0.7924,-1.9389
3.34,5,3.5,SS,,0.7898,-1.9363
3.345,5,3.5,SS,,0.7873,-1.9336
3.35,5,3.5,SS,,0.7847,-1.9309
3.355,5,3.5,SS,,0.7822,-1.9281
3.36,5,3.5,SS,,0.7796,-1.9253
3.365,5,3.5,SS,,0.777,-1.9226
3.37,5,3.5,SS,,0.7743,-1.9197
3.375,5,3.5,SS,,0.7717,-1.9169
3.38,5,3.5,SS,,0.769,-1.914
3.385,5,3.5,SS,,0.7663,-1.9111
3.39,5,3.5,SS,,0.7636,-1.9082
3.395,5,3.5,SS,,0.7609,-1.9053
3.4,5,3.5,SS,,0.7582,-1.9023
3.405,5,3.5,SS,,0.7555,-1.8993
3.41,5,3.5,SS,,0.7527,-1.8963
3.415,5,3.5,SS,,0.7499,-1.8932
3.42,5,3.5,SS,,0.7471,-1.8902
3.425,5,3.5,SS,,0.7443,-1.8871
3.43,5,3.5,SS,,0.7415,-1.8839
3.435,5,3.5,SS,,0.7386,-1.8808
3.44,5,3.5,SS,,0.7357,-1.8776
3.445,5,3.5,SS,,0.7329,-1.8744
3.45,5,3.5,SS,,0.73,-1.8712
3.455,5,3.5,SS,,0.727,-1.8679
3.46,5,3.5,SS,,0.7241,-1.8647
3.465,5,3.5,SS,,0.7212,-1.8614
3.47,5,3.5,SS,,0.7182,-1.858
3.475,5,3.5,SS,,0.7152,-1.8547
3.48,5,3.5,SS,,0.7122,-1.8513
3.485,5,3.5,SS,,0.7092,-1.8479
3.49,5,3.5,SS,,0.7061,-1.8444
3.495,5,3.5,SS,,0.7031,-1.841
3.5,5,3.5,SS,,0.7,-1.8375
3.505,5,3.5,SS,,0.6969,-1.834
3.51,5,3.5,SS,,0.6938,-1.8304
3.515,5,3.5,SS,,0.6908,-1.8269
3.52,5,3.5,SS,,0.6877,-1.8233
3.525,5,3.5,SS,,0.6847,-1.8197
3.53,5,3.5,SS,,0.6816,-1.816
3.535,5,3.5,SS,,0.6786,-1.8124
3.54,5,3.5,SS,,0.6756,-1.8087
3.545,5,3.5,SS,,0.6726,-1.8049
3.55,5,3.5,SS,,0.6695,-1.8012
3.555,5,3.5,SS,,0.6665,-1.7974
3.56,5,3.5,SS,,0.6635,-1.7936
3.565,5,3.5,SS,,0.6605,-1.7898
3.57,5,3.5,SS,,0.6576,-1.786
3.575,5,3.5,SS,,0.6546,-1.7821
3.58,5,3.5,SS,,0.6516,-1.7782
3.585,5,3.5,SS,,0.6486,-1.7743
3.59,5,3.5,SS,,0.6457,-1.7703
3.595,5,3.5,SS,,0.6427,-1.7664
3.6,5,3.5,SS,,0.6398,-1.7624
3.605,5,3.5,SS,,0.6369,-1.7583
3.61,5,3.5,SS,,0.6339,-1.7543
3.615,5,3.5,SS,,0.631,-1.7502
3.62,5,3.5,SS,,0.6281,-1.7461
3.625,5,3.5,SS,,0.6252,-1.742
3.63,5,3.5,SS,,0.6223,-1.7379
3.635,5,3.5,SS,,0.6194,-1.7337
3.64,5,3.5,SS,,0.6165,-1.7295
3.645,5,3.5,SS,,0.6136,-1.7253
3.65,5,3.5,SS,,0.6108,-1.7211
3.655,5,3.5,SS,,0.6079,-1.7168
3.66,5,3.5,SS,,0.605,-1.7125
3.665,5,3.5,SS,,0.6022,-1.7082
3.67,5,3.5,SS,,0.5993,-1.7039
3.675,5,3.5,SS,,0.5965,-1.6995
3.68,5,3.5,SS,,0.5937,-1.6952
3.685,5,3.5,SS,,0.5908,-1.6908
3.69,5,3.5,SS,,0.588,-1.6863
3.695,5,3.5,SS,,0.5852,-1.6819
3.7,5,3.5,SS,,0.5824,-1.6774
3.705,5,3.5,SS,,0.5796,-1.6729
3.71,5,3.5,SS,,0.5768,-1.6684
3.715,5,3.5,SS,,0.574,-1.6639
3.72,5,3.5,SS,,0.5712,-1.6593
3.725,5,3.5,SS,,0.5685,-1.6548
3.73,5,3.5,SS,,0.5657,-1.6501
3.735,5,3.5,SS,,0.5629,-1.6455
3.74,5,3.5,SS,,0.5602,-1.6409
3.745,5,3.5,SS,,0.5574,-1.6362
3.75,5,3.5,SS,,0.5547,-1.6315
3.755,5,3.5,SS,,0.552,-1.6268
3.76,5,3.5,SS,,0.5492,-1.6221
3.765,5,3.5,SS,,0.5465,-1.6173
3.77,5,3.5,SS,,0.5438,-1.6125
3.775,5,3.5,SS,,0.5411,-1.6077
3.78,5,3.5,SS,,0.5384,-1.6029
3.785,5,3.5,SS,,0.5357,-1.5981
3.79,5,3.5,SS,,0.533,-1.5932
3.795,5,3.5,SS,,0.5303,-1.5883
3.8,5,3.5,SS,,0.5276,-1.5834
3.805,5,3.5,SS,,0.5249,-1.5785
3.81,5,3.5,SS,,0.5223,-1.5735
3.815,5,3.5,SS,,0.5196,-1.5686
3.82,5,3.5,SS,,0.5169,-1.5636
3.825,5,3.5,SS,,0.5143,-1.5586
3.83,5,3.5,SS,,0.5116,-1.5535
3.835,5,3.5,SS,,0.509,-1.5485
3.84,5,3.5,SS,,0.5064,-1.5434
3.845,5,3.5,SS,,0.5037,-1.5383
3.85,5,3.5,SS,,0.5011,-1.5332
3.855,5,3.5,SS,,0.4985,-1.5281
3.86,5,3.5,SS,,0.4959,-1.5229
3.865,5,3.5,SS,,0.4933,-1.5177
3.87,5,3.5,SS,,0.4907,-1.5125
3.875,5,3.5,SS,,0.4881,-1.5073
3.88,5,3.5,SS,,0.4855,-1.5021
3.885,5,3.5,SS,,0.4829,-1.4968
3.89,5,3.5,SS,,0.4803,-1.4916
3.895,5,3.5,SS,,0.4778,-1.4863
3.9,5,3.5,SS,,0.4752,-1.481
3.905,5,3.5,SS,,0.4726,-1.4756
3.91,5,3.5,SS,,0.4701,-1.4703
3.915,5,3.5,SS,,0.4675,-1.4649
3.92,5,3.5,SS,,0.465,-1.4595
3.925,5,3.5,SS,,0.4625,-1.4541
3.93,5,3.5,SS,,0.4599,-1.4487
3.935,5,3.5,SS,,0.4574,-1.4433
3.94,5,3.5,SS,,0.4549,-1.4378
3.945,5,3.5,SS,,0.4523,-1.4323
3.95,5,3.5,SS,,0.4498,-1.4268
3.955,5,3.5,SS,,0.4473,-1.4213
3.96,5,3.5,SS,,0.4448,-1.4158
3.965,5,3.5,SS,,0.4423,-1.4102
3.97,5,3.5,SS,,0.4398,-1.4046
3.975,5,3.5,SS,,0.4374,-1.3991
3.98,5,3.5,SS,,0.4349,-1.3934
3.985,5,3.5,SS,,0.4324,-1.3878
3.99,5,3.5,SS,,0.4299,-1.3822
3.995,5,3.5,SS,,0.4275,-1.3765
4,5,3.5,SS,,0.425,-1.3708
4.005,5,3.5,SS,,0.4225,-1.3651
4.01,5,3.5,SS,,0.4201,-1.3594
4.015,5,3.5,SS,,0.4176,-1.3537
4.02,5,3.5,SS,,0.4152,-1.3479
4.025,5,3.5,SS,,0.4128,-1.3422
4.03,5,3.5,SS,,0.4103,-1.3364
4.035,5,3.5,SS,,0.4079,-1.3306
4.04,5,3.5,SS,,0.4055,-1.3248
4.045,5,3.5,SS,,0.4031,-1.3189
4.05,5,3.5,SS,,0.4007,-1.3131
4.055,5,3.5,SS,,0.3983,-1.3072
4.06,5,3.5,SS,,0.3959,-1.3013
4.065,5,3.5,SS,,0.3935,-1.2954
4.07,5,3.5,SS,,0.3911,-1.2895
4.075,5,3.5,SS,,0.3887,-1.2836
4.08,5,3.5,SS,,0.3863,-1.2777
4.085,5,3.5,SS,,0.3839,-1.2717
4.09,5,3.5,SS,,0.3815,-1.2657
4.095,5,3.5,SS,,0.3792,-1.2597
4.1,5,3.5,SS,,0.3768,-1.2537
4.105,5,3.5,SS,,0.3744,-1.2477
4.11,5,3.5,SS,,0.3721,-1.2416
4.115,5,3.5,SS,,0.3697,-1.2356
4.12,5,3.5,SS,,0.3674,-1.2295
4.125,5,3.5,SS,,0.365,-1.2234
4.13,5,3.5,SS,,0.3627,-1.2173
4.135,5,3.5,SS,,0.3604,-1.2112
4.14,5,3.5,SS,,0.358,-1.205
4.145,5,3.5,SS,,0.3557,-1.1989
4.15,5,3.5,SS,,0.3534,-1.1927
4.155,5,3.5,SS,,0.3511,-1.1865
4.16,5,3.5,SS,,0.3488,-1.1804
4.165,5,3.5,SS,,0.3464,-1.1741
4.17,5,3.5,SS,,0.3441,-1.1679
4.175,5,3.5,SS,,0.3418,-1.1617
4.18,5,3.5,SS,,0.3395,-1.1554
4.185,5,3.5,SS,,0.3373,-1.1492
4.19,5,3.5,SS,,0.335,-1.1429
4.195,5,3.5,SS,,0.3327,-1.1366
4.2,5,3.5,SS,,0.3304,-1.1303
4.205,5,3.5,SS,,0.3281,-1.1239
4.21,5,3.5,SS,,0.3259,-1.1176
4.215,5,3.5,SS,,0.3236,-1.1113
4.22,5,3.5,SS,,0.3213,-1.1049
4.225,5,3.5,SS,,0.3191,-1.0985
4.23,5,3.5,SS,,0.3168,-1.0921
4.235,5,3.5,SS,,0.3145,-1.0857
4.24,5,3.5,SS,,0.3123,-1.0793
4.245,5,3.5,SS,,0.3101,-1.0729
4.25,5,3.5,SS,,0.3078,-1.0664
4.255,5,3.5,SS,,0.3056,-1.0599
4.26,5,3.5,SS,,0.3033,-1.0535
4.265,5,3.5,SS,,0.3011,-1.047
4.27,5,3.5,SS,,0.2989,-1.0405
4.275,5,3.5,SS,,0.2967,-1.034
4.28,5,3.5,SS,,0.2944,-1.0275
4.285,5,3.5,SS,,0.2922,-1.0209
4.29,5,3.5,SS,,0.29,-1.0144
4.295,5,3.5,SS,,0.2878,-1.0078
4.3,5,3.5,SS,,0.2856,-1.0012
4.305,5,3.5,SS,,0.2834,-0.9946
4.31,5,3.5,SS,,0.2812,-0.988
4.315,5,3.5,SS,,0.279,-0.9814
4.32,5,3.5,SS,,0.2768,-0.9748
4.325,5,3.5,SS,,0.2746,-0.9682
4.33,5,3.5,SS,,0.2724,-0.9615
4.335,5,3.5,SS,,0.2703,-0.9549
4.34,5,3.5,SS,,0.2681,-0.9482
4.345,5,3.5,SS,,0.2659,-0.9415
4.35,5,3.5,SS,,0.2637,-0.9348
4.355,5,3.5,SS,,0.2616,-0.9281
4.36,5,3.5,SS,,0.2594,-0.9214
4.365,5,3.5,SS,,0.2572,-0.9147
4.37,5,3.5,SS,,0.2551,-0.908
4.375,5,3.5,SS,,0.2529,-0.9012
4.38,5,3.5,SS,,0.2508,-0.8944
4.385,5,3.5,SS,,0.2486,-0.8877
4.39,5,3.5,SS,,0.2465,-0.8809
4.395,5,3.5,SS,,0.2443,-0.8741
4.4,5,3.5,SS,,0.2422,-0.8673
4.405,5,3.5,SS,,0.2401,-0.8605
4.41,5,3.5,SS,,0.2379,-0.8537
4.415,5,3.5,SS,,0.2358,-0.8468
4.42,5,3.5,SS,,0.2337,-0.84
4.425,5,3.5,SS,,0.2315,-0.8331
4.43,5,3.5,SS,,0.2294,-0.8263
4.435,5,3.5,SS,,0.2273,-0.8194
4.44,5,3.5,SS,,0.2252,-0.8125
4.445,5,3.5,SS,,0.2231,-0.8056
4.45,5,3.5,SS,,0.221,-0.7987
4.455,5,3.5,SS,,0.2189,-0.7918
4.46,5,3.5,SS,,0.2167,-0.7849
4.465,5,3.5,SS,,0.2146,-0.7779
4.47,5,3.5,SS,,0.2125,-0.771
4.475,5,3.5,SS,,0.2104,-0.7641
4.48,5,3.5,SS,,0.2084,-0.7571
4.485,5,3.5,SS,,0.2063,-0.7501
4.49,5,3.5,SS,,0.2042,-0.7431
4.495,5,3.5,SS,,0.2021,-0.7362
4.5,5,3.5,SS,,0.2,-0.7292
4.505,5,3.5,SS,,0.1979,-0.7222
4.51,5,3.5,SS,,0.1958,-0.7151
4.515,5,3.5,SS,,0.1938,-0.7081
4.52,5,3.5,SS,,0.1917,-0.7011
4.525,5,3.5,SS,,0.1896,-0.6941
4.53,5,3.5,SS,,0.1875,-0.687
4.535,5,3.5,SS,,0.1855,-0.68
4.54,5,3.5,SS,,0.1834,-0.6729
4.545,5,3.5,SS,,0.1813,-0.6658
4.55,5,3.5,SS,,0.1793,-0.6587
4.555,5,3.5,SS,,0.1772,-0.6517
4.56,5,3.5,SS,,0.1752,-0.6446
4.565,5,3.5,SS,,0.1731,-0.6375
4.57,5,3.5,SS,,0.1711,-0.6303
4.575,5,3.5,SS,,0.169,-0.6232
4.58,5,3.5,SS,,0.167,-0.6161
4.585,5,3.5,SS,,0.1649,-0.609
4.59,5,3.5,SS,,0.1629,-0.6018
4.595,5,3.5,SS,,0.1608,-0.5947
4.6,5,3.5,SS,,0.1588,-0.5875
4.605,5,3.5,SS,,0.1568,-0.5804
4.61,5,3.5,SS,,0.1547,-0.5732
4.615,5,3.5,SS,,0.1527,-0.566
4.62,5,3.5,SS,,0.1507,-0.5588
4.625,5,3.5,SS,,0.1486,-0.5517
4.63,5,3.5,SS,,0.1466,-0.5445
4.635,5,3.5,SS,,0.1446,-0.5373
4.64,5,3.5,SS,,0.1426,-0.5301
4.645,5,3.5,SS,,0.1405,-0.5228
4.65,5,3.5,SS,,0.1385,-0.5156
4.655,5,3.5,SS,,0.1365,-0.5084
4.66,5,3.5,SS,,0.1345,-0.5012
4.665,5,3.5,SS,,0.1325,-0.4939
4.67,5,3.5,SS,,0.1304,-0.4867
4.675,5,3.5,SS,,0.1284,-0.4794
4.68,5,3.5,SS,,0.1264,-0.4722
4.685,5,3.5,SS,,0.1244,-0.4649
4.69,5,3.5,SS,,0.1224,-0.4576
4.695,5,3.5,SS,,0.1204,-0.4504
4.7,5,3.5,SS,,0.1184,-0.4431
4.705,5,3.5,SS,,0.1164,-0.4358
4.71,5,3.5,SS,,0.1144,-0.4285
4.715,5,3.5,SS,,0.1124,-0.4212
4.72,5,3.5,SS,,0.1104,-0.4139
4.725,5,3.5,SS,,0.1084,-0.4066
4.73,5,3.5,SS,,0.1064,-0.3993
4.735,5,3.5,SS,,0.1044,-0.392
4.74,5,3.5,SS,,0.1024,-0.3847
4.745,5,3.5,SS,,0.1004,-0.3774
4.75,5,3.5,SS,,0.0984,-0.3701
4.755,5,3.5,SS,,0.0964,-0.3627
4.76,5,3.5,SS,,0.0945,-0.3554
4.765,5,3.5,SS,,0.0925,-0.348
4.77,5,3.5,SS,,0.0905,-0.3407
4.775,5,3.5,SS,,0.0885,-0.3334
4.78,5,3.5,SS,,0.0865,-0.326
4.785,5,3.5,SS,,0.0845,-0.3187
4.79,5,3.5,SS,,0.0826,-0.3113
4.795,5,3.5,SS,,0.0806,-0.3039
4.8,5,3.5,SS,,0.0786,-0.2966
4.805,5,3.5,SS,,0.0766,-0.2892
4.81,5,3.5,SS,,0.0746,-0.2818
4.815,5,3.5,SS,,0.0727,-0.2744
4.82,5,3.5,SS,,0.0707,-0.2671
4.825,5,3.5,SS,,0.0687,-0.2597
4.83,5,3.5,SS,,0.0667,-0.2523
4.835,5,3.5,SS,,0.0648,-0.2449
4.84,5,3.5,SS,,0.0628,-0.2375
4.845,5,3.5,SS,,0.0608,-0.2301
4.85,5,3.5,SS,,0.0589,-0.2227
4.855,5,3.5,SS,,0.0569,-0.2153
4.86,5,3.5,SS,,0.0549,-0.2079
4.865,5,3.5,SS,,0.053,-0.2005
4.87,5,3.5,SS,,0.051,-0.1931
4.875,5,3.5,SS,,0.049,-0.1857
4.88,5,3.5,SS,,0.0471,-0.1783
4.885,5,3.5,SS,,0.0451,-0.1709
4.89,5,3.5,SS,,0.0431,-0.1635
4.895,5,3.5,SS,,0.0412,-0.1561
4.9,5,3.5,SS,,0.0392,-0.1486
4.905,5,3.5,SS,,0.0372,-0.1412
4.91,5,3.5,SS,,0.0353,-0.1338
4.915,5,3.5,SS,,0.0333,-0.1264
4.92,5,3.5,SS,,0.0314,-0.1189
4.925,5,3.5,SS,,0.0294,-0.1115
4.93,5,3.5,SS,,0.0274,-0.1041
4.935,5,3.5,SS,,0.0255,-0.0967
4.94,5,3.5,SS,,0.0235,-0.0892
4.945,5,3.5,SS,,0.0215,-0.0818
4.95,5,3.5,SS,,0.0196,-0.0744
4.955,5,3.5,SS,,0.0176,-0.0669
4.96,5,3.5,SS,,0.0157,-0.0595
4.965,5,3.5,SS,,0.0137,-0.0521
4.97,5,3.5,SS,,0.0118,-0.0446
4.975,5,3.5,SS,,0.0098,-0.0372
4.98,5,3.5,SS,,0.0078,-0.0297
4.985,5,3.5,SS,,0.0059,-0.0223
4.99,5,3.5,SS,,0.0039,-0.0149
4.995,5,3.5,SS,,0.002,-0.0074
5,5,3.5,SS,,0,0
0,5,4,SS,,0,0
0.005,5,4,SS,,0.0037,-0.004
0.01,5,4,SS,,0.0073,-0.008
0.015,5,4,SS,,0.011,-0.012
0.02,5,4,SS,,0.0147,-0.016
0.025,5,4,SS,,0.0183,-0.02
0.03,5,4,SS,,0.022,-0.024
0.035,5,4,SS,,0.0257,-0.028
0.04,5,4,SS,,0.0293,-0.032
0.045,5,4,SS,,0.033,-0.036
0.05,5,4,SS,,0.0367,-0.04
0.055,5,4,SS,,0.0403,-0.044
0.06,5,4,SS,,0.044,-0.048
0.065,5,4,SS,,0.0477,-0.052
0.07,5,4,SS,,0.0513,-0.056
0.075,5,4,SS,,0.055,-0.06
0.08,5,4,SS,,0.0586,-0.064
0.085,5,4,SS,,0.0623,-0.068
0.09,5,4,SS,,0.066,-0.072
0.095,5,4,SS,,0.0696,-0.076
0.1,5,4,SS,,0.0733,-0.08
0.105,5,4,SS,,0.077,-0.084
0.11,5,4,SS,,0.0806,-0.088
0.115,5,4,SS,,0.0843,-0.0919
0.12,5,4,SS,,0.0879,-0.0959
0.125,5,4,SS,,0.0916,-0.0999
0.13,5,4,SS,,0.0953,-0.1039
0.135,5,4,SS,,0.0989,-0.1079
0.14,5,4,SS,,0.1026,-0.1119
0.145,5,4,SS,,0.1062,-0.1159
0.15,5,4,SS,,0.1099,-0.1199
0.155,5,4,SS,,0.1135,-0.1239
0.16,5,4,SS,,0.1172,-0.1279
0.165,5,4,SS,,0.1209,-0.1319
0.17,5,4,SS,,0.1245,-0.1358
0.175,5,4,SS,,0.1282,-0.1398
0.18,5,4,SS,,0.1318,-0.1438
0.185,5,4,SS,,0.1355,-0.1478
0.19,5,4,SS,,0.1391,-0.1518
0.195,5,4,SS,,0.1428,-0.1558
0.2,5,4,SS,,0.1464,-0.1597
0.205,5,4,SS,,0.15,-0.1637
0.21,5,4,SS,,0.1537,-0.1677
0.215,5,4,SS,,0.1573,-0.1717
0.22,5,4,SS,,0.161,-0.1756
0.225,5,4,SS,,0.1646,-0.1796
0.23,5,4,SS,,0.1683,-0.1836
0.235,5,4,SS,,0.1719,-0.1876
0.24,5,4,SS,,0.1755,-0.1915
0.245,5,4,SS,,0.1792,-0.1955
0.25,5,4,SS,,0.1828,-0.1995
0.255,5,4,SS,,0.1864,-0.2034
0.26,5,4,SS,,0.1901,-0.2074
0.265,5,4,SS,,0.1937,-0.2114
0.27,5,4,SS,,0.1973,-0.2153
0.275,5,4,SS,,0.201,-0.2193
0.28,5,4,SS,,0.2046,-0.2233
0.285,5,4,SS,,0.2082,-0.2272
0.29,5,4,SS,,0.2119,-0.2312
0.295,5,4,SS,,0.2155,-0.2351
0.3,5,4,SS,,0.2191,-0.2391
0.305,5,4,SS,,0.2227,-0.2431
0.31,5,4,SS,,0.2263,-0.247
0.315,5,4,SS,,0.23,-0.251
0.32,5,4,SS,,0.2336,-0.2549
0.325,5,4,SS,,0.2372,-0.2589
0.33,5,4,SS,,0.2408,-0.2628
0.335,5,4,SS,,0.2444,-0.2667
0.34,5,4,SS,,0.248,-0.2707
0.345,5,4,SS,,0.2516,-0.2746
0.35,5,4,SS,,0.2552,-0.2786
0.355,5,4,SS,,0.2588,-0.2825
0.36,5,4,SS,,0.2624,-0.2864
0.365,5,4,SS,,0.266,-0.2904
0.37,5,4,SS,,0.2696,-0.2943
0.375,5,4,SS,,0.2732,-0.2982
0.38,5,4,SS,,0.2768,-0.3022
0.385,5,4,SS,,0.2804,-0.3061
0.39,5,4,SS,,0.284,-0.31
0.395,5,4,SS,,0.2876,-0.3139
0.4,5,4,SS,,0.2912,-0.3179
0.405,5,4,SS,,0.2948,-0.3218
0.41,5,4,SS,,0.2984,-0.3257
0.415,5,4,SS,,0.302,-0.3296
0.42,5,4,SS,,0.3055,-0.3335
0.425,5,4,SS,,0.3091,-0.3374
0.43,5,4,SS,,0.3127,-0.3413
0.435,5,4,SS,,0.3163,-0.3453
0.44,5,4,SS,,0.3198,-0.3492
0.445,5,4,SS,,0.3234,-0.3531
0.45,5,4,SS,,0.327,-0.357
0.455,5,4,SS,,0.3305,-0.3609
0.46,5,4,SS,,0.3341,-0.3648
0.465,5,4,SS,,0.3376,-0.3686
0.47,5,4,SS,,0.3412,-0.3725
0.475,5,4,SS,,0.3448,-0.3764
0.48,5,4,SS,,0.3483,-0.3803
0.485,5,4,SS,,0.3519,-0.3842
0.49,5,4,SS,,0.3554,-0.3881
0.495,5,4,SS,,0.359,-0.392
0.5,5,4,SS,,0.3625,-0.3958
0.505,5,4,SS,,0.366,-0.3997
0.51,5,4,SS,,0.3696,-0.4036
0.515,5,4,SS,,0.3731,-0.4074
0.52,5,4,SS,,0.3766,-0.4113
0.525,5,4,SS,,0.3802,-0.4152
0.53,5,4,SS,,0.3837,-0.419
0.535,5,4,SS,,0.3872,-0.4229
0.54,5,4,SS,,0.3908,-0.4268
0.545,5,4,SS,,0.3943,-0.4306
0.55,5,4,SS,,0.3978,-0.4345
0.555,5,4,SS,,0.4013,-0.4383
0.56,5,4,SS,,0.4048,-0.4421
0.565,5,4,SS,,0.4083,-0.446
0.57,5,4,SS,,0.4118,-0.4498
0.575,5,4,SS,,0.4153,-0.4537
0.58,5,4,SS,,0.4188,-0.4575
0.585,5,4,SS,,0.4223,-0.4613
0.59,5,4,SS,,0.4258,-0.4652
0.595,5,4,SS,,0.4293,-0.469
0.6,5,4,SS,,0.4328,-0.4728
0.605,5,4,SS,,0.4363,-0.4766
0.61,5,4,SS,,0.4398,-0.4804
0.615,5,4,SS,,0.4432,-0.4842
0.62,5,4,SS,,0.4467,-0.4881
0.625,5,4,SS,,0.4502,-0.4919
0.63,5,4,SS,,0.4537,-0.4957
0.635,5,4,SS,,0.4571,-0.4995
0.64,5,4,SS,,0.4606,-0.5033
0.645,5,4,SS,,0.4641,-0.5071
0.65,5,4,SS,,0.4675,-0.5108
0.655,5,4,SS,,0.471,-0.5146
0.66,5,4,SS,,0.4744,-0.5184
0.665,5,4,SS,,0.4779,-0.5222
0.67,5,4,SS,,0.4813,-0.526
0.675,5,4,SS,,0.4847,-0.5297
0.68,5,4,SS,,0.4882,-0.5335
0.685,5,4,SS,,0.4916,-0.5373
0.69,5,4,SS,,0.495,-0.541
0.695,5,4,SS,,0.4985,-0.5448
0.7,5,4,SS,,0.5019,-0.5486
0.705,5,4,SS,,0.5053,-0.5523
0.71,5,4,SS,,0.5087,-0.5561
0.715,5,4,SS,,0.5121,-0.5598
0.72,5,4,SS,,0.5156,-0.5636
0.725,5,4,SS,,0.519,-0.5673
0.73,5,4,SS,,0.5224,-0.571
0.735,5,4,SS,,0.5258,-0.5748
0.74,5,4,SS,,0.5292,-0.5785
0.745,5,4,SS,,0.5326,-0.5822
0.75,5,4,SS,,0.5359,-0.5859
0.755,5,4,SS,,0.5393,-0.5897
0.76,5,4,SS,,0.5427,-0.5934
0.765,5,4,SS,,0.5461,-0.5971
0.77,5,4,SS,,0.5494,-0.6008
0.775,5,4,SS,,0.5528,-0.6045
0.78,5,4,SS,,0.5562,-0.6082
0.785,5,4,SS,,0.5595,-0.6119
0.79,5,4,SS,,0.5629,-0.6156
0.795,5,4,SS,,0.5663,-0.6193
0.8,5,4,SS,,0.5696,-0.6229
0.805,5,4,SS,,0.5729,-0.6266
0.81,5,4,SS,,0.5763,-0.6303
0.815,5,4,SS,,0.5796,-0.634
0.82,5,4,SS,,0.583,-0.6376
0.825,5,4,SS,,0.5863,-0.6413
0.83,5,4,SS,,0.5896,-0.6449
0.835,5,4,SS,,0.5929,-0.6486
0.84,5,4,SS,,0.5962,-0.6522
0.845,5,4,SS,,0.5996,-0.6559
0.85,5,4,SS,,0.6029,-0.6595
0.855,5,4,SS,,0.6062,-0.6632
0.86,5,4,SS,,0.6095,-0.6668
0.865,5,4,SS,,0.6128,-0.6704
0.87,5,4,SS,,0.616,-0.674
0.875,5,4,SS,,0.6193,-0.6777
0.88,5,4,SS,,0.6226,-0.6813
0.885,5,4,SS,,0.6259,-0.6849
0.89,5,4,SS,,0.6292,-0.6885
0.895,5,4,SS,,0.6324,-0.6921
0.9,5,4,SS,,0.6357,-0.6957
0.905,5,4,SS,,0.639,-0.6993
0.91,5,4,SS,,0.6422,-0.7029
0.915,5,4,SS,,0.6455,-0.7065
0.92,5,4,SS,,0.6487,-0.71
0.925,5,4,SS,,0.652,-0.7136
0.93,5,4,SS,,0.6552,-0.7172
0.935,5,4,SS,,0.6584,-0.7208
0.94,5,4,SS,,0.6616,-0.7243
0.945,5,4,SS,,0.6649,-0.7279
0.95,5,4,SS,,0.6681,-0.7314
0.955,5,4,SS,,0.6713,-0.735
0.96,5,4,SS,,0.6745,-0.7385
0.965,5,4,SS,,0.6777,-0.742
0.97,5,4,SS,,0.6809,-0.7456
0.975,5,4,SS,,0.6841,-0.7491
0.98,5,4,SS,,0.6873,-0.7526
0.985,5,4,SS,,0.6905,-0.7561
0.99,5,4,SS,,0.6937,-0.7597
0.995,5,4,SS,,0.6968,-0.7632
1,5,4,SS,,0.7,-0.7667
1.005,5,4,SS,,0.7032,-0.7702
1.01,5,4,SS,,0.7063,-0.7737
1.015,5,4,SS,,0.7095,-0.7771
1.02,5,4,SS,,0.7126,-0.7806
1.025,5,4,SS,,0.7158,-0.7841
1.03,5,4,SS,,0.7189,-0.7876
1.035,5,4,SS,,0.722,-0.791
1.04,5,4,SS,,0.7252,-0.7945
1.045,5,4,SS,,0.7283,-0.798
1.05,5,4,SS,,0.7314,-0.8014
1.055,5,4,SS,,0.7345,-0.8049
1.06,5,4,SS,,0.7376,-0.8083
1.065,5,4,SS,,0.7407,-0.8117
1.07,5,4,SS,,0.7438,-0.8152
1.075,5,4,SS,,0.7469,-0.8186
1.08,5,4,SS,,0.75,-0.822
1.085,5,4,SS,,0.7531,-0.8254
1.09,5,4,SS,,0.7562,-0.8288
1.095,5,4,SS,,0.7592,-0.8322
1.1,5,4,SS,,0.7623,-0.8356
1.105,5,4,SS,,0.7654,-0.839
1.11,5,4,SS,,0.7684,-0.8424
1.115,5,4,SS,,0.7715,-0.8458
1.12,5,4,SS,,0.7745,-0.8492
1.125,5,4,SS,,0.7775,-0.8525
1.13,5,4,SS,,0.7806,-0.8559
1.135,5,4,SS,,0.7836,-0.8593
1.14,5,4,SS,,0.7866,-0.8626
1.145,5,4,SS,,0.7896,-0.866
1.15,5,4,SS,,0.7926,-0.8693
1.155,5,4,SS,,0.7956,-0.8726
1.16,5,4,SS,,0.7986,-0.876
1.165,5,4,SS,,0.8016,-0.8793
1.17,5,4,SS,,0.8046,-0.8826
1.175,5,4,SS,,0.8076,-0.8859
1.18,5,4,SS,,0.8106,-0.8892
1.185,5,4,SS,,0.8135,-0.8925
1.19,5,4,SS,,0.8165,-0.8958
1.195,5,4,SS,,0.8195,-0.8991
1.2,5,4,SS,,0.8224,-0.9024
1.205,5,4,SS,,0.8253,-0.9057
1.21,5,4,SS,,0.8283,-0.9089
1.215,5,4,SS,,0.8312,-0.9122
1.22,5,4,SS,,0.8341,-0.9155
1.225,5,4,SS,,0.8371,-0.9187
1.23,5,4,SS,,0.84,-0.922
1.235,5,4,SS,,0.8429,-0.9252
1.24,5,4,SS,,0.8458,-0.9284
1.245,5,4,SS,,0.8487,-0.9317
1.25,5,4,SS,,0.8516,-0.9349
1.255,5,4,SS,,0.8544,-0.9381
1.26,5,4,SS,,0.8573,-0.9413
1.265,5,4,SS,,0.8602,-0.9445
1.27,5,4,SS,,0.8631,-0.9477
1.275,5,4,SS,,0.8659,-0.9509
1.28,5,4,SS,,0.8688,-0.9541
1.285,5,4,SS,,0.8716,-0.9573
1.29,5,4,SS,,0.8744,-0.9604
1.295,5,4,SS,,0.8773,-0.9636
1.3,5,4,SS,,0.8801,-0.9668
1.305,5,4,SS,,0.8829,-0.9699
1.31,5,4,SS,,0.8857,-0.9731
1.315,5,4,SS,,0.8885,-0.9762
1.32,5,4,SS,,0.8913,-0.9793
1.325,5,4,SS,,0.8941,-0.9825
1.33,5,4,SS,,0.8969,-0.9856
1.335,5,4,SS,,0.8997,-0.9887
1.34,5,4,SS,,0.9025,-0.9918
1.345,5,4,SS,,0.9052,-0.9949
1.35,5,4,SS,,0.908,-0.998
1.355,5,4,SS,,0.9107,-1.0011
1.36,5,4,SS,,0.9135,-1.0042
1.365,5,4,SS,,0.9162,-1.0072
1.37,5,4,SS,,0.919,-1.0103
1.375,5,4,SS,,0.9217,-1.0133
1.38,5,4,SS,,0.9244,-1.0164
1.385,5,4,SS,,0.9271,-1.0194
1.39,5,4,SS,,0.9298,-1.0225
1.395,5,4,SS,,0.9325,-1.0255
1.4,5,4,SS,,0.9352,-1.0285
1.405,5,4,SS,,0.9379,-1.0315
1.41,5,4,SS,,0.9406,-1.0346
1.415,5,4,SS,,0.9432,-1.0376
1.42,5,4,SS,,0.9459,-1.0406
1.425,5,4,SS,,0.9485,-1.0435
1.43,5,4,SS,,0.9512,-1.0465
1.435,5,4,SS,,0.9538,-1.0495
1.44,5,4,SS,,0.9565,-1.0525
1.445,5,4,SS,,0.9591,-1.0554
1.45,5,4,SS,,0.9617,-1.0584
1.455,5,4,SS,,0.9643,-1.0613
1.46,5,4,SS,,0.9669,-1.0643
1.465,5,4,SS,,0.9695,-1.0672
1.47,5,4,SS,,0.9721,-1.0701
1.475,5,4,SS,,0.9747,-1.073
1.48,5,4,SS,,0.9773,-1.0759
1.485,5,4,SS,,0.9798,-1.0788
1.49,5,4,SS,,0.9824,-1.0817
1.495,5,4,SS,,0.985,-1.0846
1.5,5,4,SS,,0.9875,-1.0875
1.505,5,4,SS,,0.99,-1.0904
1.51,5,4,SS,,0.9926,-1.0932
1.515,5,4,SS,,0.9951,-1.0961
1.52,5,4,SS,,0.9976,-1.0989
1.525,5,4,SS,,1.0001,-1.1018
1.53,5,4,SS,,1.0026,-1.1046
1.535,5,4,SS,,1.0051,-1.1074
1.54,5,4,SS,,1.0076,-1.1103
1.545,5,4,SS,,1.0101,-1.1131
1.55,5,4,SS,,1.0125,-1.1159
1.555,5,4,SS,,1.015,-1.1187
1.56,5,4,SS,,1.0175,-1.1215
1.565,5,4,SS,,1.0199,-1.1242
1.57,5,4,SS,,1.0223,-1.127
1.575,5,4,SS,,1.0248,-1.1298
1.58,5,4,SS,,1.0272,-1.1325
1.585,5,4,SS,,1.0296,-1.1353
1.59,5,4,SS,,1.032,-1.138
1.595,5,4,SS,,1.0344,-1.1407
1.6,5,4,SS,,1.0368,-1.1435
1.605,5,4,SS,,1.0392,-1.1462
1.61,5,4,SS,,1.0416,-1.1489
1.615,5,4,SS,,1.0439,-1.1516
1.62,5,4,SS,,1.0463,-1.1543
1.625,5,4,SS,,1.0486,-1.157
1.63,5,4,SS,,1.051,-1.1596
1.635,5,4,SS,,1.0533,-1.1623
1.64,5,4,SS,,1.0556,-1.165
1.645,5,4,SS,,1.058,-1.1676
1.65,5,4,SS,,1.0603,-1.1703
1.655,5,4,SS,,1.0626,-1.1729
1.66,5,4,SS,,1.0649,-1.1755
1.665,5,4,SS,,1.0671,-1.1781
1.67,5,4,SS,,1.0694,-1.1808
1.675,5,4,SS,,1.0717,-1.1834
1.68,5,4,SS,,1.0739,-1.1859
1.685,5,4,SS,,1.0762,-1.1885
1.69,5,4,SS,,1.0784,-1.1911
1.695,5,4,SS,,1.0807,-1.1937
1.7,5,4,SS,,1.0829,-1.1962
1.705,5,4,SS,,1.0851,-1.1988
1.71,5,4,SS,,1.0873,-1.2013
1.715,5,4,SS,,1.0895,-1.2039
1.72,5,4,SS,,1.0917,-1.2064
1.725,5,4,SS,,1.0939,-1.2089
1.73,5,4,SS,,1.0961,-1.2114
1.735,5,4,SS,,1.0982,-1.2139
1.74,5,4,SS,,1.1004,-1.2164
1.745,5,4,SS,,1.1025,-1.2189
1.75,5,4,SS,,1.1047,-1.2214
1.755,5,4,SS,,1.1068,-1.2238
1.76,5,4,SS,,1.1089,-1.2263
1.765,5,4,SS,,1.1111,-1.2287
1.77,5,4,SS,,1.1132,-1.2312
1.775,5,4,SS,,1.1153,-1.2336
1.78,5,4,SS,,1.1173,-1.236
1.785,5,4,SS,,1.1194,-1.2384
1.79,5,4,SS,,1.1215,-1.2408
1.795,5,4,SS,,1.1235,-1.2432
1.8,5,4,SS,,1.1256,-1.2456
1.805,5,4,SS,,1.1276,-1.248
1.81,5,4,SS,,1.1297,-1.2503
1.815,5,4,SS,,1.1317,-1.2527
1.82,5,4,SS,,1.1337,-1.255
1.825,5,4,SS,,1.1357,-1.2574
1.83,5,4,SS,,1.1377,-1.2597
1.835,5,4,SS,,1.1397,-1.262
1.84,5,4,SS,,1.1417,-1.2643
1.845,5,4,SS,,1.1437,-1.2667
1.85,5,4,SS,,1.1456,-1.2689
1.855,5,4,SS,,1.1476,-1.2712
1.86,5,4,SS,,1.1495,-1.2735
1.865,5,4,SS,,1.1514,-1.2758
1.87,5,4,SS,,1.1534,-1.278
1.875,5,4,SS,,1.1553,-1.2803
1.88,5,4,SS,,1.1572,-1.2825
1.885,5,4,SS,,1.1591,-1.2847
1.89,5,4,SS,,1.161,-1.287
1.895,5,4,SS,,1.1628,-1.2892
1.9,5,4,SS,,1.1647,-1.2914
1.905,5,4,SS,,1.1666,-1.2936
1.91,5,4,SS,,1.1684,-1.2957
1.915,5,4,SS,,1.1702,-1.2979
1.92,5,4,SS,,1.1721,-1.3001
1.925,5,4,SS,,1.1739,-1.3022
1.93,5,4,SS,,1.1757,-1.3044
1.935,5,4,SS,,1.1775,-1.3065
1.94,5,4,SS,,1.1793,-1.3086
1.945,5,4,SS,,1.1811,-1.3107
1.95,5,4,SS,,1.1828,-1.3128
1.955,5,4,SS,,1.1846,-1.3149
1.96,5,4,SS,,1.1863,-1.317
1.965,5,4,SS,,1.1881,-1.3191
1.97,5,4,SS,,1.1898,-1.3212
1.975,5,4,SS,,1.1915,-1.3232
1.98,5,4,SS,,1.1933,-1.3253
1.985,5,4,SS,,1.195,-1.3273
1.99,5,4,SS,,1.1966,-1.3293
1.995,5,4,SS,,1.1983,-1.3313
2,5,4,SS,,1.2,-1.3333
2.005,5,4,SS,,1.2017,-1.3353
2.01,5,4,SS,,1.2033,-1.3373
2.015,5,4,SS,,1.205,-1.3393
2.02,5,4,SS,,1.2066,-1.3413
2.025,5,4,SS,,1.2082,-1.3432
2.03,5,4,SS,,1.2098,-1.3452
2.035,5,4,SS,,1.2114,-1.3471
2.04,5,4,SS,,1.213,-1.349
2.045,5,4,SS,,1.2146,-1.3509
2.05,5,4,SS,,1.2162,-1.3528
2.055,5,4,SS,,1.2177,-1.3547
2.06,5,4,SS,,1.2193,-1.3566
2.065,5,4,SS,,1.2208,-1.3585
2.07,5,4,SS,,1.2223,-1.3603
2.075,5,4,SS,,1.2239,-1.3622
2.08,5,4,SS,,1.2254,-1.364
2.085,5,4,SS,,1.2269,-1.3659
2.09,5,4,SS,,1.2284,-1.3677
2.095,5,4,SS,,1.2298,-1.3695
2.1,5,4,SS,,1.2313,-1.3713
2.105,5,4,SS,,1.2328,-1.3731
2.11,5,4,SS,,1.2342,-1.3749
2.115,5,4,SS,,1.2356,-1.3766
2.12,5,4,SS,,1.2371,-1.3784
2.125,5,4,SS,,1.2385,-1.3801
2.13,5,4,SS,,1.2399,-1.3819
2.135,5,4,SS,,1.2413,-1.3836
2.14,5,4,SS,,1.2427,-1.3853
2.145,5,4,SS,,1.244,-1.387
2.15,5,4,SS,,1.2454,-1.3887
2.155,5,4,SS,,1.2467,-1.3904
2.16,5,4,SS,,1.2481,-1.3921
2.165,5,4,SS,,1.2494,-1.3937
2.17,5,4,SS,,1.2507,-1.3954
2.175,5,4,SS,,1.252,-1.397
2.18,5,4,SS,,1.2533,-1.3987
2.185,5,4,SS,,1.2546,-1.4003
2.19,5,4,SS,,1.2559,-1.4019
2.195,5,4,SS,,1.2571,-1.4035
2.2,5,4,SS,,1.2584,-1.4051
2.205,5,4,SS,,1.2596,-1.4066
2.21,5,4,SS,,1.2609,-1.4082
2.215,5,4,SS,,1.2621,-1.4098
2.22,5,4,SS,,1.2633,-1.4113
2.225,5,4,SS,,1.2645,-1.4128
2.23,5,4,SS,,1.2657,-1.4143
2.235,5,4,SS,,1.2669,-1.4159
2.24,5,4,SS,,1.268,-1.4174
2.245,5,4,SS,,1.2692,-1.4188
2.25,5,4,SS,,1.2703,-1.4203
2.255,5,4,SS,,1.2714,-1.4218
2.26,5,4,SS,,1.2726,-1.4232
2.265,5,4,SS,,1.2737,-1.4247
2.27,5,4,SS,,1.2748,-1.4261
2.275,5,4,SS,,1.2758,-1.4275
2.28,5,4,SS,,1.2769,-1.4289
2.285,5,4,SS,,1.278,-1.4303
2.29,5,4,SS,,1.279,-1.4317
2.295,5,4,SS,,1.2801,-1.4331
2.3,5,4,SS,,1.2811,-1.4344
2.305,5,4,SS,,1.2821,-1.4358
2.31,5,4,SS,,1.2831,-1.4371
2.315,5,4,SS,,1.2841,-1.4384
2.32,5,4,SS,,1.2851,-1.4398
2.325,5,4,SS,,1.2861,-1.4411
2.33,5,4,SS,,1.287,-1.4424
2.335,5,4,SS,,1.288,-1.4436
2.34,5,4,SS,,1.2889,-1.4449
2.345,5,4,SS,,1.2898,-1.4462
2.35,5,4,SS,,1.2907,-1.4474
2.355,5,4,SS,,1.2916,-1.4486
2.36,5,4,SS,,1.2925,-1.4499
2.365,5,4,SS,,1.2934,-1.4511
2.37,5,4,SS,,1.2943,-1.4523
2.375,5,4,SS,,1.2951,-1.4535
2.38,5,4,SS,,1.296,-1.4546
2.385,5,4,SS,,1.2968,-1.4558
2.39,5,4,SS,,1.2976,-1.4569
2.395,5,4,SS,,1.2984,-1.4581
2.4,5,4,SS,,1.2992,-1.4592
2.405,5,4,SS,,1.3,-1.4603
2.41,5,4,SS,,1.3007,-1.4614
2.415,5,4,SS,,1.3015,-1.4625
2.42,5,4,SS,,1.3023,-1.4636
2.425,5,4,SS,,1.303,-1.4646
2.43,5,4,SS,,1.3037,-1.4657
2.435,5,4,SS,,1.3044,-1.4667
2.44,5,4,SS,,1.3051,-1.4678
2.445,5,4,SS,,1.3058,-1.4688
2.45,5,4,SS,,1.3065,-1.4698
2.455,5,4,SS,,1.3071,-1.4708
2.46,5,4,SS,,1.3078,-1.4718
2.465,5,4,SS,,1.3084,-1.4727
2.47,5,4,SS,,1.309,-1.4737
2.475,5,4,SS,,1.3096,-1.4746
2.48,5,4,SS,,1.3102,-1.4756
2.485,5,4,SS,,1.3108,-1.4765
2.49,5,4,SS,,1.3114,-1.4774
2.495,5,4,SS,,1.312,-1.4783
2.5,5,4,SS,,1.3125,-1.4792
2.505,5,4,SS,,1.313,-1.48
2.51,5,4,SS,,1.3136,-1.4809
2.515,5,4,SS,,1.3141,-1.4817
2.52,5,4,SS,,1.3146,-1.4826
2.525,5,4,SS,,1.3151,-1.4834
2.53,5,4,SS,,1.3155,-1.4842
2.535,5,4,SS,,1.316,-1.485
2.54,5,4,SS,,1.3164,-1.4858
2.545,5,4,SS,,1.3169,-1.4865
2.55,5,4,SS,,1.3173,-1.4873
2.555,5,4,SS,,1.3177,-1.488
2.56,5,4,SS,,1.3181,-1.4888
2.565,5,4,SS,,1.3185,-1.4895
2.57,5,4,SS,,1.3188,-1.4902
2.575,5,4,SS,,1.3192,-1.4909
2.58,5,4,SS,,1.3195,-1.4915
2.585,5,4,SS,,1.3199,-1.4922
2.59,5,4,SS,,1.3202,-1.4929
2.595,5,4,SS,,1.3205,-1.4935
2.6,5,4,SS,,1.3208,-1.4941
2.605,5,4,SS,,1.3211,-1.4947
2.61,5,4,SS,,1.3213,-1.4953
2.615,5,4,SS,,1.3216,-1.4959
2.62,5,4,SS,,1.3218,-1.4965
2.625,5,4,SS,,1.3221,-1.4971
2.63,5,4,SS,,1.3223,-1.4976
2.635,5,4,SS,,1.3225,-1.4982
2.64,5,4,SS,,1.3227,-1.4987
2.645,5,4,SS,,1.3229,-1.4992
2.65,5,4,SS,,1.323,-1.4997
2.655,5,4,SS,,1.3232,-1.5002
2.66,5,4,SS,,1.3233,-1.5006
2.665,5,4,SS,,1.3234,-1.5011
2.67,5,4,SS,,1.3235,-1.5015
2.675,5,4,SS,,1.3236,-1.502
2.68,5,4,SS,,1.3237,-1.5024
2.685,5,4,SS,,1.3238,-1.5028
2.69,5,4,SS,,1.3238,-1.5032
2.695,5,4,SS,,1.3239,-1.5035
2.7,5,4,SS,,1.3239,-1.5039
2.705,5,4,SS,,1.3239,-1.5042
2.71,5,4,SS,,1.3239,-1.5046
2.715,5,4,SS,,1.3239,-1.5049
2.72,5,4,SS,,1.3239,-1.5052
2.725,5,4,SS,,1.3238,-1.5055
2.73,5,4,SS,,1.3238,-1.5058
2.735,5,4,SS,,1.3237,-1.5061
2.74,5,4,SS,,1.3236,-1.5063
2.745,5,4,SS,,1.3235,-1.5065
2.75,5,4,SS,,1.3234,-1.5068
2.755,5,4,SS,,1.3233,-1.507
2.76,5,4,SS,,1.3232,-1.5072
2.765,5,4,SS,,1.323,-1.5074
2.77,5,4,SS,,1.3229,-1.5075
2.775,5,4,SS,,1.3227,-1.5077
2.78,5,4,SS,,1.3225,-1.5078
2.785,5,4,SS,,1.3223,-1.508
2.79,5,4,SS,,1.3221,-1.5081
2.795,5,4,SS,,1.3218,-1.5082
2.8,5,4,SS,,1.3216,-1.5083
2.805,5,4,SS,,1.3213,-1.5083
2.81,5,4,SS,,1.3211,-1.5084
2.815,5,4,SS,,1.3208,-1.5084
2.82,5,4,SS,,1.3205,-1.5085
2.825,5,4,SS,,1.3202,-1.5085
2.83,5,4,SS,,1.3198,-1.5085
2.835,5,4,SS,,1.3195,-1.5085
2.84,5,4,SS,,1.3191,-1.5085
2.845,5,4,SS,,1.3187,-1.5084
2.85,5,4,SS,,1.3184,-1.5084
2.855,5,4,SS,,1.318,-1.5083
2.86,5,4,SS,,1.3175,-1.5082
2.865,5,4,SS,,1.3171,-1.5081
2.87,5,4,SS,,1.3167,-1.508
2.875,5,4,SS,,1.3162,-1.5079
2.88,5,4,SS,,1.3157,-1.5077
2.885,5,4,SS,,1.3152,-1.5076
2.89,5,4,SS,,1.3147,-1.5074
2.895,5,4,SS,,1.3142,-1.5072
2.9,5,4,SS,,1.3137,-1.507
2.905,5,4,SS,,1.3132,-1.5068
2.91,5,4,SS,,1.3126,-1.5066
2.915,5,4,SS,,1.312,-1.5064
2.92,5,4,SS,,1.3114,-1.5061
2.925,5,4,SS,,1.3108,-1.5058
2.93,5,4,SS,,1.3102,-1.5055
2.935,5,4,SS,,1.3096,-1.5052
2.94,5,4,SS,,1.3089,-1.5049
2.945,5,4,SS,,1.3083,-1.5046
2.95,5,4,SS,,1.3076,-1.5043
2.955,5,4,SS,,1.3069,-1.5039
2.96,5,4,SS,,1.3062,-1.5035
2.965,5,4,SS,,1.3055,-1.5031
2.97,5,4,SS,,1.3047,-1.5027
2.975,5,4,SS,,1.304,-1.5023
2.98,5,4,SS,,1.3032,-1.5019
2.985,5,4,SS,,1.3024,-1.5014
2.99,5,4,SS,,1.3016,-1.501
2.995,5,4,SS,,1.3008,-1.5005
3,5,4,SS,,1.3,-1.5
3.005,5,4,SS,,1.2992,-1.4995
3.01,5,4,SS,,1.2983,-1.499
3.015,5,4,SS,,1.2974,-1.4984
3.02,5,4,SS,,1.2965,-1.4979
3.025,5,4,SS,,1.2956,-1.4973
3.03,5,4,SS,,1.2947,-1.4967
3.035,5,4,SS,,1.2938,-1.4961
3.04,5,4,SS,,1.2929,-1.4955
3.045,5,4,SS,,1.2919,-1.4949
3.05,5,4,SS,,1.2909,-1.4942
3.055,5,4,SS,,1.2899,-1.4936
3.06,5,4,SS,,1.2889,-1.4929
3.065,5,4,SS,,1.2879,-1.4922
3.07,5,4,SS,,1.2869,-1.4915
3.075,5,4,SS,,1.2858,-1.4908
3.08,5,4,SS,,1.2847,-1.4901
3.085,5,4,SS,,1.2836,-1.4893
3.09,5,4,SS,,1.2825,-1.4885
3.095,5,4,SS,,1.2814,-1.4878
3.1,5,4,SS,,1.2803,-1.487
3.105,5,4,SS,,1.2792,-1.4862
3.11,5,4,SS,,1.278,-1.4853
3.115,5,4,SS,,1.2768,-1.4845
3.12,5,4,SS,,1.2756,-1.4836
3.125,5,4,SS,,1.2744,-1.4827
3.13,5,4,SS,,1.2732,-1.4819
3.135,5,4,SS,,1.272,-1.481
3.14,5,4,SS,,1.2707,-1.48
3.145,5,4,SS,,1.2694,-1.4791
3.15,5,4,SS,,1.2681,-1.4781
3.155,5,4,SS,,1.2668,-1.4772
3.16,5,4,SS,,1.2655,-1.4762
3.165,5,4,SS,,1.2642,-1.4752
3.17,5,4,SS,,1.2628,-1.4742
3.175,5,4,SS,,1.2615,-1.4731
3.18,5,4,SS,,1.2601,-1.4721
3.185,5,4,SS,,1.2587,-1.471
3.19,5,4,SS,,1.2573,-1.4699
3.195,5,4,SS,,1.2558,-1.4688
3.2,5,4,SS,,1.2544,-1.4677
3.205,5,4,SS,,1.2529,-1.4666
3.21,5,4,SS,,1.2515,-1.4655
3.215,5,4,SS,,1.25,-1.4643
3.22,5,4,SS,,1.2485,-1.4631
3.225,5,4,SS,,1.2469,-1.4619
3.23,5,4,SS,,1.2454,-1.4607
3.235,5,4,SS,,1.2438,-1.4595
3.24,5,4,SS,,1.2423,-1.4583
3.245,5,4,SS,,1.2407,-1.457
3.25,5,4,SS,,1.2391,-1.4557
3.255,5,4,SS,,1.2374,-1.4544
3.26,5,4,SS,,1.2358,-1.4531
3.265,5,4,SS,,1.2341,-1.4518
3.27,5,4,SS,,1.2325,-1.4505
3.275,5,4,SS,,1.2308,-1.4491
3.28,5,4,SS,,1.2291,-1.4477
3.285,5,4,SS,,1.2274,-1.4464
3.29,5,4,SS,,1.2256,-1.445
3.295,5,4,SS,,1.2239,-1.4435
3.3,5,4,SS,,1.2221,-1.4421
3.305,5,4,SS,,1.2203,-1.4406
3.31,5,4,SS,,1.2185,-1.4392
3.315,5,4,SS,,1.2167,-1.4377
3.32,5,4,SS,,1.2149,-1.4362
3.325,5,4,SS,,1.213,-1.4347
3.33,5,4,SS,,1.2111,-1.4331
3.335,5,4,SS,,1.2092,-1.4316
3.34,5,4,SS,,1.2073,-1.43
3.345,5,4,SS,,1.2054,-1.4284
3.35,5,4,SS,,1.2035,-1.4268
3.355,5,4,SS,,1.2015,-1.4252
3.36,5,4,SS,,1.1996,-1.4236
3.365,5,4,SS,,1.1976,-1.4219
3.37,5,4,SS,,1.1956,-1.4202
3.375,5,4,SS,,1.1936,-1.4186
3.38,5,4,SS,,1.1915,-1.4169
3.385,5,4,SS,,1.1895,-1.4151
3.39,5,4,SS,,1.1874,-1.4134
3.395,5,4,SS,,1.1853,-1.4116
3.4,5,4,SS,,1.1832,-1.4099
3.405,5,4,SS,,1.1811,-1.4081
3.41,5,4,SS,,1.1789,-1.4063
3.415,5,4,SS,,1.1768,-1.4045
3.42,5,4,SS,,1.1746,-1.4026
3.425,5,4,SS,,1.1724,-1.4008
3.43,5,4,SS,,1.1702,-1.3989
3.435,5,4,SS,,1.168,-1.397
3.44,5,4,SS,,1.1657,-1.3951
3.445,5,4,SS,,1.1635,-1.3932
3.45,5,4,SS,,1.1612,-1.3912
3.455,5,4,SS,,1.1589,-1.3893
3.46,5,4,SS,,1.1566,-1.3873
3.465,5,4,SS,,1.1543,-1.3853
3.47,5,4,SS,,1.1519,-1.3833
3.475,5,4,SS,,1.1496,-1.3812
3.48,5,4,SS,,1.1472,-1.3792
3.485,5,4,SS,,1.1448,-1.3771
3.49,5,4,SS,,1.1424,-1.375
3.495,5,4,SS,,1.1399,-1.3729
3.5,5,4,SS,,1.1375,-1.3708
3.505,5,4,SS,,1.135,-1.3687
3.51,5,4,SS,,1.1325,-1.3665
3.515,5,4,SS,,1.13,-1.3644
3.52,5,4,SS,,1.1275,-1.3622
3.525,5,4,SS,,1.125,-1.36
3.53,5,4,SS,,1.1224,-1.3578
3.535,5,4,SS,,1.1199,-1.3555
3.54,5,4,SS,,1.1173,-1.3533
3.545,5,4,SS,,1.1147,-1.351
3.55,5,4,SS,,1.112,-1.3487
3.555,5,4,SS,,1.1094,-1.3464
3.56,5,4,SS,,1.1067,-1.3441
3.565,5,4,SS,,1.1041,-1.3417
3.57,5,4,SS,,1.1014,-1.3394
3.575,5,4,SS,,1.0986,-1.337
3.58,5,4,SS,,1.0959,-1.3346
3.585,5,4,SS,,1.0932,-1.3322
3.59,5,4,SS,,1.0904,-1.3297
3.595,5,4,SS,,1.0876,-1.3273
3.6,5,4,SS,,1.0848,-1.3248
3.605,5,4,SS,,1.082,-1.3223
3.61,5,4,SS,,1.0791,-1.3198
3.615,5,4,SS,,1.0763,-1.3173
3.62,5,4,SS,,1.0734,-1.3147
3.625,5,4,SS,,1.0705,-1.3122
3.63,5,4,SS,,1.0676,-1.3096
3.635,5,4,SS,,1.0647,-1.307
3.64,5,4,SS,,1.0617,-1.3044
3.645,5,4,SS,,1.0587,-1.3017
3.65,5,4,SS,,1.0558,-1.2991
3.655,5,4,SS,,1.0528,-1.2964
3.66,5,4,SS,,1.0497,-1.2937
3.665,5,4,SS,,1.0467,-1.291
3.67,5,4,SS,,1.0436,-1.2883
3.675,5,4,SS,,1.0406,-1.2856
3.68,5,4,SS,,1.0375,-1.2828
3.685,5,4,SS,,1.0344,-1.28
3.69,5,4,SS,,1.0312,-1.2772
3.695,5,4,SS,,1.0281,-1.2744
3.7,5,4,SS,,1.0249,-1.2716
3.705,5,4,SS,,1.0217,-1.2687
3.71,5,4,SS,,1.0185,-1.2658
3.715,5,4,SS,,1.0153,-1.2629
3.72,5,4,SS,,1.012,-1.26
3.725,5,4,SS,,1.0088,-1.2571
3.73,5,4,SS,,1.0055,-1.2542
3.735,5,4,SS,,1.0022,-1.2512
3.74,5,4,SS,,0.9989,-1.2482
3.745,5,4,SS,,0.9955,-1.2452
3.75,5,4,SS,,0.9922,-1.2422
3.755,5,4,SS,,0.9888,-1.2391
3.76,5,4,SS,,0.9854,-1.2361
3.765,5,4,SS,,0.982,-1.233
3.77,5,4,SS,,0.9786,-1.2299
3.775,5,4,SS,,0.9751,-1.2268
3.78,5,4,SS,,0.9717,-1.2237
3.785,5,4,SS,,0.9682,-1.2205
3.79,5,4,SS,,0.9647,-1.2173
3.795,5,4,SS,,0.9611,-1.2141
3.8,5,4,SS,,0.9576,-1.2109
3.805,5,4,SS,,0.954,-1.2077
3.81,5,4,SS,,0.9505,-1.2045
3.815,5,4,SS,,0.9469,-1.2012
3.82,5,4,SS,,0.9432,-1.1979
3.825,5,4,SS,,0.9396,-1.1946
3.83,5,4,SS,,0.9359,-1.1913
3.835,5,4,SS,,0.9323,-1.1879
3.84,5,4,SS,,0.9286,-1.1846
3.845,5,4,SS,,0.9248,-1.1812
3.85,5,4,SS,,0.9211,-1.1778
3.855,5,4,SS,,0.9174,-1.1744
3.86,5,4,SS,,0.9136,-1.1709
3.865,5,4,SS,,0.9098,-1.1675
3.87,5,4,SS,,0.906,-1.164
3.875,5,4,SS,,0.9021,-1.1605
3.88,5,4,SS,,0.8983,-1.157
3.885,5,4,SS,,0.8944,-1.1534
3.89,5,4,SS,,0.8905,-1.1499
3.895,5,4,SS,,0.8866,-1.1463
3.9,5,4,SS,,0.8827,-1.1427
3.905,5,4,SS,,0.8788,-1.1391
3.91,5,4,SS,,0.8748,-1.1355
3.915,5,4,SS,,0.8708,-1.1318
3.92,5,4,SS,,0.8668,-1.1281
3.925,5,4,SS,,0.8628,-1.1244
3.93,5,4,SS,,0.8587,-1.1207
3.935,5,4,SS,,0.8547,-1.117
3.94,5,4,SS,,0.8506,-1.1132
3.945,5,4,SS,,0.8465,-1.1095
3.95,5,4,SS,,0.8423,-1.1057
3.955,5,4,SS,,0.8382,-1.1019
3.96,5,4,SS,,0.834,-1.098
3.965,5,4,SS,,0.8298,-1.0942
3.97,5,4,SS,,0.8256,-1.0903
3.975,5,4,SS,,0.8214,-1.0864
3.98,5,4,SS,,0.8172,-1.0825
3.985,5,4,SS,,0.8129,-1.0786
3.99,5,4,SS,,0.8086,-1.0746
3.995,5,4,SS,,0.8043,-1.0707
4,5,4,SS,,0.8,-1.0667
4.005,5,4,SS,,0.7957,-1.0627
4.01,5,4,SS,,0.7913,-1.0586
4.015,5,4,SS,,0.787,-1.0546
4.02,5,4,SS,,0.7827,-1.0505
4.025,5,4,SS,,0.7784,-1.0464
4.03,5,4,SS,,0.7741,-1.0423
4.035,5,4,SS,,0.7698,-1.0382
4.04,5,4,SS,,0.7655,-1.034
4.045,5,4,SS,,0.7612,-1.0299
4.05,5,4,SS,,0.7569,-1.0257
4.055,5,4,SS,,0.7526,-1.0215
4.06,5,4,SS,,0.7484,-1.0173
4.065,5,4,SS,,0.7441,-1.013
4.07,5,4,SS,,0.7398,-1.0088
4.075,5,4,SS,,0.7355,-1.0045
4.08,5,4,SS,,0.7313,-1.0002
4.085,5,4,SS,,0.727,-0.9959
4.09,5,4,SS,,0.7228,-0.9915
4.095,5,4,SS,,0.7185,-0.9872
4.1,5,4,SS,,0.7143,-0.9828
4.105,5,4,SS,,0.7101,-0.9784
4.11,5,4,SS,,0.7058,-0.974
4.115,5,4,SS,,0.7016,-0.9696
4.12,5,4,SS,,0.6974,-0.9651
4.125,5,4,SS,,0.6932,-0.9607
4.13,5,4,SS,,0.689,-0.9562
4.135,5,4,SS,,0.6847,-0.9517
4.14,5,4,SS,,0.6805,-0.9472
4.145,5,4,SS,,0.6763,-0.9427
4.15,5,4,SS,,0.6721,-0.9381
4.155,5,4,SS,,0.6679,-0.9336
4.16,5,4,SS,,0.6638,-0.929
4.165,5,4,SS,,0.6596,-0.9244
4.17,5,4,SS,,0.6554,-0.9198
4.175,5,4,SS,,0.6512,-0.9151
4.18,5,4,SS,,0.647,-0.9105
4.185,5,4,SS,,0.6429,-0.9058
4.19,5,4,SS,,0.6387,-0.9011
4.195,5,4,SS,,0.6346,-0.8964
4.2,5,4,SS,,0.6304,-0.8917
4.205,5,4,SS,,0.6262,-0.887
4.21,5,4,SS,,0.6221,-0.8823
4.215,5,4,SS,,0.618,-0.8775
4.22,5,4,SS,,0.6138,-0.8727
4.225,5,4,SS,,0.6097,-0.8679
4.23,5,4,SS,,0.6056,-0.8631
4.235,5,4,SS,,0.6014,-0.8583
4.24,5,4,SS,,0.5973,-0.8535
4.245,5,4,SS,,0.5932,-0.8486
4.25,5,4,SS,,0.5891,-0.8438
4.255,5,4,SS,,0.5849,-0.8389
4.26,5,4,SS,,0.5808,-0.834
4.265,5,4,SS,,0.5767,-0.8291
4.27,5,4,SS,,0.5726,-0.8241
4.275,5,4,SS,,0.5685,-0.8192
4.28,5,4,SS,,0.5644,-0.8142
4.285,5,4,SS,,0.5604,-0.8093
4.29,5,4,SS,,0.5563,-0.8043
4.295,5,4,SS,,0.5522,-0.7993
4.3,5,4,SS,,0.5481,-0.7943
4.305,5,4,SS,,0.544,-0.7892
4.31,5,4,SS,,0.54,-0.7842
4.315,5,4,SS,,0.5359,-0.7791
4.32,5,4,SS,,0.5318,-0.7741
4.325,5,4,SS,,0.5278,-0.769
4.33,5,4,SS,,0.5237,-0.7639
4.335,5,4,SS,,0.5196,-0.7588
4.34,5,4,SS,,0.5156,-0.7537
4.345,5,4,SS,,0.5115,-0.7485
4.35,5,4,SS,,0.5075,-0.7434
4.355,5,4,SS,,0.5034,-0.7382
4.36,5,4,SS,,0.4994,-0.733
4.365,5,4,SS,,0.4954,-0.7279
4.37,5,4,SS,,0.4913,-0.7227
4.375,5,4,SS,,0.4873,-0.7174
4.38,5,4,SS,,0.4833,-0.7122
4.385,5,4,SS,,0.4793,-0.707
4.39,5,4,SS,,0.4752,-0.7017
4.395,5,4,SS,,0.4712,-0.6965
4.4,5,4,SS,,0.4672,-0.6912
4.405,5,4,SS,,0.4632,-0.6859
4.41,5,4,SS,,0.4592,-0.6806
4.415,5,4,SS,,0.4552,-0.6753
4.42,5,4,SS,,0.4512,-0.67
4.425,5,4,SS,,0.4472,-0.6647
4.43,5,4,SS,,0.4432,-0.6593
4.435,5,4,SS,,0.4392,-0.654
4.44,5,4,SS,,0.4352,-0.6486
4.445,5,4,SS,,0.4312,-0.6432
4.45,5,4,SS,,0.4272,-0.6378
4.455,5,4,SS,,0.4232,-0.6324
4.46,5,4,SS,,0.4192,-0.627
4.465,5,4,SS,,0.4153,-0.6216
4.47,5,4,SS,,0.4113,-0.6161
4.475,5,4,SS,,0.4073,-0.6107
4.48,5,4,SS,,0.4034,-0.6053
4.485,5,4,SS,,0.3994,-0.5998
4.49,5,4,SS,,0.3954,-0.5943
4.495,5,4,SS,,0.3915,-0.5888
4.5,5,4,SS,,0.3875,-0.5833
4.505,5,4,SS,,0.3835,-0.5778
4.51,5,4,SS,,0.3796,-0.5723
4.515,5,4,SS,,0.3756,-0.5668
4.52,5,4,SS,,0.3717,-0.5613
4.525,5,4,SS,,0.3677,-0.5557
4.53,5,4,SS,,0.3638,-0.5502
4.535,5,4,SS,,0.3599,-0.5446
4.54,5,4,SS,,0.3559,-0.539
4.545,5,4,SS,,0.352,-0.5334
4.55,5,4,SS,,0.348,-0.5279
4.555,5,4,SS,,0.3441,-0.5223
4.56,5,4,SS,,0.3402,-0.5166
4.565,5,4,SS,,0.3362,-0.511
4.57,5,4,SS,,0.3323,-0.5054
4.575,5,4,SS,,0.3284,-0.4998
4.58,5,4,SS,,0.3245,-0.4941
4.585,5,4,SS,,0.3205,-0.4885
4.59,5,4,SS,,0.3166,-0.4828
4.595,5,4,SS,,0.3127,-0.4771
4.6,5,4,SS,,0.3088,-0.4715
4.605,5,4,SS,,0.3049,-0.4658
4.61,5,4,SS,,0.301,-0.4601
4.615,5,4,SS,,0.2971,-0.4544
4.62,5,4,SS,,0.2932,-0.4487
4.625,5,4,SS,,0.2893,-0.443
4.63,5,4,SS,,0.2854,-0.4372
4.635,5,4,SS,,0.2815,-0.4315
4.64,5,4,SS,,0.2776,-0.4258
4.645,5,4,SS,,0.2737,-0.42
4.65,5,4,SS,,0.2698,-0.4143
4.655,5,4,SS,,0.2659,-0.4085
4.66,5,4,SS,,0.262,-0.4028
4.665,5,4,SS,,0.2581,-0.397
4.67,5,4,SS,,0.2542,-0.3912
4.675,5,4,SS,,0.2503,-0.3854
4.68,5,4,SS,,0.2464,-0.3796
4.685,5,4,SS,,0.2425,-0.3738
4.69,5,4,SS,,0.2387,-0.368
4.695,5,4,SS,,0.2348,-0.3622
4.7,5,4,SS,,0.2309,-0.3564
4.705,5,4,SS,,0.227,-0.3506
4.71,5,4,SS,,0.2231,-0.3447
4.715,5,4,SS,,0.2193,-0.3389
4.72,5,4,SS,,0.2154,-0.3331
4.725,5,4,SS,,0.2115,-0.3272
4.73,5,4,SS,,0.2077,-0.3214
4.735,5,4,SS,,0.2038,-0.3155
4.74,5,4,SS,,0.1999,-0.3097
4.745,5,4,SS,,0.1961,-0.3038
4.75,5,4,SS,,0.1922,-0.2979
4.755,5,4,SS,,0.1883,-0.292
4.76,5,4,SS,,0.1845,-0.2862
4.765,5,4,SS,,0.1806,-0.2803
4.77,5,4,SS,,0.1767,-0.2744
4.775,5,4,SS,,0.1729,-0.2685
4.78,5,4,SS,,0.169,-0.2626
4.785,5,4,SS,,0.1652,-0.2567
4.79,5,4,SS,,0.1613,-0.2508
4.795,5,4,SS,,0.1575,-0.2449
4.8,5,4,SS,,0.1536,-0.2389
4.805,5,4,SS,,0.1497,-0.233
4.81,5,4,SS,,0.1459,-0.2271
4.815,5,4,SS,,0.142,-0.2212
4.82,5,4,SS,,0.1382,-0.2152
4.825,5,4,SS,,0.1343,-0.2093
4.83,5,4,SS,,0.1305,-0.2033
4.835,5,4,SS,,0.1266,-0.1974
4.84,5,4,SS,,0.1228,-0.1915
4.845,5,4,SS,,0.119,-0.1855
4.85,5,4,SS,,0.1151,-0.1796
4.855,5,4,SS,,0.1113,-0.1736
4.86,5,4,SS,,0.1074,-0.1676
4.865,5,4,SS,,0.1036,-0.1617
4.87,5,4,SS,,0.0997,-0.1557
4.875,5,4,SS,,0.0959,-0.1497
4.88,5,4,SS,,0.0921,-0.1438
4.885,5,4,SS,,0.0882,-0.1378
4.89,5,4,SS,,0.0844,-0.1318
4.895,5,4,SS,,0.0805,-0.1258
4.9,5,4,SS,,0.0767,-0.1199
4.905,5,4,SS,,0.0729,-0.1139
4.91,5,4,SS,,0.069,-0.1079
4.915,5,4,SS,,0.0652,-0.1019
4.92,5,4,SS,,0.0614,-0.0959
4.925,5,4,SS,,0.0575,-0.0899
4.93,5,4,SS,,0.0537,-0.084
4.935,5,4,SS,,0.0498,-0.078
4.94,5,4,SS,,0.046,-0.072
4.945,5,4,SS,,0.0422,-0.066
4.95,5,4,SS,,0.0383,-0.06
4.955,5,4,SS,,0.0345,-0.054
4.96,5,4,SS,,0.0307,-0.048
4.965,5,4,SS,,0.0268,-0.042
4.97,5,4,SS,,0.023,-0.036
4.975,5,4,SS,,0.0192,-0.03
4.98,5,4,SS,,0.0153,-0.024
4.985,5,4,SS,,0.0115,-0.018
4.99,5,4,SS,,0.0077,-0.012
4.995,5,4,SS,,0.0038,-0.006
5,5,4,SS,,0,0
0,5,4.5,SS,,0,0
0.005,5,4.5,SS,,0.004,-0.0021
0.01,5,4.5,SS,,0.0081,-0.0041
0.015,5,4.5,SS,,0.0121,-0.0062
0.02,5,4.5,SS,,0.0162,-0.0082
0.025,5,4.5,SS,,0.0202,-0.0103
0.03,5,4.5,SS,,0.0242,-0.0124
0.035,5,4.5,SS,,0.0283,-0.0144
0.04,5,4.5,SS,,0.0323,-0.0165
0.045,5,4.5,SS,,0.0364,-0.0186
0.05,5,4.5,SS,,0.0404,-0.0206
0.055,5,4.5,SS,,0.0445,-0.0227
0.06,5,4.5,SS,,0.0485,-0.0247
0.065,5,4.5,SS,,0.0525,-0.0268
0.07,5,4.5,SS,,0.0566,-0.0289
0.075,5,4.5,SS,,0.0606,-0.0309
0.08,5,4.5,SS,,0.0646,-0.033
0.085,5,4.5,SS,,0.0687,-0.0351
0.09,5,4.5,SS,,0.0727,-0.0371
0.095,5,4.5,SS,,0.0768,-0.0392
0.1,5,4.5,SS,,0.0808,-0.0412
0.105,5,4.5,SS,,0.0848,-0.0433
0.11,5,4.5,SS,,0.0889,-0.0454
0.115,5,4.5,SS,,0.0929,-0.0474
0.12,5,4.5,SS,,0.0969,-0.0495
0.125,5,4.5,SS,,0.101,-0.0515
0.13,5,4.5,SS,,0.105,-0.0536
0.135,5,4.5,SS,,0.109,-0.0556
0.14,5,4.5,SS,,0.1131,-0.0577
0.145,5,4.5,SS,,0.1171,-0.0598
0.15,5,4.5,SS,,0.1211,-0.0618
0.155,5,4.5,SS,,0.1252,-0.0639
0.16,5,4.5,SS,,0.1292,-0.0659
0.165,5,4.5,SS,,0.1332,-0.068
0.17,5,4.5,SS,,0.1373,-0.07
0.175,5,4.5,SS,,0.1413,-0.0721
0.18,5,4.5,SS,,0.1453,-0.0742
0.185,5,4.5,SS,,0.1493,-0.0762
0.19,5,4.5,SS,,0.1534,-0.0783
0.195,5,4.5,SS,,0.1574,-0.0803
0.2,5,4.5,SS,,0.1614,-0.0824
0.205,5,4.5,SS,,0.1654,-0.0844
0.21,5,4.5,SS,,0.1694,-0.0865
0.215,5,4.5,SS,,0.1735,-0.0885
0.22,5,4.5,SS,,0.1775,-0.0906
0.225,5,4.5,SS,,0.1815,-0.0926
0.23,5,4.5,SS,,0.1855,-0.0947
0.235,5,4.5,SS,,0.1895,-0.0967
0.24,5,4.5,SS,,0.1935,-0.0988
0.245,5,4.5,SS,,0.1976,-0.1008
0.25,5,4.5,SS,,0.2016,-0.1029
0.255,5,4.5,SS,,0.2056,-0.1049
0.26,5,4.5,SS,,0.2096,-0.107
0.265,5,4.5,SS,,0.2136,-0.109
0.27,5,4.5,SS,,0.2176,-0.111
0.275,5,4.5,SS,,0.2216,-0.1131
0.28,5,4.5,SS,,0.2256,-0.1151
0.285,5,4.5,SS,,0.2296,-0.1172
0.29,5,4.5,SS,,0.2336,-0.1192
0.295,5,4.5,SS,,0.2376,-0.1213
0.3,5,4.5,SS,,0.2416,-0.1233
0.305,5,4.5,SS,,0.2456,-0.1253
0.31,5,4.5,SS,,0.2496,-0.1274
0.315,5,4.5,SS,,0.2536,-0.1294
0.32,5,4.5,SS,,0.2576,-0.1315
0.325,5,4.5,SS,,0.2616,-0.1335
0.33,5,4.5,SS,,0.2656,-0.1355
0.335,5,4.5,SS,,0.2695,-0.1376
0.34,5,4.5,SS,,0.2735,-0.1396
0.345,5,4.5,SS,,0.2775,-0.1416
0.35,5,4.5,SS,,0.2815,-0.1437
0.355,5,4.5,SS,,0.2855,-0.1457
0.36,5,4.5,SS,,0.2894,-0.1477
0.365,5,4.5,SS,,0.2934,-0.1498
0.37,5,4.5,SS,,0.2974,-0.1518
0.375,5,4.5,SS,,0.3014,-0.1538
0.38,5,4.5,SS,,0.3053,-0.1558
0.385,5,4.5,SS,,0.3093,-0.1579
0.39,5,4.5,SS,,0.3133,-0.1599
0.395,5,4.5,SS,,0.3172,-0.1619
0.4,5,4.5,SS,,0.3212,-0.1639
0.405,5,4.5,SS,,0.3252,-0.166
0.41,5,4.5,SS,,0.3291,-0.168
0.415,5,4.5,SS,,0.3331,-0.17
0.42,5,4.5,SS,,0.337,-0.172
0.425,5,4.5,SS,,0.341,-0.174
0.43,5,4.5,SS,,0.3449,-0.176
0.435,5,4.5,SS,,0.3489,-0.1781
0.44,5,4.5,SS,,0.3528,-0.1801
0.445,5,4.5,SS,,0.3568,-0.1821
0.45,5,4.5,SS,,0.3607,-0.1841
0.455,5,4.5,SS,,0.3647,-0.1861
0.46,5,4.5,SS,,0.3686,-0.1881
0.465,5,4.5,SS,,0.3725,-0.1901
0.47,5,4.5,SS,,0.3765,-0.1921
0.475,5,4.5,SS,,0.3804,-0.1942
0.48,5,4.5,SS,,0.3843,-0.1962
0.485,5,4.5,SS,,0.3882,-0.1982
0.49,5,4.5,SS,,0.3922,-0.2002
0.495,5,4.5,SS,,0.3961,-0.2022
0.5,5,4.5,SS,,0.4,-0.2042
0.505,5,4.5,SS,,0.4039,-0.2062
0.51,5,4.5,SS,,0.4078,-0.2082
0.515,5,4.5,SS,,0.4117,-0.2102
0.52,5,4.5,SS,,0.4156,-0.2122
0.525,5,4.5,SS,,0.4196,-0.2142
0.53,5,4.5,SS,,0.4235,-0.2161
0.535,5,4.5,SS,,0.4274,-0.2181
0.54,5,4.5,SS,,0.4313,-0.2201
0.545,5,4.5,SS,,0.4351,-0.2221
0.55,5,4.5,SS,,0.439,-0.2241
0.555,5,4.5,SS,,0.4429,-0.2261
0.56,5,4.5,SS,,0.4468,-0.2281
0.565,5,4.5,SS,,0.4507,-0.2301
0.57,5,4.5,SS,,0.4546,-0.232
0.575,5,4.5,SS,,0.4585,-0.234
0.58,5,4.5,SS,,0.4623,-0.236
0.585,5,4.5,SS,,0.4662,-0.238
0.59,5,4.5,SS,,0.4701,-0.24
0.595,5,4.5,SS,,0.4739,-0.2419
0.6,5,4.5,SS,,0.4778,-0.2439
0.605,5,4.5,SS,,0.4817,-0.2459
0.61,5,4.5,SS,,0.4855,-0.2478
0.615,5,4.5,SS,,0.4894,-0.2498
0.62,5,4.5,SS,,0.4932,-0.2518
0.625,5,4.5,SS,,0.4971,-0.2537
0.63,5,4.5,SS,,0.5009,-0.2557
0.635,5,4.5,SS,,0.5048,-0.2577
0.64,5,4.5,SS,,0.5086,-0.2596
0.645,5,4.5,SS,,0.5124,-0.2616
0.65,5,4.5,SS,,0.5163,-0.2635
0.655,5,4.5,SS,,0.5201,-0.2655
0.66,5,4.5,SS,,0.5239,-0.2675
0.665,5,4.5,SS,,0.5277,-0.2694
0.67,5,4.5,SS,,0.5316,-0.2714
0.675,5,4.5,SS,,0.5354,-0.2733
0.68,5,4.5,SS,,0.5392,-0.2753
0.685,5,4.5,SS,,0.543,-0.2772
0.69,5,4.5,SS,,0.5468,-0.2791
0.695,5,4.5,SS,,0.5506,-0.2811
0.7,5,4.5,SS,,0.5544,-0.283
0.705,5,4.5,SS,,0.5582,-0.285
0.71,5,4.5,SS,,0.562,-0.2869
0.715,5,4.5,SS,,0.5658,-0.2888
0.72,5,4.5,SS,,0.5696,-0.2908
0.725,5,4.5,SS,,0.5733,-0.2927
0.73,5,4.5,SS,,0.5771,-0.2946
0.735,5,4.5,SS,,0.5809,-0.2966
0.74,5,4.5,SS,,0.5847,-0.2985
0.745,5,4.5,SS,,0.5884,-0.3004
0.75,5,4.5,SS,,0.5922,-0.3023
0.755,5,4.5,SS,,0.5959,-0.3043
0.76,5,4.5,SS,,0.5997,-0.3062
0.765,5,4.5,SS,,0.6035,-0.3081
0.77,5,4.5,SS,,0.6072,-0.31
0.775,5,4.5,SS,,0.6109,-0.3119
0.78,5,4.5,SS,,0.6147,-0.3138
0.785,5,4.5,SS,,0.6184,-0.3158
0.79,5,4.5,SS,,0.6221,-0.3177
0.795,5,4.5,SS,,0.6259,-0.3196
0.8,5,4.5,SS,,0.6296,-0.3215
0.805,5,4.5,SS,,0.6333,-0.3234
0.81,5,4.5,SS,,0.637,-0.3253
0.815,5,4.5,SS,,0.6407,-0.3272
0.82,5,4.5,SS,,0.6445,-0.3291
0.825,5,4.5,SS,,0.6482,-0.331
0.83,5,4.5,SS,,0.6519,-0.3328
0.835,5,4.5,SS,,0.6556,-0.3347
0.84,5,4.5,SS,,0.6592,-0.3366
0.845,5,4.5,SS,,0.6629,-0.3385
0.85,5,4.5,SS,,0.6666,-0.3404
0.855,5,4.5,SS,,0.6703,-0.3423
0.86,5,4.5,SS,,0.674,-0.3441
0.865,5,4.5,SS,,0.6776,-0.346
0.87,5,4.5,SS,,0.6813,-0.3479
0.875,5,4.5,SS,,0.685,-0.3498
0.88,5,4.5,SS,,0.6886,-0.3516
0.885,5,4.5,SS,,0.6923,-0.3535
0.89,5,4.5,SS,,0.6959,-0.3554
0.895,5,4.5,SS,,0.6996,-0.3572
0.9,5,4.5,SS,,0.7032,-0.3591
0.905,5,4.5,SS,,0.7068,-0.361
0.91,5,4.5,SS,,0.7105,-0.3628
0.915,5,4.5,SS,,0.7141,-0.3647
0.92,5,4.5,SS,,0.7177,-0.3665
0.925,5,4.5,SS,,0.7213,-0.3684
0.93,5,4.5,SS,,0.7249,-0.3702
0.935,5,4.5,SS,,0.7285,-0.3721
0.94,5,4.5,SS,,0.7321,-0.3739
0.945,5,4.5,SS,,0.7357,-0.3757
0.95,5,4.5,SS,,0.7393,-0.3776
0.955,5,4.5,SS,,0.7429,-0.3794
0.96,5,4.5,SS,,0.7465,-0.3813
0.965,5,4.5,SS,,0.7501,-0.3831
0.97,5,4.5,SS,,0.7537,-0.3849
0.975,5,4.5,SS,,0.7572,-0.3867
0.98,5,4.5,SS,,0.7608,-0.3886
0.985,5,4.5,SS,,0.7644,-0.3904
0.99,5,4.5,SS,,0.7679,-0.3922
0.995,5,4.5,SS,,0.7715,-0.394
1,5,4.5,SS,,0.775,-0.3958
1.005,5,4.5,SS,,0.7785,-0.3976
1.01,5,4.5,SS,,0.7821,-0.3995
1.015,5,4.5,SS,,0.7856,-0.4013
1.02,5,4.5,SS,,0.7891,-0.4031
1.025,5,4.5,SS,,0.7926,-0.4049
1.03,5,4.5,SS,,0.7962,-0.4067
1.035,5,4.5,SS,,0.7997,-0.4085
1.04,5,4.5,SS,,0.8032,-0.4103
1.045,5,4.5,SS,,0.8067,-0.412
1.05,5,4.5,SS,,0.8102,-0.4138
1.055,5,4.5,SS,,0.8137,-0.4156
1.06,5,4.5,SS,,0.8171,-0.4174
1.065,5,4.5,SS,,0.8206,-0.4192
1.07,5,4.5,SS,,0.8241,-0.421
1.075,5,4.5,SS,,0.8275,-0.4227
1.08,5,4.5,SS,,0.831,-0.4245
1.085,5,4.5,SS,,0.8345,-0.4263
1.09,5,4.5,SS,,0.8379,-0.428
1.095,5,4.5,SS,,0.8414,-0.4298
1.1,5,4.5,SS,,0.8448,-0.4316
1.105,5,4.5,SS,,0.8482,-0.4333
1.11,5,4.5,SS,,0.8517,-0.4351
1.115,5,4.5,SS,,0.8551,-0.4368
1.12,5,4.5,SS,,0.8585,-0.4386
1.125,5,4.5,SS,,0.8619,-0.4403
1.13,5,4.5,SS,,0.8653,-0.4421
1.135,5,4.5,SS,,0.8687,-0.4438
1.14,5,4.5,SS,,0.8721,-0.4456
1.145,5,4.5,SS,,0.8755,-0.4473
1.15,5,4.5,SS,,0.8789,-0.449
1.155,5,4.5,SS,,0.8823,-0.4508
1.16,5,4.5,SS,,0.8856,-0.4525
1.165,5,4.5,SS,,0.889,-0.4542
1.17,5,4.5,SS,,0.8924,-0.4559
1.175,5,4.5,SS,,0.8957,-0.4577
1.18,5,4.5,SS,,0.8991,-0.4594
1.185,5,4.5,SS,,0.9024,-0.4611
1.19,5,4.5,SS,,0.9057,-0.4628
1.195,5,4.5,SS,,0.9091,-0.4645
1.2,5,4.5,SS,,0.9124,-0.4662
1.205,5,4.5,SS,,0.9157,-0.4679
1.21,5,4.5,SS,,0.919,-0.4696
1.215,5,4.5,SS,,0.9223,-0.4713
1.22,5,4.5,SS,,0.9256,-0.473
1.225,5,4.5,SS,,0.9289,-0.4747
1.23,5,4.5,SS,,0.9322,-0.4764
1.235,5,4.5,SS,,0.9355,-0.478
1.24,5,4.5,SS,,0.9388,-0.4797
1.245,5,4.5,SS,,0.942,-0.4814
1.25,5,4.5,SS,,0.9453,-0.4831
1.255,5,4.5,SS,,0.9486,-0.4847
1.26,5,4.5,SS,,0.9518,-0.4864
1.265,5,4.5,SS,,0.9551,-0.4881
1.27,5,4.5,SS,,0.9583,-0.4897
1.275,5,4.5,SS,,0.9615,-0.4914
1.28,5,4.5,SS,,0.9648,-0.493
1.285,5,4.5,SS,,0.968,-0.4947
1.29,5,4.5,SS,,0.9712,-0.4963
1.295,5,4.5,SS,,0.9744,-0.498
1.3,5,4.5,SS,,0.9776,-0.4996
1.305,5,4.5,SS,,0.9808,-0.5013
1.31,5,4.5,SS,,0.984,-0.5029
1.315,5,4.5,SS,,0.9872,-0.5045
1.32,5,4.5,SS,,0.9903,-0.5062
1.325,5,4.5,SS,,0.9935,-0.5078
1.33,5,4.5,SS,,0.9967,-0.5094
1.335,5,4.5,SS,,0.9998,-0.511
1.34,5,4.5,SS,,1.003,-0.5126
1.345,5,4.5,SS,,1.0061,-0.5143
1.35,5,4.5,SS,,1.0092,-0.5159
1.355,5,4.5,SS,,1.0124,-0.5175
1.36,5,4.5,SS,,1.0155,-0.5191
1.365,5,4.5,SS,,1.0186,-0.5207
1.37,5,4.5,SS,,1.0217,-0.5223
1.375,5,4.5,SS,,1.0248,-0.5239
1.38,5,4.5,SS,,1.0279,-0.5254
1.385,5,4.5,SS,,1.031,-0.527
1.39,5,4.5,SS,,1.0341,-0.5286
1.395,5,4.5,SS,,1.0371,-0.5302
1.4,5,4.5,SS,,1.0402,-0.5318
1.405,5,4.5,SS,,1.0433,-0.5333
1.41,5,4.5,SS,,1.0463,-0.5349
1.415,5,4.5,SS,,1.0494,-0.5365
1.42,5,4.5,SS,,1.0524,-0.538
1.425,5,4.5,SS,,1.0554,-0.5396
1.43,5,4.5,SS,,1.0584,-0.5411
1.435,5,4.5,SS,,1.0615,-0.5427
1.44,5,4.5,SS,,1.0645,-0.5442
1.445,5,4.5,SS,,1.0675,-0.5458
1.45,5,4.5,SS,,1.0705,-0.5473
1.455,5,4.5,SS,,1.0734,-0.5488
1.46,5,4.5,SS,,1.0764,-0.5504
1.465,5,4.5,SS,,1.0794,-0.5519
1.47,5,4.5,SS,,1.0824,-0.5534
1.475,5,4.5,SS,,1.0853,-0.555
1.48,5,4.5,SS,,1.0883,-0.5565
1.485,5,4.5,SS,,1.0912,-0.558
1.49,5,4.5,SS,,1.0942,-0.5595
1.495,5,4.5,SS,,1.0971,-0.561
1.5,5,4.5,SS,,1.1,-0.5625
1.505,5,4.5,SS,,1.1029,-0.564
1.51,5,4.5,SS,,1.1058,-0.5655
1.515,5,4.5,SS,,1.1087,-0.567
1.52,5,4.5,SS,,1.1116,-0.5685
1.525,5,4.5,SS,,1.1145,-0.57
1.53,5,4.5,SS,,1.1174,-0.5714
1.535,5,4.5,SS,,1.1202,-0.5729
1.54,5,4.5,SS,,1.1231,-0.5744
1.545,5,4.5,SS,,1.1259,-0.5758
1.55,5,4.5,SS,,1.1288,-0.5773
1.555,5,4.5,SS,,1.1316,-0.5788
1.56,5,4.5,SS,,1.1345,-0.5802
1.565,5,4.5,SS,,1.1373,-0.5817
1.57,5,4.5,SS,,1.1401,-0.5831
1.575,5,4.5,SS,,1.1429,-0.5846
1.58,5,4.5,SS,,1.1457,-0.586
1.585,5,4.5,SS,,1.1485,-0.5874
1.59,5,4.5,SS,,1.1513,-0.5889
1.595,5,4.5,SS,,1.154,-0.5903
1.6,5,4.5,SS,,1.1568,-0.5917
1.605,5,4.5,SS,,1.1596,-0.5932
1.61,5,4.5,SS,,1.1623,-0.5946
1.615,5,4.5,SS,,1.165,-0.596
1.62,5,4.5,SS,,1.1678,-0.5974
1.625,5,4.5,SS,,1.1705,-0.5988
1.63,5,4.5,SS,,1.1732,-0.6002
1.635,5,4.5,SS,,1.1759,-0.6016
1.64,5,4.5,SS,,1.1786,-0.603
1.645,5,4.5,SS,,1.1813,-0.6044
1.65,5,4.5,SS,,1.184,-0.6058
1.655,5,4.5,SS,,1.1867,-0.6071
1.66,5,4.5,SS,,1.1894,-0.6085
1.665,5,4.5,SS,,1.192,-0.6099
1.67,5,4.5,SS,,1.1947,-0.6113
1.675,5,4.5,SS,,1.1973,-0.6126
1.68,5,4.5,SS,,1.1999,-0.614
1.685,5,4.5,SS,,1.2026,-0.6153
1.69,5,4.5,SS,,1.2052,-0.6167
1.695,5,4.5,SS,,1.2078,-0.618
1.7,5,4.5,SS,,1.2104,-0.6194
1.705,5,4.5,SS,,1.213,-0.6207
1.71,5,4.5,SS,,1.2156,-0.622
1.715,5,4.5,SS,,1.2182,-0.6234
1.72,5,4.5,SS,,1.2207,-0.6247
1.725,5,4.5,SS,,1.2233,-0.626
1.73,5,4.5,SS,,1.2258,-0.6273
1.735,5,4.5,SS,,1.2284,-0.6286
1.74,5,4.5,SS,,1.2309,-0.6299
1.745,5,4.5,SS,,1.2334,-0.6313
1.75,5,4.5,SS,,1.2359,-0.6326
1.755,5,4.5,SS,,1.2384,-0.6338
1.76,5,4.5,SS,,1.2409,-0.6351
1.765,5,4.5,SS,,1.2434,-0.6364
1.77,5,4.5,SS,,1.2459,-0.6377
1.775,5,4.5,SS,,1.2484,-0.639
1.78,5,4.5,SS,,1.2508,-0.6403
1.785,5,4.5,SS,,1.2533,-0.6415
1.79,5,4.5,SS,,1.2557,-0.6428
1.795,5,4.5,SS,,1.2582,-0.644
1.8,5,4.5,SS,,1.2606,-0.6453
1.805,5,4.5,SS,,1.263,-0.6466
1.81,5,4.5,SS,,1.2654,-0.6478
1.815,5,4.5,SS,,1.2678,-0.649
1.82,5,4.5,SS,,1.2702,-0.6503
1.825,5,4.5,SS,,1.2726,-0.6515
1.83,5,4.5,SS,,1.275,-0.6527
1.835,5,4.5,SS,,1.2773,-0.654
1.84,5,4.5,SS,,1.2797,-0.6552
1.845,5,4.5,SS,,1.282,-0.6564
1.85,5,4.5,SS,,1.2844,-0.6576
1.855,5,4.5,SS,,1.2867,-0.6588
1.86,5,4.5,SS,,1.289,-0.66
1.865,5,4.5,SS,,1.2913,-0.6612
1.87,5,4.5,SS,,1.2936,-0.6624
1.875,5,4.5,SS,,1.2959,-0.6636
1.88,5,4.5,SS,,1.2982,-0.6648
1.885,5,4.5,SS,,1.3004,-0.6659
1.89,5,4.5,SS,,1.3027,-0.6671
1.895,5,4.5,SS,,1.305,-0.6683
1.9,5,4.5,SS,,1.3072,-0.6694
1.905,5,4.5,SS,,1.3094,-0.6706
1.91,5,4.5,SS,,1.3117,-0.6717
1.915,5,4.5,SS,,1.3139,-0.6729
1.92,5,4.5,SS,,1.3161,-0.674
1.925,5,4.5,SS,,1.3183,-0.6752
1.93,5,4.5,SS,,1.3204,-0.6763
1.935,5,4.5,SS,,1.3226,-0.6774
1.94,5,4.5,SS,,1.3248,-0.6786
1.945,5,4.5,SS,,1.3269,-0.6797
1.95,5,4.5,SS,,1.3291,-0.6808
1.955,5,4.5,SS,,1.3312,-0.6819
1.96,5,4.5,SS,,1.3333,-0.683
1.965,5,4.5,SS,,1.3355,-0.6841
1.97,5,4.5,SS,,1.3376,-0.6852
1.975,5,4.5,SS,,1.3397,-0.6863
1.98,5,4.5,SS,,1.3418,-0.6874
1.985,5,4.5,SS,,1.3438,-0.6885
1.99,5,4.5,SS,,1.3459,-0.6895
1.995,5,4.5,SS,,1.348,-0.6906
2,5,4.5,SS,,1.35,-0.6917
2.005,5,4.5,SS,,1.352,-0.6927
2.01,5,4.5,SS,,1.3541,-0.6938
2.015,5,4.5,SS,,1.3561,-0.6948
2.02,5,4.5,SS,,1.3581,-0.6959
2.025,5,4.5,SS,,1.3601,-0.6969
2.03,5,4.5,SS,,1.3621,-0.698
2.035,5,4.5,SS,,1.364,-0.699
2.04,5,4.5,SS,,1.366,-0.7
2.045,5,4.5,SS,,1.368,-0.701
2.05,5,4.5,SS,,1.3699,-0.702
2.055,5,4.5,SS,,1.3718,-0.703
2.06,5,4.5,SS,,1.3738,-0.7041
2.065,5,4.5,SS,,1.3757,-0.7051
2.07,5,4.5,SS,,1.3776,-0.706
2.075,5,4.5,SS,,1.3795,-0.707
2.08,5,4.5,SS,,1.3814,-0.708
2.085,5,4.5,SS,,1.3832,-0.709
2.09,5,4.5,SS,,1.3851,-0.71
2.095,5,4.5,SS,,1.387,-0.7109
2.1,5,4.5,SS,,1.3888,-0.7119
2.105,5,4.5,SS,,1.3906,-0.7129
2.11,5,4.5,SS,,1.3925,-0.7138
2.115,5,4.5,SS,,1.3943,-0.7148
2.12,5,4.5,SS,,1.3961,-0.7157
2.125,5,4.5,SS,,1.3979,-0.7166
2.13,5,4.5,SS,,1.3996,-0.7176
2.135,5,4.5,SS,,1.4014,-0.7185
2.14,5,4.5,SS,,1.4032,-0.7194
2.145,5,4.5,SS,,1.4049,-0.7203
2.15,5,4.5,SS,,1.4066,-0.7212
2.155,5,4.5,SS,,1.4084,-0.7221
2.16,5,4.5,SS,,1.4101,-0.723
2.165,5,4.5,SS,,1.4118,-0.7239
2.17,5,4.5,SS,,1.4135,-0.7248
2.175,5,4.5,SS,,1.4152,-0.7257
2.18,5,4.5,SS,,1.4168,-0.7266
2.185,5,4.5,SS,,1.4185,-0.7275
2.19,5,4.5,SS,,1.4201,-0.7283
2.195,5,4.5,SS,,1.4218,-0.7292
2.2,5,4.5,SS,,1.4234,-0.73
2.205,5,4.5,SS,,1.425,-0.7309
2.21,5,4.5,SS,,1.4266,-0.7317
2.215,5,4.5,SS,,1.4282,-0.7326
2.22,5,4.5,SS,,1.4298,-0.7334
2.225,5,4.5,SS,,1.4314,-0.7342
2.23,5,4.5,SS,,1.4329,-0.735
2.235,5,4.5,SS,,1.4345,-0.7359
2.24,5,4.5,SS,,1.436,-0.7367
2.245,5,4.5,SS,,1.4375,-0.7375
2.25,5,4.5,SS,,1.4391,-0.7383
2.255,5,4.5,SS,,1.4406,-0.7391
2.26,5,4.5,SS,,1.4421,-0.7399
2.265,5,4.5,SS,,1.4435,-0.7406
2.27,5,4.5,SS,,1.445,-0.7414
2.275,5,4.5,SS,,1.4465,-0.7422
2.28,5,4.5,SS,,1.4479,-0.743
2.285,5,4.5,SS,,1.4494,-0.7437
2.29,5,4.5,SS,,1.4508,-0.7445
2.295,5,4.5,SS,,1.4522,-0.7452
2.3,5,4.5,SS,,1.4536,-0.746
2.305,5,4.5,SS,,1.455,-0.7467
2.31,5,4.5,SS,,1.4564,-0.7474
2.315,5,4.5,SS,,1.4577,-0.7482
2.32,5,4.5,SS,,1.4591,-0.7489
2.325,5,4.5,SS,,1.4604,-0.7496
2.33,5,4.5,SS,,1.4618,-0.7503
2.335,5,4.5,SS,,1.4631,-0.751
2.34,5,4.5,SS,,1.4644,-0.7517
2.345,5,4.5,SS,,1.4657,-0.7524
2.35,5,4.5,SS,,1.467,-0.7531
2.355,5,4.5,SS,,1.4683,-0.7538
2.36,5,4.5,SS,,1.4695,-0.7544
2.365,5,4.5,SS,,1.4708,-0.7551
2.37,5,4.5,SS,,1.472,-0.7558
2.375,5,4.5,SS,,1.4732,-0.7564
2.38,5,4.5,SS,,1.4745,-0.7571
2.385,5,4.5,SS,,1.4757,-0.7577
2.39,5,4.5,SS,,1.4769,-0.7583
2.395,5,4.5,SS,,1.478,-0.759
2.4,5,4.5,SS,,1.4792,-0.7596
2.405,5,4.5,SS,,1.4804,-0.7602
2.41,5,4.5,SS,,1.4815,-0.7608
2.415,5,4.5,SS,,1.4826,-0.7614
2.42,5,4.5,SS,,1.4838,-0.762
2.425,5,4.5,SS,,1.4849,-0.7626
2.43,5,4.5,SS,,1.486,-0.7632
2.435,5,4.5,SS,,1.487,-0.7638
2.44,5,4.5,SS,,1.4881,-0.7644
2.445,5,4.5,SS,,1.4892,-0.765
2.45,5,4.5,SS,,1.4902,-0.7655
2.455,5,4.5,SS,,1.4912,-0.7661
2.46,5,4.5,SS,,1.4923,-0.7666
2.465,5,4.5,SS,,1.4933,-0.7672
2.47,5,4.5,SS,,1.4943,-0.7677
2.475,5,4.5,SS,,1.4953,-0.7683
2.48,5,4.5,SS,,1.4962,-0.7688
2.485,5,4.5,SS,,1.4972,-0.7693
2.49,5,4.5,SS,,1.4981,-0.7698
2.495,5,4.5,SS,,1.4991,-0.7703
2.5,5,4.5,SS,,1.5,-0.7708
2.505,5,4.5,SS,,1.5009,-0.7713
2.51,5,4.5,SS,,1.5018,-0.7718
2.515,5,4.5,SS,,1.5027,-0.7723
2.52,5,4.5,SS,,1.5036,-0.7728
2.525,5,4.5,SS,,1.5044,-0.7733
2.53,5,4.5,SS,,1.5053,-0.7737
2.535,5,4.5,SS,,1.5061,-0.7742
2.54,5,4.5,SS,,1.5069,-0.7746
2.545,5,4.5,SS,,1.5077,-0.7751
2.55,5,4.5,SS,,1.5085,-0.7755
2.555,5,4.5,SS,,1.5093,-0.776
2.56,5,4.5,SS,,1.5101,-0.7764
2.565,5,4.5,SS,,1.5109,-0.7768
2.57,5,4.5,SS,,1.5116,-0.7772
2.575,5,4.5,SS,,1.5123,-0.7776
2.58,5,4.5,SS,,1.513,-0.778
2.585,5,4.5,SS,,1.5138,-0.7784
2.59,5,4.5,SS,,1.5145,-0.7788
2.595,5,4.5,SS,,1.5151,-0.7792
2.6,5,4.5,SS,,1.5158,-0.7796
2.605,5,4.5,SS,,1.5165,-0.7799
2.61,5,4.5,SS,,1.5171,-0.7803
2.615,5,4.5,SS,,1.5177,-0.7807
2.62,5,4.5,SS,,1.5183,-0.781
2.625,5,4.5,SS,,1.5189,-0.7813
2.63,5,4.5,SS,,1.5195,-0.7817
2.635,5,4.5,SS,,1.5201,-0.782
2.64,5,4.5,SS,,1.5207,-0.7823
2.645,5,4.5,SS,,1.5212,-0.7827
2.65,5,4.5,SS,,1.5218,-0.783
2.655,5,4.5,SS,,1.5223,-0.7833
2.66,5,4.5,SS,,1.5228,-0.7836
2.665,5,4.5,SS,,1.5233,-0.7839
2.67,5,4.5,SS,,1.5238,-0.7841
2.675,5,4.5,SS,,1.5242,-0.7844
2.68,5,4.5,SS,,1.5247,-0.7847
2.685,5,4.5,SS,,1.5251,-0.7849
2.69,5,4.5,SS,,1.5256,-0.7852
2.695,5,4.5,SS,,1.526,-0.7855
2.7,5,4.5,SS,,1.5264,-0.7857
2.705,5,4.5,SS,,1.5268,-0.7859
2.71,5,4.5,SS,,1.5272,-0.7862
2.715,5,4.5,SS,,1.5275,-0.7864
2.72,5,4.5,SS,,1.5279,-0.7866
2.725,5,4.5,SS,,1.5282,-0.7868
2.73,5,4.5,SS,,1.5285,-0.787
2.735,5,4.5,SS,,1.5288,-0.7872
2.74,5,4.5,SS,,1.5291,-0.7874
2.745,5,4.5,SS,,1.5294,-0.7876
2.75,5,4.5,SS,,1.5297,-0.7878
2.755,5,4.5,SS,,1.5299,-0.7879
2.76,5,4.5,SS,,1.5302,-0.7881
2.765,5,4.5,SS,,1.5304,-0.7882
2.77,5,4.5,SS,,1.5306,-0.7884
2.775,5,4.5,SS,,1.5308,-0.7885
2.78,5,4.5,SS,,1.531,-0.7887
2.785,5,4.5,SS,,1.5312,-0.7888
2.79,5,4.5,SS,,1.5313,-0.7889
2.795,5,4.5,SS,,1.5315,-0.789
2.8,5,4.5,SS,,1.5316,-0.7891
2.805,5,4.5,SS,,1.5317,-0.7892
2.81,5,4.5,SS,,1.5318,-0.7893
2.815,5,4.5,SS,,1.5319,-0.7894
2.82,5,4.5,SS,,1.532,-0.7895
2.825,5,4.5,SS,,1.532,-0.7896
2.83,5,4.5,SS,,1.5321,-0.7896
2.835,5,4.5,SS,,1.5321,-0.7897
2.84,5,4.5,SS,,1.5321,-0.7897
2.845,5,4.5,SS,,1.5321,-0.7898
2.85,5,4.5,SS,,1.5321,-0.7898
2.855,5,4.5,SS,,1.5321,-0.7898
2.86,5,4.5,SS,,1.532,-0.7899
2.865,5,4.5,SS,,1.532,-0.7899
2.87,5,4.5,SS,,1.5319,-0.7899
2.875,5,4.5,SS,,1.5318,-0.7899
2.88,5,4.5,SS,,1.5317,-0.7899
2.885,5,4.5,SS,,1.5316,-0.7899
2.89,5,4.5,SS,,1.5315,-0.7898
2.895,5,4.5,SS,,1.5314,-0.7898
2.9,5,4.5,SS,,1.5312,-0.7898
2.905,5,4.5,SS,,1.531,-0.7897
2.91,5,4.5,SS,,1.5308,-0.7897
2.915,5,4.5,SS,,1.5306,-0.7896
2.92,5,4.5,SS,,1.5304,-0.7895
2.925,5,4.5,SS,,1.5302,-0.7895
2.93,5,4.5,SS,,1.53,-0.7894
2.935,5,4.5,SS,,1.5297,-0.7893
2.94,5,4.5,SS,,1.5294,-0.7892
2.945,5,4.5,SS,,1.5291,-0.7891
2.95,5,4.5,SS,,1.5288,-0.789
2.955,5,4.5,SS,,1.5285,-0.7889
2.96,5,4.5,SS,,1.5282,-0.7888
2.965,5,4.5,SS,,1.5278,-0.7886
2.97,5,4.5,SS,,1.5275,-0.7885
2.975,5,4.5,SS,,1.5271,-0.7883
2.98,5,4.5,SS,,1.5267,-0.7882
2.985,5,4.5,SS,,1.5263,-0.788
2.99,5,4.5,SS,,1.5259,-0.7879
2.995,5,4.5,SS,,1.5255,-0.7877
3,5,4.5,SS,,1.525,-0.7875
3.005,5,4.5,SS,,1.5245,-0.7873
3.01,5,4.5,SS,,1.5241,-0.7871
3.015,5,4.5,SS,,1.5236,-0.7869
3.02,5,4.5,SS,,1.523,-0.7867
3.025,5,4.5,SS,,1.5225,-0.7865
3.03,5,4.5,SS,,1.522,-0.7862
3.035,5,4.5,SS,,1.5214,-0.786
3.04,5,4.5,SS,,1.5209,-0.7858
3.045,5,4.5,SS,,1.5203,-0.7855
3.05,5,4.5,SS,,1.5197,-0.7852
3.055,5,4.5,SS,,1.519,-0.785
3.06,5,4.5,SS,,1.5184,-0.7847
3.065,5,4.5,SS,,1.5178,-0.7844
3.07,5,4.5,SS,,1.5171,-0.7841
3.075,5,4.5,SS,,1.5164,-0.7838
3.08,5,4.5,SS,,1.5157,-0.7835
3.085,5,4.5,SS,,1.515,-0.7832
3.09,5,4.5,SS,,1.5143,-0.7829
3.095,5,4.5,SS,,1.5136,-0.7826
3.1,5,4.5,SS,,1.5128,-0.7822
3.105,5,4.5,SS,,1.512,-0.7819
3.11,5,4.5,SS,,1.5112,-0.7815
3.115,5,4.5,SS,,1.5104,-0.7812
3.12,5,4.5,SS,,1.5096,-0.7808
3.125,5,4.5,SS,,1.5088,-0.7804
3.13,5,4.5,SS,,1.5079,-0.7801
3.135,5,4.5,SS,,1.5071,-0.7797
3.14,5,4.5,SS,,1.5062,-0.7793
3.145,5,4.5,SS,,1.5053,-0.7789
3.15,5,4.5,SS,,1.5044,-0.7784
3.155,5,4.5,SS,,1.5035,-0.778
3.16,5,4.5,SS,,1.5025,-0.7776
3.165,5,4.5,SS,,1.5016,-0.7772
3.17,5,4.5,SS,,1.5006,-0.7767
3.175,5,4.5,SS,,1.4996,-0.7763
3.18,5,4.5,SS,,1.4986,-0.7758
3.185,5,4.5,SS,,1.4976,-0.7753
3.19,5,4.5,SS,,1.4965,-0.7748
3.195,5,4.5,SS,,1.4955,-0.7744
3.2,5,4.5,SS,,1.4944,-0.7739
3.205,5,4.5,SS,,1.4933,-0.7734
3.21,5,4.5,SS,,1.4922,-0.7729
3.215,5,4.5,SS,,1.4911,-0.7723
3.22,5,4.5,SS,,1.49,-0.7718
3.225,5,4.5,SS,,1.4888,-0.7713
3.23,5,4.5,SS,,1.4876,-0.7707
3.235,5,4.5,SS,,1.4865,-0.7702
3.24,5,4.5,SS,,1.4853,-0.7696
3.245,5,4.5,SS,,1.484,-0.7691
3.25,5,4.5,SS,,1.4828,-0.7685
3.255,5,4.5,SS,,1.4816,-0.7679
3.26,5,4.5,SS,,1.4803,-0.7673
3.265,5,4.5,SS,,1.479,-0.7667
3.27,5,4.5,SS,,1.4777,-0.7661
3.275,5,4.5,SS,,1.4764,-0.7655
3.28,5,4.5,SS,,1.4751,-0.7649
3.285,5,4.5,SS,,1.4737,-0.7642
3.29,5,4.5,SS,,1.4724,-0.7636
3.295,5,4.5,SS,,1.471,-0.763
3.3,5,4.5,SS,,1.4696,-0.7623
3.305,5,4.5,SS,,1.4682,-0.7616
3.31,5,4.5,SS,,1.4668,-0.761
3.315,5,4.5,SS,,1.4653,-0.7603
3.32,5,4.5,SS,,1.4639,-0.7596
3.325,5,4.5,SS,,1.4624,-0.7589
3.33,5,4.5,SS,,1.4609,-0.7582
3.335,5,4.5,SS,,1.4594,-0.7575
3.34,5,4.5,SS,,1.4578,-0.7568
3.345,5,4.5,SS,,1.4563,-0.756
3.35,5,4.5,SS,,1.4547,-0.7553
3.355,5,4.5,SS,,1.4532,-0.7545
3.36,5,4.5,SS,,1.4516,-0.7538
3.365,5,4.5,SS,,1.45,-0.753
3.37,5,4.5,SS,,1.4483,-0.7522
3.375,5,4.5,SS,,1.4467,-0.7515
3.38,5,4.5,SS,,1.445,-0.7507
3.385,5,4.5,SS,,1.4433,-0.7499
3.39,5,4.5,SS,,1.4416,-0.7491
3.395,5,4.5,SS,,1.4399,-0.7483
3.4,5,4.5,SS,,1.4382,-0.7474
3.405,5,4.5,SS,,1.4365,-0.7466
3.41,5,4.5,SS,,1.4347,-0.7458
3.415,5,4.5,SS,,1.4329,-0.7449
3.42,5,4.5,SS,,1.4311,-0.7441
3.425,5,4.5,SS,,1.4293,-0.7432
3.43,5,4.5,SS,,1.4275,-0.7423
3.435,5,4.5,SS,,1.4256,-0.7414
3.44,5,4.5,SS,,1.4237,-0.7405
3.445,5,4.5,SS,,1.4219,-0.7396
3.45,5,4.5,SS,,1.42,-0.7387
3.455,5,4.5,SS,,1.418,-0.7378
3.46,5,4.5,SS,,1.4161,-0.7369
3.465,5,4.5,SS,,1.4142,-0.736
3.47,5,4.5,SS,,1.4122,-0.735
3.475,5,4.5,SS,,1.4102,-0.7341
3.48,5,4.5,SS,,1.4082,-0.7331
3.485,5,4.5,SS,,1.4062,-0.7321
3.49,5,4.5,SS,,1.4041,-0.7311
3.495,5,4.5,SS,,1.4021,-0.7302
3.5,5,4.5,SS,,1.4,-0.7292
3.505,5,4.5,SS,,1.3979,-0.7282
3.51,5,4.5,SS,,1.3958,-0.7271
3.515,5,4.5,SS,,1.3937,-0.7261
3.52,5,4.5,SS,,1.3915,-0.7251
3.525,5,4.5,SS,,1.3894,-0.7241
3.53,5,4.5,SS,,1.3872,-0.723
3.535,5,4.5,SS,,1.385,-0.722
3.54,5,4.5,SS,,1.3828,-0.7209
3.545,5,4.5,SS,,1.3805,-0.7198
3.55,5,4.5,SS,,1.3783,-0.7187
3.555,5,4.5,SS,,1.376,-0.7176
3.56,5,4.5,SS,,1.3737,-0.7165
3.565,5,4.5,SS,,1.3714,-0.7154
3.57,5,4.5,SS,,1.3691,-0.7143
3.575,5,4.5,SS,,1.3668,-0.7132
3.58,5,4.5,SS,,1.3644,-0.712
3.585,5,4.5,SS,,1.362,-0.7109
3.59,5,4.5,SS,,1.3596,-0.7097
3.595,5,4.5,SS,,1.3572,-0.7086
3.6,5,4.5,SS,,1.3548,-0.7074
3.605,5,4.5,SS,,1.3524,-0.7062
3.61,5,4.5,SS,,1.3499,-0.705
3.615,5,4.5,SS,,1.3474,-0.7038
3.62,5,4.5,SS,,1.3449,-0.7026
3.625,5,4.5,SS,,1.3424,-0.7014
3.63,5,4.5,SS,,1.3398,-0.7002
3.635,5,4.5,SS,,1.3373,-0.6989
3.64,5,4.5,SS,,1.3347,-0.6977
3.645,5,4.5,SS,,1.3321,-0.6964
3.65,5,4.5,SS,,1.3295,-0.6952
3.655,5,4.5,SS,,1.3269,-0.6939
3.66,5,4.5,SS,,1.3242,-0.6926
3.665,5,4.5,SS,,1.3216,-0.6913
3.67,5,4.5,SS,,1.3189,-0.69
3.675,5,4.5,SS,,1.3162,-0.6887
3.68,5,4.5,SS,,1.3135,-0.6874
3.685,5,4.5,SS,,1.3107,-0.6861
3.69,5,4.5,SS,,1.308,-0.6847
3.695,5,4.5,SS,,1.3052,-0.6834
3.7,5,4.5,SS,,1.3024,-0.682
3.705,5,4.5,SS,,1.2996,-0.6807
3.71,5,4.5,SS,,1.2968,-0.6793
3.715,5,4.5,SS,,1.2939,-0.6779
3.72,5,4.5,SS,,1.291,-0.6765
3.725,5,4.5,SS,,1.2882,-0.6751
3.73,5,4.5,SS,,1.2852,-0.6737
3.735,5,4.5,SS,,1.2823,-0.6723
3.74,5,4.5,SS,,1.2794,-0.6709
3.745,5,4.5,SS,,1.2764,-0.6694
3.75,5,4.5,SS,,1.2734,-0.668
3.755,5,4.5,SS,,1.2704,-0.6665
3.76,5,4.5,SS,,1.2674,-0.665
3.765,5,4.5,SS,,1.2644,-0.6636
3.77,5,4.5,SS,,1.2613,-0.6621
3.775,5,4.5,SS,,1.2583,-0.6606
3.78,5,4.5,SS,,1.2552,-0.6591
3.785,5,4.5,SS,,1.252,-0.6576
3.79,5,4.5,SS,,1.2489,-0.656
3.795,5,4.5,SS,,1.2458,-0.6545
3.8,5,4.5,SS,,1.2426,-0.653
3.805,5,4.5,SS,,1.2394,-0.6514
3.81,5,4.5,SS,,1.2362,-0.6499
3.815,5,4.5,SS,,1.233,-0.6483
3.82,5,4.5,SS,,1.2297,-0.6467
3.825,5,4.5,SS,,1.2265,-0.6451
3.83,5,4.5,SS,,1.2232,-0.6435
3.835,5,4.5,SS,,1.2199,-0.6419
3.84,5,4.5,SS,,1.2166,-0.6403
3.845,5,4.5,SS,,1.2132,-0.6387
3.85,5,4.5,SS,,1.2099,-0.637
3.855,5,4.5,SS,,1.2065,-0.6354
3.86,5,4.5,SS,,1.2031,-0.6337
3.865,5,4.5,SS,,1.1997,-0.632
3.87,5,4.5,SS,,1.1962,-0.6304
3.875,5,4.5,SS,,1.1928,-0.6287
3.88,5,4.5,SS,,1.1893,-0.627
3.885,5,4.5,SS,,1.1858,-0.6253
3.89,5,4.5,SS,,1.1823,-0.6236
3.895,5,4.5,SS,,1.1788,-0.6218
3.9,5,4.5,SS,,1.1752,-0.6201
3.905,5,4.5,SS,,1.1716,-0.6184
3.91,5,4.5,SS,,1.168,-0.6166
3.915,5,4.5,SS,,1.1644,-0.6148
3.92,5,4.5,SS,,1.1608,-0.6131
3.925,5,4.5,SS,,1.1571,-0.6113
3.93,5,4.5,SS,,1.1535,-0.6095
3.935,5,4.5,SS,,1.1498,-0.6077
3.94,5,4.5,SS,,1.1461,-0.6059
3.945,5,4.5,SS,,1.1423,-0.604
3.95,5,4.5,SS,,1.1386,-0.6022
3.955,5,4.5,SS,,1.1348,-0.6004
3.96,5,4.5,SS,,1.131,-0.5985
3.965,5,4.5,SS,,1.1272,-0.5967
3.97,5,4.5,SS,,1.1234,-0.5948
3.975,5,4.5,SS,,1.1195,-0.5929
3.98,5,4.5,SS,,1.1157,-0.591
3.985,5,4.5,SS,,1.1118,-0.5891
3.99,5,4.5,SS,,1.1079,-0.5872
3.995,5,4.5,SS,,1.1039,-0.5853
4,5,4.5,SS,,1.1,-0.5833
4.005,5,4.5,SS,,1.096,-0.5814
4.01,5,4.5,SS,,1.092,-0.5794
4.015,5,4.5,SS,,1.088,-0.5775
4.02,5,4.5,SS,,1.084,-0.5755
4.025,5,4.5,SS,,1.08,-0.5735
4.03,5,4.5,SS,,1.0759,-0.5715
4.035,5,4.5,SS,,1.0718,-0.5695
4.04,5,4.5,SS,,1.0677,-0.5675
4.045,5,4.5,SS,,1.0636,-0.5655
4.05,5,4.5,SS,,1.0594,-0.5635
4.055,5,4.5,SS,,1.0552,-0.5614
4.06,5,4.5,SS,,1.0511,-0.5594
4.065,5,4.5,SS,,1.0468,-0.5573
4.07,5,4.5,SS,,1.0426,-0.5552
4.075,5,4.5,SS,,1.0384,-0.5531
4.08,5,4.5,SS,,1.0341,-0.551
4.085,5,4.5,SS,,1.0298,-0.5489
4.09,5,4.5,SS,,1.0255,-0.5468
4.095,5,4.5,SS,,1.0212,-0.5447
4.1,5,4.5,SS,,1.0168,-0.5426
4.105,5,4.5,SS,,1.0124,-0.5404
4.11,5,4.5,SS,,1.008,-0.5383
4.115,5,4.5,SS,,1.0036,-0.5361
4.12,5,4.5,SS,,0.9992,-0.5339
4.125,5,4.5,SS,,0.9947,-0.5317
4.13,5,4.5,SS,,0.9903,-0.5295
4.135,5,4.5,SS,,0.9858,-0.5273
4.14,5,4.5,SS,,0.9812,-0.5251
4.145,5,4.5,SS,,0.9767,-0.5229
4.15,5,4.5,SS,,0.9721,-0.5207
4.155,5,4.5,SS,,0.9676,-0.5184
4.16,5,4.5,SS,,0.963,-0.5161
4.165,5,4.5,SS,,0.9583,-0.5139
4.17,5,4.5,SS,,0.9537,-0.5116
4.175,5,4.5,SS,,0.949,-0.5093
4.18,5,4.5,SS,,0.9443,-0.507
4.185,5,4.5,SS,,0.9396,-0.5047
4.19,5,4.5,SS,,0.9349,-0.5024
4.195,5,4.5,SS,,0.9302,-0.5
4.2,5,4.5,SS,,0.9254,-0.4977
4.205,5,4.5,SS,,0.9206,-0.4953
4.21,5,4.5,SS,,0.9158,-0.493
4.215,5,4.5,SS,,0.911,-0.4906
4.22,5,4.5,SS,,0.9061,-0.4882
4.225,5,4.5,SS,,0.9012,-0.4858
4.23,5,4.5,SS,,0.8964,-0.4834
4.235,5,4.5,SS,,0.8914,-0.481
4.24,5,4.5,SS,,0.8865,-0.4786
4.245,5,4.5,SS,,0.8815,-0.4761
4.25,5,4.5,SS,,0.8766,-0.4737
4.255,5,4.5,SS,,0.8716,-0.4712
4.26,5,4.5,SS,,0.8665,-0.4688
4.265,5,4.5,SS,,0.8615,-0.4663
4.27,5,4.5,SS,,0.8564,-0.4638
4.275,5,4.5,SS,,0.8513,-0.4613
4.28,5,4.5,SS,,0.8462,-0.4588
4.285,5,4.5,SS,,0.8411,-0.4563
4.29,5,4.5,SS,,0.836,-0.4537
4.295,5,4.5,SS,,0.8308,-0.4512
4.3,5,4.5,SS,,0.8256,-0.4486
4.305,5,4.5,SS,,0.8204,-0.4461
4.31,5,4.5,SS,,0.8152,-0.4435
4.315,5,4.5,SS,,0.8099,-0.4409
4.32,5,4.5,SS,,0.8046,-0.4383
4.325,5,4.5,SS,,0.7993,-0.4357
4.33,5,4.5,SS,,0.794,-0.4331
4.335,5,4.5,SS,,0.7886,-0.4304
4.34,5,4.5,SS,,0.7833,-0.4278
4.345,5,4.5,SS,,0.7779,-0.4252
4.35,5,4.5,SS,,0.7725,-0.4225
4.355,5,4.5,SS,,0.7671,-0.4198
4.36,5,4.5,SS,,0.7616,-0.4171
4.365,5,4.5,SS,,0.7561,-0.4144
4.37,5,4.5,SS,,0.7506,-0.4117
4.375,5,4.5,SS,,0.7451,-0.409
4.38,5,4.5,SS,,0.7396,-0.4063
4.385,5,4.5,SS,,0.734,-0.4035
4.39,5,4.5,SS,,0.7284,-0.4008
4.395,5,4.5,SS,,0.7228,-0.398
4.4,5,4.5,SS,,0.7172,-0.3953
4.405,5,4.5,SS,,0.7116,-0.3925
4.41,5,4.5,SS,,0.7059,-0.3897
4.415,5,4.5,SS,,0.7002,-0.3869
4.42,5,4.5,SS,,0.6945,-0.3841
4.425,5,4.5,SS,,0.6887,-0.3812
4.43,5,4.5,SS,,0.683,-0.3784
4.435,5,4.5,SS,,0.6772,-0.3756
4.44,5,4.5,SS,,0.6714,-0.3727
4.445,5,4.5,SS,,0.6656,-0.3698
4.45,5,4.5,SS,,0.6597,-0.3669
4.455,5,4.5,SS,,0.6538,-0.364
4.46,5,4.5,SS,,0.6479,-0.3611
4.465,5,4.5,SS,,0.642,-0.3582
4.47,5,4.5,SS,,0.6361,-0.3553
4.475,5,4.5,SS,,0.6301,-0.3524
4.48,5,4.5,SS,,0.6242,-0.3494
4.485,5,4.5,SS,,0.6181,-0.3464
4.49,5,4.5,SS,,0.6121,-0.3435
4.495,5,4.5,SS,,0.6061,-0.3405
4.5,5,4.5,SS,,0.6,-0.3375
4.505,5,4.5,SS,,0.5939,-0.3345
4.51,5,4.5,SS,,0.5878,-0.3315
4.515,5,4.5,SS,,0.5818,-0.3284
4.52,5,4.5,SS,,0.5757,-0.3254
4.525,5,4.5,SS,,0.5696,-0.3224
4.53,5,4.5,SS,,0.5635,-0.3193
4.535,5,4.5,SS,,0.5575,-0.3162
4.54,5,4.5,SS,,0.5514,-0.3131
4.545,5,4.5,SS,,0.5453,-0.3101
4.55,5,4.5,SS,,0.5393,-0.307
4.555,5,4.5,SS,,0.5332,-0.3038
4.56,5,4.5,SS,,0.5272,-0.3007
4.565,5,4.5,SS,,0.5211,-0.2976
4.57,5,4.5,SS,,0.5151,-0.2944
4.575,5,4.5,SS,,0.509,-0.2913
4.58,5,4.5,SS,,0.503,-0.2881
4.585,5,4.5,SS,,0.4969,-0.285
4.59,5,4.5,SS,,0.4909,-0.2818
4.595,5,4.5,SS,,0.4848,-0.2786
4.6,5,4.5,SS,,0.4788,-0.2754
4.605,5,4.5,SS,,0.4728,-0.2722
4.61,5,4.5,SS,,0.4667,-0.269
4.615,5,4.5,SS,,0.4607,-0.2658
4.62,5,4.5,SS,,0.4547,-0.2625
4.625,5,4.5,SS,,0.4486,-0.2593
4.63,5,4.5,SS,,0.4426,-0.256
4.635,5,4.5,SS,,0.4366,-0.2528
4.64,5,4.5,SS,,0.4306,-0.2495
4.645,5,4.5,SS,,0.4245,-0.2462
4.65,5,4.5,SS,,0.4185,-0.2429
4.655,5,4.5,SS,,0.4125,-0.2397
4.66,5,4.5,SS,,0.4065,-0.2364
4.665,5,4.5,SS,,0.4005,-0.233
4.67,5,4.5,SS,,0.3944,-0.2297
4.675,5,4.5,SS,,0.3884,-0.2264
4.68,5,4.5,SS,,0.3824,-0.2231
4.685,5,4.5,SS,,0.3764,-0.2197
4.69,5,4.5,SS,,0.3704,-0.2164
4.695,5,4.5,SS,,0.3644,-0.2131
4.7,5,4.5,SS,,0.3584,-0.2097
4.705,5,4.5,SS,,0.3524,-0.2063
4.71,5,4.5,SS,,0.3464,-0.203
4.715,5,4.5,SS,,0.3404,-0.1996
4.72,5,4.5,SS,,0.3344,-0.1962
4.725,5,4.5,SS,,0.3284,-0.1928
4.73,5,4.5,SS,,0.3224,-0.1894
4.735,5,4.5,SS,,0.3164,-0.186
4.74,5,4.5,SS,,0.3104,-0.1826
4.745,5,4.5,SS,,0.3044,-0.1792
4.75,5,4.5,SS,,0.2984,-0.1758
4.755,5,4.5,SS,,0.2924,-0.1724
4.76,5,4.5,SS,,0.2865,-0.1689
4.765,5,4.5,SS,,0.2805,-0.1655
4.77,5,4.5,SS,,0.2745,-0.162
4.775,5,4.5,SS,,0.2685,-0.1586
4.78,5,4.5,SS,,0.2625,-0.1552
4.785,5,4.5,SS,,0.2565,-0.1517
4.79,5,4.5,SS,,0.2506,-0.1482
4.795,5,4.5,SS,,0.2446,-0.1448
4.8,5,4.5,SS,,0.2386,-0.1413
4.805,5,4.5,SS,,0.2326,-0.1378
4.81,5,4.5,SS,,0.2266,-0.1343
4.815,5,4.5,SS,,0.2207,-0.1309
4.82,5,4.5,SS,,0.2147,-0.1274
4.825,5,4.5,SS,,0.2087,-0.1239
4.83,5,4.5,SS,,0.2027,-0.1204
4.835,5,4.5,SS,,0.1968,-0.1169
4.84,5,4.5,SS,,0.1908,-0.1134
4.845,5,4.5,SS,,0.1848,-0.1099
4.85,5,4.5,SS,,0.1789,-0.1064
4.855,5,4.5,SS,,0.1729,-0.1029
4.86,5,4.5,SS,,0.1669,-0.0993
4.865,5,4.5,SS,,0.161,-0.0958
4.87,5,4.5,SS,,0.155,-0.0923
4.875,5,4.5,SS,,0.149,-0.0888
4.88,5,4.5,SS,,0.1431,-0.0852
4.885,5,4.5,SS,,0.1371,-0.0817
4.89,5,4.5,SS,,0.1311,-0.0782
4.895,5,4.5,SS,,0.1252,-0.0746
4.9,5,4.5,SS,,0.1192,-0.0711
4.905,5,4.5,SS,,0.1132,-0.0676
4.91,5,4.5,SS,,0.1073,-0.064
4.915,5,4.5,SS,,0.1013,-0.0605
4.92,5,4.5,SS,,0.0954,-0.0569
4.925,5,4.5,SS,,0.0894,-0.0534
4.93,5,4.5,SS,,0.0834,-0.0498
4.935,5,4.5,SS,,0.0775,-0.0463
4.94,5,4.5,SS,,0.0715,-0.0427
4.945,5,4.5,SS,,0.0655,-0.0392
4.95,5,4.5,SS,,0.0596,-0.0356
4.955,5,4.5,SS,,0.0536,-0.032
4.96,5,4.5,SS,,0.0477,-0.0285
4.965,5,4.5,SS,,0.0417,-0.0249
4.97,5,4.5,SS,,0.0358,-0.0214
4.975,5,4.5,SS,,0.0298,-0.0178
4.98,5,4.5,SS,,0.0238,-0.0142
4.985,5,4.5,SS,,0.0179,-0.0107
4.99,5,4.5,SS,,0.0119,-0.0071
4.995,5,4.5,SS,,0.006,-0.0036
5,5,4.5,SS,,0,0
0,5,5,SS,,0,0
0.005,5,5,SS,,0.0042,0
0.01,5,5,SS,,0.0083,0
0.015,5,5,SS,,0.0125,0
0.02,5,5,SS,,0.0167,0
0.025,5,5,SS,,0.0208,0
0.03,5,5,SS,,0.025,0
0.035,5,5,SS,,0.0292,0
0.04,5,5,SS,,0.0333,0
0.045,5,5,SS,,0.0375,0
0.05,5,5,SS,,0.0417,0
0.055,5,5,SS,,0.0458,0
0.06,5,5,SS,,0.05,0
0.065,5,5,SS,,0.0542,0
0.07,5,5,SS,,0.0583,0
0.075,5,5,SS,,0.0625,0
0.08,5,5,SS,,0.0666,0
0.085,5,5,SS,,0.0708,0
0.09,5,5,SS,,0.075,0
0.095,5,5,SS,,0.0791,0
0.1,5,5,SS,,0.0833,0
0.105,5,5,SS,,0.0875,0
0.11,5,5,SS,,0.0916,0
0.115,5,5,SS,,0.0958,0
0.12,5,5,SS,,0.0999,0
0.125,5,5,SS,,0.1041,0
0.13,5,5,SS,,0.1083,0
0.135,5,5,SS,,0.1124,0
0.14,5,5,SS,,0.1166,0
0.145,5,5,SS,,0.1207,0
0.15,5,5,SS,,0.1249,0
0.155,5,5,SS,,0.129,0
0.16,5,5,SS,,0.1332,0
0.165,5,5,SS,,0.1374,0
0.17,5,5,SS,,0.1415,0
0.175,5,5,SS,,0.1457,0
0.18,5,5,SS,,0.1498,0
0.185,5,5,SS,,0.154,0
0.19,5,5,SS,,0.1581,0
0.195,5,5,SS,,0.1623,0
0.2,5,5,SS,,0.1664,0
0.205,5,5,SS,,0.1705,0
0.21,5,5,SS,,0.1747,0
0.215,5,5,SS,,0.1788,0
0.22,5,5,SS,,0.183,0
0.225,5,5,SS,,0.1871,0
0.23,5,5,SS,,0.1913,0
0.235,5,5,SS,,0.1954,0
0.24,5,5,SS,,0.1995,0
0.245,5,5,SS,,0.2037,0
0.25,5,5,SS,,0.2078,0
0.255,5,5,SS,,0.2119,0
0.26,5,5,SS,,0.2161,0
0.265,5,5,SS,,0.2202,0
0.27,5,5,SS,,0.2243,0
0.275,5,5,SS,,0.2285,0
0.28,5,5,SS,,0.2326,0
0.285,5,5,SS,,0.2367,0
0.29,5,5,SS,,0.2409,0
0.295,5,5,SS,,0.245,0
0.3,5,5,SS,,0.2491,0
0.305,5,5,SS,,0.2532,0
0.31,5,5,SS,,0.2573,0
0.315,5,5,SS,,0.2615,0
0.32,5,5,SS,,0.2656,0
0.325,5,5,SS,,0.2697,0
0.33,5,5,SS,,0.2738,0
0.335,5,5,SS,,0.2779,0
0.34,5,5,SS,,0.282,0
0.345,5,5,SS,,0.2861,0
0.35,5,5,SS,,0.2902,0
0.355,5,5,SS,,0.2943,0
0.36,5,5,SS,,0.2984,0
0.365,5,5,SS,,0.3025,0
0.37,5,5,SS,,0.3066,0
0.375,5,5,SS,,0.3107,0
0.38,5,5,SS,,0.3148,0
0.385,5,5,SS,,0.3189,0
0.39,5,5,SS,,0.323,0
0.395,5,5,SS,,0.3271,0
0.4,5,5,SS,,0.3312,0
0.405,5,5,SS,,0.3353,0
0.41,5,5,SS,,0.3394,0
0.415,5,5,SS,,0.3435,0
0.42,5,5,SS,,0.3475,0
0.425,5,5,SS,,0.3516,0
0.43,5,5,SS,,0.3557,0
0.435,5,5,SS,,0.3598,0
0.44,5,5,SS,,0.3638,0
0.445,5,5,SS,,0.3679,0
0.45,5,5,SS,,0.372,0
0.455,5,5,SS,,0.376,0
0.46,5,5,SS,,0.3801,0
0.465,5,5,SS,,0.3841,0
0.47,5,5,SS,,0.3882,0
0.475,5,5,SS,,0.3923,0
0.48,5,5,SS,,0.3963,0
0.485,5,5,SS,,0.4004,0
0.49,5,5,SS,,0.4044,0
0.495,5,5,SS,,0.4085,0
0.5,5,5,SS,,0.4125,0
0.505,5,5,SS,,0.4165,0
0.51,5,5,SS,,0.4206,0
0.515,5,5,SS,,0.4246,0
0.52,5,5,SS,,0.4286,0
0.525,5,5,SS,,0.4327,0
0.53,5,5,SS,,0.4367,0
0.535,5,5,SS,,0.4407,0
0.54,5,5,SS,,0.4448,0
0.545,5,5,SS,,0.4488,0
0.55,5,5,SS,,0.4528,0
0.555,5,5,SS,,0.4568,0
0.56,5,5,SS,,0.4608,0
0.565,5,5,SS,,0.4648,0
0.57,5,5,SS,,0.4688,0
0.575,5,5,SS,,0.4728,0
0.58,5,5,SS,,0.4768,0
0.585,5,5,SS,,0.4808,0
0.59,5,5,SS,,0.4848,0
0.595,5,5,SS,,0.4888,0
0.6,5,5,SS,,0.4928,0
0.605,5,5,SS,,0.4968,0
0.61,5,5,SS,,0.5008,0
0.615,5,5,SS,,0.5047,0
0.62,5,5,SS,,0.5087,0
0.625,5,5,SS,,0.5127,0
0.63,5,5,SS,,0.5167,0
0.635,5,5,SS,,0.5206,0
0.64,5,5,SS,,0.5246,0
0.645,5,5,SS,,0.5286,0
0.65,5,5,SS,,0.5325,0
0.655,5,5,SS,,0.5365,0
0.66,5,5,SS,,0.5404,0
0.665,5,5,SS,,0.5444,0
0.67,5,5,SS,,0.5483,0
0.675,5,5,SS,,0.5522,0
0.68,5,5,SS,,0.5562,0
0.685,5,5,SS,,0.5601,0
0.69,5,5,SS,,0.564,0
0.695,5,5,SS,,0.568,0
0.7,5,5,SS,,0.5719,0
0.705,5,5,SS,,0.5758,0
0.71,5,5,SS,,0.5797,0
0.715,5,5,SS,,0.5836,0
0.72,5,5,SS,,0.5876,0
0.725,5,5,SS,,0.5915,0
0.73,5,5,SS,,0.5954,0
0.735,5,5,SS,,0.5993,0
0.74,5,5,SS,,0.6032,0
0.745,5,5,SS,,0.6071,0
0.75,5,5,SS,,0.6109,0
0.755,5,5,SS,,0.6148,0
0.76,5,5,SS,,0.6187,0
0.765,5,5,SS,,0.6226,0
0.77,5,5,SS,,0.6264,0
0.775,5,5,SS,,0.6303,0
0.78,5,5,SS,,0.6342,0
0.785,5,5,SS,,0.638,0
0.79,5,5,SS,,0.6419,0
0.795,5,5,SS,,0.6458,0
0.8,5,5,SS,,0.6496,0
0.805,5,5,SS,,0.6534,0
0.81,5,5,SS,,0.6573,0
0.815,5,5,SS,,0.6611,0
0.82,5,5,SS,,0.665,0
0.825,5,5,SS,,0.6688,0
0.83,5,5,SS,,0.6726,0
0.835,5,5,SS,,0.6764,0
0.84,5,5,SS,,0.6802,0
0.845,5,5,SS,,0.6841,0
0.85,5,5,SS,,0.6879,0
0.855,5,5,SS,,0.6917,0
0.86,5,5,SS,,0.6955,0
0.865,5,5,SS,,0.6993,0
0.87,5,5,SS,,0.703,0
0.875,5,5,SS,,0.7068,0
0.88,5,5,SS,,0.7106,0
0.885,5,5,SS,,0.7144,0
0.89,5,5,SS,,0.7182,0
0.895,5,5,SS,,0.7219,0
0.9,5,5,SS,,0.7257,0
0.905,5,5,SS,,0.7295,0
0.91,5,5,SS,,0.7332,0
0.915,5,5,SS,,0.737,0
0.92,5,5,SS,,0.7407,0
0.925,5,5,SS,,0.7445,0
0.93,5,5,SS,,0.7482,0
0.935,5,5,SS,,0.7519,0
0.94,5,5,SS,,0.7556,0
0.945,5,5,SS,,0.7594,0
0.95,5,5,SS,,0.7631,0
0.955,5,5,SS,,0.7668,0
0.96,5,5,SS,,0.7705,0
0.965,5,5,SS,,0.7742,0
0.97,5,5,SS,,0.7779,0
0.975,5,5,SS,,0.7816,0
0.98,5,5,SS,,0.7853,0
0.985,5,5,SS,,0.789,0
0.99,5,5,SS,,0.7927,0
0.995,5,5,SS,,0.7963,0
1,5,5,SS,,0.8,0
1.005,5,5,SS,,0.8037,0
1.01,5,5,SS,,0.8073,0
1.015,5,5,SS,,0.811,0
1.02,5,5,SS,,0.8146,0
1.025,5,5,SS,,0.8183,0
1.03,5,5,SS,,0.8219,0
1.035,5,5,SS,,0.8255,0
1.04,5,5,SS,,0.8292,0
1.045,5,5,SS,,0.8328,0
1.05,5,5,SS,,0.8364,0
1.055,5,5,SS,,0.84,0
1.06,5,5,SS,,0.8436,0
1.065,5,5,SS,,0.8472,0
1.07,5,5,SS,,0.8508,0
1.075,5,5,SS,,0.8544,0
1.08,5,5,SS,,0.858,0
1.085,5,5,SS,,0.8616,0
1.09,5,5,SS,,0.8652,0
1.095,5,5,SS,,0.8687,0
1.1,5,5,SS,,0.8723,0
1.105,5,5,SS,,0.8759,0
1.11,5,5,SS,,0.8794,0
1.115,5,5,SS,,0.883,0
1.12,5,5,SS,,0.8865,0
1.125,5,5,SS,,0.89,0
1.13,5,5,SS,,0.8936,0
1.135,5,5,SS,,0.8971,0
1.14,5,5,SS,,0.9006,0
1.145,5,5,SS,,0.9041,0
1.15,5,5,SS,,0.9076,0
1.155,5,5,SS,,0.9111,0
1.16,5,5,SS,,0.9146,0
1.165,5,5,SS,,0.9181,0
1.17,5,5,SS,,0.9216,0
1.175,5,5,SS,,0.9251,0
1.18,5,5,SS,,0.9286,0
1.185,5,5,SS,,0.932,0
1.19,5,5,SS,,0.9355,0
1.195,5,5,SS,,0.939,0
1.2,5,5,SS,,0.9424,0
1.205,5,5,SS,,0.9458,0
1.21,5,5,SS,,0.9493,0
1.215,5,5,SS,,0.9527,0
1.22,5,5,SS,,0.9561,0
1.225,5,5,SS,,0.9596,0
1.23,5,5,SS,,0.963,0
1.235,5,5,SS,,0.9664,0
1.24,5,5,SS,,0.9698,0
1.245,5,5,SS,,0.9732,0
1.25,5,5,SS,,0.9766,0
1.255,5,5,SS,,0.9799,0
1.26,5,5,SS,,0.9833,0
1.265,5,5,SS,,0.9867,0
1.27,5,5,SS,,0.9901,0
1.275,5,5,SS,,0.9934,0
1.28,5,5,SS,,0.9968,0
1.285,5,5,SS,,1.0001,0
1.29,5,5,SS,,1.0034,0
1.295,5,5,SS,,1.0068,0
1.3,5,5,SS,,1.0101,0
1.305,5,5,SS,,1.0134,0
1.31,5,5,SS,,1.0167,0
1.315,5,5,SS,,1.02,0
1.32,5,5,SS,,1.0233,0
1.325,5,5,SS,,1.0266,0
1.33,5,5,SS,,1.0299,0
1.335,5,5,SS,,1.0332,0
1.34,5,5,SS,,1.0365,0
1.345,5,5,SS,,1.0397,0
1.35,5,5,SS,,1.043,0
1.355,5,5,SS,,1.0462,0
1.36,5,5,SS,,1.0495,0
1.365,5,5,SS,,1.0527,0
1.37,5,5,SS,,1.056,0
1.375,5,5,SS,,1.0592,0
1.38,5,5,SS,,1.0624,0
1.385,5,5,SS,,1.0656,0
1.39,5,5,SS,,1.0688,0
1.395,5,5,SS,,1.072,0
1.4,5,5,SS,,1.0752,0
1.405,5,5,SS,,1.0784,0
1.41,5,5,SS,,1.0816,0
1.415,5,5,SS,,1.0847,0
1.42,5,5,SS,,1.0879,0
1.425,5,5,SS,,1.091,0
1.43,5,5,SS,,1.0942,0
1.435,5,5,SS,,1.0973,0
1.44,5,5,SS,,1.1005,0
1.445,5,5,SS,,1.1036,0
1.45,5,5,SS,,1.1067,0
1.455,5,5,SS,,1.1098,0
1.46,5,5,SS,,1.1129,0
1.465,5,5,SS,,1.116,0
1.47,5,5,SS,,1.1191,0
1.475,5,5,SS,,1.1222,0
1.48,5,5,SS,,1.1253,0
1.485,5,5,SS,,1.1283,0
1.49,5,5,SS,,1.1314,0
1.495,5,5,SS,,1.1345,0
1.5,5,5,SS,,1.1375,0
1.505,5,5,SS,,1.1405,0
1.51,5,5,SS,,1.1436,0
1.515,5,5,SS,,1.1466,0
1.52,5,5,SS,,1.1496,0
1.525,5,5,SS,,1.1526,0
1.53,5,5,SS,,1.1556,0
1.535,5,5,SS,,1.1586,0
1.54,5,5,SS,,1.1616,0
1.545,5,5,SS,,1.1646,0
1.55,5,5,SS,,1.1675,0
1.555,5,5,SS,,1.1705,0
1.56,5,5,SS,,1.1735,0
1.565,5,5,SS,,1.1764,0
1.57,5,5,SS,,1.1793,0
1.575,5,5,SS,,1.1823,0
1.58,5,5,SS,,1.1852,0
1.585,5,5,SS,,1.1881,0
1.59,5,5,SS,,1.191,0
1.595,5,5,SS,,1.1939,0
1.6,5,5,SS,,1.1968,0
1.605,5,5,SS,,1.1997,0
1.61,5,5,SS,,1.2026,0
1.615,5,5,SS,,1.2054,0
1.62,5,5,SS,,1.2083,0
1.625,5,5,SS,,1.2111,0
1.63,5,5,SS,,1.214,0
1.635,5,5,SS,,1.2168,0
1.64,5,5,SS,,1.2196,0
1.645,5,5,SS,,1.2225,0
1.65,5,5,SS,,1.2253,0
1.655,5,5,SS,,1.2281,0
1.66,5,5,SS,,1.2309,0
1.665,5,5,SS,,1.2336,0
1.67,5,5,SS,,1.2364,0
1.675,5,5,SS,,1.2392,0
1.68,5,5,SS,,1.2419,0
1.685,5,5,SS,,1.2447,0
1.69,5,5,SS,,1.2474,0
1.695,5,5,SS,,1.2502,0
1.7,5,5,SS,,1.2529,0
1.705,5,5,SS,,1.2556,0
1.71,5,5,SS,,1.2583,0
1.715,5,5,SS,,1.261,0
1.72,5,5,SS,,1.2637,0
1.725,5,5,SS,,1.2664,0
1.73,5,5,SS,,1.2691,0
1.735,5,5,SS,,1.2717,0
1.74,5,5,SS,,1.2744,0
1.745,5,5,SS,,1.277,0
1.75,5,5,SS,,1.2797,0
1.755,5,5,SS,,1.2823,0
1.76,5,5,SS,,1.2849,0
1.765,5,5,SS,,1.2876,0
1.77,5,5,SS,,1.2902,0
1.775,5,5,SS,,1.2928,0
1.78,5,5,SS,,1.2953,0
1.785,5,5,SS,,1.2979,0
1.79,5,5,SS,,1.3005,0
1.795,5,5,SS,,1.303,0
1.8,5,5,SS,,1.3056,0
1.805,5,5,SS,,1.3081,0
1.81,5,5,SS,,1.3107,0
1.815,5,5,SS,,1.3132,0
1.82,5,5,SS,,1.3157,0
1.825,5,5,SS,,1.3182,0
1.83,5,5,SS,,1.3207,0
1.835,5,5,SS,,1.3232,0
1.84,5,5,SS,,1.3257,0
1.845,5,5,SS,,1.3282,0
1.85,5,5,SS,,1.3306,0
1.855,5,5,SS,,1.3331,0
1.86,5,5,SS,,1.3355,0
1.865,5,5,SS,,1.3379,0
1.87,5,5,SS,,1.3404,0
1.875,5,5,SS,,1.3428,0
1.88,5,5,SS,,1.3452,0
1.885,5,5,SS,,1.3476,0
1.89,5,5,SS,,1.35,0
1.895,5,5,SS,,1.3523,0
1.9,5,5,SS,,1.3547,0
1.905,5,5,SS,,1.3571,0
1.91,5,5,SS,,1.3594,0
1.915,5,5,SS,,1.3617,0
1.92,5,5,SS,,1.3641,0
1.925,5,5,SS,,1.3664,0
1.93,5,5,SS,,1.3687,0
1.935,5,5,SS,,1.371,0
1.94,5,5,SS,,1.3733,0
1.945,5,5,SS,,1.3756,0
1.95,5,5,SS,,1.3778,0
1.955,5,5,SS,,1.3801,0
1.96,5,5,SS,,1.3823,0
1.965,5,5,SS,,1.3846,0
1.97,5,5,SS,,1.3868,0
1.975,5,5,SS,,1.389,0
1.98,5,5,SS,,1.3913,0
1.985,5,5,SS,,1.3935,0
1.99,5,5,SS,,1.3956,0
1.995,5,5,SS,,1.3978,0
2,5,5,SS,,1.4,0
2.005,5,5,SS,,1.4022,0
2.01,5,5,SS,,1.4043,0
2.015,5,5,SS,,1.4065,0
2.02,5,5,SS,,1.4086,0
2.025,5,5,SS,,1.4107,0
2.03,5,5,SS,,1.4128,0
2.035,5,5,SS,,1.4149,0
2.04,5,5,SS,,1.417,0
2.045,5,5,SS,,1.4191,0
2.05,5,5,SS,,1.4212,0
2.055,5,5,SS,,1.4232,0
2.06,5,5,SS,,1.4253,0
2.065,5,5,SS,,1.4273,0
2.07,5,5,SS,,1.4293,0
2.075,5,5,SS,,1.4314,0
2.08,5,5,SS,,1.4334,0
2.085,5,5,SS,,1.4354,0
2.09,5,5,SS,,1.4374,0
2.095,5,5,SS,,1.4393,0
2.1,5,5,SS,,1.4413,0
2.105,5,5,SS,,1.4433,0
2.11,5,5,SS,,1.4452,0
2.115,5,5,SS,,1.4471,0
2.12,5,5,SS,,1.4491,0
2.125,5,5,SS,,1.451,0
2.13,5,5,SS,,1.4529,0
2.135,5,5,SS,,1.4548,0
2.14,5,5,SS,,1.4567,0
2.145,5,5,SS,,1.4585,0
2.15,5,5,SS,,1.4604,0
2.155,5,5,SS,,1.4622,0
2.16,5,5,SS,,1.4641,0
2.165,5,5,SS,,1.4659,0
2.17,5,5,SS,,1.4677,0
2.175,5,5,SS,,1.4695,0
2.18,5,5,SS,,1.4713,0
2.185,5,5,SS,,1.4731,0
2.19,5,5,SS,,1.4749,0
2.195,5,5,SS,,1.4766,0
2.2,5,5,SS,,1.4784,0
2.205,5,5,SS,,1.4801,0
2.21,5,5,SS,,1.4819,0
2.215,5,5,SS,,1.4836,0
2.22,5,5,SS,,1.4853,0
2.225,5,5,SS,,1.487,0
2.23,5,5,SS,,1.4887,0
2.235,5,5,SS,,1.4904,0
2.24,5,5,SS,,1.492,0
2.245,5,5,SS,,1.4937,0
2.25,5,5,SS,,1.4953,0
2.255,5,5,SS,,1.4969,0
2.26,5,5,SS,,1.4986,0
2.265,5,5,SS,,1.5002,0
2.27,5,5,SS,,1.5018,0
2.275,5,5,SS,,1.5033,0
2.28,5,5,SS,,1.5049,0
2.285,5,5,SS,,1.5065,0
2.29,5,5,SS,,1.508,0
2.295,5,5,SS,,1.5096,0
2.3,5,5,SS,,1.5111,0
2.305,5,5,SS,,1.5126,0
2.31,5,5,SS,,1.5141,0
2.315,5,5,SS,,1.5156,0
2.32,5,5,SS,,1.5171,0
2.325,5,5,SS,,1.5186,0
2.33,5,5,SS,,1.52,0
2.335,5,5,SS,,1.5215,0
2.34,5,5,SS,,1.5229,0
2.345,5,5,SS,,1.5243,0
2.35,5,5,SS,,1.5257,0
2.355,5,5,SS,,1.5271,0
2.36,5,5,SS,,1.5285,0
2.365,5,5,SS,,1.5299,0
2.37,5,5,SS,,1.5313,0
2.375,5,5,SS,,1.5326,0
2.38,5,5,SS,,1.534,0
2.385,5,5,SS,,1.5353,0
2.39,5,5,SS,,1.5366,0
2.395,5,5,SS,,1.5379,0
2.4,5,5,SS,,1.5392,0
2.405,5,5,SS,,1.5405,0
2.41,5,5,SS,,1.5417,0
2.415,5,5,SS,,1.543,0
2.42,5,5,SS,,1.5443,0
2.425,5,5,SS,,1.5455,0
2.43,5,5,SS,,1.5467,0
2.435,5,5,SS,,1.5479,0
2.44,5,5,SS,,1.5491,0
2.445,5,5,SS,,1.5503,0
2.45,5,5,SS,,1.5515,0
2.455,5,5,SS,,1.5526,0
2.46,5,5,SS,,1.5538,0
2.465,5,5,SS,,1.5549,0
2.47,5,5,SS,,1.556,0
2.475,5,5,SS,,1.5571,0
2.48,5,5,SS,,1.5582,0
2.485,5,5,SS,,1.5593,0
2.49,5,5,SS,,1.5604,0
2.495,5,5,SS,,1.5615,0
2.5,5,5,SS,,1.5625,0
2.505,5,5,SS,,1.5635,0
2.51,5,5,SS,,1.5646,0
2.515,5,5,SS,,1.5656,0
2.52,5,5,SS,,1.5666,0
2.525,5,5,SS,,1.5676,0
2.53,5,5,SS,,1.5685,0
2.535,5,5,SS,,1.5695,0
2.54,5,5,SS,,1.5704,0
2.545,5,5,SS,,1.5714,0
2.55,5,5,SS,,1.5723,0
2.555,5,5,SS,,1.5732,0
2.56,5,5,SS,,1.5741,0
2.565,5,5,SS,,1.575,0
2.57,5,5,SS,,1.5758,0
2.575,5,5,SS,,1.5767,0
2.58,5,5,SS,,1.5775,0
2.585,5,5,SS,,1.5784,0
2.59,5,5,SS,,1.5792,0
2.595,5,5,SS,,1.58,0
2.6,5,5,SS,,1.5808,0
2.605,5,5,SS,,1.5816,0
2.61,5,5,SS,,1.5823,0
2.615,5,5,SS,,1.5831,0
2.62,5,5,SS,,1.5838,0
2.625,5,5,SS,,1.5846,0
2.63,5,5,SS,,1.5853,0
2.635,5,5,SS,,1.586,0
2.64,5,5,SS,,1.5867,0
2.645,5,5,SS,,1.5874,0
2.65,5,5,SS,,1.588,0
2.655,5,5,SS,,1.5887,0
2.66,5,5,SS,,1.5893,0
2.665,5,5,SS,,1.5899,0
2.67,5,5,SS,,1.5905,0
2.675,5,5,SS,,1.5911,0
2.68,5,5,SS,,1.5917,0
2.685,5,5,SS,,1.5923,0
2.69,5,5,SS,,1.5928,0
2.695,5,5,SS,,1.5934,0
2.7,5,5,SS,,1.5939,0
2.705,5,5,SS,,1.5944,0
2.71,5,5,SS,,1.5949,0
2.715,5,5,SS,,1.5954,0
2.72,5,5,SS,,1.5959,0
2.725,5,5,SS,,1.5963,0
2.73,5,5,SS,,1.5968,0
2.735,5,5,SS,,1.5972,0
2.74,5,5,SS,,1.5976,0
2.745,5,5,SS,,1.598,0
2.75,5,5,SS,,1.5984,0
2.755,5,5,SS,,1.5988,0
2.76,5,5,SS,,1.5992,0
2.765,5,5,SS,,1.5995,0
2.77,5,5,SS,,1.5999,0
2.775,5,5,SS,,1.6002,0
2.78,5,5,SS,,1.6005,0
2.785,5,5,SS,,1.6008,0
2.79,5,5,SS,,1.6011,0
2.795,5,5,SS,,1.6013,0
2.8,5,5,SS,,1.6016,0
2.805,5,5,SS,,1.6018,0
2.81,5,5,SS,,1.6021,0
2.815,5,5,SS,,1.6023,0
2.82,5,5,SS,,1.6025,0
2.825,5,5,SS,,1.6027,0
2.83,5,5,SS,,1.6028,0
2.835,5,5,SS,,1.603,0
2.84,5,5,SS,,1.6031,0
2.845,5,5,SS,,1.6032,0
2.85,5,5,SS,,1.6034,0
2.855,5,5,SS,,1.6035,0
2.86,5,5,SS,,1.6035,0
2.865,5,5,SS,,1.6036,0
2.87,5,5,SS,,1.6037,0
2.875,5,5,SS,,1.6037,0
2.88,5,5,SS,,1.6037,0
2.885,5,5,SS,,1.6037,0
2.89,5,5,SS,,1.6037,0
2.895,5,5,SS,,1.6037,0
2.9,5,5,SS,,1.6037,0
2.905,5,5,SS,,1.6037,0
2.91,5,5,SS,,1.6036,0
2.915,5,5,SS,,1.6035,0
2.92,5,5,SS,,1.6034,0
2.925,5,5,SS,,1.6033,0
2.93,5,5,SS,,1.6032,0
2.935,5,5,SS,,1.6031,0
2.94,5,5,SS,,1.6029,0
2.945,5,5,SS,,1.6028,0
2.95,5,5,SS,,1.6026,0
2.955,5,5,SS,,1.6024,0
2.96,5,5,SS,,1.6022,0
2.965,5,5,SS,,1.602,0
2.97,5,5,SS,,1.6017,0
2.975,5,5,SS,,1.6015,0
2.98,5,5,SS,,1.6012,0
2.985,5,5,SS,,1.6009,0
2.99,5,5,SS,,1.6006,0
2.995,5,5,SS,,1.6003,0
3,5,5,SS,,1.6,0
3.005,5,5,SS,,1.5997,0
3.01,5,5,SS,,1.5993,0
3.015,5,5,SS,,1.5989,0
3.02,5,5,SS,,1.5985,0
3.025,5,5,SS,,1.5981,0
3.03,5,5,SS,,1.5977,0
3.035,5,5,SS,,1.5973,0
3.04,5,5,SS,,1.5969,0
3.045,5,5,SS,,1.5964,0
3.05,5,5,SS,,1.5959,0
3.055,5,5,SS,,1.5954,0
3.06,5,5,SS,,1.5949,0
3.065,5,5,SS,,1.5944,0
3.07,5,5,SS,,1.5939,0
3.075,5,5,SS,,1.5933,0
3.08,5,5,SS,,1.5927,0
3.085,5,5,SS,,1.5921,0
3.09,5,5,SS,,1.5915,0
3.095,5,5,SS,,1.5909,0
3.1,5,5,SS,,1.5903,0
3.105,5,5,SS,,1.5897,0
3.11,5,5,SS,,1.589,0
3.115,5,5,SS,,1.5883,0
3.12,5,5,SS,,1.5876,0
3.125,5,5,SS,,1.5869,0
3.13,5,5,SS,,1.5862,0
3.135,5,5,SS,,1.5855,0
3.14,5,5,SS,,1.5847,0
3.145,5,5,SS,,1.5839,0
3.15,5,5,SS,,1.5831,0
3.155,5,5,SS,,1.5823,0
3.16,5,5,SS,,1.5815,0
3.165,5,5,SS,,1.5807,0
3.17,5,5,SS,,1.5798,0
3.175,5,5,SS,,1.579,0
3.18,5,5,SS,,1.5781,0
3.185,5,5,SS,,1.5772,0
3.19,5,5,SS,,1.5763,0
3.195,5,5,SS,,1.5753,0
3.2,5,5,SS,,1.5744,0
3.205,5,5,SS,,1.5734,0
3.21,5,5,SS,,1.5725,0
3.215,5,5,SS,,1.5715,0
3.22,5,5,SS,,1.5705,0
3.225,5,5,SS,,1.5694,0
3.23,5,5,SS,,1.5684,0
3.235,5,5,SS,,1.5673,0
3.24,5,5,SS,,1.5663,0
3.245,5,5,SS,,1.5652,0
3.25,5,5,SS,,1.5641,0
3.255,5,5,SS,,1.5629,0
3.26,5,5,SS,,1.5618,0
3.265,5,5,SS,,1.5606,0
3.27,5,5,SS,,1.5595,0
3.275,5,5,SS,,1.5583,0
3.28,5,5,SS,,1.5571,0
3.285,5,5,SS,,1.5559,0
3.29,5,5,SS,,1.5546,0
3.295,5,5,SS,,1.5534,0
3.3,5,5,SS,,1.5521,0
3.305,5,5,SS,,1.5508,0
3.31,5,5,SS,,1.5495,0
3.315,5,5,SS,,1.5482,0
3.32,5,5,SS,,1.5469,0
3.325,5,5,SS,,1.5455,0
3.33,5,5,SS,,1.5441,0
3.335,5,5,SS,,1.5427,0
3.34,5,5,SS,,1.5413,0
3.345,5,5,SS,,1.5399,0
3.35,5,5,SS,,1.5385,0
3.355,5,5,SS,,1.537,0
3.36,5,5,SS,,1.5356,0
3.365,5,5,SS,,1.5341,0
3.37,5,5,SS,,1.5326,0
3.375,5,5,SS,,1.5311,0
3.38,5,5,SS,,1.5295,0
3.385,5,5,SS,,1.528,0
3.39,5,5,SS,,1.5264,0
3.395,5,5,SS,,1.5248,0
3.4,5,5,SS,,1.5232,0
3.405,5,5,SS,,1.5216,0
3.41,5,5,SS,,1.5199,0
3.415,5,5,SS,,1.5183,0
3.42,5,5,SS,,1.5166,0
3.425,5,5,SS,,1.5149,0
3.43,5,5,SS,,1.5132,0
3.435,5,5,SS,,1.5115,0
3.44,5,5,SS,,1.5097,0
3.445,5,5,SS,,1.508,0
3.45,5,5,SS,,1.5062,0
3.455,5,5,SS,,1.5044,0
3.46,5,5,SS,,1.5026,0
3.465,5,5,SS,,1.5008,0
3.47,5,5,SS,,1.4989,0
3.475,5,5,SS,,1.4971,0
3.48,5,5,SS,,1.4952,0
3.485,5,5,SS,,1.4933,0
3.49,5,5,SS,,1.4914,0
3.495,5,5,SS,,1.4894,0
3.5,5,5,SS,,1.4875,0
3.505,5,5,SS,,1.4855,0
3.51,5,5,SS,,1.4835,0
3.515,5,5,SS,,1.4815,0
3.52,5,5,SS,,1.4795,0
3.525,5,5,SS,,1.4775,0
3.53,5,5,SS,,1.4754,0
3.535,5,5,SS,,1.4734,0
3.54,5,5,SS,,1.4713,0
3.545,5,5,SS,,1.4692,0
3.55,5,5,SS,,1.467,0
3.555,5,5,SS,,1.4649,0
3.56,5,5,SS,,1.4627,0
3.565,5,5,SS,,1.4606,0
3.57,5,5,SS,,1.4584,0
3.575,5,5,SS,,1.4561,0
3.58,5,5,SS,,1.4539,0
3.585,5,5,SS,,1.4517,0
3.59,5,5,SS,,1.4494,0
3.595,5,5,SS,,1.4471,0
3.6,5,5,SS,,1.4448,0
3.605,5,5,SS,,1.4425,0
3.61,5,5,SS,,1.4401,0
3.615,5,5,SS,,1.4378,0
3.62,5,5,SS,,1.4354,0
3.625,5,5,SS,,1.433,0
3.63,5,5,SS,,1.4306,0
3.635,5,5,SS,,1.4282,0
3.64,5,5,SS,,1.4257,0
3.645,5,5,SS,,1.4232,0
3.65,5,5,SS,,1.4208,0
3.655,5,5,SS,,1.4183,0
3.66,5,5,SS,,1.4157,0
3.665,5,5,SS,,1.4132,0
3.67,5,5,SS,,1.4106,0
3.675,5,5,SS,,1.4081,0
3.68,5,5,SS,,1.4055,0
3.685,5,5,SS,,1.4029,0
3.69,5,5,SS,,1.4002,0
3.695,5,5,SS,,1.3976,0
3.7,5,5,SS,,1.3949,0
3.705,5,5,SS,,1.3922,0
3.71,5,5,SS,,1.3895,0
3.715,5,5,SS,,1.3868,0
3.72,5,5,SS,,1.384,0
3.725,5,5,SS,,1.3813,0
3.73,5,5,SS,,1.3785,0
3.735,5,5,SS,,1.3757,0
3.74,5,5,SS,,1.3729,0
3.745,5,5,SS,,1.37,0
3.75,5,5,SS,,1.3672,0
3.755,5,5,SS,,1.3643,0
3.76,5,5,SS,,1.3614,0
3.765,5,5,SS,,1.3585,0
3.77,5,5,SS,,1.3556,0
3.775,5,5,SS,,1.3526,0
3.78,5,5,SS,,1.3497,0
3.785,5,5,SS,,1.3467,0
3.79,5,5,SS,,1.3437,0
3.795,5,5,SS,,1.3406,0
3.8,5,5,SS,,1.3376,0
3.805,5,5,SS,,1.3345,0
3.81,5,5,SS,,1.3315,0
3.815,5,5,SS,,1.3284,0
3.82,5,5,SS,,1.3252,0
3.825,5,5,SS,,1.3221,0
3.83,5,5,SS,,1.3189,0
3.835,5,5,SS,,1.3158,0
3.84,5,5,SS,,1.3126,0
3.845,5,5,SS,,1.3093,0
3.85,5,5,SS,,1.3061,0
3.855,5,5,SS,,1.3029,0
3.86,5,5,SS,,1.2996,0
3.865,5,5,SS,,1.2963,0
3.87,5,5,SS,,1.293,0
3.875,5,5,SS,,1.2896,0
3.88,5,5,SS,,1.2863,0
3.885,5,5,SS,,1.2829,0
3.89,5,5,SS,,1.2795,0
3.895,5,5,SS,,1.2761,0
3.9,5,5,SS,,1.2727,0
3.905,5,5,SS,,1.2693,0
3.91,5,5,SS,,1.2658,0
3.915,5,5,SS,,1.2623,0
3.92,5,5,SS,,1.2588,0
3.925,5,5,SS,,1.2553,0
3.93,5,5,SS,,1.2517,0
3.935,5,5,SS,,1.2482,0
3.94,5,5,SS,,1.2446,0
3.945,5,5,SS,,1.241,0
3.95,5,5,SS,,1.2373,0
3.955,5,5,SS,,1.2337,0
3.96,5,5,SS,,1.23,0
3.965,5,5,SS,,1.2263,0
3.97,5,5,SS,,1.2226,0
3.975,5,5,SS,,1.2189,0
3.98,5,5,SS,,1.2152,0
3.985,5,5,SS,,1.2114,0
3.99,5,5,SS,,1.2076,0
3.995,5,5,SS,,1.2038,0
4,5,5,SS,,1.2,0
4.005,5,5,SS,,1.1962,0
4.01,5,5,SS,,1.1923,0
4.015,5,5,SS,,1.1884,0
4.02,5,5,SS,,1.1845,0
4.025,5,5,SS,,1.1806,0
4.03,5,5,SS,,1.1766,0
4.035,5,5,SS,,1.1727,0
4.04,5,5,SS,,1.1687,0
4.045,5,5,SS,,1.1647,0
4.05,5,5,SS,,1.1607,0
4.055,5,5,SS,,1.1566,0
4.06,5,5,SS,,1.1526,0
4.065,5,5,SS,,1.1485,0
4.07,5,5,SS,,1.1444,0
4.075,5,5,SS,,1.1402,0
4.08,5,5,SS,,1.1361,0
4.085,5,5,SS,,1.1319,0
4.09,5,5,SS,,1.1277,0
4.095,5,5,SS,,1.1235,0
4.1,5,5,SS,,1.1193,0
4.105,5,5,SS,,1.1151,0
4.11,5,5,SS,,1.1108,0
4.115,5,5,SS,,1.1065,0
4.12,5,5,SS,,1.1022,0
4.125,5,5,SS,,1.0979,0
4.13,5,5,SS,,1.0935,0
4.135,5,5,SS,,1.0891,0
4.14,5,5,SS,,1.0847,0
4.145,5,5,SS,,1.0803,0
4.15,5,5,SS,,1.0759,0
4.155,5,5,SS,,1.0714,0
4.16,5,5,SS,,1.067,0
4.165,5,5,SS,,1.0625,0
4.17,5,5,SS,,1.0579,0
4.175,5,5,SS,,1.0534,0
4.18,5,5,SS,,1.0488,0
4.185,5,5,SS,,1.0443,0
4.19,5,5,SS,,1.0397,0
4.195,5,5,SS,,1.035,0
4.2,5,5,SS,,1.0304,0
4.205,5,5,SS,,1.0257,0
4.21,5,5,SS,,1.0211,0
4.215,5,5,SS,,1.0163,0
4.22,5,5,SS,,1.0116,0
4.225,5,5,SS,,1.0069,0
4.23,5,5,SS,,1.0021,0
4.235,5,5,SS,,0.9973,0
4.24,5,5,SS,,0.9925,0
4.245,5,5,SS,,0.9877,0
4.25,5,5,SS,,0.9828,0
4.255,5,5,SS,,0.9779,0
4.26,5,5,SS,,0.973,0
4.265,5,5,SS,,0.9681,0
4.27,5,5,SS,,0.9632,0
4.275,5,5,SS,,0.9582,0
4.28,5,5,SS,,0.9532,0
4.285,5,5,SS,,0.9482,0
4.29,5,5,SS,,0.9432,0
4.295,5,5,SS,,0.9382,0
4.3,5,5,SS,,0.9331,0
4.305,5,5,SS,,0.928,0
4.31,5,5,SS,,0.9229,0
4.315,5,5,SS,,0.9178,0
4.32,5,5,SS,,0.9126,0
4.325,5,5,SS,,0.9074,0
4.33,5,5,SS,,0.9022,0
4.335,5,5,SS,,0.897,0
4.34,5,5,SS,,0.8918,0
4.345,5,5,SS,,0.8865,0
4.35,5,5,SS,,0.8812,0
4.355,5,5,SS,,0.8759,0
4.36,5,5,SS,,0.8706,0
4.365,5,5,SS,,0.8653,0
4.37,5,5,SS,,0.8599,0
4.375,5,5,SS,,0.8545,0
4.38,5,5,SS,,0.8491,0
4.385,5,5,SS,,0.8436,0
4.39,5,5,SS,,0.8382,0
4.395,5,5,SS,,0.8327,0
4.4,5,5,SS,,0.8272,0
4.405,5,5,SS,,0.8217,0
4.41,5,5,SS,,0.8161,0
4.415,5,5,SS,,0.8106,0
4.42,5,5,SS,,0.805,0
4.425,5,5,SS,,0.7994,0
4.43,5,5,SS,,0.7937,0
4.435,5,5,SS,,0.7881,0
4.44,5,5,SS,,0.7824,0
4.445,5,5,SS,,0.7767,0
4.45,5,5,SS,,0.771,0
4.455,5,5,SS,,0.7652,0
4.46,5,5,SS,,0.7594,0
4.465,5,5,SS,,0.7537,0
4.47,5,5,SS,,0.7478,0
4.475,5,5,SS,,0.742,0
4.48,5,5,SS,,0.7362,0
4.485,5,5,SS,,0.7303,0
4.49,5,5,SS,,0.7244,0
4.495,5,5,SS,,0.7184,0
4.5,5,5,SS,,0.7125,0
4.505,5,5,SS,,0.7065,0
4.51,5,5,SS,,0.7005,0
4.515,5,5,SS,,0.6945,0
4.52,5,5,SS,,0.6885,0
4.525,5,5,SS,,0.6824,0
4.53,5,5,SS,,0.6763,0
4.535,5,5,SS,,0.6702,0
4.54,5,5,SS,,0.6641,0
4.545,5,5,SS,,0.658,0
4.55,5,5,SS,,0.6518,0
4.555,5,5,SS,,0.6456,0
4.56,5,5,SS,,0.6394,0
4.565,5,5,SS,,0.6331,0
4.57,5,5,SS,,0.6269,0
4.575,5,5,SS,,0.6206,0
4.58,5,5,SS,,0.6143,0
4.585,5,5,SS,,0.6079,0
4.59,5,5,SS,,0.6016,0
4.595,5,5,SS,,0.5952,0
4.6,5,5,SS,,0.5888,0
4.605,5,5,SS,,0.5824,0
4.61,5,5,SS,,0.5759,0
4.615,5,5,SS,,0.5695,0
4.62,5,5,SS,,0.563,0
4.625,5,5,SS,,0.5564,0
4.63,5,5,SS,,0.5499,0
4.635,5,5,SS,,0.5433,0
4.64,5,5,SS,,0.5368,0
4.645,5,5,SS,,0.5301,0
4.65,5,5,SS,,0.5235,0
4.655,5,5,SS,,0.5169,0
4.66,5,5,SS,,0.5102,0
4.665,5,5,SS,,0.5035,0
4.67,5,5,SS,,0.4967,0
4.675,5,5,SS,,0.49,0
4.68,5,5,SS,,0.4832,0
4.685,5,5,SS,,0.4764,0
4.69,5,5,SS,,0.4696,0
4.695,5,5,SS,,0.4628,0
4.7,5,5,SS,,0.4559,0
4.705,5,5,SS,,0.449,0
4.71,5,5,SS,,0.4421,0
4.715,5,5,SS,,0.4352,0
4.72,5,5,SS,,0.4282,0
4.725,5,5,SS,,0.4212,0
4.73,5,5,SS,,0.4142,0
4.735,5,5,SS,,0.4072,0
4.74,5,5,SS,,0.4001,0
4.745,5,5,SS,,0.393,0
4.75,5,5,SS,,0.3859,0
4.755,5,5,SS,,0.3788,0
4.76,5,5,SS,,0.3717,0
4.765,5,5,SS,,0.3645,0
4.77,5,5,SS,,0.3573,0
4.775,5,5,SS,,0.3501,0
4.78,5,5,SS,,0.3428,0
4.785,5,5,SS,,0.3356,0
4.79,5,5,SS,,0.3283,0
4.795,5,5,SS,,0.3209,0
4.8,5,5,SS,,0.3136,0
4.805,5,5,SS,,0.3062,0
4.81,5,5,SS,,0.2988,0
4.815,5,5,SS,,0.2914,0
4.82,5,5,SS,,0.284,0
4.825,5,5,SS,,0.2765,0
4.83,5,5,SS,,0.269,0
4.835,5,5,SS,,0.2615,0
4.84,5,5,SS,,0.254,0
4.845,5,5,SS,,0.2464,0
4.85,5,5,SS,,0.2389,0
4.855,5,5,SS,,0.2313,0
4.86,5,5,SS,,0.2236,0
4.865,5,5,SS,,0.216,0
4.87,5,5,SS,,0.2083,0
4.875,5,5,SS,,0.2006,0
4.88,5,5,SS,,0.1929,0
4.885,5,5,SS,,0.1851,0
4.89,5,5,SS,,0.1773,0
4.895,5,5,SS,,0.1695,0
4.9,5,5,SS,,0.1617,0
4.905,5,5,SS,,0.1538,0
4.91,5,5,SS,,0.146,0
4.915,5,5,SS,,0.1381,0
4.92,5,5,SS,,0.1302,0
4.925,5,5,SS,,0.1222,0
4.93,5,5,SS,,0.1142,0
4.935,5,5,SS,,0.1062,0
4.94,5,5,SS,,0.0982,0
4.945,5,5,SS,,0.0902,0
4.95,5,5,SS,,0.0821,0
4.955,5,5,SS,,0.074,0
4.96,5,5,SS,,0.0659,0
4.965,5,5,SS,,0.0577,0
4.97,5,5,SS,,0.0496,0
4.975,5,5,SS,,0.0414,0
4.98,5,5,SS,,0.0331,0
4.985,5,5,SS,,0.0249,0
4.99,5,5,SS,,0.0166,0
4.995,5,5,SS,,0.0083,0
5,5,5,SS,,0,0
0,5,0,FF,,0,0
0.005,5,0,FF,,0,0
0.01,5,0,FF,,0,0
0.015,5,0,FF,,0,0
0.02,5,0,FF,,0,0
0.025,5,0,FF,,0,0
0.03,5,0,FF,,0,0
0.035,5,0,FF,,0,0
0.04,5,0,FF,,0,0
0.045,5,0,FF,,0,0
0.05,5,0,FF,,0,0
0.055,5,0,FF,,0,0
0.06,5,0,FF,,0,0
0.065,5,0,FF,,0,0
0.07,5,0,FF,,0,0
0.075,5,0,FF,,0,0
0.08,5,0,FF,,0,0
0.085,5,0,FF,,0,0
0.09,5,0,FF,,0,0
0.095,5,0,FF,,0,0
0.1,5,0,FF,,0,0
0.105,5,0,FF,,0,0
0.11,5,0,FF,,0,0
0.115,5,0,FF,,0,0
0.12,5,0,FF,,0,0
0.125,5,0,FF,,0,0
0.13,5,0,FF,,0,0
0.135,5,0,FF,,0,0
0.14,5,0,FF,,0,0
0.145,5,0,FF,,0,0
0.15,5,0,FF,,0,0
0.155,5,0,FF,,0,0
0.16,5,0,FF,,0,0
0.165,5,0,FF,,0,0
0.17,5,0,FF,,0,0
0.175,5,0,FF,,0,0
0.18,5,0,FF,,0,0
0.185,5,0,FF,,0,0
0.19,5,0,FF,,0,0
0.195,5,0,FF,,0,0
0.2,5,0,FF,,0,0
0.205,5,0,FF,,0,0
0.21,5,0,FF,,0,0
0.215,5,0,FF,,0,0
0.22,5,0,FF,,0,0
0.225,5,0,FF,,0,0
0.23,5,0,FF,,0,0
0.235,5,0,FF,,0,0
0.24,5,0,FF,,0,0
0.245,5,0,FF,,0,0
0.25,5,0,FF,,0,0
0.255,5,0,FF,,0,0
0.26,5,0,FF,,0,0
0.265,5,0,FF,,0,0
0.27,5,0,FF,,0,0
0.275,5,0,FF,,0,0
0.28,5,0,FF,,0,0
0.285,5,0,FF,,0,0
0.29,5,0,FF,,0,0
0.295,5,0,FF,,0,0
0.3,5,0,FF,,0,0
0.305,5,0,FF,,0,0
0.31,5,0,FF,,0,0
0.315,5,0,FF,,0,0
0.32,5,0,FF,,0,0
0.325,5,0,FF,,0,0
0.33,5,0,FF,,0,0
0.335,5,0,FF,,0,0
0.34,5,0,FF,,0,0
0.345,5,0,FF,,0,0
0.35,5,0,FF,,0,0
0.355,5,0,FF,,0,0
0.36,5,0,FF,,0,0
0.365,5,0,FF,,0,0
0.37,5,0,FF,,0,0
0.375,5,0,FF,,0,0
0.38,5,0,FF,,0,0
0.385,5,0,FF,,0,0
0.39,5,0,FF,,0,0
0.395,5,0,FF,,0,0
0.4,5,0,FF,,0,0
0.405,5,0,FF,,0,0
0.41,5,0,FF,,0,0
0.415,5,0,FF,,0,0
0.42,5,0,FF,,0,0
0.425,5,0,FF,,0,0
0.43,5,0,FF,,0,0
0.435,5,0,FF,,0,0
0.44,5,0,FF,,0,0
0.445,5,0,FF,,0,0
0.45,5,0,FF,,0,0
0.455,5,0,FF,,0,0
0.46,5,0,FF,,0,0
0.465,5,0,FF,,0,0
0.47,5,0,FF,,0,0
0.475,5,0,FF,,0,0
0.48,5,0,FF,,0,0
0.485,5,0,FF,,0,0
0.49,5,0,FF,,0,0
0.495,5,0,FF,,0,0
0.5,5,0,FF,,0,0
0.505,5,0,FF,,0,0
0.51,5,0,FF,,0,0
0.515,5,0,FF,,0,0
0.52,5,0,FF,,0,0
0.525,5,0,FF,,0,0
0.53,5,0,FF,,0,0
0.535,5,0,FF,,0,0
0.54,5,0,FF,,0,0
0.545,5,0,FF,,0,0
0.55,5,0,FF,,0,0
0.555,5,0,FF,,0,0
0.56,5,0,FF,,0,0
0.565,5,0,FF,,0,0
0.57,5,0,FF,,0,0
0.575,5,0,FF,,0,0
0.58,5,0,FF,,0,0
0.585,5,0,FF,,0,0
0.59,5,0,FF,,0,0
0.595,5,0,FF,,0,0
0.6,5,0,FF,,0,0
0.605,5,0,FF,,0,0
0.61,5,0,FF,,0,0
0.615,5,0,FF,,0,0
0.62,5,0,FF,,0,0
0.625,5,0,FF,,0,0
0.63,5,0,FF,,0,0
0.635,5,0,FF,,0,0
0.64,5,0,FF,,0,0
0.645,5,0,FF,,0,0
0.65,5,0,FF,,0,0
0.655,5,0,FF,,0,0
0.66,5,0,FF,,0,0
0.665,5,0,FF,,0,0
0.67,5,0,FF,,0,0
0.675,5,0,FF,,0,0
0.68,5,0,FF,,0,0
0.685,5,0,FF,,0,0
0.69,5,0,FF,,0,0
0.695,5,0,FF,,0,0
0.7,5,0,FF,,0,0
0.705,5,0,FF,,0,0
0.71,5,0,FF,,0,0
0.715,5,0,FF,,0,0
0.72,5,0,FF,,0,0
0.725,5,0,FF,,0,0
0.73,5,0,FF,,0,0
0.735,5,0,FF,,0,0
0.74,5,0,FF,,0,0
0.745,5,0,FF,,0,0
0.75,5,0,FF,,0,0
0.755,5,0,FF,,0,0
0.76,5,0,FF,,0,0
0.765,5,0,FF,,0,0
0.77,5,0,FF,,0,0
0.775,5,0,FF,,0,0
0.78,5,0,FF,,0,0
0.785,5,0,FF,,0,0
0.79,5,0,FF,,0,0
0.795,5,0,FF,,0,0
0.8,5,0,FF,,0,0
0.805,5,0,FF,,0,0
0.81,5,0,FF,,0,0
0.815,5,0,FF,,0,0
0.82,5,0,FF,,0,0
0.825,5,0,FF,,0,0
0.83,5,0,FF,,0,0
0.835,5,0,FF,,0,0
0.84,5,0,FF,,0,0
0.845,5,0,FF,,0,0
0.85,5,0,FF,,0,0
0.855,5,0,FF,,0,0
0.86,5,0,FF,,0,0
0.865,5,0,FF,,0,0
0.87,5,0,FF,,0,0
0.875,5,0,FF,,0,0
0.88,5,0,FF,,0,0
0.885,5,0,FF,,0,0
0.89,5,0,FF,,0,0
0.895,5,0,FF,,0,0
0.9,5,0,FF,,0,0
0.905,5,0,FF,,0,0
0.91,5,0,FF,,0,0
0.915,5,0,FF,,0,0
0.92,5,0,FF,,0,0
0.925,5,0,FF,,0,0
0.93,5,0,FF,,0,0
0.935,5,0,FF,,0,0
0.94,5,0,FF,,0,0
0.945,5,0,FF,,0,0
0.95,5,0,FF,,0,0
0.955,5,0,FF,,0,0
0.96,5,0,FF,,0,0
0.965,5,0,FF,,0,0
0.97,5,0,FF,,0,0
0.975,5,0,FF,,0,0
0.98,5,0,FF,,0,0
0.985,5,0,FF,,0,0
0.99,5,0,FF,,0,0
0.995,5,0,FF,,0,0
1,5,0,FF,,0,0
1.005,5,0,FF,,0,0
1.01,5,0,FF,,0,0
1.015,5,0,FF,,0,0
1.02,5,0,FF,,0,0
1.025,5,0,FF,,0,0
1.03,5,0,FF,,0,0
1.035,5,0,FF,,0,0
1.04,5,0,FF,,0,0
1.045,5,0,FF,,0,0
1.05,5,0,FF,,0,0
1.055,5,0,FF,,0,0
1.06,5,0,FF,,0,0
1.065,5,0,FF,,0,0
1.07,5,0,FF,,0,0
1.075,5,0,FF,,0,0
1.08,5,0,FF,,0,0
1.085,5,0,FF,,0,0
1.09,5,0,FF,,0,0
1.095,5,0,FF,,0,0
1.1,5,0,FF,,0,0
1.105,5,0,FF,,0,0
1.11,5,0,FF,,0,0
1.115,5,0,FF,,0,0
1.12,5,0,FF,,0,0
1.125,5,0,FF,,0,0
1.13,5,0,FF,,0,0
1.135,5,0,FF,,0,0
1.14,5,0,FF,,0,0
1.145,5,0,FF,,0,0
1.15,5,0,FF,,0,0
1.155,5,0,FF,,0,0
1.16,5,0,FF,,0,0
1.165,5,0,FF,,0,0
1.17,5,0,FF,,0,0
1.175,5,0,FF,,0,0
1.18,5,0,FF,,0,0
1.185,5,0,FF,,0,0
1.19,5,0,FF,,0,0
1.195,5,0,FF,,0,0
1.2,5,0,FF,,0,0
1.205,5,0,FF,,0,0
1.21,5,0,FF,,0,0
1.215,5,0,FF,,0,0
1.22,5,0,FF,,0,0
1.225,5,0,FF,,0,0
1.23,5,0,FF,,0,0
1.235,5,0,FF,,0,0
1.24,5,0,FF,,0,0
1.245,5,0,FF,,0,0
1.25,5,0,FF,,0,0
1.255,5,0,FF,,0,0
1.26,5,0,FF,,0,0
1.265,5,0,FF,,0,0
1.27,5,0,FF,,0,0
1.275,5,0,FF,,0,0
1.28,5,0,FF,,0,0
1.285,5,0,FF,,0,0
1.29,5,0,FF,,0,0
1.295,5,0,FF,,0,0
1.3,5,0,FF,,0,0
1.305,5,0,FF,,0,0
1.31,5,0,FF,,0,0
1.315,5,0,FF,,0,0
1.32,5,0,FF,,0,0
1.325,5,0,FF,,0,0
1.33,5,0,FF,,0,0
1.335,5,0,FF,,0,0
1.34,5,0,FF,,0,0
1.345,5,0,FF,,0,0
1.35,5,0,FF,,0,0
1.355,5,0,FF,,0,0
1.36,5,0,FF,,0,0
1.365,5,0,FF,,0,0
1.37,5,0,FF,,0,0
1.375,5,0,FF,,0,0
1.38,5,0,FF,,0,0
1.385,5,0,FF,,0,0
1.39,5,0,FF,,0,0
1.395,5,0,FF,,0,0
1.4,5,0,FF,,0,0
1.405,5,0,FF,,0,0
1.41,5,0,FF,,0,0
1.415,5,0,FF,,0,0
1.42,5,0,FF,,0,0
1.425,5,0,FF,,0,0
1.43,5,0,FF,,0,0
1.435,5,0,FF,,0,0
1.44,5,0,FF,,0,0
1.445,5,0,FF,,0,0
1.45,5,0,FF,,0,0
1.455,5,0,FF,,0,0
1.46,5,0,FF,,0,0
1.465,5,0,FF,,0,0
1.47,5,0,FF,,0,0
1.475,5,0,FF,,0,0
1.48,5,0,FF,,0,0
1.485,5,0,FF,,0,0
1.49,5,0,FF,,0,0
1.495,5,0,FF,,0,0
1.5,5,0,FF,,0,0
1.505,5,0,FF,,0,0
1.51,5,0,FF,,0,0
1.515,5,0,FF,,0,0
1.52,5,0,FF,,0,0
1.525,5,0,FF,,0,0
1.53,5,0,FF,,0,0
1.535,5,0,FF,,0,0
1.54,5,0,FF,,0,0
1.545,5,0,FF,,0,0
1.55,5,0,FF,,0,0
1.555,5,0,FF,,0,0
1.56,5,0,FF,,0,0
1.565,5,0,FF,,0,0
1.57,5,0,FF,,0,0
1.575,5,0,FF,,0,0
1.58,5,0,FF,,0,0
1.585,5,0,FF,,0,0
1.59,5,0,FF,,0,0
1.595,5,0,FF,,0,0
1.6,5,0,FF,,0,0
1.605,5,0,FF,,0,0
1.61,5,0,FF,,0,0
1.615,5,0,FF,,0,0
1.62,5,0,FF,,0,0
1.625,5,0,FF,,0,0
1.63,5,0,FF,,0,0
1.635,5,0,FF,,0,0
1.64,5,0,FF,,0,0
1.645,5,0,FF,,0,0
1.65,5,0,FF,,0,0
1.655,5,0,FF,,0,0
1.66,5,0,FF,,0,0
1.665,5,0,FF,,0,0
1.67,5,0,FF,,0,0
1.675,5,0,FF,,0,0
1.68,5,0,FF,,0,0
1.685,5,0,FF,,0,0
1.69,5,0,FF,,0,0
1.695,5,0,FF,,0,0
1.7,5,0,FF,,0,0
1.705,5,0,FF,,0,0
1.71,5,0,FF,,0,0
1.715,5,0,FF,,0,0
1.72,5,0,FF,,0,0
1.725,5,0,FF,,0,0
1.73,5,0,FF,,0,0
1.735,5,0,FF,,0,0
1.74,5,0,FF,,0,0
1.745,5,0,FF,,0,0
1.75,5,0,FF,,0,0
1.755,5,0,FF,,0,0
1.76,5,0,FF,,0,0
1.765,5,0,FF,,0,0
1.77,5,0,FF,,0,0
1.775,5,0,FF,,0,0
1.78,5,0,FF,,0,0
1.785,5,0,FF,,0,0
1.79,5,0,FF,,0,0
1.795,5,0,FF,,0,0
1.8,5,0,FF,,0,0
1.805,5,0,FF,,0,0
1.81,5,0,FF,,0,0
1.815,5,0,FF,,0,0
1.82,5,0,FF,,0,0
1.825,5,0,FF,,0,0
1.83,5,0,FF,,0,0
1.835,5,0,FF,,0,0
1.84,5,0,FF,,0,0
1.845,5,0,FF,,0,0
1.85,5,0,FF,,0,0
1.855,5,0,FF,,0,0
1.86,5,0,FF,,0,0
1.865,5,0,FF,,0,0
1.87,5,0,FF,,0,0
1.875,5,0,FF,,0,0
1.88,5,0,FF,,0,0
1.885,5,0,FF,,0,0
1.89,5,0,FF,,0,0
1.895,5,0,FF,,0,0
1.9,5,0,FF,,0,0
1.905,5,0,FF,,0,0
1.91,5,0,FF,,0,0
1.915,5,0,FF,,0,0
1.92,5,0,FF,,0,0
1.925,5,0,FF,,0,0
1.93,5,0,FF,,0,0
1.935,5,0,FF,,0,0
1.94,5,0,FF,,0,0
1.945,5,0,FF,,0,0
1.95,5,0,FF,,0,0
1.955,5,0,FF,,0,0
1.96,5,0,FF,,0,0
1.965,5,0,FF,,0,0
1.97,5,0,FF,,0,0
1.975,5,0,FF,,0,0
1.98,5,0,FF,,0,0
1.985,5,0,FF,,0,0
1.99,5,0,FF,,0,0
1.995,5,0,FF,,0,0
2,5,0,FF,,0,0
2.005,5,0,FF,,0,0
2.01,5,0,FF,,0,0
2.015,5,0,FF,,0,0
2.02,5,0,FF,,0,0
2.025,5,0,FF,,0,0
2.03,5,0,FF,,0,0
2.035,5,0,FF,,0,0
2.04,5,0,FF,,0,0
2.045,5,0,FF,,0,0
2.05,5,0,FF,,0,0
2.055,5,0,FF,,0,0
2.06,5,0,FF,,0,0
2.065,5,0,FF,,0,0
2.07,5,0,FF,,0,0
2.075,5,0,FF,,0,0
2.08,5,0,FF,,0,0
2.085,5,0,FF,,0,0
2.09,5,0,FF,,0,0
2.095,5,0,FF,,0,0
2.1,5,0,FF,,0,0
2.105,5,0,FF,,0,0
2.11,5,0,FF,,0,0
2.115,5,0,FF,,0,0
2.12,5,0,FF,,0,0
2.125,5,0,FF,,0,0
2.13,5,0,FF,,0,0
2.135,5,0,FF,,0,0
2.14,5,0,FF,,0,0
2.145,5,0,FF,,0,0
2.15,5,0,FF,,0,0
2.155,5,0,FF,,0,0
2.16,5,0,FF,,0,0
2.165,5,0,FF,,0,0
2.17,5,0,FF,,0,0
2.175,5,0,FF,,0,0
2.18,5,0,FF,,0,0
2.185,5,0,FF,,0,0
2.19,5,0,FF,,0,0
2.195,5,0,FF,,0,0
2.2,5,0,FF,,0,0
2.205,5,0,FF,,0,0
2.21,5,0,FF,,0,0
2.215,5,0,FF,,0,0
2.22,5,0,FF,,0,0
2.225,5,0,FF,,0,0
2.23,5,0,FF,,0,0
2.235,5,0,FF,,0,0
2.24,5,0,FF,,0,0
2.245,5,0,FF,,0,0
2.25,5,0,FF,,0,0
2.255,5,0,FF,,0,0
2.26,5,0,FF,,0,0
2.265,5,0,FF,,0,0
2.27,5,0,FF,,0,0
2.275,5,0,FF,,0,0
2.28,5,0,FF,,0,0
2.285,5,0,FF,,0,0
2.29,5,0,FF,,0,0
2.295,5,0,FF,,0,0
2.3,5,0,FF,,0,0
2.305,5,0,FF,,0,0
2.31,5,0,FF,,0,0
2.315,5,0,FF,,0,0
2.32,5,0,FF,,0,0
2.325,5,0,FF,,0,0
2.33,5,0,FF,,0,0
2.335,5,0,FF,,0,0
2.34,5,0,FF,,0,0
2.345,5,0,FF,,0,0
2.35,5,0,FF,,0,0
2.355,5,0,FF,,0,0
2.36,5,0,FF,,0,0
2.365,5,0,FF,,0,0
2.37,5,0,FF,,0,0
2.375,5,0,FF,,0,0
2.38,5,0,FF,,0,0
2.385,5,0,FF,,0,0
2.39,5,0,FF,,0,0
2.395,5,0,FF,,0,0
2.4,5,0,FF,,0,0
2.405,5,0,FF,,0,0
2.41,5,0,FF,,0,0
2.415,5,0,FF,,0,0
2.42,5,0,FF,,0,0
2.425,5,0,FF,,0,0
2.43,5,0,FF,,0,0
2.435,5,0,FF,,0,0
2.44,5,0,FF,,0,0
2.445,5,0,FF,,0,0
2.45,5,0,FF,,0,0
2.455,5,0,FF,,0,0
2.46,5,0,FF,,0,0
2.465,5,0,FF,,0,0
2.47,5,0,FF,,0,0
2.475,5,0,FF,,0,0
2.48,5,0,FF,,0,0
2.485,5,0,FF,,0,0
2.49,5,0,FF,,0,0
2.495,5,0,FF,,0,0
2.5,5,0,FF,,0,0
2.505,5,0,FF,,0,0
2.51,5,0,FF,,0,0
2.515,5,0,FF,,0,0
2.52,5,0,FF,,0,0
2.525,5,0,FF,,0,0
2.53,5,0,FF,,0,0
2.535,5,0,FF,,0,0
2.54,5,0,FF,,0,0
2.545,5,0,FF,,0,0
2.55,5,0,FF,,0,0
2.555,5,0,FF,,0,0
2.56,5,0,FF,,0,0
2.565,5,0,FF,,0,0
2.57,5,0,FF,,0,0
2.575,5,0,FF,,0,0
2.58,5,0,FF,,0,0
2.585,5,0,FF,,0,0
2.59,5,0,FF,,0,0
2.595,5,0,FF,,0,0
2.6,5,0,FF,,0,0
2.605,5,0,FF,,0,0
2.61,5,0,FF,,0,0
2.615,5,0,FF,,0,0
2.62,5,0,FF,,0,0
2.625,5,0,FF,,0,0
2.63,5,0,FF,,0,0
2.635,5,0,FF,,0,0
2.64,5,0,FF,,0,0
2.645,5,0,FF,,0,0
2.65,5,0,FF,,0,0
2.655,5,0,FF,,0,0
2.66,5,0,FF,,0,0
2.665,5,0,FF,,0,0
2.67,5,0,FF,,0,0
2.675,5,0,FF,,0,0
2.68,5,0,FF,,0,0
2.685,5,0,FF,,0,0
2.69,5,0,FF,,0,0
2.695,5,0,FF,,0,0
2.7,5,0,FF,,0,0
2.705,5,0,FF,,0,0
2.71,5,0,FF,,0,0
2.715,5,0,FF,,0,0
2.72,5,0,FF,,0,0
2.725,5,0,FF,,0,0
2.73,5,0,FF,,0,0
2.735,5,0,FF,,0,0
2.74,5,0,FF,,0,0
2.745,5,0,FF,,0,0
2.75,5,0,FF,,0,0
2.755,5,0,FF,,0,0
2.76,5,0,FF,,0,0
2.765,5,0,FF,,0,0
2.77,5,0,FF,,0,0
2.775,5,0,FF,,0,0
2.78,5,0,FF,,0,0
2.785,5,0,FF,,0,0
2.79,5,0,FF,,0,0
2.795,5,0,FF,,0,0
2.8,5,0,FF,,0,0
2.805,5,0,FF,,0,0
2.81,5,0,FF,,0,0
2.815,5,0,FF,,0,0
2.82,5,0,FF,,0,0
2.825,5,0,FF,,0,0
2.83,5,0,FF,,0,0
2.835,5,0,FF,,0,0
2.84,5,0,FF,,0,0
2.845,5,0,FF,,0,0
2.85,5,0,FF,,0,0
2.855,5,0,FF,,0,0
2.86,5,0,FF,,0,0
2.865,5,0,FF,,0,0
2.87,5,0,FF,,0,0
2.875,5,0,FF,,0,0
2.88,5,0,FF,,0,0
2.885,5,0,FF,,0,0
2.89,5,0,FF,,0,0
2.895,5,0,FF,,0,0
2.9,5,0,FF,,0,0
2.905,5,0,FF,,0,0
2.91,5,0,FF,,0,0
2.915,5,0,FF,,0,0
2.92,5,0,FF,,0,0
2.925,5,0,FF,,0,0
2.93,5,0,FF,,0,0
2.935,5,0,FF,,0,0
2.94,5,0,FF,,0,0
2.945,5,0,FF,,0,0
2.95,5,0,FF,,0,0
2.955,5,0,FF,,0,0
2.96,5,0,FF,,0,0
2.965,5,0,FF,,0,0
2.97,5,0,FF,,0,0
2.975,5,0,FF,,0,0
2.98,5,0,FF,,0,0
2.985,5,0,FF,,0,0
2.99,5,0,FF,,0,0
2.995,5,0,FF,,0,0
3,5,0,FF,,0,0
3.005,5,0,FF,,0,0
3.01,5,0,FF,,0,0
3.015,5,0,FF,,0,0
3.02,5,0,FF,,0,0
3.025,5,0,FF,,0,0
3.03,5,0,FF,,0,0
3.035,5,0,FF,,0,0
3.04,5,0,FF,,0,0
3.045,5,0,FF,,0,0
3.05,5,0,FF,,0,0
3.055,5,0,FF,,0,0
3.06,5,0,FF,,0,0
3.065,5,0,FF,,0,0
3.07,5,0,FF,,0,0
3.075,5,0,FF,,0,0
3.08,5,0,FF,,0,0
3.085,5,0,FF,,0,0
3.09,5,0,FF,,0,0
3.095,5,0,FF,,0,0
3.1,5,0,FF,,0,0
3.105,5,0,FF,,0,0
3.11,5,0,FF,,0,0
3.115,5,0,FF,,0,0
3.12,5,0,FF,,0,0
3.125,5,0,FF,,0,0
3.13,5,0,FF,,0,0
3.135,5,0,FF,,0,0
3.14,5,0,FF,,0,0
3.145,5,0,FF,,0,0
3.15,5,0,FF,,0,0
3.155,5,0,FF,,0,0
3.16,5,0,FF,,0,0
3.165,5,0,FF,,0,0
3.17,5,0,FF,,0,0
3.175,5,0,FF,,0,0
3.18,5,0,FF,,0,0
3.185,5,0,FF,,0,0
3.19,5,0,FF,,0,0
3.195,5,0,FF,,0,0
3.2,5,0,FF,,0,0
3.205,5,0,FF,,0,0
3.21,5,0,FF,,0,0
3.215,5,0,FF,,0,0
3.22,5,0,FF,,0,0
3.225,5,0,FF,,0,0
3.23,5,0,FF,,0,0
3.235,5,0,FF,,0,0
3.24,5,0,FF,,0,0
3.245,5,0,FF,,0,0
3.25,5,0,FF,,0,0
3.255,5,0,FF,,0,0
3.26,5,0,FF,,0,0
3.265,5,0,FF,,0,0
3.27,5,0,FF,,0,0
3.275,5,0,FF,,0,0
3.28,5,0,FF,,0,0
3.285,5,0,FF,,0,0
3.29,5,0,FF,,0,0
3.295,5,0,FF,,0,0
3.3,5,0,FF,,0,0
3.305,5,0,FF,,0,0
3.31,5,0,FF,,0,0
3.315,5,0,FF,,0,0
3.32,5,0,FF,,0,0
3.325,5,0,FF,,0,0
3.33,5,0,FF,,0,0
3.335,5,0,FF,,0,0
3.34,5,0,FF,,0,0
3.345,5,0,FF,,0,0
3.35,5,0,FF,,0,0
3.355,5,0,FF,,0,0
3.36,5,0,FF,,0,0
3.365,5,0,FF,,0,0
3.37,5,0,FF,,0,0
3.375,5,0,FF,,0,0
3.38,5,0,FF,,0,0
3.385,5,0,FF,,0,0
3.39,5,0,FF,,0,0
3.395,5,0,FF,,0,0
3.4,5,0,FF,,0,0
3.405,5,0,FF,,0,0
3.41,5,0,FF,,0,0
3.415,5,0,FF,,0,0
3.42,5,0,FF,,0,0
3.425,5,0,FF,,0,0
3.43,5,0,FF,,0,0
3.435,5,0,FF,,0,0
3.44,5,0,FF,,0,0
3.445,5,0,FF,,0,0
3.45,5,0,FF,,0,0
3.455,5,0,FF,,0,0
3.46,5,0,FF,,0,0
3.465,5,0,FF,,0,0
3.47,5,0,FF,,0,0
3.475,5,0,FF,,0,0
3.48,5,0,FF,,0,0
3.485,5,0,FF,,0,0
3.49,5,0,FF,,0,0
3.495,5,0,FF,,0,0
3.5,5,0,FF,,0,0
3.505,5,0,FF,,0,0
3.51,5,0,FF,,0,0
3.515,5,0,FF,,0,0
3.52,5,0,FF,,0,0
3.525,5,0,FF,,0,0
3.53,5,0,FF,,0,0
3.535,5,0,FF,,0,0
3.54,5,0,FF,,0,0
3.545,5,0,FF,,0,0
3.55,5,0,FF,,0,0
3.555,5,0,FF,,0,0
3.56,5,0,FF,,0,0
3.565,5,0,FF,,0,0
3.57,5,0,FF,,0,0
3.575,5,0,FF,,0,0
3.58,5,0,FF,,0,0
3.585,5,0,FF,,0,0
3.59,5,0,FF,,0,0
3.595,5,0,FF,,0,0
3.6,5,0,FF,,0,0
3.605,5,0,FF,,0,0
3.61,5,0,FF,,0,0
3.615,5,0,FF,,0,0
3.62,5,0,FF,,0,0
3.625,5,0,FF,,0,0
3.63,5,0,FF,,0,0
3.635,5,0,FF,,0,0
3.64,5,0,FF,,0,0
3.645,5,0,FF,,0,0
3.65,5,0,FF,,0,0
3.655,5,0,FF,,0,0
3.66,5,0,FF,,0,0
3.665,5,0,FF,,0,0
3.67,5,0,FF,,0,0
3.675,5,0,FF,,0,0
3.68,5,0,FF,,0,0
3.685,5,0,FF,,0,0
3.69,5,0,FF,,0,0
3.695,5,0,FF,,0,0
3.7,5,0,FF,,0,0
3.705,5,0,FF,,0,0
3.71,5,0,FF,,0,0
3.715,5,0,FF,,0,0
3.72,5,0,FF,,0,0
3.725,5,0,FF,,0,0
3.73,5,0,FF,,0,0
3.735,5,0,FF,,0,0
3.74,5,0,FF,,0,0
3.745,5,0,FF,,0,0
3.75,5,0,FF,,0,0
3.755,5,0,FF,,0,0
3.76,5,0,FF,,0,0
3.765,5,0,FF,,0,0
3.77,5,0,FF,,0,0
3.775,5,0,FF,,0,0
3.78,5,0,FF,,0,0
3.785,5,0,FF,,0,0
3.79,5,0,FF,,0,0
3.795,5,0,FF,,0,0
3.8,5,0,FF,,0,0
3.805,5,0,FF,,0,0
3.81,5,0,FF,,0,0
3.815,5,0,FF,,0,0
3.82,5,0,FF,,0,0
3.825,5,0,FF,,0,0
3.83,5,0,FF,,0,0
3.835,5,0,FF,,0,0
3.84,5,0,FF,,0,0
3.845,5,0,FF,,0,0
3.85,5,0,FF,,0,0
3.855,5,0,FF,,0,0
3.86,5,0,FF,,0,0
3.865,5,0,FF,,0,0
3.87,5,0,FF,,0,0
3.875,5,0,FF,,0,0
3.88,5,0,FF,,0,0
3.885,5,0,FF,,0,0
3.89,5,0,FF,,0,0
3.895,5,0,FF,,0,0
3.9,5,0,FF,,0,0
3.905,5,0,FF,,0,0
3.91,5,0,FF,,0,0
3.915,5,0,FF,,0,0
3.92,5,0,FF,,0,0
3.925,5,0,FF,,0,0
3.93,5,0,FF,,0,0
3.935,5,0,FF,,0,0
3.94,5,0,FF,,0,0
3.945,5,0,FF,,0,0
3.95,5,0,FF,,0,0
3.955,5,0,FF,,0,0
3.96,5,0,FF,,0,0
3.965,5,0,FF,,0,0
3.97,5,0,FF,,0,0
3.975,5,0,FF,,0,0
3.98,5,0,FF,,0,0
3.985,5,0,FF,,0,0
3.99,5,0,FF,,0,0
3.995,5,0,FF,,0,0
4,5,0,FF,,0,0
4.005,5,0,FF,,0,0
4.01,5,0,FF,,0,0
4.015,5,0,FF,,0,0
4.02,5,0,FF,,0,0
4.025,5,0,FF,,0,0
4.03,5,0,FF,,0,0
4.035,5,0,FF,,0,0
4.04,5,0,FF,,0,0
4.045,5,0,FF,,0,0
4.05,5,0,FF,,0,0
4.055,5,0,FF,,0,0
4.06,5,0,FF,,0,0
4.065,5,0,FF,,0,0
4.07,5,0,FF,,0,0
4.075,5,0,FF,,0,0
4.08,5,0,FF,,0,0
4.085,5,0,FF,,0,0
4.09,5,0,FF,,0,0
4.095,5,0,FF,,0,0
4.1,5,0,FF,,0,0
4.105,5,0,FF,,0,0
4.11,5,0,FF,,0,0
4.115,5,0,FF,,0,0
4.12,5,0,FF,,0,0
4.125,5,0,FF,,0,0
4.13,5,0,FF,,0,0
4.135,5,0,FF,,0,0
4.14,5,0,FF,,0,0
4.145,5,0,FF,,0,0
4.15,5,0,FF,,0,0
4.155,5,0,FF,,0,0
4.16,5,0,FF,,0,0
4.165,5,0,FF,,0,0
4.17,5,0,FF,,0,0
4.175,5,0,FF,,0,0
4.18,5,0,FF,,0,0
4.185,5,0,FF,,0,0
4.19,5,0,FF,,0,0
4.195,5,0,FF,,0,0
4.2,5,0,FF,,0,0
4.205,5,0,FF,,0,0
4.21,5,0,FF,,0,0
4.215,5,0,FF,,0,0
4.22,5,0,FF,,0,0
4.225,5,0,FF,,0,0
4.23,5,0,FF,,0,0
4.235,5,0,FF,,0,0
4.24,5,0,FF,,0,0
4.245,5,0,FF,,0,0
4.25,5,0,FF,,0,0
4.255,5,0,FF,,0,0
4.26,5,0,FF,,0,0
4.265,5,0,FF,,0,0
4.27,5,0,FF,,0,0
4.275,5,0,FF,,0,0
4.28,5,0,FF,,0,0
4.285,5,0,FF,,0,0
4.29,5,0,FF,,0,0
4.295,5,0,FF,,0,0
4.3,5,0,FF,,0,0
4.305,5,0,FF,,0,0
4.31,5,0,FF,,0,0
4.315,5,0,FF,,0,0
4.32,5,0,FF,,0,0
4.325,5,0,FF,,0,0
4.33,5,0,FF,,0,0
4.335,5,0,FF,,0,0
4.34,5,0,FF,,0,0
4.345,5,0,FF,,0,0
4.35,5,0,FF,,0,0
4.355,5,0,FF,,0,0
4.36,5,0,FF,,0,0
4.365,5,0,FF,,0,0
4.37,5,0,FF,,0,0
4.375,5,0,FF,,0,0
4.38,5,0,FF,,0,0
4.385,5,0,FF,,0,0
4.39,5,0,FF,,0,0
4.395,5,0,FF,,0,0
4.4,5,0,FF,,0,0
4.405,5,0,FF,,0,0
4.41,5,0,FF,,0,0
4.415,5,0,FF,,0,0
4.42,5,0,FF,,0,0
4.425,5,0,FF,,0,0
4.43,5,0,FF,,0,0
4.435,5,0,FF,,0,0
4.44,5,0,FF,,0,0
4.445,5,0,FF,,0,0
4.45,5,0,FF,,0,0
4.455,5,0,FF,,0,0
4.46,5,0,FF,,0,0
4.465,5,0,FF,,0,0
4.47,5,0,FF,,0,0
4.475,5,0,FF,,0,0
4.48,5,0,FF,,0,0
4.485,5,0,FF,,0,0
4.49,5,0,FF,,0,0
4.495,5,0,FF,,0,0
4.5,5,0,FF,,0,0
4.505,5,0,FF,,0,0
4.51,5,0,FF,,0,0
4.515,5,0,FF,,0,0
4.52,5,0,FF,,0,0
4.525,5,0,FF,,0,0
4.53,5,0,FF,,0,0
4.535,5,0,FF,,0,0
4.54,5,0,FF,,0,0
4.545,5,0,FF,,0,0
4.55,5,0,FF,,0,0
4.555,5,0,FF,,0,0
4.56,5,0,FF,,0,0
4.565,5,0,FF,,0,0
4.57,5,0,FF,,0,0
4.575,5,0,FF,,0,0
4.58,5,0,FF,,0,0
4.585,5,0,FF,,0,0
4.59,5,0,FF,,0,0
4.595,5,0,FF,,0,0
4.6,5,0,FF,,0,0
4.605,5,0,FF,,0,0
4.61,5,0,FF,,0,0
4.615,5,0,FF,,0,0
4.62,5,0,FF,,0,0
4.625,5,0,FF,,0,0
4.63,5,0,FF,,0,0
4.635,5,0,FF,,0,0
4.64,5,0,FF,,0,0
4.645,5,0,FF,,0,0
4.65,5,0,FF,,0,0
4.655,5,0,FF,,0,0
4.66,5,0,FF,,0,0
4.665,5,0,FF,,0,0
4.67,5,0,FF,,0,0
4.675,5,0,FF,,0,0
4.68,5,0,FF,,0,0
4.685,5,0,FF,,0,0
4.69,5,0,FF,,0,0
4.695,5,0,FF,,0,0
4.7,5,0,FF,,0,0
4.705,5,0,FF,,0,0
4.71,5,0,FF,,0,0
4.715,5,0,FF,,0,0
4.72,5,0,FF,,0,0
4.725,5,0,FF,,0,0
4.73,5,0,FF,,0,0
4.735,5,0,FF,,0,0
4.74,5,0,FF,,0,0
4.745,5,0,FF,,0,0
4.75,5,0,FF,,0,0
4.755,5,0,FF,,0,0
4.76,5,0,FF,,0,0
4.765,5,0,FF,,0,0
4.77,5,0,FF,,0,0
4.775,5,0,FF,,0,0
4.78,5,0,FF,,0,0
4.785,5,0,FF,,0,0
4.79,5,0,FF,,0,0
4.795,5,0,FF,,0,0
4.8,5,0,FF,,0,0
4.805,5,0,FF,,0,0
4.81,5,0,FF,,0,0
4.815,5,0,FF,,0,0
4.82,5,0,FF,,0,0
4.825,5,0,FF,,0,0
4.83,5,0,FF,,0,0
4.835,5,0,FF,,0,0
4.84,5,0,FF,,0,0
4.845,5,0,FF,,0,0
4.85,5,0,FF,,0,0
4.855,5,0,FF,,0,0
4.86,5,0,FF,,0,0
4.865,5,0,FF,,0,0
4.87,5,0,FF,,0,0
4.875,5,0,FF,,0,0
4.88,5,0,FF,,0,0
4.885,5,0,FF,,0,0
4.89,5,0,FF,,0,0
4.895,5,0,FF,,0,0
4.9,5,0,FF,,0,0
4.905,5,0,FF,,0,0
4.91,5,0,FF,,0,0
4.915,5,0,FF,,0,0
4.92,5,0,FF,,0,0
4.925,5,0,FF,,0,0
4.93,5,0,FF,,0,0
4.935,5,0,FF,,0,0
4.94,5,0,FF,,0,0
4.945,5,0,FF,,0,0
4.95,5,0,FF,,0,0
4.955,5,0,FF,,0,0
4.96,5,0,FF,,0,0
4.965,5,0,FF,,0,0
4.97,5,0,FF,,0,0
4.975,5,0,FF,,0,0
4.98,5,0,FF,,0,0
4.985,5,0,FF,,0,0
4.99,5,0,FF,,0,0
4.995,5,0,FF,,0,0
5,5,0,FF,,0,0
0,5,0.5,FF,,0,0
0.005,5,0.5,FF,,0,0
0.01,5,0.5,FF,,0,0
0.015,5,0.5,FF,,-0.0001,0
0.02,5,0.5,FF,,-0.0001,-0.0001
0.025,5,0.5,FF,,-0.0002,-0.0001
0.03,5,0.5,FF,,-0.0003,-0.0002
0.035,5,0.5,FF,,-0.0004,-0.0002
0.04,5,0.5,FF,,-0.0005,-0.0003
0.045,5,0.5,FF,,-0.0006,-0.0004
0.05,5,0.5,FF,,-0.0008,-0.0005
0.055,5,0.5,FF,,-0.001,-0.0006
0.06,5,0.5,FF,,-0.0011,-0.0007
0.065,5,0.5,FF,,-0.0013,-0.0008
0.07,5,0.5,FF,,-0.0015,-0.0009
0.075,5,0.5,FF,,-0.0018,-0.0011
0.08,5,0.5,FF,,-0.002,-0.0012
0.085,5,0.5,FF,,-0.0023,-0.0014
0.09,5,0.5,FF,,-0.0026,-0.0015
0.095,5,0.5,FF,,-0.0029,-0.0017
0.1,5,0.5,FF,,-0.0032,-0.0019
0.105,5,0.5,FF,,-0.0035,-0.002
0.11,5,0.5,FF,,-0.0038,-0.0022
0.115,5,0.5,FF,,-0.0042,-0.0024
0.12,5,0.5,FF,,-0.0046,-0.0026
0.125,5,0.5,FF,,-0.005,-0.0028
0.13,5,0.5,FF,,-0.0054,-0.0031
0.135,5,0.5,FF,,-0.0058,-0.0033
0.14,5,0.5,FF,,-0.0062,-0.0035
0.145,5,0.5,FF,,-0.0067,-0.0038
0.15,5,0.5,FF,,-0.0071,-0.004
0.155,5,0.5,FF,,-0.0076,-0.0043
0.16,5,0.5,FF,,-0.0081,-0.0045
0.165,5,0.5,FF,,-0.0087,-0.0048
0.17,5,0.5,FF,,-0.0092,-0.0051
0.175,5,0.5,FF,,-0.0097,-0.0053
0.18,5,0.5,FF,,-0.0103,-0.0056
0.185,5,0.5,FF,,-0.0109,-0.0059
0.19,5,0.5,FF,,-0.0115,-0.0062
0.195,5,0.5,FF,,-0.0121,-0.0065
0.2,5,0.5,FF,,-0.0127,-0.0068
0.205,5,0.5,FF,,-0.0134,-0.0071
0.21,5,0.5,FF,,-0.0141,-0.0074
0.215,5,0.5,FF,,-0.0147,-0.0078
0.22,5,0.5,FF,,-0.0154,-0.0081
0.225,5,0.5,FF,,-0.0162,-0.0084
0.23,5,0.5,FF,,-0.0169,-0.0087
0.235,5,0.5,FF,,-0.0176,-0.0091
0.24,5,0.5,FF,,-0.0184,-0.0094
0.245,5,0.5,FF,,-0.0192,-0.0098
0.25,5,0.5,FF,,-0.02,-0.0101
0.255,5,0.5,FF,,-0.0208,-0.0105
0.26,5,0.5,FF,,-0.0216,-0.0108
0.265,5,0.5,FF,,-0.0225,-0.0112
0.27,5,0.5,FF,,-0.0233,-0.0116
0.275,5,0.5,FF,,-0.0242,-0.0119
0.28,5,0.5,FF,,-0.0251,-0.0123
0.285,5,0.5,FF,,-0.026,-0.0127
0.29,5,0.5,FF,,-0.0269,-0.0131
0.295,5,0.5,FF,,-0.0279,-0.0135
0.3,5,0.5,FF,,-0.0288,-0.0139
0.305,5,0.5,FF,,-0.0298,-0.0142
0.31,5,0.5,FF,,-0.0308,-0.0146
0.315,5,0.5,FF,,-0.0318,-0.015
0.32,5,0.5,FF,,-0.0328,-0.0154
0.325,5,0.5,FF,,-0.0339,-0.0158
0.33,5,0.5,FF,,-0.035,-0.0162
0.335,5,0.5,FF,,-0.036,-0.0166
0.34,5,0.5,FF,,-0.0371,-0.017
0.345,5,0.5,FF,,-0.0382,-0.0175
0.35,5,0.5,FF,,-0.0394,-0.0179
0.355,5,0.5,FF,,-0.0405,-0.0183
0.36,5,0.5,FF,,-0.0417,-0.0187
0.365,5,0.5,FF,,-0.0428,-0.0191
0.37,5,0.5,FF,,-0.044,-0.0195
0.375,5,0.5,FF,,-0.0452,-0.0199
0.38,5,0.5,FF,,-0.0465,-0.0204
0.385,5,0.5,FF,,-0.0477,-0.0208
0.39,5,0.5,FF,,-0.049,-0.0212
0.395,5,0.5,FF,,-0.0503,-0.0216
0.4,5,0.5,FF,,-0.0516,-0.022
0.405,5,0.5,FF,,-0.0529,-0.0225
0.41,5,0.5,FF,,-0.0542,-0.0229
0.415,5,0.5,FF,,-0.0555,-0.0233
0.42,5,0.5,FF,,-0.0569,-0.0237
0.425,5,0.5,FF,,-0.0583,-0.0241
0.43,5,0.5,FF,,-0.0597,-0.0246
0.435,5,0.5,FF,,-0.0611,-0.025
0.44,5,0.5,FF,,-0.0625,-0.0254
0.445,5,0.5,FF,,-0.064,-0.0258
0.45,5,0.5,FF,,-0.0654,-0.0262
0.455,5,0.5,FF,,-0.0669,-0.0267
0.46,5,0.5,FF,,-0.0684,-0.0271
0.465,5,0.5,FF,,-0.0699,-0.0275
0.47,5,0.5,FF,,-0.0715,-0.0279
0.475,5,0.5,FF,,-0.073,-0.0283
0.48,5,0.5,FF,,-0.0746,-0.0287
0.485,5,0.5,FF,,-0.0761,-0.0292
0.49,5,0.5,FF,,-0.0777,-0.0296
0.495,5,0.5,FF,,-0.0794,-0.03
0.5,5,0.5,FF,,-0.081,-0.0304
0.505,5,0.5,FF,,-0.0826,-0.0308
0.51,5,0.5,FF,,-0.0843,-0.0312
0.515,5,0.5,FF,,-0.0859,-0.0316
0.52,5,0.5,FF,,-0.0875,-0.032
0.525,5,0.5,FF,,-0.0891,-0.0324
0.53,5,0.5,FF,,-0.0907,-0.0328
0.535,5,0.5,FF,,-0.0923,-0.0332
0.54,5,0.5,FF,,-0.0939,-0.0336
0.545,5,0.5,FF,,-0.0955,-0.0339
0.55,5,0.5,FF,,-0.097,-0.0343
0.555,5,0.5,FF,,-0.0986,-0.0347
0.56,5,0.5,FF,,-0.1001,-0.0351
0.565,5,0.5,FF,,-0.1017,-0.0355
0.57,5,0.5,FF,,-0.1032,-0.0358
0.575,5,0.5,FF,,-0.1048,-0.0362
0.58,5,0.5,FF,,-0.1063,-0.0366
0.585,5,0.5,FF,,-0.1078,-0.037
0.59,5,0.5,FF,,-0.1093,-0.0373
0.595,5,0.5,FF,,-0.1108,-0.0377
0.6,5,0.5,FF,,-0.1123,-0.0381
0.605,5,0.5,FF,,-0.1138,-0.0384
0.61,5,0.5,FF,,-0.1152,-0.0388
0.615,5,0.5,FF,,-0.1167,-0.0392
0.62,5,0.5,FF,,-0.1182,-0.0395
0.625,5,0.5,FF,,-0.1196,-0.0399
0.63,5,0.5,FF,,-0.1211,-0.0402
0.635,5,0.5,FF,,-0.1225,-0.0406
0.64,5,0.5,FF,,-0.1239,-0.0409
0.645,5,0.5,FF,,-0.1254,-0.0413
0.65,5,0.5,FF,,-0.1268,-0.0416
0.655,5,0.5,FF,,-0.1282,-0.042
0.66,5,0.5,FF,,-0.1296,-0.0423
0.665,5,0.5,FF,,-0.131,-0.0427
0.67,5,0.5,FF,,-0.1324,-0.043
0.675,5,0.5,FF,,-0.1337,-0.0433
0.68,5,0.5,FF,,-0.1351,-0.0437
0.685,5,0.5,FF,,-0.1365,-0.044
0.69,5,0.5,FF,,-0.1378,-0.0443
0.695,5,0.5,FF,,-0.1392,-0.0447
0.7,5,0.5,FF,,-0.1405,-0.045
0.705,5,0.5,FF,,-0.1419,-0.0453
0.71,5,0.5,FF,,-0.1432,-0.0456
0.715,5,0.5,FF,,-0.1445,-0.046
0.72,5,0.5,FF,,-0.1458,-0.0463
0.725,5,0.5,FF,,-0.1471,-0.0466
0.73,5,0.5,FF,,-0.1484,-0.0469
0.735,5,0.5,FF,,-0.1497,-0.0472
0.74,5,0.5,FF,,-0.151,-0.0475
0.745,5,0.5,FF,,-0.1523,-0.0479
0.75,5,0.5,FF,,-0.1535,-0.0482
0.755,5,0.5,FF,,-0.1548,-0.0485
0.76,5,0.5,FF,,-0.156,-0.0488
0.765,5,0.5,FF,,-0.1573,-0.0491
0.77,5,0.5,FF,,-0.1585,-0.0494
0.775,5,0.5,FF,,-0.1598,-0.0497
0.78,5,0.5,FF,,-0.161,-0.05
0.785,5,0.5,FF,,-0.1622,-0.0503
0.79,5,0.5,FF,,-0.1634,-0.0506
0.795,5,0.5,FF,,-0.1646,-0.0509
0.8,5,0.5,FF,,-0.1658,-0.0512
0.805,5,0.5,FF,,-0.167,-0.0514
0.81,5,0.5,FF,,-0.1682,-0.0517
0.815,5,0.5,FF,,-0.1694,-0.052
0.82,5,0.5,FF,,-0.1705,-0.0523
0.825,5,0.5,FF,,-0.1717,-0.0526
0.83,5,0.5,FF,,-0.1728,-0.0529
0.835,5,0.5,FF,,-0.174,-0.0531
0.84,5,0.5,FF,,-0.1751,-0.0534
0.845,5,0.5,FF,,-0.1763,-0.0537
0.85,5,0.5,FF,,-0.1774,-0.054
0.855,5,0.5,FF,,-0.1785,-0.0542
0.86,5,0.5,FF,,-0.1796,-0.0545
0.865,5,0.5,FF,,-0.1807,-0.0548
0.87,5,0.5,FF,,-0.1818,-0.055
0.875,5,0.5,FF,,-0.1829,-0.0553
0.88,5,0.5,FF,,-0.184,-0.0556
0.885,5,0.5,FF,,-0.1851,-0.0558
0.89,5,0.5,FF,,-0.1862,-0.0561
0.895,5,0.5,FF,,-0.1872,-0.0563
0.9,5,0.5,FF,,-0.1883,-0.0566
0.905,5,0.5,FF,,-0.1893,-0.0568
0.91,5,0.5,FF,,-0.1904,-0.0571
0.915,5,0.5,FF,,-0.1914,-0.0573
0.92,5,0.5,FF,,-0.1924,-0.0576
0.925,5,0.5,FF,,-0.1935,-0.0578
0.93,5,0.5,FF,,-0.1945,-0.0581
0.935,5,0.5,FF,,-0.1955,-0.0583
0.94,5,0.5,FF,,-0.1965,-0.0586
0.945,5,0.5,FF,,-0.1975,-0.0588
0.95,5,0.5,FF,,-0.1985,-0.059
0.955,5,0.5,FF,,-0.1995,-0.0593
0.96,5,0.5,FF,,-0.2004,-0.0595
0.965,5,0.5,FF,,-0.2014,-0.0598
0.97,5,0.5,FF,,-0.2024,-0.06
0.975,5,0.5,FF,,-0.2033,-0.0602
0.98,5,0.5,FF,,-0.2043,-0.0604
0.985,5,0.5,FF,,-0.2052,-0.0607
0.99,5,0.5,FF,,-0.2061,-0.0609
0.995,5,0.5,FF,,-0.2071,-0.0611
1,5,0.5,FF,,-0.208,-0.0613
1.005,5,0.5,FF,,-0.2089,-0.0616
1.01,5,0.5,FF,,-0.2098,-0.0618
1.015,5,0.5,FF,,-0.2107,-0.062
1.02,5,0.5,FF,,-0.2116,-0.0622
1.025,5,0.5,FF,,-0.2125,-0.0624
1.03,5,0.5,FF,,-0.2134,-0.0626
1.035,5,0.5,FF,,-0.2143,-0.0628
1.04,5,0.5,FF,,-0.2152,-0.063
1.045,5,0.5,FF,,-0.216,-0.0632
1.05,5,0.5,FF,,-0.2169,-0.0635
1.055,5,0.5,FF,,-0.2177,-0.0637
1.06,5,0.5,FF,,-0.2186,-0.0639
1.065,5,0.5,FF,,-0.2194,-0.0641
1.07,5,0.5,FF,,-0.2202,-0.0643
1.075,5,0.5,FF,,-0.2211,-0.0644
1.08,5,0.5,FF,,-0.2219,-0.0646
1.085,5,0.5,FF,,-0.2227,-0.0648
1.09,5,0.5,FF,,-0.2235,-0.065
1.095,5,0.5,FF,,-0.2243,-0.0652
1.1,5,0.5,FF,,-0.2251,-0.0654
1.105,5,0.5,FF,,-0.2259,-0.0656
1.11,5,0.5,FF,,-0.2267,-0.0658
1.115,5,0.5,FF,,-0.2275,-0.066
1.12,5,0.5,FF,,-0.2282,-0.0661
1.125,5,0.5,FF,,-0.229,-0.0663
1.13,5,0.5,FF,,-0.2297,-0.0665
1.135,5,0.5,FF,,-0.2305,-0.0667
1.14,5,0.5,FF,,-0.2312,-0.0668
1.145,5,0.5,FF,,-0.232,-0.067
1.15,5,0.5,FF,,-0.2327,-0.0672
1.155,5,0.5,FF,,-0.2334,-0.0674
1.16,5,0.5,FF,,-0.2342,-0.0675
1.165,5,0.5,FF,,-0.2349,-0.0677
1.17,5,0.5,FF,,-0.2356,-0.0679
1.175,5,0.5,FF,,-0.2363,-0.068
1.18,5,0.5,FF,,-0.237,-0.0682
1.185,5,0.5,FF,,-0.2377,-0.0684
1.19,5,0.5,FF,,-0.2384,-0.0685
1.195,5,0.5,FF,,-0.239,-0.0687
1.2,5,0.5,FF,,-0.2397,-0.0688
1.205,5,0.5,FF,,-0.2404,-0.069
1.21,5,0.5,FF,,-0.241,-0.0691
1.215,5,0.5,FF,,-0.2417,-0.0693
1.22,5,0.5,FF,,-0.2423,-0.0694
1.225,5,0.5,FF,,-0.243,-0.0696
1.23,5,0.5,FF,,-0.2436,-0.0697
1.235,5,0.5,FF,,-0.2442,-0.0699
1.24,5,0.5,FF,,-0.2449,-0.07
1.245,5,0.5,FF,,-0.2455,-0.0702
1.25,5,0.5,FF,,-0.2461,-0.0703
1.255,5,0.5,FF,,-0.2467,-0.0705
1.26,5,0.5,FF,,-0.2473,-0.0706
1.265,5,0.5,FF,,-0.2479,-0.0707
1.27,5,0.5,FF,,-0.2485,-0.0709
1.275,5,0.5,FF,,-0.2491,-0.071
1.28,5,0.5,FF,,-0.2496,-0.0711
1.285,5,0.5,FF,,-0.2502,-0.0713
1.29,5,0.5,FF,,-0.2508,-0.0714
1.295,5,0.5,FF,,-0.2513,-0.0715
1.3,5,0.5,FF,,-0.2519,-0.0716
1.305,5,0.5,FF,,-0.2524,-0.0718
1.31,5,0.5,FF,,-0.253,-0.0719
1.315,5,0.5,FF,,-0.2535,-0.072
1.32,5,0.5,FF,,-0.2541,-0.0721
1.325,5,0.5,FF,,-0.2546,-0.0723
1.33,5,0.5,FF,,-0.2551,-0.0724
1.335,5,0.5,FF,,-0.2556,-0.0725
1.34,5,0.5,FF,,-0.2561,-0.0726
1.345,5,0.5,FF,,-0.2566,-0.0727
1.35,5,0.5,FF,,-0.2571,-0.0728
1.355,5,0.5,FF,,-0.2576,-0.0729
1.36,5,0.5,FF,,-0.2581,-0.073
1.365,5,0.5,FF,,-0.2586,-0.0732
1.37,5,0.5,FF,,-0.2591,-0.0733
1.375,5,0.5,FF,,-0.2595,-0.0734
1.38,5,0.5,FF,,-0.26,-0.0735
1.385,5,0.5,FF,,-0.2604,-0.0736
1.39,5,0.5,FF,,-0.2609,-0.0737
1.395,5,0.5,FF,,-0.2614,-0.0738
1.4,5,0.5,FF,,-0.2618,-0.0739
1.405,5,0.5,FF,,-0.2622,-0.074
1.41,5,0.5,FF,,-0.2627,-0.0741
1.415,5,0.5,FF,,-0.2631,-0.0742
1.42,5,0.5,FF,,-0.2635,-0.0742
1.425,5,0.5,FF,,-0.2639,-0.0743
1.43,5,0.5,FF,,-0.2643,-0.0744
1.435,5,0.5,FF,,-0.2647,-0.0745
1.44,5,0.5,FF,,-0.2651,-0.0746
1.445,5,0.5,FF,,-0.2655,-0.0747
1.45,5,0.5,FF,,-0.2659,-0.0748
1.455,5,0.5,FF,,-0.2663,-0.0749
1.46,5,0.5,FF,,-0.2667,-0.0749
1.465,5,0.5,FF,,-0.267,-0.075
1.47,5,0.5,FF,,-0.2674,-0.0751
1.475,5,0.5,FF,,-0.2678,-0.0752
1.48,5,0.5,FF,,-0.2681,-0.0753
1.485,5,0.5,FF,,-0.2685,-0.0753
1.49,5,0.5,FF,,-0.2688,-0.0754
1.495,5,0.5,FF,,-0.2692,-0.0755
1.5,5,0.5,FF,,-0.2695,-0.0755
1.505,5,0.5,FF,,-0.2698,-0.0756
1.51,5,0.5,FF,,-0.2702,-0.0757
1.515,5,0.5,FF,,-0.2705,-0.0757
1.52,5,0.5,FF,,-0.2708,-0.0758
1.525,5,0.5,FF,,-0.2711,-0.0759
1.53,5,0.5,FF,,-0.2714,-0.0759
1.535,5,0.5,FF,,-0.2717,-0.076
1.54,5,0.5,FF,,-0.272,-0.0761
1.545,5,0.5,FF,,-0.2723,-0.0761
1.55,5,0.5,FF,,-0.2726,-0.0762
1.555,5,0.5,FF,,-0.2728,-0.0762
1.56,5,0.5,FF,,-0.2731,-0.0763
1.565,5,0.5,FF,,-0.2734,-0.0763
1.57,5,0.5,FF,,-0.2737,-0.0764
1.575,5,0.5,FF,,-0.2739,-0.0764
1.58,5,0.5,FF,,-0.2742,-0.0765
1.585,5,0.5,FF,,-0.2744,-0.0765
1.59,5,0.5,FF,,-0.2747,-0.0766
1.595,5,0.5,FF,,-0.2749,-0.0766
1.6,5,0.5,FF,,-0.2751,-0.0767
1.605,5,0.5,FF,,-0.2754,-0.0767
1.61,5,0.5,FF,,-0.2756,-0.0768
1.615,5,0.5,FF,,-0.2758,-0.0768
1.62,5,0.5,FF,,-0.276,-0.0768
1.625,5,0.5,FF,,-0.2762,-0.0769
1.63,5,0.5,FF,,-0.2764,-0.0769
1.635,5,0.5,FF,,-0.2766,-0.077
1.64,5,0.5,FF,,-0.2768,-0.077
1.645,5,0.5,FF,,-0.277,-0.077
1.65,5,0.5,FF,,-0.2772,-0.0771
1.655,5,0.5,FF,,-0.2774,-0.0771
1.66,5,0.5,FF,,-0.2776,-0.0771
1.665,5,0.5,FF,,-0.2777,-0.0772
1.67,5,0.5,FF,,-0.2779,-0.0772
1.675,5,0.5,FF,,-0.278,-0.0772
1.68,5,0.5,FF,,-0.2782,-0.0772
1.685,5,0.5,FF,,-0.2784,-0.0773
1.69,5,0.5,FF,,-0.2785,-0.0773
1.695,5,0.5,FF,,-0.2786,-0.0773
1.7,5,0.5,FF,,-0.2788,-0.0773
1.705,5,0.5,FF,,-0.2789,-0.0773
1.71,5,0.5,FF,,-0.279,-0.0774
1.715,5,0.5,FF,,-0.2792,-0.0774
1.72,5,0.5,FF,,-0.2793,-0.0774
1.725,5,0.5,FF,,-0.2794,-0.0774
1.73,5,0.5,FF,,-0.2795,-0.0774
1.735,5,0.5,FF,,-0.2796,-0.0774
1.74,5,0.5,FF,,-0.2797,-0.0774
1.745,5,0.5,FF,,-0.2798,-0.0774
1.75,5,0.5,FF,,-0.2799,-0.0775
1.755,5,0.5,FF,,-0.28,-0.0775
1.76,5,0.5,FF,,-0.2801,-0.0775
1.765,5,0.5,FF,,-0.2802,-0.0775
1.77,5,0.5,FF,,-0.2802,-0.0775
1.775,5,0.5,FF,,-0.2803,-0.0775
1.78,5,0.5,FF,,-0.2804,-0.0775
1.785,5,0.5,FF,,-0.2804,-0.0775
1.79,5,0.5,FF,,-0.2805,-0.0775
1.795,5,0.5,FF,,-0.2805,-0.0775
1.8,5,0.5,FF,,-0.2806,-0.0775
1.805,5,0.5,FF,,-0.2806,-0.0775
1.81,5,0.5,FF,,-0.2807,-0.0775
1.815,5,0.5,FF,,-0.2807,-0.0775
1.82,5,0.5,FF,,-0.2807,-0.0775
1.825,5,0.5,FF,,-0.2807,-0.0775
1.83,5,0.5,FF,,-0.2808,-0.0774
1.835,5,0.5,FF,,-0.2808,-0.0774
1.84,5,0.5,FF,,-0.2808,-0.0774
1.845,5,0.5,FF,,-0.2808,-0.0774
1.85,5,0.5,FF,,-0.2808,-0.0774
1.855,5,0.5,FF,,-0.2808,-0.0774
1.86,5,0.5,FF,,-0.2808,-0.0774
1.865,5,0.5,FF,,-0.2808,-0.0773
1.87,5,0.5,FF,,-0.2808,-0.0773
1.875,5,0.5,FF,,-0.2808,-0.0773
1.88,5,0.5,FF,,-0.2807,-0.0773
1.885,5,0.5,FF,,-0.2807,-0.0773
1.89,5,0.5,FF,,-0.2807,-0.0772
1.895,5,0.5,FF,,-0.2807,-0.0772
1.9,5,0.5,FF,,-0.2806,-0.0772
1.905,5,0.5,FF,,-0.2806,-0.0772
1.91,5,0.5,FF,,-0.2805,-0.0771
1.915,5,0.5,FF,,-0.2805,-0.0771
1.92,5,0.5,FF,,-0.2804,-0.0771
1.925,5,0.5,FF,,-0.2804,-0.0771
1.93,5,0.5,FF,,-0.2803,-0.077
1.935,5,0.5,FF,,-0.2802,-0.077
1.94,5,0.5,FF,,-0.2802,-0.077
1.945,5,0.5,FF,,-0.2801,-0.0769
1.95,5,0.5,FF,,-0.28,-0.0769
1.955,5,0.5,FF,,-0.2799,-0.0769
1.96,5,0.5,FF,,-0.2798,-0.0768
1.965,5,0.5,FF,,-0.2797,-0.0768
1.97,5,0.5,FF,,-0.2797,-0.0768
1.975,5,0.5,FF,,-0.2796,-0.0767
1.98,5,0.5,FF,,-0.2794,-0.0767
1.985,5,0.5,FF,,-0.2793,-0.0766
1.99,5,0.5,FF,,-0.2792,-0.0766
1.995,5,0.5,FF,,-0.2791,-0.0765
2,5,0.5,FF,,-0.279,-0.0765
2.005,5,0.5,FF,,-0.2789,-0.0765
2.01,5,0.5,FF,,-0.2788,-0.0764
2.015,5,0.5,FF,,-0.2786,-0.0764
2.02,5,0.5,FF,,-0.2785,-0.0763
2.025,5,0.5,FF,,-0.2784,-0.0763
2.03,5,0.5,FF,,-0.2782,-0.0762
2.035,5,0.5,FF,,-0.2781,-0.0762
2.04,5,0.5,FF,,-0.2779,-0.0761
2.045,5,0.5,FF,,-0.2778,-0.0761
2.05,5,0.5,FF,,-0.2776,-0.076
2.055,5,0.5,FF,,-0.2775,-0.0759
2.06,5,0.5,FF,,-0.2773,-0.0759
2.065,5,0.5,FF,,-0.2771,-0.0758
2.07,5,0.5,FF,,-0.2769,-0.0758
2.075,5,0.5,FF,,-0.2768,-0.0757
2.08,5,0.5,FF,,-0.2766,-0.0757
2.085,5,0.5,FF,,-0.2764,-0.0756
2.09,5,0.5,FF,,-0.2762,-0.0755
2.095,5,0.5,FF,,-0.276,-0.0755
2.1,5,0.5,FF,,-0.2758,-0.0754
2.105,5,0.5,FF,,-0.2757,-0.0753
2.11,5,0.5,FF,,-0.2755,-0.0753
2.115,5,0.5,FF,,-0.2752,-0.0752
2.12,5,0.5,FF,,-0.275,-0.0751
2.125,5,0.5,FF,,-0.2748,-0.0751
2.13,5,0.5,FF,,-0.2746,-0.075
2.135,5,0.5,FF,,-0.2744,-0.0749
2.14,5,0.5,FF,,-0.2742,-0.0749
2.145,5,0.5,FF,,-0.274,-0.0748
2.15,5,0.5,FF,,-0.2737,-0.0747
2.155,5,0.5,FF,,-0.2735,-0.0747
2.16,5,0.5,FF,,-0.2733,-0.0746
2.165,5,0.5,FF,,-0.273,-0.0745
2.17,5,0.5,FF,,-0.2728,-0.0744
2.175,5,0.5,FF,,-0.2725,-0.0744
2.18,5,0.5,FF,,-0.2723,-0.0743
2.185,5,0.5,FF,,-0.272,-0.0742
2.19,5,0.5,FF,,-0.2718,-0.0741
2.195,5,0.5,FF,,-0.2715,-0.074
2.2,5,0.5,FF,,-0.2713,-0.074
2.205,5,0.5,FF,,-0.271,-0.0739
2.21,5,0.5,FF,,-0.2707,-0.0738
2.215,5,0.5,FF,,-0.2705,-0.0737
2.22,5,0.5,FF,,-0.2702,-0.0736
2.225,5,0.5,FF,,-0.2699,-0.0735
2.23,5,0.5,FF,,-0.2696,-0.0735
2.235,5,0.5,FF,,-0.2693,-0.0734
2.24,5,0.5,FF,,-0.2691,-0.0733
2.245,5,0.5,FF,,-0.2688,-0.0732
2.25,5,0.5,FF,,-0.2685,-0.0731
2.255,5,0.5,FF,,-0.2682,-0.073
2.26,5,0.5,FF,,-0.2679,-0.0729
2.265,5,0.5,FF,,-0.2676,-0.0728
2.27,5,0.5,FF,,-0.2673,-0.0727
2.275,5,0.5,FF,,-0.267,-0.0726
2.28,5,0.5,FF,,-0.2666,-0.0726
2.285,5,0.5,FF,,-0.2663,-0.0725
2.29,5,0.5,FF,,-0.266,-0.0724
2.295,5,0.5,FF,,-0.2657,-0.0723
2.3,5,0.5,FF,,-0.2654,-0.0722
2.305,5,0.5,FF,,-0.265,-0.0721
2.31,5,0.5,FF,,-0.2647,-0.072
2.315,5,0.5,FF,,-0.2644,-0.0719
2.32,5,0.5,FF,,-0.264,-0.0718
2.325,5,0.5,FF,,-0.2637,-0.0717
2.33,5,0.5,FF,,-0.2633,-0.0716
2.335,5,0.5,FF,,-0.263,-0.0715
2.34,5,0.5,FF,,-0.2626,-0.0714
2.345,5,0.5,FF,,-0.2623,-0.0713
2.35,5,0.5,FF,,-0.2619,-0.0712
2.355,5,0.5,FF,,-0.2616,-0.0711
2.36,5,0.5,FF,,-0.2612,-0.071
2.365,5,0.5,FF,,-0.2609,-0.0708
2.37,5,0.5,FF,,-0.2605,-0.0707
2.375,5,0.5,FF,,-0.2601,-0.0706
2.38,5,0.5,FF,,-0.2597,-0.0705
2.385,5,0.5,FF,,-0.2594,-0.0704
2.39,5,0.5,FF,,-0.259,-0.0703
2.395,5,0.5,FF,,-0.2586,-0.0702
2.4,5,0.5,FF,,-0.2582,-0.0701
2.405,5,0.5,FF,,-0.2578,-0.07
2.41,5,0.5,FF,,-0.2575,-0.0699
2.415,5,0.5,FF,,-0.2571,-0.0697
2.42,5,0.5,FF,,-0.2567,-0.0696
2.425,5,0.5,FF,,-0.2563,-0.0695
2.43,5,0.5,FF,,-0.2559,-0.0694
2.435,5,0.5,FF,,-0.2555,-0.0693
2.44,5,0.5,FF,,-0.2551,-0.0692
2.445,5,0.5,FF,,-0.2547,-0.069
2.45,5,0.5,FF,,-0.2542,-0.0689
2.455,5,0.5,FF,,-0.2538,-0.0688
2.46,5,0.5,FF,,-0.2534,-0.0687
2.465,5,0.5,FF,,-0.253,-0.0686
2.47,5,0.5,FF,,-0.2526,-0.0684
2.475,5,0.5,FF,,-0.2522,-0.0683
2.48,5,0.5,FF,,-0.2517,-0.0682
2.485,5,0.5,FF,,-0.2513,-0.0681
2.49,5,0.5,FF,,-0.2509,-0.068
2.495,5,0.5,FF,,-0.2504,-0.0678
2.5,5,0.5,FF,,-0.25,-0.0677
2.505,5,0.5,FF,,-0.2496,-0.0676
2.51,5,0.5,FF,,-0.2491,-0.0675
2.515,5,0.5,FF,,-0.2487,-0.0673
2.52,5,0.5,FF,,-0.2482,-0.0672
2.525,5,0.5,FF,,-0.2478,-0.0671
2.53,5,0.5,FF,,-0.2473,-0.0669
2.535,5,0.5,FF,,-0.2469,-0.0668
2.54,5,0.5,FF,,-0.2464,-0.0667
2.545,5,0.5,FF,,-0.246,-0.0666
2.55,5,0.5,FF,,-0.2455,-0.0664
2.555,5,0.5,FF,,-0.245,-0.0663
2.56,5,0.5,FF,,-0.2446,-0.0662
2.565,5,0.5,FF,,-0.2441,-0.066
2.57,5,0.5,FF,,-0.2436,-0.0659
2.575,5,0.5,FF,,-0.2432,-0.0658
2.58,5,0.5,FF,,-0.2427,-0.0656
2.585,5,0.5,FF,,-0.2422,-0.0655
2.59,5,0.5,FF,,-0.2417,-0.0654
2.595,5,0.5,FF,,-0.2413,-0.0652
2.6,5,0.5,FF,,-0.2408,-0.0651
2.605,5,0.5,FF,,-0.2403,-0.065
2.61,5,0.5,FF,,-0.2398,-0.0648
2.615,5,0.5,FF,,-0.2393,-0.0647
2.62,5,0.5,FF,,-0.2388,-0.0645
2.625,5,0.5,FF,,-0.2383,-0.0644
2.63,5,0.5,FF,,-0.2378,-0.0643
2.635,5,0.5,FF,,-0.2373,-0.0641
2.64,5,0.5,FF,,-0.2368,-0.064
2.645,5,0.5,FF,,-0.2363,-0.0638
2.65,5,0.5,FF,,-0.2358,-0.0637
2.655,5,0.5,FF,,-0.2353,-0.0636
2.66,5,0.5,FF,,-0.2348,-0.0634
2.665,5,0.5,FF,,-0.2343,-0.0633
2.67,5,0.5,FF,,-0.2338,-0.0631
2.675,5,0.5,FF,,-0.2333,-0.063
2.68,5,0.5,FF,,-0.2327,-0.0628
2.685,5,0.5,FF,,-0.2322,-0.0627
2.69,5,0.5,FF,,-0.2317,-0.0625
2.695,5,0.5,FF,,-0.2312,-0.0624
2.7,5,0.5,FF,,-0.2306,-0.0622
2.705,5,0.5,FF,,-0.2301,-0.0621
2.71,5,0.5,FF,,-0.2296,-0.062
2.715,5,0.5,FF,,-0.2291,-0.0618
2.72,5,0.5,FF,,-0.2285,-0.0617
2.725,5,0.5,FF,,-0.228,-0.0615
2.73,5,0.5,FF,,-0.2274,-0.0614
2.735,5,0.5,FF,,-0.2269,-0.0612
2.74,5,0.5,FF,,-0.2264,-0.0611
2.745,5,0.5,FF,,-0.2258,-0.0609
2.75,5,0.5,FF,,-0.2253,-0.0608
2.755,5,0.5,FF,,-0.2247,-0.0606
2.76,5,0.5,FF,,-0.2242,-0.0604
2.765,5,0.5,FF,,-0.2236,-0.0603
2.77,5,0.5,FF,,-0.2231,-0.0601
2.775,5,0.5,FF,,-0.2225,-0.06
2.78,5,0.5,FF,,-0.222,-0.0598
2.785,5,0.5,FF,,-0.2214,-0.0597
2.79,5,0.5,FF,,-0.2209,-0.0595
2.795,5,0.5,FF,,-0.2203,-0.0594
2.8,5,0.5,FF,,-0.2197,-0.0592
2.805,5,0.5,FF,,-0.2192,-0.0591
2.81,5,0.5,FF,,-0.2186,-0.0589
2.815,5,0.5,FF,,-0.218,-0.0587
2.82,5,0.5,FF,,-0.2175,-0.0586
2.825,5,0.5,FF,,-0.2169,-0.0584
2.83,5,0.5,FF,,-0.2163,-0.0583
2.835,5,0.5,FF,,-0.2158,-0.0581
2.84,5,0.5,FF,,-0.2152,-0.0579
2.845,5,0.5,FF,,-0.2146,-0.0578
2.85,5,0.5,FF,,-0.214,-0.0576
2.855,5,0.5,FF,,-0.2134,-0.0575
2.86,5,0.5,FF,,-0.2129,-0.0573
2.865,5,0.5,FF,,-0.2123,-0.0571
2.87,5,0.5,FF,,-0.2117,-0.057
2.875,5,0.5,FF,,-0.2111,-0.0568
2.88,5,0.5,FF,,-0.2105,-0.0567
2.885,5,0.5,FF,,-0.2099,-0.0565
2.89,5,0.5,FF,,-0.2093,-0.0563
2.895,5,0.5,FF,,-0.2087,-0.0562
2.9,5,0.5,FF,,-0.2082,-0.056
2.905,5,0.5,FF,,-0.2076,-0.0558
2.91,5,0.5,FF,,-0.207,-0.0557
2.915,5,0.5,FF,,-0.2064,-0.0555
2.92,5,0.5,FF,,-0.2058,-0.0553
2.925,5,0.5,FF,,-0.2052,-0.0552
2.93,5,0.5,FF,,-0.2046,-0.055
2.935,5,0.5,FF,,-0.204,-0.0549
2.94,5,0.5,FF,,-0.2034,-0.0547
2.945,5,0.5,FF,,-0.2027,-0.0545
2.95,5,0.5,FF,,-0.2021,-0.0544
2.955,5,0.5,FF,,-0.2015,-0.0542
2.96,5,0.5,FF,,-0.2009,-0.054
2.965,5,0.5,FF,,-0.2003,-0.0538
2.97,5,0.5,FF,,-0.1997,-0.0537
2.975,5,0.5,FF,,-0.1991,-0.0535
2.98,5,0.5,FF,,-0.1985,-0.0533
2.985,5,0.5,FF,,-0.1979,-0.0532
2.99,5,0.5,FF,,-0.1972,-0.053
2.995,5,0.5,FF,,-0.1966,-0.0528
3,5,0.5,FF,,-0.196,-0.0527
3.005,5,0.5,FF,,-0.1954,-0.0525
3.01,5,0.5,FF,,-0.1948,-0.0523
3.015,5,0.5,FF,,-0.1941,-0.0522
3.02,5,0.5,FF,,-0.1935,-0.052
3.025,5,0.5,FF,,-0.1929,-0.0518
3.03,5,0.5,FF,,-0.1923,-0.0516
3.035,5,0.5,FF,,-0.1916,-0.0515
3.04,5,0.5,FF,,-0.191,-0.0513
3.045,5,0.5,FF,,-0.1904,-0.0511
3.05,5,0.5,FF,,-0.1897,-0.051
3.055,5,0.5,FF,,-0.1891,-0.0508
3.06,5,0.5,FF,,-0.1885,-0.0506
3.065,5,0.5,FF,,-0.1878,-0.0504
3.07,5,0.5,FF,,-0.1872,-0.0503
3.075,5,0.5,FF,,-0.1866,-0.0501
3.08,5,0.5,FF,,-0.1859,-0.0499
3.085,5,0.5,FF,,-0.1853,-0.0497
3.09,5,0.5,FF,,-0.1847,-0.0496
3.095,5,0.5,FF,,-0.184,-0.0494
3.1,5,0.5,FF,,-0.1834,-0.0492
3.105,5,0.5,FF,,-0.1827,-0.049
3.11,5,0.5,FF,,-0.1821,-0.0489
3.115,5,0.5,FF,,-0.1815,-0.0487
3.12,5,0.5,FF,,-0.1808,-0.0485
3.125,5,0.5,FF,,-0.1802,-0.0483
3.13,5,0.5,FF,,-0.1795,-0.0482
3.135,5,0.5,FF,,-0.1789,-0.048
3.14,5,0.5,FF,,-0.1782,-0.0478
3.145,5,0.5,FF,,-0.1776,-0.0476
3.15,5,0.5,FF,,-0.1769,-0.0475
3.155,5,0.5,FF,,-0.1763,-0.0473
3.16,5,0.5,FF,,-0.1756,-0.0471
3.165,5,0.5,FF,,-0.175,-0.0469
3.17,5,0.5,FF,,-0.1743,-0.0468
3.175,5,0.5,FF,,-0.1737,-0.0466
3.18,5,0.5,FF,,-0.173,-0.0464
3.185,5,0.5,FF,,-0.1724,-0.0462
3.19,5,0.5,FF,,-0.1717,-0.046
3.195,5,0.5,FF,,-0.1711,-0.0459
3.2,5,0.5,FF,,-0.1704,-0.0457
3.205,5,0.5,FF,,-0.1698,-0.0455
3.21,5,0.5,FF,,-0.1691,-0.0453
3.215,5,0.5,FF,,-0.1685,-0.0451
3.22,5,0.5,FF,,-0.1678,-0.045
3.225,5,0.5,FF,,-0.1671,-0.0448
3.23,5,0.5,FF,,-0.1665,-0.0446
3.235,5,0.5,FF,,-0.1658,-0.0444
3.24,5,0.5,FF,,-0.1652,-0.0443
3.245,5,0.5,FF,,-0.1645,-0.0441
3.25,5,0.5,FF,,-0.1638,-0.0439
3.255,5,0.5,FF,,-0.1632,-0.0437
3.26,5,0.5,FF,,-0.1625,-0.0435
3.265,5,0.5,FF,,-0.1619,-0.0434
3.27,5,0.5,FF,,-0.1612,-0.0432
3.275,5,0.5,FF,,-0.1605,-0.043
3.28,5,0.5,FF,,-0.1599,-0.0428
3.285,5,0.5,FF,,-0.1592,-0.0426
3.29,5,0.5,FF,,-0.1585,-0.0425
3.295,5,0.5,FF,,-0.1579,-0.0423
3.3,5,0.5,FF,,-0.1572,-0.0421
3.305,5,0.5,FF,,-0.1566,-0.0419
3.31,5,0.5,FF,,-0.1559,-0.0417
3.315,5,0.5,FF,,-0.1552,-0.0416
3.32,5,0.5,FF,,-0.1546,-0.0414
3.325,5,0.5,FF,,-0.1539,-0.0412
3.33,5,0.5,FF,,-0.1532,-0.041
3.335,5,0.5,FF,,-0.1526,-0.0408
3.34,5,0.5,FF,,-0.1519,-0.0407
3.345,5,0.5,FF,,-0.1512,-0.0405
3.35,5,0.5,FF,,-0.1506,-0.0403
3.355,5,0.5,FF,,-0.1499,-0.0401
3.36,5,0.5,FF,,-0.1492,-0.0399
3.365,5,0.5,FF,,-0.1486,-0.0398
3.37,5,0.5,FF,,-0.1479,-0.0396
3.375,5,0.5,FF,,-0.1472,-0.0394
3.38,5,0.5,FF,,-0.1465,-0.0392
3.385,5,0.5,FF,,-0.1459,-0.039
3.39,5,0.5,FF,,-0.1452,-0.0388
3.395,5,0.5,FF,,-0.1445,-0.0387
3.4,5,0.5,FF,,-0.1439,-0.0385
3.405,5,0.5,FF,,-0.1432,-0.0383
3.41,5,0.5,FF,,-0.1425,-0.0381
3.415,5,0.5,FF,,-0.1419,-0.0379
3.42,5,0.5,FF,,-0.1412,-0.0378
3.425,5,0.5,FF,,-0.1405,-0.0376
3.43,5,0.5,FF,,-0.1399,-0.0374
3.435,5,0.5,FF,,-0.1392,-0.0372
3.44,5,0.5,FF,,-0.1385,-0.037
3.445,5,0.5,FF,,-0.1379,-0.0369
3.45,5,0.5,FF,,-0.1372,-0.0367
3.455,5,0.5,FF,,-0.1365,-0.0365
3.46,5,0.5,FF,,-0.1358,-0.0363
3.465,5,0.5,FF,,-0.1352,-0.0361
3.47,5,0.5,FF,,-0.1345,-0.036
3.475,5,0.5,FF,,-0.1338,-0.0358
3.48,5,0.5,FF,,-0.1332,-0.0356
3.485,5,0.5,FF,,-0.1325,-0.0354
3.49,5,0.5,FF,,-0.1318,-0.0352
3.495,5,0.5,FF,,-0.1312,-0.0351
3.5,5,0.5,FF,,-0.1305,-0.0349
3.505,5,0.5,FF,,-0.1298,-0.0347
3.51,5,0.5,FF,,-0.1292,-0.0345
3.515,5,0.5,FF,,-0.1285,-0.0343
3.52,5,0.5,FF,,-0.1278,-0.0342
3.525,5,0.5,FF,,-0.1272,-0.034
3.53,5,0.5,FF,,-0.1265,-0.0338
3.535,5,0.5,FF,,-0.1258,-0.0336
3.54,5,0.5,FF,,-0.1252,-0.0334
3.545,5,0.5,FF,,-0.1245,-0.0333
3.55,5,0.5,FF,,-0.1238,-0.0331
3.555,5,0.5,FF,,-0.1232,-0.0329
3.56,5,0.5,FF,,-0.1225,-0.0327
3.565,5,0.5,FF,,-0.1218,-0.0325
3.57,5,0.5,FF,,-0.1212,-0.0324
3.575,5,0.5,FF,,-0.1205,-0.0322
3.58,5,0.5,FF,,-0.1199,-0.032
3.585,5,0.5,FF,,-0.1192,-0.0318
3.59,5,0.5,FF,,-0.1185,-0.0317
3.595,5,0.5,FF,,-0.1179,-0.0315
3.6,5,0.5,FF,,-0.1172,-0.0313
3.605,5,0.5,FF,,-0.1165,-0.0311
3.61,5,0.5,FF,,-0.1159,-0.0309
3.615,5,0.5,FF,,-0.1152,-0.0308
3.62,5,0.5,FF,,-0.1146,-0.0306
3.625,5,0.5,FF,,-0.1139,-0.0304
3.63,5,0.5,FF,,-0.1133,-0.0302
3.635,5,0.5,FF,,-0.1126,-0.0301
3.64,5,0.5,FF,,-0.1119,-0.0299
3.645,5,0.5,FF,,-0.1113,-0.0297
3.65,5,0.5,FF,,-0.1106,-0.0295
3.655,5,0.5,FF,,-0.11,-0.0293
3.66,5,0.5,FF,,-0.1093,-0.0292
3.665,5,0.5,FF,,-0.1087,-0.029
3.67,5,0.5,FF,,-0.108,-0.0288
3.675,5,0.5,FF,,-0.1074,-0.0286
3.68,5,0.5,FF,,-0.1067,-0.0285
3.685,5,0.5,FF,,-0.1061,-0.0283
3.69,5,0.5,FF,,-0.1054,-0.0281
3.695,5,0.5,FF,,-0.1048,-0.0279
3.7,5,0.5,FF,,-0.1041,-0.0278
3.705,5,0.5,FF,,-0.1035,-0.0276
3.71,5,0.5,FF,,-0.1028,-0.0274
3.715,5,0.5,FF,,-0.1022,-0.0273
3.72,5,0.5,FF,,-0.1015,-0.0271
3.725,5,0.5,FF,,-0.1009,-0.0269
3.73,5,0.5,FF,,-0.1002,-0.0267
3.735,5,0.5,FF,,-0.0996,-0.0266
3.74,5,0.5,FF,,-0.0989,-0.0264
3.745,5,0.5,FF,,-0.0983,-0.0262
3.75,5,0.5,FF,,-0.0977,-0.026
3.755,5,0.5,FF,,-0.097,-0.0259
3.76,5,0.5,FF,,-0.0964,-0.0257
3.765,5,0.5,FF,,-0.0957,-0.0255
3.77,5,0.5,FF,,-0.0951,-0.0254
3.775,5,0.5,FF,,-0.0945,-0.0252
3.78,5,0.5,FF,,-0.0938,-0.025
3.785,5,0.5,FF,,-0.0932,-0.0248
3.79,5,0.5,FF,,-0.0926,-0.0247
3.795,5,0.5,FF,,-0.0919,-0.0245
3.8,5,0.5,FF,,-0.0913,-0.0243
3.805,5,0.5,FF,,-0.0907,-0.0242
3.81,5,0.5,FF,,-0.09,-0.024
3.815,5,0.5,FF,,-0.0894,-0.0238
3.82,5,0.5,FF,,-0.0888,-0.0237
3.825,5,0.5,FF,,-0.0882,-0.0235
3.83,5,0.5,FF,,-0.0875,-0.0233
3.835,5,0.5,FF,,-0.0869,-0.0232
3.84,5,0.5,FF,,-0.0863,-0.023
3.845,5,0.5,FF,,-0.0857,-0.0228
3.85,5,0.5,FF,,-0.085,-0.0227
3.855,5,0.5,FF,,-0.0844,-0.0225
3.86,5,0.5,FF,,-0.0838,-0.0223
3.865,5,0.5,FF,,-0.0832,-0.0222
3.87,5,0.5,FF,,-0.0826,-0.022
3.875,5,0.5,FF,,-0.0819,-0.0218
3.88,5,0.5,FF,,-0.0813,-0.0217
3.885,5,0.5,FF,,-0.0807,-0.0215
3.89,5,0.5,FF,,-0.0801,-0.0213
3.895,5,0.5,FF,,-0.0795,-0.0212
3.9,5,0.5,FF,,-0.0789,-0.021
3.905,5,0.5,FF,,-0.0783,-0.0209
3.91,5,0.5,FF,,-0.0777,-0.0207
3.915,5,0.5,FF,,-0.0771,-0.0205
3.92,5,0.5,FF,,-0.0765,-0.0204
3.925,5,0.5,FF,,-0.0759,-0.0202
3.93,5,0.5,FF,,-0.0753,-0.02
3.935,5,0.5,FF,,-0.0747,-0.0199
3.94,5,0.5,FF,,-0.0741,-0.0197
3.945,5,0.5,FF,,-0.0735,-0.0196
3.95,5,0.5,FF,,-0.0729,-0.0194
3.955,5,0.5,FF,,-0.0723,-0.0192
3.96,5,0.5,FF,,-0.0717,-0.0191
3.965,5,0.5,FF,,-0.0711,-0.0189
3.97,5,0.5,FF,,-0.0705,-0.0188
3.975,5,0.5,FF,,-0.0699,-0.0186
3.98,5,0.5,FF,,-0.0693,-0.0185
3.985,5,0.5,FF,,-0.0687,-0.0183
3.99,5,0.5,FF,,-0.0682,-0.0181
3.995,5,0.5,FF,,-0.0676,-0.018
4,5,0.5,FF,,-0.067,-0.0178
4.005,5,0.5,FF,,-0.0664,-0.0177
4.01,5,0.5,FF,,-0.0658,-0.0175
4.015,5,0.5,FF,,-0.0653,-0.0174
4.02,5,0.5,FF,,-0.0647,-0.0172
4.025,5,0.5,FF,,-0.0641,-0.0171
4.03,5,0.5,FF,,-0.0635,-0.0169
4.035,5,0.5,FF,,-0.063,-0.0168
4.04,5,0.5,FF,,-0.0624,-0.0166
4.045,5,0.5,FF,,-0.0618,-0.0165
4.05,5,0.5,FF,,-0.0613,-0.0163
4.055,5,0.5,FF,,-0.0607,-0.0162
4.06,5,0.5,FF,,-0.0602,-0.016
4.065,5,0.5,FF,,-0.0596,-0.0159
4.07,5,0.5,FF,,-0.059,-0.0157
4.075,5,0.5,FF,,-0.0585,-0.0156
4.08,5,0.5,FF,,-0.0579,-0.0154
4.085,5,0.5,FF,,-0.0574,-0.0153
4.09,5,0.5,FF,,-0.0568,-0.0151
4.095,5,0.5,FF,,-0.0563,-0.015
4.1,5,0.5,FF,,-0.0557,-0.0148
4.105,5,0.5,FF,,-0.0552,-0.0147
4.11,5,0.5,FF,,-0.0546,-0.0145
4.115,5,0.5,FF,,-0.0541,-0.0144
4.12,5,0.5,FF,,-0.0536,-0.0142
4.125,5,0.5,FF,,-0.053,-0.0141
4.13,5,0.5,FF,,-0.0525,-0.014
4.135,5,0.5,FF,,-0.0519,-0.0138
4.14,5,0.5,FF,,-0.0514,-0.0137
4.145,5,0.5,FF,,-0.0509,-0.0135
4.15,5,0.5,FF,,-0.0504,-0.0134
4.155,5,0.5,FF,,-0.0498,-0.0132
4.16,5,0.5,FF,,-0.0493,-0.0131
4.165,5,0.5,FF,,-0.0488,-0.013
4.17,5,0.5,FF,,-0.0483,-0.0128
4.175,5,0.5,FF,,-0.0477,-0.0127
4.18,5,0.5,FF,,-0.0472,-0.0126
4.185,5,0.5,FF,,-0.0467,-0.0124
4.19,5,0.5,FF,,-0.0462,-0.0123
4.195,5,0.5,FF,,-0.0457,-0.0121
4.2,5,0.5,FF,,-0.0452,-0.012
4.205,5,0.5,FF,,-0.0447,-0.0119
4.21,5,0.5,FF,,-0.0442,-0.0117
4.215,5,0.5,FF,,-0.0437,-0.0116
4.22,5,0.5,FF,,-0.0432,-0.0115
4.225,5,0.5,FF,,-0.0427,-0.0113
4.23,5,0.5,FF,,-0.0422,-0.0112
4.235,5,0.5,FF,,-0.0417,-0.0111
4.24,5,0.5,FF,,-0.0412,-0.0109
4.245,5,0.5,FF,,-0.0407,-0.0108
4.25,5,0.5,FF,,-0.0402,-0.0107
4.255,5,0.5,FF,,-0.0397,-0.0106
4.26,5,0.5,FF,,-0.0393,-0.0104
4.265,5,0.5,FF,,-0.0388,-0.0103
4.27,5,0.5,FF,,-0.0383,-0.0102
4.275,5,0.5,FF,,-0.0378,-0.01
4.28,5,0.5,FF,,-0.0373,-0.0099
4.285,5,0.5,FF,,-0.0369,-0.0098
4.29,5,0.5,FF,,-0.0364,-0.0097
4.295,5,0.5,FF,,-0.0359,-0.0095
4.3,5,0.5,FF,,-0.0355,-0.0094
4.305,5,0.5,FF,,-0.035,-0.0093
4.31,5,0.5,FF,,-0.0346,-0.0092
4.315,5,0.5,FF,,-0.0341,-0.0091
4.32,5,0.5,FF,,-0.0336,-0.0089
4.325,5,0.5,FF,,-0.0332,-0.0088
4.33,5,0.5,FF,,-0.0327,-0.0087
4.335,5,0.5,FF,,-0.0323,-0.0086
4.34,5,0.5,FF,,-0.0319,-0.0085
4.345,5,0.5,FF,,-0.0314,-0.0083
4.35,5,0.5,FF,,-0.031,-0.0082
4.355,5,0.5,FF,,-0.0305,-0.0081
4.36,5,0.5,FF,,-0.0301,-0.008
4.365,5,0.5,FF,,-0.0297,-0.0079
4.37,5,0.5,FF,,-0.0292,-0.0078
4.375,5,0.5,FF,,-0.0288,-0.0076
4.38,5,0.5,FF,,-0.0284,-0.0075
4.385,5,0.5,FF,,-0.028,-0.0074
4.39,5,0.5,FF,,-0.0275,-0.0073
4.395,5,0.5,FF,,-0.0271,-0.0072
4.4,5,0.5,FF,,-0.0267,-0.0071
4.405,5,0.5,FF,,-0.0263,-0.007
4.41,5,0.5,FF,,-0.0259,-0.0069
4.415,5,0.5,FF,,-0.0255,-0.0068
4.42,5,0.5,FF,,-0.0251,-0.0067
4.425,5,0.5,FF,,-0.0247,-0.0066
4.43,5,0.5,FF,,-0.0243,-0.0064
4.435,5,0.5,FF,,-0.0239,-0.0063
4.44,5,0.5,FF,,-0.0235,-0.0062
4.445,5,0.5,FF,,-0.0231,-0.0061
4.45,5,0.5,FF,,-0.0227,-0.006
4.455,5,0.5,FF,,-0.0223,-0.0059
4.46,5,0.5,FF,,-0.022,-0.0058
4.465,5,0.5,FF,,-0.0216,-0.0057
4.47,5,0.5,FF,,-0.0212,-0.0056
4.475,5,0.5,FF,,-0.0208,-0.0055
4.48,5,0.5,FF,,-0.0205,-0.0054
4.485,5,0.5,FF,,-0.0201,-0.0053
4.49,5,0.5,FF,,-0.0197,-0.0052
4.495,5,0.5,FF,,-0.0194,-0.0051
4.5,5,0.5,FF,,-0.019,-0.005
4.505,5,0.5,FF,,-0.0186,-0.0049
4.51,5,0.5,FF,,-0.0183,-0.0049
4.515,5,0.5,FF,,-0.0179,-0.0048
4.52,5,0.5,FF,,-0.0176,-0.0047
4.525,5,0.5,FF,,-0.0172,-0.0046
4.53,5,0.5,FF,,-0.0169,-0.0045
4.535,5,0.5,FF,,-0.0166,-0.0044
4.54,5,0.5,FF,,-0.0162,-0.0043
4.545,5,0.5,FF,,-0.0159,-0.0042
4.55,5,0.5,FF,,-0.0156,-0.0041
4.555,5,0.5,FF,,-0.0152,-0.004
4.56,5,0.5,FF,,-0.0149,-0.004
4.565,5,0.5,FF,,-0.0146,-0.0039
4.57,5,0.5,FF,,-0.0143,-0.0038
4.575,5,0.5,FF,,-0.014,-0.0037
4.58,5,0.5,FF,,-0.0137,-0.0036
4.585,5,0.5,FF,,-0.0134,-0.0035
4.59,5,0.5,FF,,-0.013,-0.0035
4.595,5,0.5,FF,,-0.0127,-0.0034
4.6,5,0.5,FF,,-0.0124,-0.0033
4.605,5,0.5,FF,,-0.0122,-0.0032
4.61,5,0.5,FF,,-0.0119,-0.0031
4.615,5,0.5,FF,,-0.0116,-0.0031
4.62,5,0.5,FF,,-0.0113,-0.003
4.625,5,0.5,FF,,-0.011,-0.0029
4.63,5,0.5,FF,,-0.0107,-0.0028
4.635,5,0.5,FF,,-0.0104,-0.0028
4.64,5,0.5,FF,,-0.0102,-0.0027
4.645,5,0.5,FF,,-0.0099,-0.0026
4.65,5,0.5,FF,,-0.0096,-0.0026
4.655,5,0.5,FF,,-0.0094,-0.0025
4.66,5,0.5,FF,,-0.0091,-0.0024
4.665,5,0.5,FF,,-0.0089,-0.0023
4.67,5,0.5,FF,,-0.0086,-0.0023
4.675,5,0.5,FF,,-0.0084,-0.0022
4.68,5,0.5,FF,,-0.0081,-0.0022
4.685,5,0.5,FF,,-0.0079,-0.0021
4.69,5,0.5,FF,,-0.0076,-0.002
4.695,5,0.5,FF,,-0.0074,-0.002
4.7,5,0.5,FF,,-0.0072,-0.0019
4.705,5,0.5,FF,,-0.0069,-0.0018
4.71,5,0.5,FF,,-0.0067,-0.0018
4.715,5,0.5,FF,,-0.0065,-0.0017
4.72,5,0.5,FF,,-0.0063,-0.0017
4.725,5,0.5,FF,,-0.0061,-0.0016
4.73,5,0.5,FF,,-0.0058,-0.0015
4.735,5,0.5,FF,,-0.0056,-0.0015
4.74,5,0.5,FF,,-0.0054,-0.0014
4.745,5,0.5,FF,,-0.0052,-0.0014
4.75,5,0.5,FF,,-0.005,-0.0013
4.755,5,0.5,FF,,-0.0048,-0.0013
4.76,5,0.5,FF,,-0.0046,-0.0012
4.765,5,0.5,FF,,-0.0045,-0.0012
4.77,5,0.5,FF,,-0.0043,-0.0011
4.775,5,0.5,FF,,-0.0041,-0.0011
4.78,5,0.5,FF,,-0.0039,-0.001
4.785,5,0.5,FF,,-0.0038,-0.001
4.79,5,0.5,FF,,-0.0036,-0.0009
4.795,5,0.5,FF,,-0.0034,-0.0009
4.8,5,0.5,FF,,-0.0033,-0.0009
4.805,5,0.5,FF,,-0.0031,-0.0008
4.81,5,0.5,FF,,-0.0029,-0.0008
4.815,5,0.5,FF,,-0.0028,-0.0007
4.82,5,0.5,FF,,-0.0026,-0.0007
4.825,5,0.5,FF,,-0.0025,-0.0007
4.83,5,0.5,FF,,-0.0024,-0.0006
4.835,5,0.5,FF,,-0.0022,-0.0006
4.84,5,0.5,FF,,-0.0021,-0.0006
4.845,5,0.5,FF,,-0.002,-0.0005
4.85,5,0.5,FF,,-0.0019,-0.0005
4.855,5,0.5,FF,,-0.0017,-0.0005
4.86,5,0.5,FF,,-0.0016,-0.0004
4.865,5,0.5,FF,,-0.0015,-0.0004
4.87,5,0.5,FF,,-0.0014,-0.0004
4.875,5,0.5,FF,,-0.0013,-0.0003
4.88,5,0.5,FF,,-0.0012,-0.0003
4.885,5,0.5,FF,,-0.0011,-0.0003
4.89,5,0.5,FF,,-0.001,-0.0003
4.895,5,0.5,FF,,-0.0009,-0.0002
4.9,5,0.5,FF,,-0.0008,-0.0002
4.905,5,0.5,FF,,-0.0008,-0.0002
4.91,5,0.5,FF,,-0.0007,-0.0002
4.915,5,0.5,FF,,-0.0006,-0.0002
4.92,5,0.5,FF,,-0.0005,-0.0001
4.925,5,0.5,FF,,-0.0005,-0.0001
4.93,5,0.5,FF,,-0.0004,-0.0001
4.935,5,0.5,FF,,-0.0004,-0.0001
4.94,5,0.5,FF,,-0.0003,-0.0001
4.945,5,0.5,FF,,-0.0003,-0.0001
4.95,5,0.5,FF,,-0.0002,-0.0001
4.955,5,0.5,FF,,-0.0002,0
4.96,5,0.5,FF,,-0.0001,0
4.965,5,0.5,FF,,-0.0001,0
4.97,5,0.5,FF,,-0.0001,0
4.975,5,0.5,FF,,-0.0001,0
4.98,5,0.5,FF,,0,0
4.985,5,0.5,FF,,0,0
4.99,5,0.5,FF,,0,0
4.995,5,0.5,FF,,0,0
5,5,0.5,FF,,0,0
0,5,1,FF,,0,0
0.005,5,1,FF,,0,0
0.01,5,1,FF,,0,0
0.015,5,1,FF,,0,-0.0001
0.02,5,1,FF,,-0.0001,-0.0001
0.025,5,1,FF,,-0.0001,-0.0002
0.03,5,1,FF,,-0.0001,-0.0003
0.035,5,1,FF,,-0.0002,-0.0004
0.04,5,1,FF,,-0.0003,-0.0005
0.045,5,1,FF,,-0.0003,-0.0006
0.05,5,1,FF,,-0.0004,-0.0008
0.055,5,1,FF,,-0.0005,-0.0009
0.06,5,1,FF,,-0.0006,-0.0011
0.065,5,1,FF,,-0.0007,-0.0013
0.07,5,1,FF,,-0.0008,-0.0015
0.075,5,1,FF,,-0.0009,-0.0017
0.08,5,1,FF,,-0.001,-0.002
0.085,5,1,FF,,-0.0012,-0.0022
0.09,5,1,FF,,-0.0013,-0.0025
0.095,5,1,FF,,-0.0015,-0.0028
0.1,5,1,FF,,-0.0016,-0.0031
0.105,5,1,FF,,-0.0018,-0.0034
0.11,5,1,FF,,-0.002,-0.0037
0.115,5,1,FF,,-0.0022,-0.004
0.12,5,1,FF,,-0.0024,-0.0043
0.125,5,1,FF,,-0.0026,-0.0047
0.13,5,1,FF,,-0.0028,-0.0051
0.135,5,1,FF,,-0.003,-0.0055
0.14,5,1,FF,,-0.0032,-0.0059
0.145,5,1,FF,,-0.0035,-0.0063
0.15,5,1,FF,,-0.0037,-0.0067
0.155,5,1,FF,,-0.004,-0.0071
0.16,5,1,FF,,-0.0042,-0.0076
0.165,5,1,FF,,-0.0045,-0.008
0.17,5,1,FF,,-0.0048,-0.0085
0.175,5,1,FF,,-0.0051,-0.009
0.18,5,1,FF,,-0.0054,-0.0095
0.185,5,1,FF,,-0.0057,-0.01
0.19,5,1,FF,,-0.006,-0.0105
0.195,5,1,FF,,-0.0063,-0.0111
0.2,5,1,FF,,-0.0067,-0.0116
0.205,5,1,FF,,-0.007,-0.0122
0.21,5,1,FF,,-0.0074,-0.0127
0.215,5,1,FF,,-0.0077,-0.0133
0.22,5,1,FF,,-0.0081,-0.0139
0.225,5,1,FF,,-0.0085,-0.0145
0.23,5,1,FF,,-0.0089,-0.0151
0.235,5,1,FF,,-0.0093,-0.0157
0.24,5,1,FF,,-0.0097,-0.0164
0.245,5,1,FF,,-0.0101,-0.017
0.25,5,1,FF,,-0.0105,-0.0177
0.255,5,1,FF,,-0.0109,-0.0183
0.26,5,1,FF,,-0.0114,-0.019
0.265,5,1,FF,,-0.0118,-0.0197
0.27,5,1,FF,,-0.0123,-0.0204
0.275,5,1,FF,,-0.0128,-0.0211
0.28,5,1,FF,,-0.0132,-0.0218
0.285,5,1,FF,,-0.0137,-0.0225
0.29,5,1,FF,,-0.0142,-0.0233
0.295,5,1,FF,,-0.0147,-0.024
0.3,5,1,FF,,-0.0153,-0.0248
0.305,5,1,FF,,-0.0158,-0.0255
0.31,5,1,FF,,-0.0163,-0.0263
0.315,5,1,FF,,-0.0169,-0.0271
0.32,5,1,FF,,-0.0174,-0.0279
0.325,5,1,FF,,-0.018,-0.0287
0.33,5,1,FF,,-0.0186,-0.0295
0.335,5,1,FF,,-0.0192,-0.0303
0.34,5,1,FF,,-0.0198,-0.0311
0.345,5,1,FF,,-0.0204,-0.032
0.35,5,1,FF,,-0.021,-0.0328
0.355,5,1,FF,,-0.0216,-0.0336
0.36,5,1,FF,,-0.0222,-0.0345
0.365,5,1,FF,,-0.0229,-0.0354
0.37,5,1,FF,,-0.0235,-0.0362
0.375,5,1,FF,,-0.0242,-0.0371
0.38,5,1,FF,,-0.0249,-0.038
0.385,5,1,FF,,-0.0255,-0.0389
0.39,5,1,FF,,-0.0262,-0.0398
0.395,5,1,FF,,-0.0269,-0.0407
0.4,5,1,FF,,-0.0276,-0.0416
0.405,5,1,FF,,-0.0284,-0.0426
0.41,5,1,FF,,-0.0291,-0.0435
0.415,5,1,FF,,-0.0298,-0.0444
0.42,5,1,FF,,-0.0306,-0.0454
0.425,5,1,FF,,-0.0314,-0.0463
0.43,5,1,FF,,-0.0321,-0.0473
0.435,5,1,FF,,-0.0329,-0.0483
0.44,5,1,FF,,-0.0337,-0.0492
0.445,5,1,FF,,-0.0345,-0.0502
0.45,5,1,FF,,-0.0353,-0.0512
0.455,5,1,FF,,-0.0361,-0.0522
0.46,5,1,FF,,-0.037,-0.0532
0.465,5,1,FF,,-0.0378,-0.0542
0.47,5,1,FF,,-0.0387,-0.0552
0.475,5,1,FF,,-0.0395,-0.0562
0.48,5,1,FF,,-0.0404,-0.0572
0.485,5,1,FF,,-0.0413,-0.0582
0.49,5,1,FF,,-0.0422,-0.0593
0.495,5,1,FF,,-0.0431,-0.0603
0.5,5,1,FF,,-0.044,-0.0613
0.505,5,1,FF,,-0.0449,-0.0624
0.51,5,1,FF,,-0.0459,-0.0634
0.515,5,1,FF,,-0.0468,-0.0645
0.52,5,1,FF,,-0.0478,-0.0655
0.525,5,1,FF,,-0.0487,-0.0666
0.53,5,1,FF,,-0.0497,-0.0677
0.535,5,1,FF,,-0.0507,-0.0687
0.54,5,1,FF,,-0.0517,-0.0698
0.545,5,1,FF,,-0.0527,-0.0709
0.55,5,1,FF,,-0.0537,-0.072
0.555,5,1,FF,,-0.0548,-0.073
0.56,5,1,FF,,-0.0558,-0.0741
0.565,5,1,FF,,-0.0568,-0.0752
0.57,5,1,FF,,-0.0579,-0.0763
0.575,5,1,FF,,-0.059,-0.0774
0.58,5,1,FF,,-0.0601,-0.0785
0.585,5,1,FF,,-0.0612,-0.0796
0.59,5,1,FF,,-0.0623,-0.0807
0.595,5,1,FF,,-0.0634,-0.0818
0.6,5,1,FF,,-0.0645,-0.0829
0.605,5,1,FF,,-0.0657,-0.0841
0.61,5,1,FF,,-0.0668,-0.0852
0.615,5,1,FF,,-0.068,-0.0863
0.62,5,1,FF,,-0.0691,-0.0874
0.625,5,1,FF,,-0.0703,-0.0885
0.63,5,1,FF,,-0.0715,-0.0897
0.635,5,1,FF,,-0.0727,-0.0908
0.64,5,1,FF,,-0.0739,-0.0919
0.645,5,1,FF,,-0.0752,-0.0931
0.65,5,1,FF,,-0.0764,-0.0942
0.655,5,1,FF,,-0.0776,-0.0953
0.66,5,1,FF,,-0.0789,-0.0965
0.665,5,1,FF,,-0.0802,-0.0976
0.67,5,1,FF,,-0.0814,-0.0987
0.675,5,1,FF,,-0.0827,-0.0999
0.68,5,1,FF,,-0.084,-0.101
0.685,5,1,FF,,-0.0854,-0.1022
0.69,5,1,FF,,-0.0867,-0.1033
0.695,5,1,FF,,-0.088,-0.1044
0.7,5,1,FF,,-0.0894,-0.1056
0.705,5,1,FF,,-0.0907,-0.1067
0.71,5,1,FF,,-0.0921,-0.1079
0.715,5,1,FF,,-0.0935,-0.109
0.72,5,1,FF,,-0.0949,-0.1101
0.725,5,1,FF,,-0.0963,-0.1113
0.73,5,1,FF,,-0.0977,-0.1124
0.735,5,1,FF,,-0.0991,-0.1136
0.74,5,1,FF,,-0.1006,-0.1147
0.745,5,1,FF,,-0.102,-0.1159
0.75,5,1,FF,,-0.1035,-0.117
0.755,5,1,FF,,-0.105,-0.1181
0.76,5,1,FF,,-0.1065,-0.1193
0.765,5,1,FF,,-0.108,-0.1204
0.77,5,1,FF,,-0.1095,-0.1216
0.775,5,1,FF,,-0.111,-0.1227
0.78,5,1,FF,,-0.1125,-0.1238
0.785,5,1,FF,,-0.1141,-0.125
0.79,5,1,FF,,-0.1156,-0.1261
0.795,5,1,FF,,-0.1172,-0.1272
0.8,5,1,FF,,-0.1188,-0.1283
0.805,5,1,FF,,-0.1204,-0.1295
0.81,5,1,FF,,-0.122,-0.1306
0.815,5,1,FF,,-0.1236,-0.1317
0.82,5,1,FF,,-0.1252,-0.1328
0.825,5,1,FF,,-0.1269,-0.1339
0.83,5,1,FF,,-0.1285,-0.1351
0.835,5,1,FF,,-0.1302,-0.1362
0.84,5,1,FF,,-0.1319,-0.1373
0.845,5,1,FF,,-0.1336,-0.1384
0.85,5,1,FF,,-0.1353,-0.1395
0.855,5,1,FF,,-0.137,-0.1406
0.86,5,1,FF,,-0.1387,-0.1417
0.865,5,1,FF,,-0.1404,-0.1428
0.87,5,1,FF,,-0.1422,-0.1439
0.875,5,1,FF,,-0.1439,-0.145
0.88,5,1,FF,,-0.1457,-0.146
0.885,5,1,FF,,-0.1475,-0.1471
0.89,5,1,FF,,-0.1493,-0.1482
0.895,5,1,FF,,-0.1511,-0.1493
0.9,5,1,FF,,-0.1529,-0.1503
0.905,5,1,FF,,-0.1548,-0.1514
0.91,5,1,FF,,-0.1566,-0.1525
0.915,5,1,FF,,-0.1585,-0.1535
0.92,5,1,FF,,-0.1603,-0.1546
0.925,5,1,FF,,-0.1622,-0.1556
0.93,5,1,FF,,-0.1641,-0.1567
0.935,5,1,FF,,-0.166,-0.1577
0.94,5,1,FF,,-0.168,-0.1587
0.945,5,1,FF,,-0.1699,-0.1597
0.95,5,1,FF,,-0.1718,-0.1608
0.955,5,1,FF,,-0.1738,-0.1618
0.96,5,1,FF,,-0.1758,-0.1628
0.965,5,1,FF,,-0.1778,-0.1638
0.97,5,1,FF,,-0.1797,-0.1648
0.975,5,1,FF,,-0.1818,-0.1658
0.98,5,1,FF,,-0.1838,-0.1668
0.985,5,1,FF,,-0.1858,-0.1678
0.99,5,1,FF,,-0.1879,-0.1687
0.995,5,1,FF,,-0.1899,-0.1697
1,5,1,FF,,-0.192,-0.1707
1.005,5,1,FF,,-0.1941,-0.1716
1.01,5,1,FF,,-0.1961,-0.1726
1.015,5,1,FF,,-0.1982,-0.1735
1.02,5,1,FF,,-0.2002,-0.1745
1.025,5,1,FF,,-0.2022,-0.1754
1.03,5,1,FF,,-0.2043,-0.1763
1.035,5,1,FF,,-0.2063,-0.1772
1.04,5,1,FF,,-0.2083,-0.1781
1.045,5,1,FF,,-0.2102,-0.179
1.05,5,1,FF,,-0.2122,-0.1799
1.055,5,1,FF,,-0.2141,-0.1808
1.06,5,1,FF,,-0.2161,-0.1817
1.065,5,1,FF,,-0.218,-0.1826
1.07,5,1,FF,,-0.2199,-0.1835
1.075,5,1,FF,,-0.2218,-0.1844
1.08,5,1,FF,,-0.2237,-0.1852
1.085,5,1,FF,,-0.2256,-0.1861
1.09,5,1,FF,,-0.2275,-0.1869
1.095,5,1,FF,,-0.2293,-0.1878
1.1,5,1,FF,,-0.2312,-0.1886
1.105,5,1,FF,,-0.233,-0.1894
1.11,5,1,FF,,-0.2349,-0.1903
1.115,5,1,FF,,-0.2367,-0.1911
1.12,5,1,FF,,-0.2385,-0.1919
1.125,5,1,FF,,-0.2403,-0.1927
1.13,5,1,FF,,-0.242,-0.1935
1.135,5,1,FF,,-0.2438,-0.1943
1.14,5,1,FF,,-0.2455,-0.1951
1.145,5,1,FF,,-0.2473,-0.1959
1.15,5,1,FF,,-0.249,-0.1966
1.155,5,1,FF,,-0.2507,-0.1974
1.16,5,1,FF,,-0.2524,-0.1982
1.165,5,1,FF,,-0.2541,-0.1989
1.17,5,1,FF,,-0.2558,-0.1997
1.175,5,1,FF,,-0.2575,-0.2004
1.18,5,1,FF,,-0.2592,-0.2012
1.185,5,1,FF,,-0.2608,-0.2019
1.19,5,1,FF,,-0.2625,-0.2026
1.195,5,1,FF,,-0.2641,-0.2034
1.2,5,1,FF,,-0.2657,-0.2041
1.205,5,1,FF,,-0.2673,-0.2048
1.21,5,1,FF,,-0.2689,-0.2055
1.215,5,1,FF,,-0.2705,-0.2062
1.22,5,1,FF,,-0.2721,-0.2069
1.225,5,1,FF,,-0.2736,-0.2076
1.23,5,1,FF,,-0.2752,-0.2083
1.235,5,1,FF,,-0.2767,-0.2089
1.24,5,1,FF,,-0.2782,-0.2096
1.245,5,1,FF,,-0.2797,-0.2103
1.25,5,1,FF,,-0.2813,-0.2109
1.255,5,1,FF,,-0.2827,-0.2116
1.26,5,1,FF,,-0.2842,-0.2122
1.265,5,1,FF,,-0.2857,-0.2129
1.27,5,1,FF,,-0.2872,-0.2135
1.275,5,1,FF,,-0.2886,-0.2141
1.28,5,1,FF,,-0.2901,-0.2148
1.285,5,1,FF,,-0.2915,-0.2154
1.29,5,1,FF,,-0.2929,-0.216
1.295,5,1,FF,,-0.2943,-0.2166
1.3,5,1,FF,,-0.2957,-0.2172
1.305,5,1,FF,,-0.2971,-0.2178
1.31,5,1,FF,,-0.2985,-0.2184
1.315,5,1,FF,,-0.2998,-0.219
1.32,5,1,FF,,-0.3012,-0.2196
1.325,5,1,FF,,-0.3025,-0.2201
1.33,5,1,FF,,-0.3039,-0.2207
1.335,5,1,FF,,-0.3052,-0.2213
1.34,5,1,FF,,-0.3065,-0.2218
1.345,5,1,FF,,-0.3078,-0.2224
1.35,5,1,FF,,-0.3091,-0.2229
1.355,5,1,FF,,-0.3104,-0.2235
1.36,5,1,FF,,-0.3116,-0.224
1.365,5,1,FF,,-0.3129,-0.2245
1.37,5,1,FF,,-0.3141,-0.2251
1.375,5,1,FF,,-0.3154,-0.2256
1.38,5,1,FF,,-0.3166,-0.2261
1.385,5,1,FF,,-0.3178,-0.2266
1.39,5,1,FF,,-0.319,-0.2271
1.395,5,1,FF,,-0.3202,-0.2276
1.4,5,1,FF,,-0.3214,-0.2281
1.405,5,1,FF,,-0.3226,-0.2286
1.41,5,1,FF,,-0.3237,-0.2291
1.415,5,1,FF,,-0.3249,-0.2295
1.42,5,1,FF,,-0.326,-0.23
1.425,5,1,FF,,-0.3272,-0.2305
1.43,5,1,FF,,-0.3283,-0.2309
1.435,5,1,FF,,-0.3294,-0.2314
1.44,5,1,FF,,-0.3305,-0.2318
1.445,5,1,FF,,-0.3316,-0.2323
1.45,5,1,FF,,-0.3327,-0.2327
1.455,5,1,FF,,-0.3338,-0.2332
1.46,5,1,FF,,-0.3348,-0.2336
1.465,5,1,FF,,-0.3359,-0.234
1.47,5,1,FF,,-0.3369,-0.2344
1.475,5,1,FF,,-0.338,-0.2348
1.48,5,1,FF,,-0.339,-0.2353
1.485,5,1,FF,,-0.34,-0.2357
1.49,5,1,FF,,-0.341,-0.2361
1.495,5,1,FF,,-0.342,-0.2364
1.5,5,1,FF,,-0.343,-0.2368
1.505,5,1,FF,,-0.344,-0.2372
1.51,5,1,FF,,-0.3449,-0.2376
1.515,5,1,FF,,-0.3459,-0.238
1.52,5,1,FF,,-0.3468,-0.2383
1.525,5,1,FF,,-0.3478,-0.2387
1.53,5,1,FF,,-0.3487,-0.2391
1.535,5,1,FF,,-0.3496,-0.2394
1.54,5,1,FF,,-0.3505,-0.2398
1.545,5,1,FF,,-0.3514,-0.2401
1.55,5,1,FF,,-0.3523,-0.2404
1.555,5,1,FF,,-0.3532,-0.2408
1.56,5,1,FF,,-0.3541,-0.2411
1.565,5,1,FF,,-0.3549,-0.2414
1.57,5,1,FF,,-0.3558,-0.2417
1.575,5,1,FF,,-0.3566,-0.242
1.58,5,1,FF,,-0.3574,-0.2423
1.585,5,1,FF,,-0.3583,-0.2427
1.59,5,1,FF,,-0.3591,-0.2429
1.595,5,1,FF,,-0.3599,-0.2432
1.6,5,1,FF,,-0.3607,-0.2435
1.605,5,1,FF,,-0.3615,-0.2438
1.61,5,1,FF,,-0.3622,-0.2441
1.615,5,1,FF,,-0.363,-0.2444
1.62,5,1,FF,,-0.3638,-0.2446
1.625,5,1,FF,,-0.3645,-0.2449
1.63,5,1,FF,,-0.3652,-0.2452
1.635,5,1,FF,,-0.366,-0.2454
1.64,5,1,FF,,-0.3667,-0.2457
1.645,5,1,FF,,-0.3674,-0.2459
1.65,5,1,FF,,-0.3681,-0.2461
1.655,5,1,FF,,-0.3688,-0.2464
1.66,5,1,FF,,-0.3695,-0.2466
1.665,5,1,FF,,-0.3701,-0.2468
1.67,5,1,FF,,-0.3708,-0.2471
1.675,5,1,FF,,-0.3715,-0.2473
1.68,5,1,FF,,-0.3721,-0.2475
1.685,5,1,FF,,-0.3728,-0.2477
1.69,5,1,FF,,-0.3734,-0.2479
1.695,5,1,FF,,-0.374,-0.2481
1.7,5,1,FF,,-0.3746,-0.2483
1.705,5,1,FF,,-0.3752,-0.2485
1.71,5,1,FF,,-0.3758,-0.2487
1.715,5,1,FF,,-0.3764,-0.2488
1.72,5,1,FF,,-0.377,-0.249
1.725,5,1,FF,,-0.3775,-0.2492
1.73,5,1,FF,,-0.3781,-0.2494
1.735,5,1,FF,,-0.3787,-0.2495
1.74,5,1,FF,,-0.3792,-0.2497
1.745,5,1,FF,,-0.3797,-0.2498
1.75,5,1,FF,,-0.3803,-0.25
1.755,5,1,FF,,-0.3808,-0.2501
1.76,5,1,FF,,-0.3813,-0.2503
1.765,5,1,FF,,-0.3818,-0.2504
1.77,5,1,FF,,-0.3823,-0.2505
1.775,5,1,FF,,-0.3827,-0.2507
1.78,5,1,FF,,-0.3832,-0.2508
1.785,5,1,FF,,-0.3837,-0.2509
1.79,5,1,FF,,-0.3841,-0.251
1.795,5,1,FF,,-0.3846,-0.2511
1.8,5,1,FF,,-0.385,-0.2512
1.805,5,1,FF,,-0.3855,-0.2513
1.81,5,1,FF,,-0.3859,-0.2514
1.815,5,1,FF,,-0.3863,-0.2515
1.82,5,1,FF,,-0.3867,-0.2516
1.825,5,1,FF,,-0.3871,-0.2517
1.83,5,1,FF,,-0.3875,-0.2518
1.835,5,1,FF,,-0.3879,-0.2518
1.84,5,1,FF,,-0.3882,-0.2519
1.845,5,1,FF,,-0.3886,-0.252
1.85,5,1,FF,,-0.389,-0.252
1.855,5,1,FF,,-0.3893,-0.2521
1.86,5,1,FF,,-0.3897,-0.2521
1.865,5,1,FF,,-0.39,-0.2522
1.87,5,1,FF,,-0.3903,-0.2522
1.875,5,1,FF,,-0.3906,-0.2523
1.88,5,1,FF,,-0.3909,-0.2523
1.885,5,1,FF,,-0.3912,-0.2523
1.89,5,1,FF,,-0.3915,-0.2524
1.895,5,1,FF,,-0.3918,-0.2524
1.9,5,1,FF,,-0.3921,-0.2524
1.905,5,1,FF,,-0.3924,-0.2524
1.91,5,1,FF,,-0.3926,-0.2525
1.915,5,1,FF,,-0.3929,-0.2525
1.92,5,1,FF,,-0.3931,-0.2525
1.925,5,1,FF,,-0.3934,-0.2525
1.93,5,1,FF,,-0.3936,-0.2525
1.935,5,1,FF,,-0.3938,-0.2525
1.94,5,1,FF,,-0.394,-0.2524
1.945,5,1,FF,,-0.3942,-0.2524
1.95,5,1,FF,,-0.3944,-0.2524
1.955,5,1,FF,,-0.3946,-0.2524
1.96,5,1,FF,,-0.3948,-0.2524
1.965,5,1,FF,,-0.395,-0.2523
1.97,5,1,FF,,-0.3951,-0.2523
1.975,5,1,FF,,-0.3953,-0.2523
1.98,5,1,FF,,-0.3955,-0.2522
1.985,5,1,FF,,-0.3956,-0.2522
1.99,5,1,FF,,-0.3957,-0.2521
1.995,5,1,FF,,-0.3959,-0.2521
2,5,1,FF,,-0.396,-0.252
2.005,5,1,FF,,-0.3961,-0.2519
2.01,5,1,FF,,-0.3962,-0.2519
2.015,5,1,FF,,-0.3963,-0.2518
2.02,5,1,FF,,-0.3964,-0.2517
2.025,5,1,FF,,-0.3965,-0.2517
2.03,5,1,FF,,-0.3966,-0.2516
2.035,5,1,FF,,-0.3967,-0.2515
2.04,5,1,FF,,-0.3967,-0.2514
2.045,5,1,FF,,-0.3968,-0.2513
2.05,5,1,FF,,-0.3968,-0.2512
2.055,5,1,FF,,-0.3969,-0.2511
2.06,5,1,FF,,-0.3969,-0.251
2.065,5,1,FF,,-0.3969,-0.2509
2.07,5,1,FF,,-0.397,-0.2508
2.075,5,1,FF,,-0.397,-0.2507
2.08,5,1,FF,,-0.397,-0.2506
2.085,5,1,FF,,-0.397,-0.2504
2.09,5,1,FF,,-0.397,-0.2503
2.095,5,1,FF,,-0.397,-0.2502
2.1,5,1,FF,,-0.397,-0.2501
2.105,5,1,FF,,-0.3969,-0.2499
2.11,5,1,FF,,-0.3969,-0.2498
2.115,5,1,FF,,-0.3969,-0.2496
2.12,5,1,FF,,-0.3968,-0.2495
2.125,5,1,FF,,-0.3968,-0.2493
2.13,5,1,FF,,-0.3967,-0.2492
2.135,5,1,FF,,-0.3966,-0.249
2.14,5,1,FF,,-0.3965,-0.2489
2.145,5,1,FF,,-0.3965,-0.2487
2.15,5,1,FF,,-0.3964,-0.2485
2.155,5,1,FF,,-0.3963,-0.2484
2.16,5,1,FF,,-0.3962,-0.2482
2.165,5,1,FF,,-0.3961,-0.248
2.17,5,1,FF,,-0.396,-0.2478
2.175,5,1,FF,,-0.3958,-0.2477
2.18,5,1,FF,,-0.3957,-0.2475
2.185,5,1,FF,,-0.3956,-0.2473
2.19,5,1,FF,,-0.3954,-0.2471
2.195,5,1,FF,,-0.3953,-0.2469
2.2,5,1,FF,,-0.3951,-0.2467
2.205,5,1,FF,,-0.395,-0.2465
2.21,5,1,FF,,-0.3948,-0.2463
2.215,5,1,FF,,-0.3946,-0.2461
2.22,5,1,FF,,-0.3945,-0.2459
2.225,5,1,FF,,-0.3943,-0.2456
2.23,5,1,FF,,-0.3941,-0.2454
2.235,5,1,FF,,-0.3939,-0.2452
2.24,5,1,FF,,-0.3937,-0.245
2.245,5,1,FF,,-0.3935,-0.2448
2.25,5,1,FF,,-0.3933,-0.2445
2.255,5,1,FF,,-0.393,-0.2443
2.26,5,1,FF,,-0.3928,-0.244
2.265,5,1,FF,,-0.3926,-0.2438
2.27,5,1,FF,,-0.3923,-0.2436
2.275,5,1,FF,,-0.3921,-0.2433
2.28,5,1,FF,,-0.3918,-0.2431
2.285,5,1,FF,,-0.3916,-0.2428
2.29,5,1,FF,,-0.3913,-0.2426
2.295,5,1,FF,,-0.391,-0.2423
2.3,5,1,FF,,-0.3907,-0.242
2.305,5,1,FF,,-0.3905,-0.2418
2.31,5,1,FF,,-0.3902,-0.2415
2.315,5,1,FF,,-0.3899,-0.2412
2.32,5,1,FF,,-0.3896,-0.2409
2.325,5,1,FF,,-0.3893,-0.2407
2.33,5,1,FF,,-0.389,-0.2404
2.335,5,1,FF,,-0.3886,-0.2401
2.34,5,1,FF,,-0.3883,-0.2398
2.345,5,1,FF,,-0.388,-0.2395
2.35,5,1,FF,,-0.3876,-0.2392
2.355,5,1,FF,,-0.3873,-0.2389
2.36,5,1,FF,,-0.387,-0.2386
2.365,5,1,FF,,-0.3866,-0.2383
2.37,5,1,FF,,-0.3862,-0.238
2.375,5,1,FF,,-0.3859,-0.2377
2.38,5,1,FF,,-0.3855,-0.2374
2.385,5,1,FF,,-0.3851,-0.2371
2.39,5,1,FF,,-0.3847,-0.2368
2.395,5,1,FF,,-0.3844,-0.2365
2.4,5,1,FF,,-0.384,-0.2361
2.405,5,1,FF,,-0.3836,-0.2358
2.41,5,1,FF,,-0.3832,-0.2355
2.415,5,1,FF,,-0.3828,-0.2352
2.42,5,1,FF,,-0.3823,-0.2348
2.425,5,1,FF,,-0.3819,-0.2345
2.43,5,1,FF,,-0.3815,-0.2342
2.435,5,1,FF,,-0.3811,-0.2338
2.44,5,1,FF,,-0.3806,-0.2335
2.445,5,1,FF,,-0.3802,-0.2331
2.45,5,1,FF,,-0.3797,-0.2328
2.455,5,1,FF,,-0.3793,-0.2324
2.46,5,1,FF,,-0.3788,-0.2321
2.465,5,1,FF,,-0.3784,-0.2317
2.47,5,1,FF,,-0.3779,-0.2314
2.475,5,1,FF,,-0.3774,-0.231
2.48,5,1,FF,,-0.377,-0.2306
2.485,5,1,FF,,-0.3765,-0.2303
2.49,5,1,FF,,-0.376,-0.2299
2.495,5,1,FF,,-0.3755,-0.2295
2.5,5,1,FF,,-0.375,-0.2292
2.505,5,1,FF,,-0.3745,-0.2288
2.51,5,1,FF,,-0.374,-0.2284
2.515,5,1,FF,,-0.3735,-0.228
2.52,5,1,FF,,-0.373,-0.2276
2.525,5,1,FF,,-0.3724,-0.2273
2.53,5,1,FF,,-0.3719,-0.2269
2.535,5,1,FF,,-0.3714,-0.2265
2.54,5,1,FF,,-0.3708,-0.2261
2.545,5,1,FF,,-0.3703,-0.2257
2.55,5,1,FF,,-0.3698,-0.2253
2.555,5,1,FF,,-0.3692,-0.2249
2.56,5,1,FF,,-0.3686,-0.2245
2.565,5,1,FF,,-0.3681,-0.2241
2.57,5,1,FF,,-0.3675,-0.2237
2.575,5,1,FF,,-0.367,-0.2233
2.58,5,1,FF,,-0.3664,-0.2229
2.585,5,1,FF,,-0.3658,-0.2224
2.59,5,1,FF,,-0.3652,-0.222
2.595,5,1,FF,,-0.3646,-0.2216
2.6,5,1,FF,,-0.364,-0.2212
2.605,5,1,FF,,-0.3634,-0.2208
2.61,5,1,FF,,-0.3628,-0.2203
2.615,5,1,FF,,-0.3622,-0.2199
2.62,5,1,FF,,-0.3616,-0.2195
2.625,5,1,FF,,-0.361,-0.219
2.63,5,1,FF,,-0.3604,-0.2186
2.635,5,1,FF,,-0.3598,-0.2182
2.64,5,1,FF,,-0.3591,-0.2177
2.645,5,1,FF,,-0.3585,-0.2173
2.65,5,1,FF,,-0.3579,-0.2169
2.655,5,1,FF,,-0.3572,-0.2164
2.66,5,1,FF,,-0.3566,-0.216
2.665,5,1,FF,,-0.3559,-0.2155
2.67,5,1,FF,,-0.3553,-0.2151
2.675,5,1,FF,,-0.3546,-0.2146
2.68,5,1,FF,,-0.3539,-0.2141
2.685,5,1,FF,,-0.3533,-0.2137
2.69,5,1,FF,,-0.3526,-0.2132
2.695,5,1,FF,,-0.3519,-0.2128
2.7,5,1,FF,,-0.3513,-0.2123
2.705,5,1,FF,,-0.3506,-0.2118
2.71,5,1,FF,,-0.3499,-0.2114
2.715,5,1,FF,,-0.3492,-0.2109
2.72,5,1,FF,,-0.3485,-0.2104
2.725,5,1,FF,,-0.3478,-0.21
2.73,5,1,FF,,-0.3471,-0.2095
2.735,5,1,FF,,-0.3464,-0.209
2.74,5,1,FF,,-0.3457,-0.2085
2.745,5,1,FF,,-0.345,-0.208
2.75,5,1,FF,,-0.3443,-0.2076
2.755,5,1,FF,,-0.3435,-0.2071
2.76,5,1,FF,,-0.3428,-0.2066
2.765,5,1,FF,,-0.3421,-0.2061
2.77,5,1,FF,,-0.3413,-0.2056
2.775,5,1,FF,,-0.3406,-0.2051
2.78,5,1,FF,,-0.3399,-0.2046
2.785,5,1,FF,,-0.3391,-0.2041
2.79,5,1,FF,,-0.3384,-0.2036
2.795,5,1,FF,,-0.3376,-0.2031
2.8,5,1,FF,,-0.3369,-0.2026
2.805,5,1,FF,,-0.3361,-0.2021
2.81,5,1,FF,,-0.3353,-0.2016
2.815,5,1,FF,,-0.3346,-0.2011
2.82,5,1,FF,,-0.3338,-0.2006
2.825,5,1,FF,,-0.333,-0.2001
2.83,5,1,FF,,-0.3323,-0.1996
2.835,5,1,FF,,-0.3315,-0.1991
2.84,5,1,FF,,-0.3307,-0.1986
2.845,5,1,FF,,-0.3299,-0.1981
2.85,5,1,FF,,-0.3291,-0.1975
2.855,5,1,FF,,-0.3283,-0.197
2.86,5,1,FF,,-0.3275,-0.1965
2.865,5,1,FF,,-0.3267,-0.196
2.87,5,1,FF,,-0.3259,-0.1954
2.875,5,1,FF,,-0.3251,-0.1949
2.88,5,1,FF,,-0.3243,-0.1944
2.885,5,1,FF,,-0.3235,-0.1939
2.89,5,1,FF,,-0.3227,-0.1933
2.895,5,1,FF,,-0.3219,-0.1928
2.9,5,1,FF,,-0.321,-0.1923
2.905,5,1,FF,,-0.3202,-0.1917
2.91,5,1,FF,,-0.3194,-0.1912
2.915,5,1,FF,,-0.3186,-0.1907
2.92,5,1,FF,,-0.3177,-0.1901
2.925,5,1,FF,,-0.3169,-0.1896
2.93,5,1,FF,,-0.3161,-0.189
2.935,5,1,FF,,-0.3152,-0.1885
2.94,5,1,FF,,-0.3144,-0.188
2.945,5,1,FF,,-0.3135,-0.1874
2.95,5,1,FF,,-0.3127,-0.1869
2.955,5,1,FF,,-0.3118,-0.1863
2.96,5,1,FF,,-0.311,-0.1858
2.965,5,1,FF,,-0.3101,-0.1852
2.97,5,1,FF,,-0.3092,-0.1847
2.975,5,1,FF,,-0.3084,-0.1841
2.98,5,1,FF,,-0.3075,-0.1836
2.985,5,1,FF,,-0.3066,-0.183
2.99,5,1,FF,,-0.3058,-0.1825
2.995,5,1,FF,,-0.3049,-0.1819
3,5,1,FF,,-0.304,-0.1813
3.005,5,1,FF,,-0.3031,-0.1808
3.01,5,1,FF,,-0.3022,-0.1802
3.015,5,1,FF,,-0.3013,-0.1796
3.02,5,1,FF,,-0.3005,-0.1791
3.025,5,1,FF,,-0.2996,-0.1785
3.03,5,1,FF,,-0.2987,-0.178
3.035,5,1,FF,,-0.2978,-0.1774
3.04,5,1,FF,,-0.2969,-0.1768
3.045,5,1,FF,,-0.296,-0.1762
3.05,5,1,FF,,-0.2951,-0.1757
3.055,5,1,FF,,-0.2942,-0.1751
3.06,5,1,FF,,-0.2933,-0.1745
3.065,5,1,FF,,-0.2923,-0.174
3.07,5,1,FF,,-0.2914,-0.1734
3.075,5,1,FF,,-0.2905,-0.1728
3.08,5,1,FF,,-0.2896,-0.1722
3.085,5,1,FF,,-0.2887,-0.1717
3.09,5,1,FF,,-0.2878,-0.1711
3.095,5,1,FF,,-0.2868,-0.1705
3.1,5,1,FF,,-0.2859,-0.1699
3.105,5,1,FF,,-0.285,-0.1693
3.11,5,1,FF,,-0.2841,-0.1687
3.115,5,1,FF,,-0.2831,-0.1682
3.12,5,1,FF,,-0.2822,-0.1676
3.125,5,1,FF,,-0.2813,-0.167
3.13,5,1,FF,,-0.2803,-0.1664
3.135,5,1,FF,,-0.2794,-0.1658
3.14,5,1,FF,,-0.2784,-0.1652
3.145,5,1,FF,,-0.2775,-0.1646
3.15,5,1,FF,,-0.2765,-0.1641
3.155,5,1,FF,,-0.2756,-0.1635
3.16,5,1,FF,,-0.2746,-0.1629
3.165,5,1,FF,,-0.2737,-0.1623
3.17,5,1,FF,,-0.2727,-0.1617
3.175,5,1,FF,,-0.2718,-0.1611
3.18,5,1,FF,,-0.2708,-0.1605
3.185,5,1,FF,,-0.2699,-0.1599
3.19,5,1,FF,,-0.2689,-0.1593
3.195,5,1,FF,,-0.2679,-0.1587
3.2,5,1,FF,,-0.267,-0.1581
3.205,5,1,FF,,-0.266,-0.1575
3.21,5,1,FF,,-0.265,-0.1569
3.215,5,1,FF,,-0.2641,-0.1563
3.22,5,1,FF,,-0.2631,-0.1557
3.225,5,1,FF,,-0.2621,-0.1551
3.23,5,1,FF,,-0.2612,-0.1545
3.235,5,1,FF,,-0.2602,-0.1539
3.24,5,1,FF,,-0.2592,-0.1533
3.245,5,1,FF,,-0.2582,-0.1527
3.25,5,1,FF,,-0.2573,-0.1521
3.255,5,1,FF,,-0.2563,-0.1515
3.26,5,1,FF,,-0.2553,-0.1509
3.265,5,1,FF,,-0.2543,-0.1503
3.27,5,1,FF,,-0.2533,-0.1497
3.275,5,1,FF,,-0.2523,-0.1491
3.28,5,1,FF,,-0.2513,-0.1485
3.285,5,1,FF,,-0.2504,-0.1479
3.29,5,1,FF,,-0.2494,-0.1473
3.295,5,1,FF,,-0.2484,-0.1466
3.3,5,1,FF,,-0.2474,-0.146
3.305,5,1,FF,,-0.2464,-0.1454
3.31,5,1,FF,,-0.2454,-0.1448
3.315,5,1,FF,,-0.2444,-0.1442
3.32,5,1,FF,,-0.2434,-0.1436
3.325,5,1,FF,,-0.2424,-0.143
3.33,5,1,FF,,-0.2414,-0.1424
3.335,5,1,FF,,-0.2404,-0.1418
3.34,5,1,FF,,-0.2394,-0.1412
3.345,5,1,FF,,-0.2384,-0.1405
3.35,5,1,FF,,-0.2374,-0.1399
3.355,5,1,FF,,-0.2364,-0.1393
3.36,5,1,FF,,-0.2354,-0.1387
3.365,5,1,FF,,-0.2344,-0.1381
3.37,5,1,FF,,-0.2334,-0.1375
3.375,5,1,FF,,-0.2324,-0.1369
3.38,5,1,FF,,-0.2314,-0.1363
3.385,5,1,FF,,-0.2304,-0.1356
3.39,5,1,FF,,-0.2293,-0.135
3.395,5,1,FF,,-0.2283,-0.1344
3.4,5,1,FF,,-0.2273,-0.1338
3.405,5,1,FF,,-0.2263,-0.1332
3.41,5,1,FF,,-0.2253,-0.1326
3.415,5,1,FF,,-0.2243,-0.132
3.42,5,1,FF,,-0.2233,-0.1313
3.425,5,1,FF,,-0.2223,-0.1307
3.43,5,1,FF,,-0.2212,-0.1301
3.435,5,1,FF,,-0.2202,-0.1295
3.44,5,1,FF,,-0.2192,-0.1289
3.445,5,1,FF,,-0.2182,-0.1283
3.45,5,1,FF,,-0.2172,-0.1277
3.455,5,1,FF,,-0.2162,-0.127
3.46,5,1,FF,,-0.2152,-0.1264
3.465,5,1,FF,,-0.2141,-0.1258
3.47,5,1,FF,,-0.2131,-0.1252
3.475,5,1,FF,,-0.2121,-0.1246
3.48,5,1,FF,,-0.2111,-0.124
3.485,5,1,FF,,-0.2101,-0.1233
3.49,5,1,FF,,-0.209,-0.1227
3.495,5,1,FF,,-0.208,-0.1221
3.5,5,1,FF,,-0.207,-0.1215
3.505,5,1,FF,,-0.206,-0.1209
3.51,5,1,FF,,-0.205,-0.1203
3.515,5,1,FF,,-0.2039,-0.1197
3.52,5,1,FF,,-0.2029,-0.119
3.525,5,1,FF,,-0.2019,-0.1184
3.53,5,1,FF,,-0.2009,-0.1178
3.535,5,1,FF,,-0.1999,-0.1172
3.54,5,1,FF,,-0.1988,-0.1166
3.545,5,1,FF,,-0.1978,-0.116
3.55,5,1,FF,,-0.1968,-0.1154
3.555,5,1,FF,,-0.1958,-0.1147
3.56,5,1,FF,,-0.1948,-0.1141
3.565,5,1,FF,,-0.1937,-0.1135
3.57,5,1,FF,,-0.1927,-0.1129
3.575,5,1,FF,,-0.1917,-0.1123
3.58,5,1,FF,,-0.1907,-0.1117
3.585,5,1,FF,,-0.1897,-0.1111
3.59,5,1,FF,,-0.1886,-0.1105
3.595,5,1,FF,,-0.1876,-0.1098
3.6,5,1,FF,,-0.1866,-0.1092
3.605,5,1,FF,,-0.1856,-0.1086
3.61,5,1,FF,,-0.1846,-0.108
3.615,5,1,FF,,-0.1835,-0.1074
3.62,5,1,FF,,-0.1825,-0.1068
3.625,5,1,FF,,-0.1815,-0.1062
3.63,5,1,FF,,-0.1805,-0.1056
3.635,5,1,FF,,-0.1795,-0.105
3.64,5,1,FF,,-0.1784,-0.1044
3.645,5,1,FF,,-0.1774,-0.1038
3.65,5,1,FF,,-0.1764,-0.1032
3.655,5,1,FF,,-0.1754,-0.1025
3.66,5,1,FF,,-0.1744,-0.1019
3.665,5,1,FF,,-0.1734,-0.1013
3.67,5,1,FF,,-0.1724,-0.1007
3.675,5,1,FF,,-0.1713,-0.1001
3.68,5,1,FF,,-0.1703,-0.0995
3.685,5,1,FF,,-0.1693,-0.0989
3.69,5,1,FF,,-0.1683,-0.0983
3.695,5,1,FF,,-0.1673,-0.0977
3.7,5,1,FF,,-0.1663,-0.0971
3.705,5,1,FF,,-0.1653,-0.0965
3.71,5,1,FF,,-0.1643,-0.0959
3.715,5,1,FF,,-0.1633,-0.0953
3.72,5,1,FF,,-0.1623,-0.0947
3.725,5,1,FF,,-0.1613,-0.0941
3.73,5,1,FF,,-0.1603,-0.0935
3.735,5,1,FF,,-0.1593,-0.0929
3.74,5,1,FF,,-0.1583,-0.0923
3.745,5,1,FF,,-0.1573,-0.0917
3.75,5,1,FF,,-0.1563,-0.0911
3.755,5,1,FF,,-0.1553,-0.0906
3.76,5,1,FF,,-0.1543,-0.09
3.765,5,1,FF,,-0.1533,-0.0894
3.77,5,1,FF,,-0.1523,-0.0888
3.775,5,1,FF,,-0.1513,-0.0882
3.78,5,1,FF,,-0.1503,-0.0876
3.785,5,1,FF,,-0.1493,-0.087
3.79,5,1,FF,,-0.1483,-0.0864
3.795,5,1,FF,,-0.1473,-0.0858
3.8,5,1,FF,,-0.1463,-0.0852
3.805,5,1,FF,,-0.1453,-0.0847
3.81,5,1,FF,,-0.1443,-0.0841
3.815,5,1,FF,,-0.1433,-0.0835
3.82,5,1,FF,,-0.1424,-0.0829
3.825,5,1,FF,,-0.1414,-0.0823
3.83,5,1,FF,,-0.1404,-0.0818
3.835,5,1,FF,,-0.1394,-0.0812
3.84,5,1,FF,,-0.1384,-0.0806
3.845,5,1,FF,,-0.1375,-0.08
3.85,5,1,FF,,-0.1365,-0.0794
3.855,5,1,FF,,-0.1355,-0.0789
3.86,5,1,FF,,-0.1345,-0.0783
3.865,5,1,FF,,-0.1336,-0.0777
3.87,5,1,FF,,-0.1326,-0.0771
3.875,5,1,FF,,-0.1316,-0.0766
3.88,5,1,FF,,-0.1307,-0.076
3.885,5,1,FF,,-0.1297,-0.0754
3.89,5,1,FF,,-0.1287,-0.0749
3.895,5,1,FF,,-0.1278,-0.0743
3.9,5,1,FF,,-0.1268,-0.0737
3.905,5,1,FF,,-0.1258,-0.0732
3.91,5,1,FF,,-0.1249,-0.0726
3.915,5,1,FF,,-0.1239,-0.072
3.92,5,1,FF,,-0.123,-0.0715
3.925,5,1,FF,,-0.122,-0.0709
3.93,5,1,FF,,-0.1211,-0.0704
3.935,5,1,FF,,-0.1201,-0.0698
3.94,5,1,FF,,-0.1192,-0.0692
3.945,5,1,FF,,-0.1182,-0.0687
3.95,5,1,FF,,-0.1173,-0.0681
3.955,5,1,FF,,-0.1164,-0.0676
3.96,5,1,FF,,-0.1154,-0.067
3.965,5,1,FF,,-0.1145,-0.0665
3.97,5,1,FF,,-0.1136,-0.0659
3.975,5,1,FF,,-0.1126,-0.0654
3.98,5,1,FF,,-0.1117,-0.0648
3.985,5,1,FF,,-0.1108,-0.0643
3.99,5,1,FF,,-0.1098,-0.0637
3.995,5,1,FF,,-0.1089,-0.0632
4,5,1,FF,,-0.108,-0.0627
4.005,5,1,FF,,-0.1071,-0.0621
4.01,5,1,FF,,-0.1062,-0.0616
4.015,5,1,FF,,-0.1053,-0.0611
4.02,5,1,FF,,-0.1043,-0.0605
4.025,5,1,FF,,-0.1034,-0.06
4.03,5,1,FF,,-0.1025,-0.0595
4.035,5,1,FF,,-0.1016,-0.0589
4.04,5,1,FF,,-0.1007,-0.0584
4.045,5,1,FF,,-0.0998,-0.0579
4.05,5,1,FF,,-0.0989,-0.0573
4.055,5,1,FF,,-0.098,-0.0568
4.06,5,1,FF,,-0.0971,-0.0563
4.065,5,1,FF,,-0.0962,-0.0558
4.07,5,1,FF,,-0.0953,-0.0552
4.075,5,1,FF,,-0.0945,-0.0547
4.08,5,1,FF,,-0.0936,-0.0542
4.085,5,1,FF,,-0.0927,-0.0537
4.09,5,1,FF,,-0.0918,-0.0532
4.095,5,1,FF,,-0.0909,-0.0527
4.1,5,1,FF,,-0.0901,-0.0522
4.105,5,1,FF,,-0.0892,-0.0517
4.11,5,1,FF,,-0.0883,-0.0511
4.115,5,1,FF,,-0.0875,-0.0506
4.12,5,1,FF,,-0.0866,-0.0501
4.125,5,1,FF,,-0.0858,-0.0496
4.13,5,1,FF,,-0.0849,-0.0491
4.135,5,1,FF,,-0.084,-0.0486
4.14,5,1,FF,,-0.0832,-0.0481
4.145,5,1,FF,,-0.0823,-0.0476
4.15,5,1,FF,,-0.0815,-0.0472
4.155,5,1,FF,,-0.0807,-0.0467
4.16,5,1,FF,,-0.0798,-0.0462
4.165,5,1,FF,,-0.079,-0.0457
4.17,5,1,FF,,-0.0781,-0.0452
4.175,5,1,FF,,-0.0773,-0.0447
4.18,5,1,FF,,-0.0765,-0.0442
4.185,5,1,FF,,-0.0757,-0.0438
4.19,5,1,FF,,-0.0748,-0.0433
4.195,5,1,FF,,-0.074,-0.0428
4.2,5,1,FF,,-0.0732,-0.0423
4.205,5,1,FF,,-0.0724,-0.0419
4.21,5,1,FF,,-0.0716,-0.0414
4.215,5,1,FF,,-0.0708,-0.0409
4.22,5,1,FF,,-0.07,-0.0404
4.225,5,1,FF,,-0.0692,-0.04
4.23,5,1,FF,,-0.0684,-0.0395
4.235,5,1,FF,,-0.0676,-0.0391
4.24,5,1,FF,,-0.0668,-0.0386
4.245,5,1,FF,,-0.066,-0.0381
4.25,5,1,FF,,-0.0653,-0.0377
4.255,5,1,FF,,-0.0645,-0.0372
4.26,5,1,FF,,-0.0637,-0.0368
4.265,5,1,FF,,-0.0629,-0.0363
4.27,5,1,FF,,-0.0622,-0.0359
4.275,5,1,FF,,-0.0614,-0.0354
4.28,5,1,FF,,-0.0606,-0.035
4.285,5,1,FF,,-0.0599,-0.0346
4.29,5,1,FF,,-0.0591,-0.0341
4.295,5,1,FF,,-0.0584,-0.0337
4.3,5,1,FF,,-0.0576,-0.0333
4.305,5,1,FF,,-0.0569,-0.0328
4.31,5,1,FF,,-0.0561,-0.0324
4.315,5,1,FF,,-0.0554,-0.032
4.32,5,1,FF,,-0.0547,-0.0315
4.325,5,1,FF,,-0.0539,-0.0311
4.33,5,1,FF,,-0.0532,-0.0307
4.335,5,1,FF,,-0.0525,-0.0303
4.34,5,1,FF,,-0.0518,-0.0299
4.345,5,1,FF,,-0.0511,-0.0295
4.35,5,1,FF,,-0.0504,-0.029
4.355,5,1,FF,,-0.0497,-0.0286
4.36,5,1,FF,,-0.049,-0.0282
4.365,5,1,FF,,-0.0483,-0.0278
4.37,5,1,FF,,-0.0476,-0.0274
4.375,5,1,FF,,-0.0469,-0.027
4.38,5,1,FF,,-0.0462,-0.0266
4.385,5,1,FF,,-0.0455,-0.0262
4.39,5,1,FF,,-0.0448,-0.0258
4.395,5,1,FF,,-0.0442,-0.0254
4.4,5,1,FF,,-0.0435,-0.0251
4.405,5,1,FF,,-0.0428,-0.0247
4.41,5,1,FF,,-0.0422,-0.0243
4.415,5,1,FF,,-0.0415,-0.0239
4.42,5,1,FF,,-0.0409,-0.0235
4.425,5,1,FF,,-0.0402,-0.0232
4.43,5,1,FF,,-0.0396,-0.0228
4.435,5,1,FF,,-0.0389,-0.0224
4.44,5,1,FF,,-0.0383,-0.022
4.445,5,1,FF,,-0.0377,-0.0217
4.45,5,1,FF,,-0.037,-0.0213
4.455,5,1,FF,,-0.0364,-0.021
4.46,5,1,FF,,-0.0358,-0.0206
4.465,5,1,FF,,-0.0352,-0.0202
4.47,5,1,FF,,-0.0346,-0.0199
4.475,5,1,FF,,-0.034,-0.0195
4.48,5,1,FF,,-0.0334,-0.0192
4.485,5,1,FF,,-0.0328,-0.0189
4.49,5,1,FF,,-0.0322,-0.0185
4.495,5,1,FF,,-0.0316,-0.0182
4.5,5,1,FF,,-0.031,-0.0178
4.505,5,1,FF,,-0.0304,-0.0175
4.51,5,1,FF,,-0.0298,-0.0172
4.515,5,1,FF,,-0.0293,-0.0168
4.52,5,1,FF,,-0.0287,-0.0165
4.525,5,1,FF,,-0.0282,-0.0162
4.53,5,1,FF,,-0.0276,-0.0159
4.535,5,1,FF,,-0.0271,-0.0156
4.54,5,1,FF,,-0.0265,-0.0152
4.545,5,1,FF,,-0.026,-0.0149
4.55,5,1,FF,,-0.0254,-0.0146
4.555,5,1,FF,,-0.0249,-0.0143
4.56,5,1,FF,,-0.0244,-0.014
4.565,5,1,FF,,-0.0239,-0.0137
4.57,5,1,FF,,-0.0233,-0.0134
4.575,5,1,FF,,-0.0228,-0.0131
4.58,5,1,FF,,-0.0223,-0.0128
4.585,5,1,FF,,-0.0218,-0.0125
4.59,5,1,FF,,-0.0213,-0.0123
4.595,5,1,FF,,-0.0208,-0.012
4.6,5,1,FF,,-0.0204,-0.0117
4.605,5,1,FF,,-0.0199,-0.0114
4.61,5,1,FF,,-0.0194,-0.0111
4.615,5,1,FF,,-0.0189,-0.0109
4.62,5,1,FF,,-0.0185,-0.0106
4.625,5,1,FF,,-0.018,-0.0103
4.63,5,1,FF,,-0.0175,-0.0101
4.635,5,1,FF,,-0.0171,-0.0098
4.64,5,1,FF,,-0.0167,-0.0096
4.645,5,1,FF,,-0.0162,-0.0093
4.65,5,1,FF,,-0.0158,-0.0091
4.655,5,1,FF,,-0.0153,-0.0088
4.66,5,1,FF,,-0.0149,-0.0086
4.665,5,1,FF,,-0.0145,-0.0083
4.67,5,1,FF,,-0.0141,-0.0081
4.675,5,1,FF,,-0.0137,-0.0079
4.68,5,1,FF,,-0.0133,-0.0076
4.685,5,1,FF,,-0.0129,-0.0074
4.69,5,1,FF,,-0.0125,-0.0072
4.695,5,1,FF,,-0.0121,-0.007
4.7,5,1,FF,,-0.0117,-0.0067
4.705,5,1,FF,,-0.0114,-0.0065
4.71,5,1,FF,,-0.011,-0.0063
4.715,5,1,FF,,-0.0106,-0.0061
4.72,5,1,FF,,-0.0103,-0.0059
4.725,5,1,FF,,-0.0099,-0.0057
4.73,5,1,FF,,-0.0096,-0.0055
4.735,5,1,FF,,-0.0092,-0.0053
4.74,5,1,FF,,-0.0089,-0.0051
4.745,5,1,FF,,-0.0086,-0.0049
4.75,5,1,FF,,-0.0083,-0.0047
4.755,5,1,FF,,-0.0079,-0.0045
4.76,5,1,FF,,-0.0076,-0.0044
4.765,5,1,FF,,-0.0073,-0.0042
4.77,5,1,FF,,-0.007,-0.004
4.775,5,1,FF,,-0.0067,-0.0039
4.78,5,1,FF,,-0.0064,-0.0037
4.785,5,1,FF,,-0.0062,-0.0035
4.79,5,1,FF,,-0.0059,-0.0034
4.795,5,1,FF,,-0.0056,-0.0032
4.8,5,1,FF,,-0.0053,-0.0031
4.805,5,1,FF,,-0.0051,-0.0029
4.81,5,1,FF,,-0.0048,-0.0028
4.815,5,1,FF,,-0.0046,-0.0026
4.82,5,1,FF,,-0.0043,-0.0025
4.825,5,1,FF,,-0.0041,-0.0024
4.83,5,1,FF,,-0.0039,-0.0022
4.835,5,1,FF,,-0.0037,-0.0021
4.84,5,1,FF,,-0.0035,-0.002
4.845,5,1,FF,,-0.0032,-0.0019
4.85,5,1,FF,,-0.003,-0.0017
4.855,5,1,FF,,-0.0028,-0.0016
4.86,5,1,FF,,-0.0027,-0.0015
4.865,5,1,FF,,-0.0025,-0.0014
4.87,5,1,FF,,-0.0023,-0.0013
4.875,5,1,FF,,-0.0021,-0.0012
4.88,5,1,FF,,-0.002,-0.0011
4.885,5,1,FF,,-0.0018,-0.001
4.89,5,1,FF,,-0.0017,-0.0009
4.895,5,1,FF,,-0.0015,-0.0009
4.9,5,1,FF,,-0.0014,-0.0008
4.905,5,1,FF,,-0.0012,-0.0007
4.91,5,1,FF,,-0.0011,-0.0006
4.915,5,1,FF,,-0.001,-0.0006
4.92,5,1,FF,,-0.0009,-0.0005
4.925,5,1,FF,,-0.0008,-0.0004
4.93,5,1,FF,,-0.0007,-0.0004
4.935,5,1,FF,,-0.0006,-0.0003
4.94,5,1,FF,,-0.0005,-0.0003
4.945,5,1,FF,,-0.0004,-0.0002
4.95,5,1,FF,,-0.0003,-0.0002
4.955,5,1,FF,,-0.0003,-0.0002
4.96,5,1,FF,,-0.0002,-0.0001
4.965,5,1,FF,,-0.0002,-0.0001
4.97,5,1,FF,,-0.0001,-0.0001
4.975,5,1,FF,,-0.0001,0
4.98,5,1,FF,,-0.0001,0
4.985,5,1,FF,,0,0
4.99,5,1,FF,,0,0
4.995,5,1,FF,,0,0
5,5,1,FF,,0,0
0,5,1.5,FF,,0,0
0.005,5,1.5,FF,,0,0
0.01,5,1.5,FF,,0,0
0.015,5,1.5,FF,,0,-0.0001
0.02,5,1.5,FF,,0,-0.0001
0.025,5,1.5,FF,,0,-0.0002
0.03,5,1.5,FF,,0,-0.0003
0.035,5,1.5,FF,,0,-0.0004
0.04,5,1.5,FF,,-0.0001,-0.0006
0.045,5,1.5,FF,,-0.0001,-0.0007
0.05,5,1.5,FF,,-0.0001,-0.0009
0.055,5,1.5,FF,,-0.0001,-0.0011
0.06,5,1.5,FF,,-0.0001,-0.0013
0.065,5,1.5,FF,,-0.0002,-0.0015
0.07,5,1.5,FF,,-0.0002,-0.0018
0.075,5,1.5,FF,,-0.0002,-0.002
0.08,5,1.5,FF,,-0.0002,-0.0023
0.085,5,1.5,FF,,-0.0003,-0.0026
0.09,5,1.5,FF,,-0.0003,-0.0029
0.095,5,1.5,FF,,-0.0004,-0.0032
0.1,5,1.5,FF,,-0.0004,-0.0035
0.105,5,1.5,FF,,-0.0004,-0.0039
0.11,5,1.5,FF,,-0.0005,-0.0043
0.115,5,1.5,FF,,-0.0005,-0.0047
0.12,5,1.5,FF,,-0.0006,-0.0051
0.125,5,1.5,FF,,-0.0006,-0.0055
0.13,5,1.5,FF,,-0.0007,-0.0059
0.135,5,1.5,FF,,-0.0007,-0.0064
0.14,5,1.5,FF,,-0.0008,-0.0068
0.145,5,1.5,FF,,-0.0009,-0.0073
0.15,5,1.5,FF,,-0.0009,-0.0078
0.155,5,1.5,FF,,-0.001,-0.0083
0.16,5,1.5,FF,,-0.0011,-0.0089
0.165,5,1.5,FF,,-0.0011,-0.0094
0.17,5,1.5,FF,,-0.0012,-0.01
0.175,5,1.5,FF,,-0.0013,-0.0106
0.18,5,1.5,FF,,-0.0014,-0.0111
0.185,5,1.5,FF,,-0.0015,-0.0118
0.19,5,1.5,FF,,-0.0016,-0.0124
0.195,5,1.5,FF,,-0.0016,-0.013
0.2,5,1.5,FF,,-0.0017,-0.0137
0.205,5,1.5,FF,,-0.0018,-0.0143
0.21,5,1.5,FF,,-0.0019,-0.015
0.215,5,1.5,FF,,-0.002,-0.0157
0.22,5,1.5,FF,,-0.0021,-0.0164
0.225,5,1.5,FF,,-0.0023,-0.0171
0.23,5,1.5,FF,,-0.0024,-0.0179
0.235,5,1.5,FF,,-0.0025,-0.0186
0.24,5,1.5,FF,,-0.0026,-0.0194
0.245,5,1.5,FF,,-0.0027,-0.0201
0.25,5,1.5,FF,,-0.0028,-0.0209
0.255,5,1.5,FF,,-0.003,-0.0217
0.26,5,1.5,FF,,-0.0031,-0.0225
0.265,5,1.5,FF,,-0.0032,-0.0234
0.27,5,1.5,FF,,-0.0034,-0.0242
0.275,5,1.5,FF,,-0.0035,-0.0251
0.28,5,1.5,FF,,-0.0037,-0.0259
0.285,5,1.5,FF,,-0.0038,-0.0268
0.29,5,1.5,FF,,-0.004,-0.0277
0.295,5,1.5,FF,,-0.0041,-0.0286
0.3,5,1.5,FF,,-0.0043,-0.0295
0.305,5,1.5,FF,,-0.0044,-0.0305
0.31,5,1.5,FF,,-0.0046,-0.0314
0.315,5,1.5,FF,,-0.0048,-0.0324
0.32,5,1.5,FF,,-0.005,-0.0334
0.325,5,1.5,FF,,-0.0051,-0.0343
0.33,5,1.5,FF,,-0.0053,-0.0353
0.335,5,1.5,FF,,-0.0055,-0.0363
0.34,5,1.5,FF,,-0.0057,-0.0373
0.345,5,1.5,FF,,-0.0059,-0.0384
0.35,5,1.5,FF,,-0.0061,-0.0394
0.355,5,1.5,FF,,-0.0063,-0.0405
0.36,5,1.5,FF,,-0.0065,-0.0415
0.365,5,1.5,FF,,-0.0067,-0.0426
0.37,5,1.5,FF,,-0.0069,-0.0437
0.375,5,1.5,FF,,-0.0071,-0.0448
0.38,5,1.5,FF,,-0.0074,-0.0459
0.385,5,1.5,FF,,-0.0076,-0.047
0.39,5,1.5,FF,,-0.0078,-0.0481
0.395,5,1.5,FF,,-0.008,-0.0493
0.4,5,1.5,FF,,-0.0083,-0.0504
0.405,5,1.5,FF,,-0.0085,-0.0516
0.41,5,1.5,FF,,-0.0088,-0.0528
0.415,5,1.5,FF,,-0.009,-0.054
0.42,5,1.5,FF,,-0.0093,-0.0551
0.425,5,1.5,FF,,-0.0095,-0.0563
0.43,5,1.5,FF,,-0.0098,-0.0576
0.435,5,1.5,FF,,-0.0101,-0.0588
0.44,5,1.5,FF,,-0.0104,-0.06
0.445,5,1.5,FF,,-0.0106,-0.0613
0.45,5,1.5,FF,,-0.0109,-0.0625
0.455,5,1.5,FF,,-0.0112,-0.0638
0.46,5,1.5,FF,,-0.0115,-0.065
0.465,5,1.5,FF,,-0.0118,-0.0663
0.47,5,1.5,FF,,-0.0121,-0.0676
0.475,5,1.5,FF,,-0.0124,-0.0689
0.48,5,1.5,FF,,-0.0127,-0.0702
0.485,5,1.5,FF,,-0.013,-0.0715
0.49,5,1.5,FF,,-0.0133,-0.0729
0.495,5,1.5,FF,,-0.0137,-0.0742
0.5,5,1.5,FF,,-0.014,-0.0755
0.505,5,1.5,FF,,-0.0143,-0.0769
0.51,5,1.5,FF,,-0.0147,-0.0783
0.515,5,1.5,FF,,-0.015,-0.0796
0.52,5,1.5,FF,,-0.0154,-0.081
0.525,5,1.5,FF,,-0.0157,-0.0824
0.53,5,1.5,FF,,-0.0161,-0.0838
0.535,5,1.5,FF,,-0.0164,-0.0852
0.54,5,1.5,FF,,-0.0168,-0.0866
0.545,5,1.5,FF,,-0.0172,-0.088
0.55,5,1.5,FF,,-0.0176,-0.0894
0.555,5,1.5,FF,,-0.018,-0.0909
0.56,5,1.5,FF,,-0.0184,-0.0923
0.565,5,1.5,FF,,-0.0187,-0.0937
0.57,5,1.5,FF,,-0.0191,-0.0952
0.575,5,1.5,FF,,-0.0196,-0.0967
0.58,5,1.5,FF,,-0.02,-0.0981
0.585,5,1.5,FF,,-0.0204,-0.0996
0.59,5,1.5,FF,,-0.0208,-0.1011
0.595,5,1.5,FF,,-0.0212,-0.1026
0.6,5,1.5,FF,,-0.0217,-0.1041
0.605,5,1.5,FF,,-0.0221,-0.1056
0.61,5,1.5,FF,,-0.0226,-0.1071
0.615,5,1.5,FF,,-0.023,-0.1086
0.62,5,1.5,FF,,-0.0235,-0.1101
0.625,5,1.5,FF,,-0.0239,-0.1117
0.63,5,1.5,FF,,-0.0244,-0.1132
0.635,5,1.5,FF,,-0.0249,-0.1147
0.64,5,1.5,FF,,-0.0253,-0.1163
0.645,5,1.5,FF,,-0.0258,-0.1178
0.65,5,1.5,FF,,-0.0263,-0.1194
0.655,5,1.5,FF,,-0.0268,-0.1209
0.66,5,1.5,FF,,-0.0273,-0.1225
0.665,5,1.5,FF,,-0.0278,-0.1241
0.67,5,1.5,FF,,-0.0283,-0.1257
0.675,5,1.5,FF,,-0.0289,-0.1273
0.68,5,1.5,FF,,-0.0294,-0.1288
0.685,5,1.5,FF,,-0.0299,-0.1304
0.69,5,1.5,FF,,-0.0305,-0.132
0.695,5,1.5,FF,,-0.031,-0.1336
0.7,5,1.5,FF,,-0.0316,-0.1353
0.705,5,1.5,FF,,-0.0321,-0.1369
0.71,5,1.5,FF,,-0.0327,-0.1385
0.715,5,1.5,FF,,-0.0332,-0.1401
0.72,5,1.5,FF,,-0.0338,-0.1417
0.725,5,1.5,FF,,-0.0344,-0.1434
0.73,5,1.5,FF,,-0.035,-0.145
0.735,5,1.5,FF,,-0.0356,-0.1466
0.74,5,1.5,FF,,-0.0362,-0.1483
0.745,5,1.5,FF,,-0.0368,-0.1499
0.75,5,1.5,FF,,-0.0374,-0.1516
0.755,5,1.5,FF,,-0.038,-0.1532
0.76,5,1.5,FF,,-0.0387,-0.1549
0.765,5,1.5,FF,,-0.0393,-0.1566
0.77,5,1.5,FF,,-0.0399,-0.1582
0.775,5,1.5,FF,,-0.0406,-0.1599
0.78,5,1.5,FF,,-0.0412,-0.1616
0.785,5,1.5,FF,,-0.0419,-0.1633
0.79,5,1.5,FF,,-0.0426,-0.1649
0.795,5,1.5,FF,,-0.0432,-0.1666
0.8,5,1.5,FF,,-0.0439,-0.1683
0.805,5,1.5,FF,,-0.0446,-0.17
0.81,5,1.5,FF,,-0.0453,-0.1717
0.815,5,1.5,FF,,-0.046,-0.1734
0.82,5,1.5,FF,,-0.0467,-0.1751
0.825,5,1.5,FF,,-0.0474,-0.1768
0.83,5,1.5,FF,,-0.0481,-0.1785
0.835,5,1.5,FF,,-0.0489,-0.1802
0.84,5,1.5,FF,,-0.0496,-0.1819
0.845,5,1.5,FF,,-0.0503,-0.1836
0.85,5,1.5,FF,,-0.0511,-0.1853
0.855,5,1.5,FF,,-0.0518,-0.187
0.86,5,1.5,FF,,-0.0526,-0.1887
0.865,5,1.5,FF,,-0.0534,-0.1904
0.87,5,1.5,FF,,-0.0541,-0.1921
0.875,5,1.5,FF,,-0.0549,-0.1938
0.88,5,1.5,FF,,-0.0557,-0.1955
0.885,5,1.5,FF,,-0.0565,-0.1973
0.89,5,1.5,FF,,-0.0573,-0.199
0.895,5,1.5,FF,,-0.0581,-0.2007
0.9,5,1.5,FF,,-0.059,-0.2024
0.905,5,1.5,FF,,-0.0598,-0.2041
0.91,5,1.5,FF,,-0.0606,-0.2059
0.915,5,1.5,FF,,-0.0615,-0.2076
0.92,5,1.5,FF,,-0.0623,-0.2093
0.925,5,1.5,FF,,-0.0632,-0.211
0.93,5,1.5,FF,,-0.0641,-0.2127
0.935,5,1.5,FF,,-0.0649,-0.2145
0.94,5,1.5,FF,,-0.0658,-0.2162
0.945,5,1.5,FF,,-0.0667,-0.2179
0.95,5,1.5,FF,,-0.0676,-0.2196
0.955,5,1.5,FF,,-0.0685,-0.2214
0.96,5,1.5,FF,,-0.0694,-0.2231
0.965,5,1.5,FF,,-0.0703,-0.2248
0.97,5,1.5,FF,,-0.0713,-0.2265
0.975,5,1.5,FF,,-0.0722,-0.2282
0.98,5,1.5,FF,,-0.0731,-0.23
0.985,5,1.5,FF,,-0.0741,-0.2317
0.99,5,1.5,FF,,-0.0751,-0.2334
0.995,5,1.5,FF,,-0.076,-0.2351
1,5,1.5,FF,,-0.077,-0.2368
1.005,5,1.5,FF,,-0.078,-0.2385
1.01,5,1.5,FF,,-0.079,-0.2403
1.015,5,1.5,FF,,-0.08,-0.242
1.02,5,1.5,FF,,-0.081,-0.2437
1.025,5,1.5,FF,,-0.082,-0.2454
1.03,5,1.5,FF,,-0.083,-0.2471
1.035,5,1.5,FF,,-0.0841,-0.2488
1.04,5,1.5,FF,,-0.0851,-0.2505
1.045,5,1.5,FF,,-0.0861,-0.2522
1.05,5,1.5,FF,,-0.0872,-0.2539
1.055,5,1.5,FF,,-0.0883,-0.2556
1.06,5,1.5,FF,,-0.0893,-0.2573
1.065,5,1.5,FF,,-0.0904,-0.259
1.07,5,1.5,FF,,-0.0915,-0.2607
1.075,5,1.5,FF,,-0.0926,-0.2624
1.08,5,1.5,FF,,-0.0937,-0.264
1.085,5,1.5,FF,,-0.0948,-0.2657
1.09,5,1.5,FF,,-0.096,-0.2674
1.095,5,1.5,FF,,-0.0971,-0.2691
1.1,5,1.5,FF,,-0.0983,-0.2708
1.105,5,1.5,FF,,-0.0994,-0.2724
1.11,5,1.5,FF,,-0.1006,-0.2741
1.115,5,1.5,FF,,-0.1017,-0.2758
1.12,5,1.5,FF,,-0.1029,-0.2774
1.125,5,1.5,FF,,-0.1041,-0.2791
1.13,5,1.5,FF,,-0.1053,-0.2807
1.135,5,1.5,FF,,-0.1065,-0.2824
1.14,5,1.5,FF,,-0.1077,-0.284
1.145,5,1.5,FF,,-0.1089,-0.2857
1.15,5,1.5,FF,,-0.1102,-0.2873
1.155,5,1.5,FF,,-0.1114,-0.2889
1.16,5,1.5,FF,,-0.1127,-0.2906
1.165,5,1.5,FF,,-0.1139,-0.2922
1.17,5,1.5,FF,,-0.1152,-0.2938
1.175,5,1.5,FF,,-0.1165,-0.2954
1.18,5,1.5,FF,,-0.1177,-0.297
1.185,5,1.5,FF,,-0.119,-0.2986
1.19,5,1.5,FF,,-0.1203,-0.3002
1.195,5,1.5,FF,,-0.1217,-0.3018
1.2,5,1.5,FF,,-0.123,-0.3034
1.205,5,1.5,FF,,-0.1243,-0.305
1.21,5,1.5,FF,,-0.1256,-0.3066
1.215,5,1.5,FF,,-0.127,-0.3081
1.22,5,1.5,FF,,-0.1284,-0.3097
1.225,5,1.5,FF,,-0.1297,-0.3113
1.23,5,1.5,FF,,-0.1311,-0.3128
1.235,5,1.5,FF,,-0.1325,-0.3144
1.24,5,1.5,FF,,-0.1339,-0.3159
1.245,5,1.5,FF,,-0.1353,-0.3175
1.25,5,1.5,FF,,-0.1367,-0.319
1.255,5,1.5,FF,,-0.1381,-0.3205
1.26,5,1.5,FF,,-0.1396,-0.3221
1.265,5,1.5,FF,,-0.141,-0.3236
1.27,5,1.5,FF,,-0.1425,-0.3251
1.275,5,1.5,FF,,-0.1439,-0.3266
1.28,5,1.5,FF,,-0.1454,-0.3281
1.285,5,1.5,FF,,-0.1469,-0.3296
1.29,5,1.5,FF,,-0.1484,-0.3311
1.295,5,1.5,FF,,-0.1499,-0.3325
1.3,5,1.5,FF,,-0.1514,-0.334
1.305,5,1.5,FF,,-0.1529,-0.3355
1.31,5,1.5,FF,,-0.1545,-0.3369
1.315,5,1.5,FF,,-0.156,-0.3384
1.32,5,1.5,FF,,-0.1576,-0.3398
1.325,5,1.5,FF,,-0.1591,-0.3412
1.33,5,1.5,FF,,-0.1607,-0.3427
1.335,5,1.5,FF,,-0.1623,-0.3441
1.34,5,1.5,FF,,-0.1639,-0.3455
1.345,5,1.5,FF,,-0.1655,-0.3469
1.35,5,1.5,FF,,-0.1671,-0.3483
1.355,5,1.5,FF,,-0.1687,-0.3497
1.36,5,1.5,FF,,-0.1704,-0.351
1.365,5,1.5,FF,,-0.172,-0.3524
1.37,5,1.5,FF,,-0.1737,-0.3538
1.375,5,1.5,FF,,-0.1754,-0.3551
1.38,5,1.5,FF,,-0.177,-0.3565
1.385,5,1.5,FF,,-0.1787,-0.3578
1.39,5,1.5,FF,,-0.1804,-0.3591
1.395,5,1.5,FF,,-0.1821,-0.3604
1.4,5,1.5,FF,,-0.1838,-0.3618
1.405,5,1.5,FF,,-0.1856,-0.363
1.41,5,1.5,FF,,-0.1873,-0.3643
1.415,5,1.5,FF,,-0.1891,-0.3656
1.42,5,1.5,FF,,-0.1908,-0.3669
1.425,5,1.5,FF,,-0.1926,-0.3682
1.43,5,1.5,FF,,-0.1944,-0.3694
1.435,5,1.5,FF,,-0.1962,-0.3706
1.44,5,1.5,FF,,-0.198,-0.3719
1.445,5,1.5,FF,,-0.1998,-0.3731
1.45,5,1.5,FF,,-0.2016,-0.3743
1.455,5,1.5,FF,,-0.2035,-0.3755
1.46,5,1.5,FF,,-0.2053,-0.3767
1.465,5,1.5,FF,,-0.2072,-0.3779
1.47,5,1.5,FF,,-0.209,-0.3791
1.475,5,1.5,FF,,-0.2109,-0.3802
1.48,5,1.5,FF,,-0.2128,-0.3814
1.485,5,1.5,FF,,-0.2147,-0.3825
1.49,5,1.5,FF,,-0.2166,-0.3836
1.495,5,1.5,FF,,-0.2186,-0.3848
1.5,5,1.5,FF,,-0.2205,-0.3859
1.505,5,1.5,FF,,-0.2224,-0.387
1.51,5,1.5,FF,,-0.2244,-0.3881
1.515,5,1.5,FF,,-0.2263,-0.3891
1.52,5,1.5,FF,,-0.2282,-0.3902
1.525,5,1.5,FF,,-0.23,-0.3913
1.53,5,1.5,FF,,-0.2319,-0.3923
1.535,5,1.5,FF,,-0.2338,-0.3933
1.54,5,1.5,FF,,-0.2356,-0.3943
1.545,5,1.5,FF,,-0.2374,-0.3954
1.55,5,1.5,FF,,-0.2392,-0.3964
1.555,5,1.5,FF,,-0.241,-0.3973
1.56,5,1.5,FF,,-0.2428,-0.3983
1.565,5,1.5,FF,,-0.2446,-0.3993
1.57,5,1.5,FF,,-0.2464,-0.4002
1.575,5,1.5,FF,,-0.2481,-0.4012
1.58,5,1.5,FF,,-0.2498,-0.4021
1.585,5,1.5,FF,,-0.2516,-0.403
1.59,5,1.5,FF,,-0.2533,-0.404
1.595,5,1.5,FF,,-0.255,-0.4049
1.6,5,1.5,FF,,-0.2566,-0.4058
1.605,5,1.5,FF,,-0.2583,-0.4066
1.61,5,1.5,FF,,-0.26,-0.4075
1.615,5,1.5,FF,,-0.2616,-0.4084
1.62,5,1.5,FF,,-0.2632,-0.4092
1.625,5,1.5,FF,,-0.2648,-0.4101
1.63,5,1.5,FF,,-0.2664,-0.4109
1.635,5,1.5,FF,,-0.268,-0.4117
1.64,5,1.5,FF,,-0.2696,-0.4125
1.645,5,1.5,FF,,-0.2712,-0.4133
1.65,5,1.5,FF,,-0.2727,-0.4141
1.655,5,1.5,FF,,-0.2742,-0.4149
1.66,5,1.5,FF,,-0.2758,-0.4157
1.665,5,1.5,FF,,-0.2773,-0.4164
1.67,5,1.5,FF,,-0.2788,-0.4172
1.675,5,1.5,FF,,-0.2803,-0.4179
1.68,5,1.5,FF,,-0.2817,-0.4186
1.685,5,1.5,FF,,-0.2832,-0.4193
1.69,5,1.5,FF,,-0.2846,-0.4201
1.695,5,1.5,FF,,-0.2861,-0.4208
1.7,5,1.5,FF,,-0.2875,-0.4214
1.705,5,1.5,FF,,-0.2889,-0.4221
1.71,5,1.5,FF,,-0.2903,-0.4228
1.715,5,1.5,FF,,-0.2917,-0.4234
1.72,5,1.5,FF,,-0.2931,-0.4241
1.725,5,1.5,FF,,-0.2944,-0.4247
1.73,5,1.5,FF,,-0.2958,-0.4254
1.735,5,1.5,FF,,-0.2971,-0.426
1.74,5,1.5,FF,,-0.2984,-0.4266
1.745,5,1.5,FF,,-0.2997,-0.4272
1.75,5,1.5,FF,,-0.301,-0.4278
1.755,5,1.5,FF,,-0.3023,-0.4284
1.76,5,1.5,FF,,-0.3036,-0.4289
1.765,5,1.5,FF,,-0.3049,-0.4295
1.77,5,1.5,FF,,-0.3061,-0.43
1.775,5,1.5,FF,,-0.3073,-0.4306
1.78,5,1.5,FF,,-0.3086,-0.4311
1.785,5,1.5,FF,,-0.3098,-0.4316
1.79,5,1.5,FF,,-0.311,-0.4322
1.795,5,1.5,FF,,-0.3122,-0.4327
1.8,5,1.5,FF,,-0.3133,-0.4332
1.805,5,1.5,FF,,-0.3145,-0.4336
1.81,5,1.5,FF,,-0.3157,-0.4341
1.815,5,1.5,FF,,-0.3168,-0.4346
1.82,5,1.5,FF,,-0.3179,-0.435
1.825,5,1.5,FF,,-0.3191,-0.4355
1.83,5,1.5,FF,,-0.3202,-0.4359
1.835,5,1.5,FF,,-0.3213,-0.4364
1.84,5,1.5,FF,,-0.3223,-0.4368
1.845,5,1.5,FF,,-0.3234,-0.4372
1.85,5,1.5,FF,,-0.3245,-0.4376
1.855,5,1.5,FF,,-0.3255,-0.438
1.86,5,1.5,FF,,-0.3265,-0.4384
1.865,5,1.5,FF,,-0.3276,-0.4387
1.87,5,1.5,FF,,-0.3286,-0.4391
1.875,5,1.5,FF,,-0.3296,-0.4395
1.88,5,1.5,FF,,-0.3306,-0.4398
1.885,5,1.5,FF,,-0.3316,-0.4401
1.89,5,1.5,FF,,-0.3325,-0.4405
1.895,5,1.5,FF,,-0.3335,-0.4408
1.9,5,1.5,FF,,-0.3344,-0.4411
1.905,5,1.5,FF,,-0.3354,-0.4414
1.91,5,1.5,FF,,-0.3363,-0.4417
1.915,5,1.5,FF,,-0.3372,-0.442
1.92,5,1.5,FF,,-0.3381,-0.4423
1.925,5,1.5,FF,,-0.339,-0.4425
1.93,5,1.5,FF,,-0.3399,-0.4428
1.935,5,1.5,FF,,-0.3407,-0.443
1.94,5,1.5,FF,,-0.3416,-0.4433
1.945,5,1.5,FF,,-0.3424,-0.4435
1.95,5,1.5,FF,,-0.3433,-0.4437
1.955,5,1.5,FF,,-0.3441,-0.4439
1.96,5,1.5,FF,,-0.3449,-0.4442
1.965,5,1.5,FF,,-0.3457,-0.4443
1.97,5,1.5,FF,,-0.3465,-0.4445
1.975,5,1.5,FF,,-0.3473,-0.4447
1.98,5,1.5,FF,,-0.348,-0.4449
1.985,5,1.5,FF,,-0.3488,-0.4451
1.99,5,1.5,FF,,-0.3495,-0.4452
1.995,5,1.5,FF,,-0.3503,-0.4454
2,5,1.5,FF,,-0.351,-0.4455
2.005,5,1.5,FF,,-0.3517,-0.4456
2.01,5,1.5,FF,,-0.3524,-0.4458
2.015,5,1.5,FF,,-0.3531,-0.4459
2.02,5,1.5,FF,,-0.3538,-0.446
2.025,5,1.5,FF,,-0.3545,-0.4461
2.03,5,1.5,FF,,-0.3551,-0.4462
2.035,5,1.5,FF,,-0.3558,-0.4462
2.04,5,1.5,FF,,-0.3564,-0.4463
2.045,5,1.5,FF,,-0.3571,-0.4464
2.05,5,1.5,FF,,-0.3577,-0.4464
2.055,5,1.5,FF,,-0.3583,-0.4465
2.06,5,1.5,FF,,-0.3589,-0.4465
2.065,5,1.5,FF,,-0.3595,-0.4466
2.07,5,1.5,FF,,-0.3601,-0.4466
2.075,5,1.5,FF,,-0.3606,-0.4466
2.08,5,1.5,FF,,-0.3612,-0.4466
2.085,5,1.5,FF,,-0.3617,-0.4466
2.09,5,1.5,FF,,-0.3623,-0.4466
2.095,5,1.5,FF,,-0.3628,-0.4466
2.1,5,1.5,FF,,-0.3633,-0.4466
2.105,5,1.5,FF,,-0.3638,-0.4465
2.11,5,1.5,FF,,-0.3643,-0.4465
2.115,5,1.5,FF,,-0.3648,-0.4465
2.12,5,1.5,FF,,-0.3653,-0.4464
2.125,5,1.5,FF,,-0.3658,-0.4463
2.13,5,1.5,FF,,-0.3662,-0.4463
2.135,5,1.5,FF,,-0.3667,-0.4462
2.14,5,1.5,FF,,-0.3671,-0.4461
2.145,5,1.5,FF,,-0.3675,-0.446
2.15,5,1.5,FF,,-0.3679,-0.4459
2.155,5,1.5,FF,,-0.3684,-0.4458
2.16,5,1.5,FF,,-0.3688,-0.4457
2.165,5,1.5,FF,,-0.3691,-0.4456
2.17,5,1.5,FF,,-0.3695,-0.4455
2.175,5,1.5,FF,,-0.3699,-0.4453
2.18,5,1.5,FF,,-0.3703,-0.4452
2.185,5,1.5,FF,,-0.3706,-0.445
2.19,5,1.5,FF,,-0.371,-0.4449
2.195,5,1.5,FF,,-0.3713,-0.4447
2.2,5,1.5,FF,,-0.3716,-0.4445
2.205,5,1.5,FF,,-0.3719,-0.4443
2.21,5,1.5,FF,,-0.3722,-0.4442
2.215,5,1.5,FF,,-0.3725,-0.444
2.22,5,1.5,FF,,-0.3728,-0.4438
2.225,5,1.5,FF,,-0.3731,-0.4436
2.23,5,1.5,FF,,-0.3734,-0.4433
2.235,5,1.5,FF,,-0.3736,-0.4431
2.24,5,1.5,FF,,-0.3739,-0.4429
2.245,5,1.5,FF,,-0.3741,-0.4427
2.25,5,1.5,FF,,-0.3743,-0.4424
2.255,5,1.5,FF,,-0.3746,-0.4422
2.26,5,1.5,FF,,-0.3748,-0.4419
2.265,5,1.5,FF,,-0.375,-0.4416
2.27,5,1.5,FF,,-0.3752,-0.4414
2.275,5,1.5,FF,,-0.3754,-0.4411
2.28,5,1.5,FF,,-0.3755,-0.4408
2.285,5,1.5,FF,,-0.3757,-0.4405
2.29,5,1.5,FF,,-0.3759,-0.4402
2.295,5,1.5,FF,,-0.376,-0.4399
2.3,5,1.5,FF,,-0.3762,-0.4396
2.305,5,1.5,FF,,-0.3763,-0.4393
2.31,5,1.5,FF,,-0.3764,-0.4389
2.315,5,1.5,FF,,-0.3765,-0.4386
2.32,5,1.5,FF,,-0.3766,-0.4383
2.325,5,1.5,FF,,-0.3767,-0.4379
2.33,5,1.5,FF,,-0.3768,-0.4376
2.335,5,1.5,FF,,-0.3769,-0.4372
2.34,5,1.5,FF,,-0.377,-0.4368
2.345,5,1.5,FF,,-0.3771,-0.4365
2.35,5,1.5,FF,,-0.3771,-0.4361
2.355,5,1.5,FF,,-0.3772,-0.4357
2.36,5,1.5,FF,,-0.3772,-0.4353
2.365,5,1.5,FF,,-0.3772,-0.4349
2.37,5,1.5,FF,,-0.3772,-0.4345
2.375,5,1.5,FF,,-0.3773,-0.4341
2.38,5,1.5,FF,,-0.3773,-0.4337
2.385,5,1.5,FF,,-0.3773,-0.4333
2.39,5,1.5,FF,,-0.3773,-0.4328
2.395,5,1.5,FF,,-0.3772,-0.4324
2.4,5,1.5,FF,,-0.3772,-0.432
2.405,5,1.5,FF,,-0.3772,-0.4315
2.41,5,1.5,FF,,-0.3771,-0.4311
2.415,5,1.5,FF,,-0.3771,-0.4306
2.42,5,1.5,FF,,-0.377,-0.4301
2.425,5,1.5,FF,,-0.377,-0.4297
2.43,5,1.5,FF,,-0.3769,-0.4292
2.435,5,1.5,FF,,-0.3768,-0.4287
2.44,5,1.5,FF,,-0.3767,-0.4282
2.445,5,1.5,FF,,-0.3766,-0.4277
2.45,5,1.5,FF,,-0.3765,-0.4272
2.455,5,1.5,FF,,-0.3764,-0.4267
2.46,5,1.5,FF,,-0.3763,-0.4262
2.465,5,1.5,FF,,-0.3761,-0.4257
2.47,5,1.5,FF,,-0.376,-0.4251
2.475,5,1.5,FF,,-0.3758,-0.4246
2.48,5,1.5,FF,,-0.3757,-0.4241
2.485,5,1.5,FF,,-0.3755,-0.4235
2.49,5,1.5,FF,,-0.3754,-0.423
2.495,5,1.5,FF,,-0.3752,-0.4224
2.5,5,1.5,FF,,-0.375,-0.4219
2.505,5,1.5,FF,,-0.3748,-0.4213
2.51,5,1.5,FF,,-0.3746,-0.4207
2.515,5,1.5,FF,,-0.3744,-0.4202
2.52,5,1.5,FF,,-0.3742,-0.4196
2.525,5,1.5,FF,,-0.374,-0.419
2.53,5,1.5,FF,,-0.3737,-0.4184
2.535,5,1.5,FF,,-0.3735,-0.4178
2.54,5,1.5,FF,,-0.3733,-0.4172
2.545,5,1.5,FF,,-0.373,-0.4166
2.55,5,1.5,FF,,-0.3728,-0.416
2.555,5,1.5,FF,,-0.3725,-0.4154
2.56,5,1.5,FF,,-0.3722,-0.4147
2.565,5,1.5,FF,,-0.3719,-0.4141
2.57,5,1.5,FF,,-0.3717,-0.4135
2.575,5,1.5,FF,,-0.3714,-0.4128
2.58,5,1.5,FF,,-0.3711,-0.4122
2.585,5,1.5,FF,,-0.3708,-0.4115
2.59,5,1.5,FF,,-0.3704,-0.4109
2.595,5,1.5,FF,,-0.3701,-0.4102
2.6,5,1.5,FF,,-0.3698,-0.4095
2.605,5,1.5,FF,,-0.3695,-0.4089
2.61,5,1.5,FF,,-0.3691,-0.4082
2.615,5,1.5,FF,,-0.3688,-0.4075
2.62,5,1.5,FF,,-0.3684,-0.4068
2.625,5,1.5,FF,,-0.3681,-0.4061
2.63,5,1.5,FF,,-0.3677,-0.4054
2.635,5,1.5,FF,,-0.3673,-0.4047
2.64,5,1.5,FF,,-0.3669,-0.404
2.645,5,1.5,FF,,-0.3665,-0.4033
2.65,5,1.5,FF,,-0.3661,-0.4026
2.655,5,1.5,FF,,-0.3657,-0.4019
2.66,5,1.5,FF,,-0.3653,-0.4011
2.665,5,1.5,FF,,-0.3649,-0.4004
2.67,5,1.5,FF,,-0.3645,-0.3997
2.675,5,1.5,FF,,-0.3641,-0.3989
2.68,5,1.5,FF,,-0.3636,-0.3982
2.685,5,1.5,FF,,-0.3632,-0.3974
2.69,5,1.5,FF,,-0.3627,-0.3967
2.695,5,1.5,FF,,-0.3623,-0.3959
2.7,5,1.5,FF,,-0.3618,-0.3952
2.705,5,1.5,FF,,-0.3614,-0.3944
2.71,5,1.5,FF,,-0.3609,-0.3936
2.715,5,1.5,FF,,-0.3604,-0.3928
2.72,5,1.5,FF,,-0.3599,-0.3921
2.725,5,1.5,FF,,-0.3594,-0.3913
2.73,5,1.5,FF,,-0.359,-0.3905
2.735,5,1.5,FF,,-0.3584,-0.3897
2.74,5,1.5,FF,,-0.3579,-0.3889
2.745,5,1.5,FF,,-0.3574,-0.3881
2.75,5,1.5,FF,,-0.3569,-0.3873
2.755,5,1.5,FF,,-0.3564,-0.3865
2.76,5,1.5,FF,,-0.3558,-0.3857
2.765,5,1.5,FF,,-0.3553,-0.3848
2.77,5,1.5,FF,,-0.3548,-0.384
2.775,5,1.5,FF,,-0.3542,-0.3832
2.78,5,1.5,FF,,-0.3537,-0.3823
2.785,5,1.5,FF,,-0.3531,-0.3815
2.79,5,1.5,FF,,-0.3525,-0.3807
2.795,5,1.5,FF,,-0.352,-0.3798
2.8,5,1.5,FF,,-0.3514,-0.379
2.805,5,1.5,FF,,-0.3508,-0.3781
2.81,5,1.5,FF,,-0.3502,-0.3773
2.815,5,1.5,FF,,-0.3496,-0.3764
2.82,5,1.5,FF,,-0.349,-0.3755
2.825,5,1.5,FF,,-0.3484,-0.3747
2.83,5,1.5,FF,,-0.3478,-0.3738
2.835,5,1.5,FF,,-0.3472,-0.3729
2.84,5,1.5,FF,,-0.3466,-0.372
2.845,5,1.5,FF,,-0.3459,-0.3712
2.85,5,1.5,FF,,-0.3453,-0.3703
2.855,5,1.5,FF,,-0.3447,-0.3694
2.86,5,1.5,FF,,-0.344,-0.3685
2.865,5,1.5,FF,,-0.3434,-0.3676
2.87,5,1.5,FF,,-0.3427,-0.3667
2.875,5,1.5,FF,,-0.3421,-0.3658
2.88,5,1.5,FF,,-0.3414,-0.3649
2.885,5,1.5,FF,,-0.3407,-0.3639
2.89,5,1.5,FF,,-0.3401,-0.363
2.895,5,1.5,FF,,-0.3394,-0.3621
2.9,5,1.5,FF,,-0.3387,-0.3612
2.905,5,1.5,FF,,-0.338,-0.3603
2.91,5,1.5,FF,,-0.3373,-0.3593
2.915,5,1.5,FF,,-0.3366,-0.3584
2.92,5,1.5,FF,,-0.3359,-0.3574
2.925,5,1.5,FF,,-0.3352,-0.3565
2.93,5,1.5,FF,,-0.3345,-0.3556
2.935,5,1.5,FF,,-0.3338,-0.3546
2.94,5,1.5,FF,,-0.333,-0.3537
2.945,5,1.5,FF,,-0.3323,-0.3527
2.95,5,1.5,FF,,-0.3316,-0.3517
2.955,5,1.5,FF,,-0.3308,-0.3508
2.96,5,1.5,FF,,-0.3301,-0.3498
2.965,5,1.5,FF,,-0.3294,-0.3489
2.97,5,1.5,FF,,-0.3286,-0.3479
2.975,5,1.5,FF,,-0.3278,-0.3469
2.98,5,1.5,FF,,-0.3271,-0.3459
2.985,5,1.5,FF,,-0.3263,-0.345
2.99,5,1.5,FF,,-0.3256,-0.344
2.995,5,1.5,FF,,-0.3248,-0.343
3,5,1.5,FF,,-0.324,-0.342
3.005,5,1.5,FF,,-0.3232,-0.341
3.01,5,1.5,FF,,-0.3224,-0.34
3.015,5,1.5,FF,,-0.3216,-0.339
3.02,5,1.5,FF,,-0.3208,-0.338
3.025,5,1.5,FF,,-0.32,-0.337
3.03,5,1.5,FF,,-0.3192,-0.336
3.035,5,1.5,FF,,-0.3184,-0.335
3.04,5,1.5,FF,,-0.3176,-0.334
3.045,5,1.5,FF,,-0.3168,-0.333
3.05,5,1.5,FF,,-0.316,-0.332
3.055,5,1.5,FF,,-0.3152,-0.3309
3.06,5,1.5,FF,,-0.3143,-0.3299
3.065,5,1.5,FF,,-0.3135,-0.3289
3.07,5,1.5,FF,,-0.3127,-0.3279
3.075,5,1.5,FF,,-0.3118,-0.3268
3.08,5,1.5,FF,,-0.311,-0.3258
3.085,5,1.5,FF,,-0.3101,-0.3248
3.09,5,1.5,FF,,-0.3093,-0.3237
3.095,5,1.5,FF,,-0.3084,-0.3227
3.1,5,1.5,FF,,-0.3076,-0.3217
3.105,5,1.5,FF,,-0.3067,-0.3206
3.11,5,1.5,FF,,-0.3058,-0.3196
3.115,5,1.5,FF,,-0.305,-0.3185
3.12,5,1.5,FF,,-0.3041,-0.3175
3.125,5,1.5,FF,,-0.3032,-0.3164
3.13,5,1.5,FF,,-0.3023,-0.3154
3.135,5,1.5,FF,,-0.3015,-0.3143
3.14,5,1.5,FF,,-0.3006,-0.3132
3.145,5,1.5,FF,,-0.2997,-0.3122
3.15,5,1.5,FF,,-0.2988,-0.3111
3.155,5,1.5,FF,,-0.2979,-0.31
3.16,5,1.5,FF,,-0.297,-0.309
3.165,5,1.5,FF,,-0.2961,-0.3079
3.17,5,1.5,FF,,-0.2952,-0.3068
3.175,5,1.5,FF,,-0.2943,-0.3058
3.18,5,1.5,FF,,-0.2933,-0.3047
3.185,5,1.5,FF,,-0.2924,-0.3036
3.19,5,1.5,FF,,-0.2915,-0.3025
3.195,5,1.5,FF,,-0.2906,-0.3014
3.2,5,1.5,FF,,-0.2897,-0.3003
3.205,5,1.5,FF,,-0.2887,-0.2993
3.21,5,1.5,FF,,-0.2878,-0.2982
3.215,5,1.5,FF,,-0.2869,-0.2971
3.22,5,1.5,FF,,-0.2859,-0.296
3.225,5,1.5,FF,,-0.285,-0.2949
3.23,5,1.5,FF,,-0.284,-0.2938
3.235,5,1.5,FF,,-0.2831,-0.2927
3.24,5,1.5,FF,,-0.2821,-0.2916
3.245,5,1.5,FF,,-0.2812,-0.2905
3.25,5,1.5,FF,,-0.2802,-0.2894
3.255,5,1.5,FF,,-0.2793,-0.2883
3.26,5,1.5,FF,,-0.2783,-0.2872
3.265,5,1.5,FF,,-0.2773,-0.2861
3.27,5,1.5,FF,,-0.2764,-0.285
3.275,5,1.5,FF,,-0.2754,-0.2839
3.28,5,1.5,FF,,-0.2744,-0.2828
3.285,5,1.5,FF,,-0.2734,-0.2817
3.29,5,1.5,FF,,-0.2725,-0.2805
3.295,5,1.5,FF,,-0.2715,-0.2794
3.3,5,1.5,FF,,-0.2705,-0.2783
3.305,5,1.5,FF,,-0.2695,-0.2772
3.31,5,1.5,FF,,-0.2685,-0.2761
3.315,5,1.5,FF,,-0.2675,-0.275
3.32,5,1.5,FF,,-0.2665,-0.2738
3.325,5,1.5,FF,,-0.2656,-0.2727
3.33,5,1.5,FF,,-0.2646,-0.2716
3.335,5,1.5,FF,,-0.2636,-0.2705
3.34,5,1.5,FF,,-0.2626,-0.2693
3.345,5,1.5,FF,,-0.2615,-0.2682
3.35,5,1.5,FF,,-0.2605,-0.2671
3.355,5,1.5,FF,,-0.2595,-0.2659
3.36,5,1.5,FF,,-0.2585,-0.2648
3.365,5,1.5,FF,,-0.2575,-0.2637
3.37,5,1.5,FF,,-0.2565,-0.2626
3.375,5,1.5,FF,,-0.2555,-0.2614
3.38,5,1.5,FF,,-0.2545,-0.2603
3.385,5,1.5,FF,,-0.2534,-0.2592
3.39,5,1.5,FF,,-0.2524,-0.258
3.395,5,1.5,FF,,-0.2514,-0.2569
3.4,5,1.5,FF,,-0.2504,-0.2557
3.405,5,1.5,FF,,-0.2493,-0.2546
3.41,5,1.5,FF,,-0.2483,-0.2535
3.415,5,1.5,FF,,-0.2473,-0.2523
3.42,5,1.5,FF,,-0.2462,-0.2512
3.425,5,1.5,FF,,-0.2452,-0.25
3.43,5,1.5,FF,,-0.2442,-0.2489
3.435,5,1.5,FF,,-0.2431,-0.2478
3.44,5,1.5,FF,,-0.2421,-0.2466
3.445,5,1.5,FF,,-0.2411,-0.2455
3.45,5,1.5,FF,,-0.24,-0.2443
3.455,5,1.5,FF,,-0.239,-0.2432
3.46,5,1.5,FF,,-0.2379,-0.242
3.465,5,1.5,FF,,-0.2369,-0.2409
3.47,5,1.5,FF,,-0.2358,-0.2398
3.475,5,1.5,FF,,-0.2348,-0.2386
3.48,5,1.5,FF,,-0.2337,-0.2375
3.485,5,1.5,FF,,-0.2327,-0.2363
3.49,5,1.5,FF,,-0.2316,-0.2352
3.495,5,1.5,FF,,-0.2306,-0.234
3.5,5,1.5,FF,,-0.2295,-0.2329
3.505,5,1.5,FF,,-0.2284,-0.2317
3.51,5,1.5,FF,,-0.2274,-0.2306
3.515,5,1.5,FF,,-0.2263,-0.2294
3.52,5,1.5,FF,,-0.2253,-0.2283
3.525,5,1.5,FF,,-0.2242,-0.2271
3.53,5,1.5,FF,,-0.2231,-0.226
3.535,5,1.5,FF,,-0.2221,-0.2248
3.54,5,1.5,FF,,-0.221,-0.2237
3.545,5,1.5,FF,,-0.2199,-0.2225
3.55,5,1.5,FF,,-0.2189,-0.2214
3.555,5,1.5,FF,,-0.2178,-0.2202
3.56,5,1.5,FF,,-0.2167,-0.2191
3.565,5,1.5,FF,,-0.2157,-0.2179
3.57,5,1.5,FF,,-0.2146,-0.2168
3.575,5,1.5,FF,,-0.2135,-0.2157
3.58,5,1.5,FF,,-0.2124,-0.2145
3.585,5,1.5,FF,,-0.2114,-0.2134
3.59,5,1.5,FF,,-0.2103,-0.2122
3.595,5,1.5,FF,,-0.2092,-0.2111
3.6,5,1.5,FF,,-0.2082,-0.2099
3.605,5,1.5,FF,,-0.2071,-0.2088
3.61,5,1.5,FF,,-0.206,-0.2076
3.615,5,1.5,FF,,-0.2049,-0.2065
3.62,5,1.5,FF,,-0.2038,-0.2053
3.625,5,1.5,FF,,-0.2028,-0.2042
3.63,5,1.5,FF,,-0.2017,-0.203
3.635,5,1.5,FF,,-0.2006,-0.2019
3.64,5,1.5,FF,,-0.1995,-0.2008
3.645,5,1.5,FF,,-0.1985,-0.1996
3.65,5,1.5,FF,,-0.1974,-0.1985
3.655,5,1.5,FF,,-0.1963,-0.1973
3.66,5,1.5,FF,,-0.1952,-0.1962
3.665,5,1.5,FF,,-0.1941,-0.195
3.67,5,1.5,FF,,-0.1931,-0.1939
3.675,5,1.5,FF,,-0.192,-0.1928
3.68,5,1.5,FF,,-0.1909,-0.1916
3.685,5,1.5,FF,,-0.1898,-0.1905
3.69,5,1.5,FF,,-0.1887,-0.1894
3.695,5,1.5,FF,,-0.1877,-0.1882
3.7,5,1.5,FF,,-0.1866,-0.1871
3.705,5,1.5,FF,,-0.1855,-0.1859
3.71,5,1.5,FF,,-0.1844,-0.1848
3.715,5,1.5,FF,,-0.1833,-0.1837
3.72,5,1.5,FF,,-0.1823,-0.1826
3.725,5,1.5,FF,,-0.1812,-0.1814
3.73,5,1.5,FF,,-0.1801,-0.1803
3.735,5,1.5,FF,,-0.179,-0.1792
3.74,5,1.5,FF,,-0.1779,-0.178
3.745,5,1.5,FF,,-0.1769,-0.1769
3.75,5,1.5,FF,,-0.1758,-0.1758
3.755,5,1.5,FF,,-0.1747,-0.1747
3.76,5,1.5,FF,,-0.1736,-0.1735
3.765,5,1.5,FF,,-0.1725,-0.1724
3.77,5,1.5,FF,,-0.1715,-0.1713
3.775,5,1.5,FF,,-0.1704,-0.1702
3.78,5,1.5,FF,,-0.1693,-0.1691
3.785,5,1.5,FF,,-0.1682,-0.1679
3.79,5,1.5,FF,,-0.1672,-0.1668
3.795,5,1.5,FF,,-0.1661,-0.1657
3.8,5,1.5,FF,,-0.165,-0.1646
3.805,5,1.5,FF,,-0.164,-0.1635
3.81,5,1.5,FF,,-0.1629,-0.1624
3.815,5,1.5,FF,,-0.1618,-0.1613
3.82,5,1.5,FF,,-0.1607,-0.1602
3.825,5,1.5,FF,,-0.1597,-0.159
3.83,5,1.5,FF,,-0.1586,-0.1579
3.835,5,1.5,FF,,-0.1575,-0.1568
3.84,5,1.5,FF,,-0.1565,-0.1557
3.845,5,1.5,FF,,-0.1554,-0.1546
3.85,5,1.5,FF,,-0.1543,-0.1535
3.855,5,1.5,FF,,-0.1533,-0.1524
3.86,5,1.5,FF,,-0.1522,-0.1514
3.865,5,1.5,FF,,-0.1511,-0.1503
3.87,5,1.5,FF,,-0.1501,-0.1492
3.875,5,1.5,FF,,-0.149,-0.1481
3.88,5,1.5,FF,,-0.148,-0.147
3.885,5,1.5,FF,,-0.1469,-0.1459
3.89,5,1.5,FF,,-0.1459,-0.1448
3.895,5,1.5,FF,,-0.1448,-0.1437
3.9,5,1.5,FF,,-0.1437,-0.1427
3.905,5,1.5,FF,,-0.1427,-0.1416
3.91,5,1.5,FF,,-0.1416,-0.1405
3.915,5,1.5,FF,,-0.1406,-0.1394
3.92,5,1.5,FF,,-0.1395,-0.1384
3.925,5,1.5,FF,,-0.1385,-0.1373
3.93,5,1.5,FF,,-0.1375,-0.1362
3.935,5,1.5,FF,,-0.1364,-0.1352
3.94,5,1.5,FF,,-0.1354,-0.1341
3.945,5,1.5,FF,,-0.1343,-0.133
3.95,5,1.5,FF,,-0.1333,-0.132
3.955,5,1.5,FF,,-0.1323,-0.1309
3.96,5,1.5,FF,,-0.1312,-0.1299
3.965,5,1.5,FF,,-0.1302,-0.1288
3.97,5,1.5,FF,,-0.1292,-0.1278
3.975,5,1.5,FF,,-0.1281,-0.1267
3.98,5,1.5,FF,,-0.1271,-0.1257
3.985,5,1.5,FF,,-0.1261,-0.1246
3.99,5,1.5,FF,,-0.125,-0.1236
3.995,5,1.5,FF,,-0.124,-0.1225
4,5,1.5,FF,,-0.123,-0.1215
4.005,5,1.5,FF,,-0.122,-0.1205
4.01,5,1.5,FF,,-0.121,-0.1194
4.015,5,1.5,FF,,-0.1199,-0.1184
4.02,5,1.5,FF,,-0.1189,-0.1174
4.025,5,1.5,FF,,-0.1179,-0.1164
4.03,5,1.5,FF,,-0.1169,-0.1153
4.035,5,1.5,FF,,-0.1159,-0.1143
4.04,5,1.5,FF,,-0.1149,-0.1133
4.045,5,1.5,FF,,-0.1139,-0.1123
4.05,5,1.5,FF,,-0.1129,-0.1113
4.055,5,1.5,FF,,-0.1119,-0.1103
4.06,5,1.5,FF,,-0.1109,-0.1093
4.065,5,1.5,FF,,-0.1099,-0.1083
4.07,5,1.5,FF,,-0.1089,-0.1073
4.075,5,1.5,FF,,-0.1079,-0.1063
4.08,5,1.5,FF,,-0.107,-0.1053
4.085,5,1.5,FF,,-0.106,-0.1043
4.09,5,1.5,FF,,-0.105,-0.1033
4.095,5,1.5,FF,,-0.104,-0.1023
4.1,5,1.5,FF,,-0.103,-0.1013
4.105,5,1.5,FF,,-0.1021,-0.1004
4.11,5,1.5,FF,,-0.1011,-0.0994
4.115,5,1.5,FF,,-0.1001,-0.0984
4.12,5,1.5,FF,,-0.0992,-0.0974
4.125,5,1.5,FF,,-0.0982,-0.0965
4.13,5,1.5,FF,,-0.0972,-0.0955
4.135,5,1.5,FF,,-0.0963,-0.0945
4.14,5,1.5,FF,,-0.0953,-0.0936
4.145,5,1.5,FF,,-0.0944,-0.0926
4.15,5,1.5,FF,,-0.0934,-0.0917
4.155,5,1.5,FF,,-0.0925,-0.0907
4.16,5,1.5,FF,,-0.0915,-0.0898
4.165,5,1.5,FF,,-0.0906,-0.0889
4.17,5,1.5,FF,,-0.0897,-0.0879
4.175,5,1.5,FF,,-0.0887,-0.087
4.18,5,1.5,FF,,-0.0878,-0.0861
4.185,5,1.5,FF,,-0.0869,-0.0851
4.19,5,1.5,FF,,-0.0859,-0.0842
4.195,5,1.5,FF,,-0.085,-0.0833
4.2,5,1.5,FF,,-0.0841,-0.0824
4.205,5,1.5,FF,,-0.0832,-0.0815
4.21,5,1.5,FF,,-0.0823,-0.0805
4.215,5,1.5,FF,,-0.0814,-0.0796
4.22,5,1.5,FF,,-0.0805,-0.0787
4.225,5,1.5,FF,,-0.0796,-0.0778
4.23,5,1.5,FF,,-0.0787,-0.0769
4.235,5,1.5,FF,,-0.0778,-0.0761
4.24,5,1.5,FF,,-0.0769,-0.0752
4.245,5,1.5,FF,,-0.076,-0.0743
4.25,5,1.5,FF,,-0.0751,-0.0734
4.255,5,1.5,FF,,-0.0742,-0.0725
4.26,5,1.5,FF,,-0.0733,-0.0717
4.265,5,1.5,FF,,-0.0725,-0.0708
4.27,5,1.5,FF,,-0.0716,-0.0699
4.275,5,1.5,FF,,-0.0707,-0.0691
4.28,5,1.5,FF,,-0.0699,-0.0682
4.285,5,1.5,FF,,-0.069,-0.0674
4.29,5,1.5,FF,,-0.0681,-0.0665
4.295,5,1.5,FF,,-0.0673,-0.0657
4.3,5,1.5,FF,,-0.0664,-0.0648
4.305,5,1.5,FF,,-0.0656,-0.064
4.31,5,1.5,FF,,-0.0648,-0.0632
4.315,5,1.5,FF,,-0.0639,-0.0623
4.32,5,1.5,FF,,-0.0631,-0.0615
4.325,5,1.5,FF,,-0.0623,-0.0607
4.33,5,1.5,FF,,-0.0614,-0.0599
4.335,5,1.5,FF,,-0.0606,-0.0591
4.34,5,1.5,FF,,-0.0598,-0.0583
4.345,5,1.5,FF,,-0.059,-0.0575
4.35,5,1.5,FF,,-0.0582,-0.0567
4.355,5,1.5,FF,,-0.0574,-0.0559
4.36,5,1.5,FF,,-0.0566,-0.0551
4.365,5,1.5,FF,,-0.0558,-0.0543
4.37,5,1.5,FF,,-0.055,-0.0535
4.375,5,1.5,FF,,-0.0542,-0.0527
4.38,5,1.5,FF,,-0.0534,-0.052
4.385,5,1.5,FF,,-0.0526,-0.0512
4.39,5,1.5,FF,,-0.0519,-0.0504
4.395,5,1.5,FF,,-0.0511,-0.0497
4.4,5,1.5,FF,,-0.0503,-0.0489
4.405,5,1.5,FF,,-0.0496,-0.0482
4.41,5,1.5,FF,,-0.0488,-0.0474
4.415,5,1.5,FF,,-0.0481,-0.0467
4.42,5,1.5,FF,,-0.0473,-0.046
4.425,5,1.5,FF,,-0.0466,-0.0452
4.43,5,1.5,FF,,-0.0458,-0.0445
4.435,5,1.5,FF,,-0.0451,-0.0438
4.44,5,1.5,FF,,-0.0444,-0.0431
4.445,5,1.5,FF,,-0.0436,-0.0424
4.45,5,1.5,FF,,-0.0429,-0.0417
4.455,5,1.5,FF,,-0.0422,-0.041
4.46,5,1.5,FF,,-0.0415,-0.0403
4.465,5,1.5,FF,,-0.0408,-0.0396
4.47,5,1.5,FF,,-0.0401,-0.0389
4.475,5,1.5,FF,,-0.0394,-0.0382
4.48,5,1.5,FF,,-0.0387,-0.0375
4.485,5,1.5,FF,,-0.038,-0.0369
4.49,5,1.5,FF,,-0.0373,-0.0362
4.495,5,1.5,FF,,-0.0367,-0.0355
4.5,5,1.5,FF,,-0.036,-0.0349
4.505,5,1.5,FF,,-0.0353,-0.0342
4.51,5,1.5,FF,,-0.0347,-0.0336
4.515,5,1.5,FF,,-0.034,-0.0329
4.52,5,1.5,FF,,-0.0334,-0.0323
4.525,5,1.5,FF,,-0.0327,-0.0317
4.53,5,1.5,FF,,-0.0321,-0.0311
4.535,5,1.5,FF,,-0.0315,-0.0304
4.54,5,1.5,FF,,-0.0308,-0.0298
4.545,5,1.5,FF,,-0.0302,-0.0292
4.55,5,1.5,FF,,-0.0296,-0.0286
4.555,5,1.5,FF,,-0.029,-0.028
4.56,5,1.5,FF,,-0.0284,-0.0274
4.565,5,1.5,FF,,-0.0278,-0.0268
4.57,5,1.5,FF,,-0.0272,-0.0263
4.575,5,1.5,FF,,-0.0266,-0.0257
4.58,5,1.5,FF,,-0.026,-0.0251
4.585,5,1.5,FF,,-0.0254,-0.0246
4.59,5,1.5,FF,,-0.0248,-0.024
4.595,5,1.5,FF,,-0.0243,-0.0234
4.6,5,1.5,FF,,-0.0237,-0.0229
4.605,5,1.5,FF,,-0.0232,-0.0224
4.61,5,1.5,FF,,-0.0226,-0.0218
4.615,5,1.5,FF,,-0.0221,-0.0213
4.62,5,1.5,FF,,-0.0215,-0.0208
4.625,5,1.5,FF,,-0.021,-0.0203
4.63,5,1.5,FF,,-0.0205,-0.0197
4.635,5,1.5,FF,,-0.0199,-0.0192
4.64,5,1.5,FF,,-0.0194,-0.0187
4.645,5,1.5,FF,,-0.0189,-0.0182
4.65,5,1.5,FF,,-0.0184,-0.0178
4.655,5,1.5,FF,,-0.0179,-0.0173
4.66,5,1.5,FF,,-0.0174,-0.0168
4.665,5,1.5,FF,,-0.0169,-0.0163
4.67,5,1.5,FF,,-0.0165,-0.0159
4.675,5,1.5,FF,,-0.016,-0.0154
4.68,5,1.5,FF,,-0.0155,-0.0149
4.685,5,1.5,FF,,-0.0151,-0.0145
4.69,5,1.5,FF,,-0.0146,-0.0141
4.695,5,1.5,FF,,-0.0142,-0.0136
4.7,5,1.5,FF,,-0.0137,-0.0132
4.705,5,1.5,FF,,-0.0133,-0.0128
4.71,5,1.5,FF,,-0.0129,-0.0124
4.715,5,1.5,FF,,-0.0124,-0.012
4.72,5,1.5,FF,,-0.012,-0.0116
4.725,5,1.5,FF,,-0.0116,-0.0112
4.73,5,1.5,FF,,-0.0112,-0.0108
4.735,5,1.5,FF,,-0.0108,-0.0104
4.74,5,1.5,FF,,-0.0104,-0.01
4.745,5,1.5,FF,,-0.01,-0.0096
4.75,5,1.5,FF,,-0.0097,-0.0093
4.755,5,1.5,FF,,-0.0093,-0.0089
4.76,5,1.5,FF,,-0.0089,-0.0086
4.765,5,1.5,FF,,-0.0086,-0.0082
4.77,5,1.5,FF,,-0.0082,-0.0079
4.775,5,1.5,FF,,-0.0079,-0.0076
4.78,5,1.5,FF,,-0.0075,-0.0072
4.785,5,1.5,FF,,-0.0072,-0.0069
4.79,5,1.5,FF,,-0.0069,-0.0066
4.795,5,1.5,FF,,-0.0066,-0.0063
4.8,5,1.5,FF,,-0.0063,-0.006
4.805,5,1.5,FF,,-0.006,-0.0057
4.81,5,1.5,FF,,-0.0057,-0.0054
4.815,5,1.5,FF,,-0.0054,-0.0052
4.82,5,1.5,FF,,-0.0051,-0.0049
4.825,5,1.5,FF,,-0.0048,-0.0046
4.83,5,1.5,FF,,-0.0046,-0.0044
4.835,5,1.5,FF,,-0.0043,-0.0041
4.84,5,1.5,FF,,-0.0041,-0.0039
4.845,5,1.5,FF,,-0.0038,-0.0036
4.85,5,1.5,FF,,-0.0036,-0.0034
4.855,5,1.5,FF,,-0.0033,-0.0032
4.86,5,1.5,FF,,-0.0031,-0.003
4.865,5,1.5,FF,,-0.0029,-0.0028
4.87,5,1.5,FF,,-0.0027,-0.0026
4.875,5,1.5,FF,,-0.0025,-0.0024
4.88,5,1.5,FF,,-0.0023,-0.0022
4.885,5,1.5,FF,,-0.0021,-0.002
4.89,5,1.5,FF,,-0.0019,-0.0019
4.895,5,1.5,FF,,-0.0018,-0.0017
4.9,5,1.5,FF,,-0.0016,-0.0015
4.905,5,1.5,FF,,-0.0015,-0.0014
4.91,5,1.5,FF,,-0.0013,-0.0012
4.915,5,1.5,FF,,-0.0012,-0.0011
4.92,5,1.5,FF,,-0.001,-0.001
4.925,5,1.5,FF,,-0.0009,-0.0009
4.93,5,1.5,FF,,-0.0008,-0.0008
4.935,5,1.5,FF,,-0.0007,-0.0007
4.94,5,1.5,FF,,-0.0006,-0.0006
4.945,5,1.5,FF,,-0.0005,-0.0005
4.95,5,1.5,FF,,-0.0004,-0.0004
4.955,5,1.5,FF,,-0.0003,-0.0003
4.96,5,1.5,FF,,-0.0003,-0.0002
4.965,5,1.5,FF,,-0.0002,-0.0002
4.97,5,1.5,FF,,-0.0001,-0.0001
4.975,5,1.5,FF,,-0.0001,-0.0001
4.98,5,1.5,FF,,-0.0001,-0.0001
4.985,5,1.5,FF,,0,0
4.99,5,1.5,FF,,0,0
4.995,5,1.5,FF,,0,0
5,5,1.5,FF,,0,0
0,5,2,FF,,0,0
0.005,5,2,FF,,0,0
0.01,5,2,FF,,0,0
0.015,5,2,FF,,0,-0.0001
0.02,5,2,FF,,0,-0.0001
0.025,5,2,FF,,0,-0.0002
0.03,5,2,FF,,0.0001,-0.0003
0.035,5,2,FF,,0.0001,-0.0004
0.04,5,2,FF,,0.0001,-0.0006
0.045,5,2,FF,,0.0001,-0.0007
0.05,5,2,FF,,0.0001,-0.0009
0.055,5,2,FF,,0.0002,-0.0011
0.06,5,2,FF,,0.0002,-0.0013
0.065,5,2,FF,,0.0002,-0.0015
0.07,5,2,FF,,0.0003,-0.0017
0.075,5,2,FF,,0.0003,-0.002
0.08,5,2,FF,,0.0004,-0.0022
0.085,5,2,FF,,0.0004,-0.0025
0.09,5,2,FF,,0.0005,-0.0028
0.095,5,2,FF,,0.0005,-0.0032
0.1,5,2,FF,,0.0006,-0.0035
0.105,5,2,FF,,0.0006,-0.0038
0.11,5,2,FF,,0.0007,-0.0042
0.115,5,2,FF,,0.0007,-0.0046
0.12,5,2,FF,,0.0008,-0.005
0.125,5,2,FF,,0.0008,-0.0054
0.13,5,2,FF,,0.0009,-0.0058
0.135,5,2,FF,,0.001,-0.0063
0.14,5,2,FF,,0.001,-0.0068
0.145,5,2,FF,,0.0011,-0.0072
0.15,5,2,FF,,0.0012,-0.0077
0.155,5,2,FF,,0.0013,-0.0082
0.16,5,2,FF,,0.0013,-0.0088
0.165,5,2,FF,,0.0014,-0.0093
0.17,5,2,FF,,0.0015,-0.0099
0.175,5,2,FF,,0.0016,-0.0104
0.18,5,2,FF,,0.0017,-0.011
0.185,5,2,FF,,0.0017,-0.0116
0.19,5,2,FF,,0.0018,-0.0123
0.195,5,2,FF,,0.0019,-0.0129
0.2,5,2,FF,,0.002,-0.0135
0.205,5,2,FF,,0.0021,-0.0142
0.21,5,2,FF,,0.0022,-0.0149
0.215,5,2,FF,,0.0023,-0.0156
0.22,5,2,FF,,0.0024,-0.0163
0.225,5,2,FF,,0.0025,-0.017
0.23,5,2,FF,,0.0026,-0.0177
0.235,5,2,FF,,0.0027,-0.0185
0.24,5,2,FF,,0.0028,-0.0192
0.245,5,2,FF,,0.0029,-0.02
0.25,5,2,FF,,0.003,-0.0208
0.255,5,2,FF,,0.0031,-0.0216
0.26,5,2,FF,,0.0032,-0.0224
0.265,5,2,FF,,0.0033,-0.0233
0.27,5,2,FF,,0.0034,-0.0241
0.275,5,2,FF,,0.0035,-0.025
0.28,5,2,FF,,0.0037,-0.0259
0.285,5,2,FF,,0.0038,-0.0267
0.29,5,2,FF,,0.0039,-0.0276
0.295,5,2,FF,,0.004,-0.0286
0.3,5,2,FF,,0.0041,-0.0295
0.305,5,2,FF,,0.0042,-0.0304
0.31,5,2,FF,,0.0043,-0.0314
0.315,5,2,FF,,0.0045,-0.0323
0.32,5,2,FF,,0.0046,-0.0333
0.325,5,2,FF,,0.0047,-0.0343
0.33,5,2,FF,,0.0048,-0.0353
0.335,5,2,FF,,0.0049,-0.0363
0.34,5,2,FF,,0.005,-0.0374
0.345,5,2,FF,,0.0052,-0.0384
0.35,5,2,FF,,0.0053,-0.0395
0.355,5,2,FF,,0.0054,-0.0405
0.36,5,2,FF,,0.0055,-0.0416
0.365,5,2,FF,,0.0057,-0.0427
0.37,5,2,FF,,0.0058,-0.0438
0.375,5,2,FF,,0.0059,-0.0449
0.38,5,2,FF,,0.006,-0.0461
0.385,5,2,FF,,0.0062,-0.0472
0.39,5,2,FF,,0.0063,-0.0483
0.395,5,2,FF,,0.0064,-0.0495
0.4,5,2,FF,,0.0065,-0.0507
0.405,5,2,FF,,0.0067,-0.0519
0.41,5,2,FF,,0.0068,-0.0531
0.415,5,2,FF,,0.0069,-0.0543
0.42,5,2,FF,,0.007,-0.0555
0.425,5,2,FF,,0.0072,-0.0567
0.43,5,2,FF,,0.0073,-0.058
0.435,5,2,FF,,0.0074,-0.0592
0.44,5,2,FF,,0.0075,-0.0605
0.445,5,2,FF,,0.0077,-0.0618
0.45,5,2,FF,,0.0078,-0.0631
0.455,5,2,FF,,0.0079,-0.0644
0.46,5,2,FF,,0.008,-0.0657
0.465,5,2,FF,,0.0081,-0.067
0.47,5,2,FF,,0.0083,-0.0683
0.475,5,2,FF,,0.0084,-0.0697
0.48,5,2,FF,,0.0085,-0.071
0.485,5,2,FF,,0.0086,-0.0724
0.49,5,2,FF,,0.0088,-0.0737
0.495,5,2,FF,,0.0089,-0.0751
0.5,5,2,FF,,0.009,-0.0765
0.505,5,2,FF,,0.0091,-0.0779
0.51,5,2,FF,,0.0092,-0.0793
0.515,5,2,FF,,0.0094,-0.0807
0.52,5,2,FF,,0.0095,-0.0822
0.525,5,2,FF,,0.0096,-0.0836
0.53,5,2,FF,,0.0097,-0.085
0.535,5,2,FF,,0.0098,-0.0865
0.54,5,2,FF,,0.0099,-0.088
0.545,5,2,FF,,0.0101,-0.0894
0.55,5,2,FF,,0.0102,-0.0909
0.555,5,2,FF,,0.0103,-0.0924
0.56,5,2,FF,,0.0104,-0.0939
0.565,5,2,FF,,0.0105,-0.0954
0.57,5,2,FF,,0.0106,-0.097
0.575,5,2,FF,,0.0107,-0.0985
0.58,5,2,FF,,0.0108,-0.1
0.585,5,2,FF,,0.0109,-0.1016
0.59,5,2,FF,,0.011,-0.1031
0.595,5,2,FF,,0.0111,-0.1047
0.6,5,2,FF,,0.0112,-0.1063
0.605,5,2,FF,,0.0113,-0.1079
0.61,5,2,FF,,0.0114,-0.1094
0.615,5,2,FF,,0.0115,-0.111
0.62,5,2,FF,,0.0116,-0.1126
0.625,5,2,FF,,0.0117,-0.1143
0.63,5,2,FF,,0.0118,-0.1159
0.635,5,2,FF,,0.0119,-0.1175
0.64,5,2,FF,,0.012,-0.1191
0.645,5,2,FF,,0.0121,-0.1208
0.65,5,2,FF,,0.0122,-0.1224
0.655,5,2,FF,,0.0123,-0.1241
0.66,5,2,FF,,0.0123,-0.1258
0.665,5,2,FF,,0.0124,-0.1274
0.67,5,2,FF,,0.0125,-0.1291
0.675,5,2,FF,,0.0126,-0.1308
0.68,5,2,FF,,0.0127,-0.1325
0.685,5,2,FF,,0.0127,-0.1342
0.69,5,2,FF,,0.0128,-0.1359
0.695,5,2,FF,,0.0129,-0.1376
0.7,5,2,FF,,0.0129,-0.1394
0.705,5,2,FF,,0.013,-0.1411
0.71,5,2,FF,,0.0131,-0.1428
0.715,5,2,FF,,0.0131,-0.1446
0.72,5,2,FF,,0.0132,-0.1463
0.725,5,2,FF,,0.0132,-0.1481
0.73,5,2,FF,,0.0133,-0.1498
0.735,5,2,FF,,0.0134,-0.1516
0.74,5,2,FF,,0.0134,-0.1534
0.745,5,2,FF,,0.0135,-0.1552
0.75,5,2,FF,,0.0135,-0.1569
0.755,5,2,FF,,0.0135,-0.1587
0.76,5,2,FF,,0.0136,-0.1605
0.765,5,2,FF,,0.0136,-0.1623
0.77,5,2,FF,,0.0137,-0.1641
0.775,5,2,FF,,0.0137,-0.166
0.78,5,2,FF,,0.0137,-0.1678
0.785,5,2,FF,,0.0138,-0.1696
0.79,5,2,FF,,0.0138,-0.1714
0.795,5,2,FF,,0.0138,-0.1733
0.8,5,2,FF,,0.0138,-0.1751
0.805,5,2,FF,,0.0138,-0.1769
0.81,5,2,FF,,0.0139,-0.1788
0.815,5,2,FF,,0.0139,-0.1807
0.82,5,2,FF,,0.0139,-0.1825
0.825,5,2,FF,,0.0139,-0.1844
0.83,5,2,FF,,0.0139,-0.1863
0.835,5,2,FF,,0.0139,-0.1881
0.84,5,2,FF,,0.0139,-0.19
0.845,5,2,FF,,0.0139,-0.1919
0.85,5,2,FF,,0.0139,-0.1938
0.855,5,2,FF,,0.0139,-0.1957
0.86,5,2,FF,,0.0138,-0.1976
0.865,5,2,FF,,0.0138,-0.1995
0.87,5,2,FF,,0.0138,-0.2014
0.875,5,2,FF,,0.0138,-0.2033
0.88,5,2,FF,,0.0138,-0.2052
0.885,5,2,FF,,0.0137,-0.2071
0.89,5,2,FF,,0.0137,-0.209
0.895,5,2,FF,,0.0136,-0.2109
0.9,5,2,FF,,0.0136,-0.2129
0.905,5,2,FF,,0.0136,-0.2148
0.91,5,2,FF,,0.0135,-0.2167
0.915,5,2,FF,,0.0135,-0.2187
0.92,5,2,FF,,0.0134,-0.2206
0.925,5,2,FF,,0.0133,-0.2225
0.93,5,2,FF,,0.0133,-0.2245
0.935,5,2,FF,,0.0132,-0.2264
0.94,5,2,FF,,0.0131,-0.2284
0.945,5,2,FF,,0.0131,-0.2303
0.95,5,2,FF,,0.013,-0.2323
0.955,5,2,FF,,0.0129,-0.2343
0.96,5,2,FF,,0.0128,-0.2362
0.965,5,2,FF,,0.0127,-0.2382
0.97,5,2,FF,,0.0126,-0.2402
0.975,5,2,FF,,0.0125,-0.2421
0.98,5,2,FF,,0.0124,-0.2441
0.985,5,2,FF,,0.0123,-0.2461
0.99,5,2,FF,,0.0122,-0.248
0.995,5,2,FF,,0.0121,-0.25
1,5,2,FF,,0.012,-0.252
1.005,5,2,FF,,0.0119,-0.254
1.01,5,2,FF,,0.0118,-0.256
1.015,5,2,FF,,0.0116,-0.2579
1.02,5,2,FF,,0.0115,-0.2599
1.025,5,2,FF,,0.0113,-0.2619
1.03,5,2,FF,,0.0112,-0.2639
1.035,5,2,FF,,0.0111,-0.2659
1.04,5,2,FF,,0.0109,-0.2679
1.045,5,2,FF,,0.0107,-0.2699
1.05,5,2,FF,,0.0106,-0.2719
1.055,5,2,FF,,0.0104,-0.2739
1.06,5,2,FF,,0.0102,-0.2759
1.065,5,2,FF,,0.0101,-0.2779
1.07,5,2,FF,,0.0099,-0.2799
1.075,5,2,FF,,0.0097,-0.2819
1.08,5,2,FF,,0.0095,-0.2839
1.085,5,2,FF,,0.0093,-0.2859
1.09,5,2,FF,,0.0091,-0.2879
1.095,5,2,FF,,0.0089,-0.2899
1.1,5,2,FF,,0.0087,-0.2919
1.105,5,2,FF,,0.0085,-0.2939
1.11,5,2,FF,,0.0083,-0.2959
1.115,5,2,FF,,0.0081,-0.2979
1.12,5,2,FF,,0.0078,-0.2999
1.125,5,2,FF,,0.0076,-0.3019
1.13,5,2,FF,,0.0074,-0.3039
1.135,5,2,FF,,0.0071,-0.3059
1.14,5,2,FF,,0.0069,-0.3078
1.145,5,2,FF,,0.0066,-0.3098
1.15,5,2,FF,,0.0063,-0.3118
1.155,5,2,FF,,0.0061,-0.3138
1.16,5,2,FF,,0.0058,-0.3158
1.165,5,2,FF,,0.0055,-0.3178
1.17,5,2,FF,,0.0053,-0.3198
1.175,5,2,FF,,0.005,-0.3218
1.18,5,2,FF,,0.0047,-0.3238
1.185,5,2,FF,,0.0044,-0.3258
1.19,5,2,FF,,0.0041,-0.3278
1.195,5,2,FF,,0.0038,-0.3298
1.2,5,2,FF,,0.0035,-0.3318
1.205,5,2,FF,,0.0031,-0.3338
1.21,5,2,FF,,0.0028,-0.3357
1.215,5,2,FF,,0.0025,-0.3377
1.22,5,2,FF,,0.0021,-0.3397
1.225,5,2,FF,,0.0018,-0.3417
1.23,5,2,FF,,0.0015,-0.3437
1.235,5,2,FF,,0.0011,-0.3456
1.24,5,2,FF,,0.0007,-0.3476
1.245,5,2,FF,,0.0004,-0.3496
1.25,5,2,FF,,0,-0.3516
1.255,5,2,FF,,-0.0004,-0.3535
1.26,5,2,FF,,-0.0008,-0.3555
1.265,5,2,FF,,-0.0012,-0.3575
1.27,5,2,FF,,-0.0015,-0.3594
1.275,5,2,FF,,-0.002,-0.3614
1.28,5,2,FF,,-0.0024,-0.3633
1.285,5,2,FF,,-0.0028,-0.3653
1.29,5,2,FF,,-0.0032,-0.3672
1.295,5,2,FF,,-0.0036,-0.3692
1.3,5,2,FF,,-0.0041,-0.3711
1.305,5,2,FF,,-0.0045,-0.3731
1.31,5,2,FF,,-0.0049,-0.375
1.315,5,2,FF,,-0.0054,-0.3769
1.32,5,2,FF,,-0.0059,-0.3789
1.325,5,2,FF,,-0.0063,-0.3808
1.33,5,2,FF,,-0.0068,-0.3827
1.335,5,2,FF,,-0.0073,-0.3846
1.34,5,2,FF,,-0.0078,-0.3866
1.345,5,2,FF,,-0.0082,-0.3885
1.35,5,2,FF,,-0.0087,-0.3904
1.355,5,2,FF,,-0.0093,-0.3923
1.36,5,2,FF,,-0.0098,-0.3942
1.365,5,2,FF,,-0.0103,-0.3961
1.37,5,2,FF,,-0.0108,-0.398
1.375,5,2,FF,,-0.0113,-0.3999
1.38,5,2,FF,,-0.0119,-0.4018
1.385,5,2,FF,,-0.0124,-0.4036
1.39,5,2,FF,,-0.013,-0.4055
1.395,5,2,FF,,-0.0135,-0.4074
1.4,5,2,FF,,-0.0141,-0.4092
1.405,5,2,FF,,-0.0147,-0.4111
1.41,5,2,FF,,-0.0153,-0.413
1.415,5,2,FF,,-0.0159,-0.4148
1.42,5,2,FF,,-0.0165,-0.4167
1.425,5,2,FF,,-0.0171,-0.4185
1.43,5,2,FF,,-0.0177,-0.4203
1.435,5,2,FF,,-0.0183,-0.4222
1.44,5,2,FF,,-0.0189,-0.424
1.445,5,2,FF,,-0.0195,-0.4258
1.45,5,2,FF,,-0.0202,-0.4276
1.455,5,2,FF,,-0.0208,-0.4295
1.46,5,2,FF,,-0.0215,-0.4313
1.465,5,2,FF,,-0.0221,-0.4331
1.47,5,2,FF,,-0.0228,-0.4349
1.475,5,2,FF,,-0.0235,-0.4366
1.48,5,2,FF,,-0.0242,-0.4384
1.485,5,2,FF,,-0.0249,-0.4402
1.49,5,2,FF,,-0.0256,-0.442
1.495,5,2,FF,,-0.0263,-0.4437
1.5,5,2,FF,,-0.027,-0.4455
1.505,5,2,FF,,-0.0277,-0.4473
1.51,5,2,FF,,-0.0285,-0.449
1.515,5,2,FF,,-0.0292,-0.4507
1.52,5,2,FF,,-0.0299,-0.4525
1.525,5,2,FF,,-0.0307,-0.4542
1.53,5,2,FF,,-0.0315,-0.4559
1.535,5,2,FF,,-0.0322,-0.4576
1.54,5,2,FF,,-0.033,-0.4593
1.545,5,2,FF,,-0.0338,-0.461
1.55,5,2,FF,,-0.0346,-0.4627
1.555,5,2,FF,,-0.0354,-0.4644
1.56,5,2,FF,,-0.0362,-0.4661
1.565,5,2,FF,,-0.037,-0.4678
1.57,5,2,FF,,-0.0379,-0.4694
1.575,5,2,FF,,-0.0387,-0.4711
1.58,5,2,FF,,-0.0395,-0.4727
1.585,5,2,FF,,-0.0404,-0.4744
1.59,5,2,FF,,-0.0413,-0.476
1.595,5,2,FF,,-0.0421,-0.4776
1.6,5,2,FF,,-0.043,-0.4792
1.605,5,2,FF,,-0.0439,-0.4808
1.61,5,2,FF,,-0.0448,-0.4824
1.615,5,2,FF,,-0.0457,-0.484
1.62,5,2,FF,,-0.0466,-0.4856
1.625,5,2,FF,,-0.0475,-0.4872
1.63,5,2,FF,,-0.0485,-0.4888
1.635,5,2,FF,,-0.0494,-0.4903
1.64,5,2,FF,,-0.0503,-0.4919
1.645,5,2,FF,,-0.0513,-0.4934
1.65,5,2,FF,,-0.0523,-0.495
1.655,5,2,FF,,-0.0532,-0.4965
1.66,5,2,FF,,-0.0542,-0.498
1.665,5,2,FF,,-0.0552,-0.4995
1.67,5,2,FF,,-0.0562,-0.501
1.675,5,2,FF,,-0.0572,-0.5025
1.68,5,2,FF,,-0.0583,-0.504
1.685,5,2,FF,,-0.0593,-0.5054
1.69,5,2,FF,,-0.0603,-0.5069
1.695,5,2,FF,,-0.0614,-0.5084
1.7,5,2,FF,,-0.0624,-0.5098
1.705,5,2,FF,,-0.0635,-0.5112
1.71,5,2,FF,,-0.0646,-0.5127
1.715,5,2,FF,,-0.0656,-0.5141
1.72,5,2,FF,,-0.0667,-0.5155
1.725,5,2,FF,,-0.0678,-0.5169
1.73,5,2,FF,,-0.069,-0.5183
1.735,5,2,FF,,-0.0701,-0.5196
1.74,5,2,FF,,-0.0712,-0.521
1.745,5,2,FF,,-0.0723,-0.5223
1.75,5,2,FF,,-0.0735,-0.5237
1.755,5,2,FF,,-0.0747,-0.525
1.76,5,2,FF,,-0.0758,-0.5263
1.765,5,2,FF,,-0.077,-0.5277
1.77,5,2,FF,,-0.0782,-0.529
1.775,5,2,FF,,-0.0794,-0.5303
1.78,5,2,FF,,-0.0806,-0.5315
1.785,5,2,FF,,-0.0818,-0.5328
1.79,5,2,FF,,-0.0831,-0.5341
1.795,5,2,FF,,-0.0843,-0.5353
1.8,5,2,FF,,-0.0855,-0.5365
1.805,5,2,FF,,-0.0868,-0.5378
1.81,5,2,FF,,-0.0881,-0.539
1.815,5,2,FF,,-0.0893,-0.5402
1.82,5,2,FF,,-0.0906,-0.5414
1.825,5,2,FF,,-0.0919,-0.5426
1.83,5,2,FF,,-0.0932,-0.5437
1.835,5,2,FF,,-0.0946,-0.5449
1.84,5,2,FF,,-0.0959,-0.546
1.845,5,2,FF,,-0.0972,-0.5472
1.85,5,2,FF,,-0.0986,-0.5483
1.855,5,2,FF,,-0.0999,-0.5494
1.86,5,2,FF,,-0.1013,-0.5505
1.865,5,2,FF,,-0.1027,-0.5516
1.87,5,2,FF,,-0.1041,-0.5527
1.875,5,2,FF,,-0.1055,-0.5537
1.88,5,2,FF,,-0.1069,-0.5548
1.885,5,2,FF,,-0.1083,-0.5558
1.89,5,2,FF,,-0.1097,-0.5568
1.895,5,2,FF,,-0.1112,-0.5578
1.9,5,2,FF,,-0.1126,-0.5588
1.905,5,2,FF,,-0.1141,-0.5598
1.91,5,2,FF,,-0.1156,-0.5608
1.915,5,2,FF,,-0.1171,-0.5617
1.92,5,2,FF,,-0.1186,-0.5627
1.925,5,2,FF,,-0.1201,-0.5636
1.93,5,2,FF,,-0.1216,-0.5645
1.935,5,2,FF,,-0.1231,-0.5655
1.94,5,2,FF,,-0.1247,-0.5663
1.945,5,2,FF,,-0.1262,-0.5672
1.95,5,2,FF,,-0.1278,-0.5681
1.955,5,2,FF,,-0.1293,-0.5689
1.96,5,2,FF,,-0.1309,-0.5698
1.965,5,2,FF,,-0.1325,-0.5706
1.97,5,2,FF,,-0.1341,-0.5714
1.975,5,2,FF,,-0.1357,-0.5722
1.98,5,2,FF,,-0.1374,-0.573
1.985,5,2,FF,,-0.139,-0.5738
1.99,5,2,FF,,-0.1407,-0.5745
1.995,5,2,FF,,-0.1423,-0.5753
2,5,2,FF,,-0.144,-0.576
2.005,5,2,FF,,-0.1457,-0.5767
2.01,5,2,FF,,-0.1473,-0.5774
2.015,5,2,FF,,-0.149,-0.5781
2.02,5,2,FF,,-0.1506,-0.5788
2.025,5,2,FF,,-0.1522,-0.5794
2.03,5,2,FF,,-0.1538,-0.5801
2.035,5,2,FF,,-0.1554,-0.5807
2.04,5,2,FF,,-0.157,-0.5813
2.045,5,2,FF,,-0.1586,-0.5819
2.05,5,2,FF,,-0.1601,-0.5825
2.055,5,2,FF,,-0.1617,-0.5831
2.06,5,2,FF,,-0.1632,-0.5836
2.065,5,2,FF,,-0.1647,-0.5842
2.07,5,2,FF,,-0.1662,-0.5847
2.075,5,2,FF,,-0.1677,-0.5852
2.08,5,2,FF,,-0.1692,-0.5857
2.085,5,2,FF,,-0.1706,-0.5862
2.09,5,2,FF,,-0.1721,-0.5867
2.095,5,2,FF,,-0.1735,-0.5871
2.1,5,2,FF,,-0.1749,-0.5876
2.105,5,2,FF,,-0.1763,-0.588
2.11,5,2,FF,,-0.1777,-0.5884
2.115,5,2,FF,,-0.1791,-0.5888
2.12,5,2,FF,,-0.1805,-0.5892
2.125,5,2,FF,,-0.1818,-0.5896
2.13,5,2,FF,,-0.1832,-0.59
2.135,5,2,FF,,-0.1845,-0.5903
2.14,5,2,FF,,-0.1858,-0.5907
2.145,5,2,FF,,-0.1871,-0.591
2.15,5,2,FF,,-0.1884,-0.5913
2.155,5,2,FF,,-0.1897,-0.5916
2.16,5,2,FF,,-0.191,-0.5919
2.165,5,2,FF,,-0.1923,-0.5922
2.17,5,2,FF,,-0.1935,-0.5924
2.175,5,2,FF,,-0.1947,-0.5927
2.18,5,2,FF,,-0.1959,-0.5929
2.185,5,2,FF,,-0.1972,-0.5932
2.19,5,2,FF,,-0.1984,-0.5934
2.195,5,2,FF,,-0.1995,-0.5936
2.2,5,2,FF,,-0.2007,-0.5937
2.205,5,2,FF,,-0.2019,-0.5939
2.21,5,2,FF,,-0.203,-0.5941
2.215,5,2,FF,,-0.2041,-0.5942
2.22,5,2,FF,,-0.2053,-0.5944
2.225,5,2,FF,,-0.2064,-0.5945
2.23,5,2,FF,,-0.2075,-0.5946
2.235,5,2,FF,,-0.2086,-0.5947
2.24,5,2,FF,,-0.2096,-0.5948
2.245,5,2,FF,,-0.2107,-0.5949
2.25,5,2,FF,,-0.2118,-0.5949
2.255,5,2,FF,,-0.2128,-0.595
2.26,5,2,FF,,-0.2138,-0.595
2.265,5,2,FF,,-0.2148,-0.595
2.27,5,2,FF,,-0.2158,-0.595
2.275,5,2,FF,,-0.2168,-0.595
2.28,5,2,FF,,-0.2178,-0.595
2.285,5,2,FF,,-0.2188,-0.595
2.29,5,2,FF,,-0.2197,-0.595
2.295,5,2,FF,,-0.2207,-0.5949
2.3,5,2,FF,,-0.2216,-0.5949
2.305,5,2,FF,,-0.2225,-0.5948
2.31,5,2,FF,,-0.2235,-0.5947
2.315,5,2,FF,,-0.2244,-0.5946
2.32,5,2,FF,,-0.2252,-0.5945
2.325,5,2,FF,,-0.2261,-0.5944
2.33,5,2,FF,,-0.227,-0.5943
2.335,5,2,FF,,-0.2278,-0.5941
2.34,5,2,FF,,-0.2287,-0.594
2.345,5,2,FF,,-0.2295,-0.5938
2.35,5,2,FF,,-0.2303,-0.5936
2.355,5,2,FF,,-0.2311,-0.5934
2.36,5,2,FF,,-0.2319,-0.5933
2.365,5,2,FF,,-0.2327,-0.593
2.37,5,2,FF,,-0.2335,-0.5928
2.375,5,2,FF,,-0.2343,-0.5926
2.38,5,2,FF,,-0.235,-0.5924
2.385,5,2,FF,,-0.2358,-0.5921
2.39,5,2,FF,,-0.2365,-0.5918
2.395,5,2,FF,,-0.2372,-0.5916
2.4,5,2,FF,,-0.238,-0.5913
2.405,5,2,FF,,-0.2387,-0.591
2.41,5,2,FF,,-0.2393,-0.5907
2.415,5,2,FF,,-0.24,-0.5904
2.42,5,2,FF,,-0.2407,-0.59
2.425,5,2,FF,,-0.2414,-0.5897
2.43,5,2,FF,,-0.242,-0.5893
2.435,5,2,FF,,-0.2426,-0.589
2.44,5,2,FF,,-0.2433,-0.5886
2.445,5,2,FF,,-0.2439,-0.5882
2.45,5,2,FF,,-0.2445,-0.5878
2.455,5,2,FF,,-0.2451,-0.5874
2.46,5,2,FF,,-0.2457,-0.587
2.465,5,2,FF,,-0.2463,-0.5866
2.47,5,2,FF,,-0.2468,-0.5862
2.475,5,2,FF,,-0.2474,-0.5857
2.48,5,2,FF,,-0.2479,-0.5853
2.485,5,2,FF,,-0.2485,-0.5848
2.49,5,2,FF,,-0.249,-0.5843
2.495,5,2,FF,,-0.2495,-0.5838
2.5,5,2,FF,,-0.25,-0.5833
2.505,5,2,FF,,-0.2505,-0.5828
2.51,5,2,FF,,-0.251,-0.5823
2.515,5,2,FF,,-0.2515,-0.5818
2.52,5,2,FF,,-0.2519,-0.5813
2.525,5,2,FF,,-0.2524,-0.5807
2.53,5,2,FF,,-0.2528,-0.5802
2.535,5,2,FF,,-0.2533,-0.5796
2.54,5,2,FF,,-0.2537,-0.579
2.545,5,2,FF,,-0.2541,-0.5784
2.55,5,2,FF,,-0.2545,-0.5778
2.555,5,2,FF,,-0.2549,-0.5772
2.56,5,2,FF,,-0.2553,-0.5766
2.565,5,2,FF,,-0.2557,-0.576
2.57,5,2,FF,,-0.256,-0.5754
2.575,5,2,FF,,-0.2564,-0.5747
2.58,5,2,FF,,-0.2567,-0.5741
2.585,5,2,FF,,-0.2571,-0.5734
2.59,5,2,FF,,-0.2574,-0.5728
2.595,5,2,FF,,-0.2577,-0.5721
2.6,5,2,FF,,-0.258,-0.5714
2.605,5,2,FF,,-0.2584,-0.5707
2.61,5,2,FF,,-0.2586,-0.57
2.615,5,2,FF,,-0.2589,-0.5693
2.62,5,2,FF,,-0.2592,-0.5686
2.625,5,2,FF,,-0.2595,-0.5678
2.63,5,2,FF,,-0.2597,-0.5671
2.635,5,2,FF,,-0.26,-0.5663
2.64,5,2,FF,,-0.2602,-0.5656
2.645,5,2,FF,,-0.2604,-0.5648
2.65,5,2,FF,,-0.2607,-0.564
2.655,5,2,FF,,-0.2609,-0.5632
2.66,5,2,FF,,-0.2611,-0.5625
2.665,5,2,FF,,-0.2613,-0.5617
2.67,5,2,FF,,-0.2615,-0.5608
2.675,5,2,FF,,-0.2616,-0.56
2.68,5,2,FF,,-0.2618,-0.5592
2.685,5,2,FF,,-0.262,-0.5584
2.69,5,2,FF,,-0.2621,-0.5575
2.695,5,2,FF,,-0.2623,-0.5567
2.7,5,2,FF,,-0.2624,-0.5558
2.705,5,2,FF,,-0.2625,-0.5549
2.71,5,2,FF,,-0.2626,-0.5541
2.715,5,2,FF,,-0.2627,-0.5532
2.72,5,2,FF,,-0.2628,-0.5523
2.725,5,2,FF,,-0.2629,-0.5514
2.73,5,2,FF,,-0.263,-0.5505
2.735,5,2,FF,,-0.2631,-0.5495
2.74,5,2,FF,,-0.2631,-0.5486
2.745,5,2,FF,,-0.2632,-0.5477
2.75,5,2,FF,,-0.2633,-0.5468
2.755,5,2,FF,,-0.2633,-0.5458
2.76,5,2,FF,,-0.2633,-0.5448
2.765,5,2,FF,,-0.2633,-0.5439
2.77,5,2,FF,,-0.2634,-0.5429
2.775,5,2,FF,,-0.2634,-0.5419
2.78,5,2,FF,,-0.2634,-0.5409
2.785,5,2,FF,,-0.2634,-0.5399
2.79,5,2,FF,,-0.2634,-0.5389
2.795,5,2,FF,,-0.2633,-0.5379
2.8,5,2,FF,,-0.2633,-0.5369
2.805,5,2,FF,,-0.2633,-0.5359
2.81,5,2,FF,,-0.2632,-0.5349
2.815,5,2,FF,,-0.2632,-0.5338
2.82,5,2,FF,,-0.2631,-0.5328
2.825,5,2,FF,,-0.263,-0.5317
2.83,5,2,FF,,-0.2629,-0.5307
2.835,5,2,FF,,-0.2629,-0.5296
2.84,5,2,FF,,-0.2628,-0.5285
2.845,5,2,FF,,-0.2627,-0.5274
2.85,5,2,FF,,-0.2626,-0.5263
2.855,5,2,FF,,-0.2624,-0.5253
2.86,5,2,FF,,-0.2623,-0.5242
2.865,5,2,FF,,-0.2622,-0.523
2.87,5,2,FF,,-0.2621,-0.5219
2.875,5,2,FF,,-0.2619,-0.5208
2.88,5,2,FF,,-0.2618,-0.5197
2.885,5,2,FF,,-0.2616,-0.5185
2.89,5,2,FF,,-0.2614,-0.5174
2.895,5,2,FF,,-0.2613,-0.5162
2.9,5,2,FF,,-0.2611,-0.5151
2.905,5,2,FF,,-0.2609,-0.5139
2.91,5,2,FF,,-0.2607,-0.5128
2.915,5,2,FF,,-0.2605,-0.5116
2.92,5,2,FF,,-0.2603,-0.5104
2.925,5,2,FF,,-0.2601,-0.5092
2.93,5,2,FF,,-0.2598,-0.508
2.935,5,2,FF,,-0.2596,-0.5068
2.94,5,2,FF,,-0.2594,-0.5056
2.945,5,2,FF,,-0.2591,-0.5044
2.95,5,2,FF,,-0.2589,-0.5032
2.955,5,2,FF,,-0.2586,-0.502
2.96,5,2,FF,,-0.2584,-0.5007
2.965,5,2,FF,,-0.2581,-0.4995
2.97,5,2,FF,,-0.2578,-0.4982
2.975,5,2,FF,,-0.2575,-0.497
2.98,5,2,FF,,-0.2572,-0.4957
2.985,5,2,FF,,-0.2569,-0.4945
2.99,5,2,FF,,-0.2566,-0.4932
2.995,5,2,FF,,-0.2563,-0.4919
3,5,2,FF,,-0.256,-0.4907
3.005,5,2,FF,,-0.2557,-0.4894
3.01,5,2,FF,,-0.2553,-0.4881
3.015,5,2,FF,,-0.255,-0.4868
3.02,5,2,FF,,-0.2547,-0.4855
3.025,5,2,FF,,-0.2543,-0.4842
3.03,5,2,FF,,-0.254,-0.4829
3.035,5,2,FF,,-0.2536,-0.4816
3.04,5,2,FF,,-0.2532,-0.4803
3.045,5,2,FF,,-0.2529,-0.4789
3.05,5,2,FF,,-0.2525,-0.4776
3.055,5,2,FF,,-0.2521,-0.4763
3.06,5,2,FF,,-0.2517,-0.4749
3.065,5,2,FF,,-0.2513,-0.4736
3.07,5,2,FF,,-0.2509,-0.4722
3.075,5,2,FF,,-0.2505,-0.4709
3.08,5,2,FF,,-0.2501,-0.4695
3.085,5,2,FF,,-0.2497,-0.4681
3.09,5,2,FF,,-0.2492,-0.4668
3.095,5,2,FF,,-0.2488,-0.4654
3.1,5,2,FF,,-0.2484,-0.464
3.105,5,2,FF,,-0.2479,-0.4626
3.11,5,2,FF,,-0.2475,-0.4612
3.115,5,2,FF,,-0.247,-0.4598
3.12,5,2,FF,,-0.2466,-0.4584
3.125,5,2,FF,,-0.2461,-0.457
3.13,5,2,FF,,-0.2456,-0.4556
3.135,5,2,FF,,-0.2451,-0.4542
3.14,5,2,FF,,-0.2447,-0.4528
3.145,5,2,FF,,-0.2442,-0.4514
3.15,5,2,FF,,-0.2437,-0.4499
3.155,5,2,FF,,-0.2432,-0.4485
3.16,5,2,FF,,-0.2427,-0.4471
3.165,5,2,FF,,-0.2422,-0.4456
3.17,5,2,FF,,-0.2417,-0.4442
3.175,5,2,FF,,-0.2411,-0.4428
3.18,5,2,FF,,-0.2406,-0.4413
3.185,5,2,FF,,-0.2401,-0.4398
3.19,5,2,FF,,-0.2395,-0.4384
3.195,5,2,FF,,-0.239,-0.4369
3.2,5,2,FF,,-0.2385,-0.4355
3.205,5,2,FF,,-0.2379,-0.434
3.21,5,2,FF,,-0.2374,-0.4325
3.215,5,2,FF,,-0.2368,-0.431
3.22,5,2,FF,,-0.2362,-0.4296
3.225,5,2,FF,,-0.2357,-0.4281
3.23,5,2,FF,,-0.2351,-0.4266
3.235,5,2,FF,,-0.2345,-0.4251
3.24,5,2,FF,,-0.2339,-0.4236
3.245,5,2,FF,,-0.2333,-0.4221
3.25,5,2,FF,,-0.2328,-0.4206
3.255,5,2,FF,,-0.2322,-0.4191
3.26,5,2,FF,,-0.2316,-0.4176
3.265,5,2,FF,,-0.2309,-0.4161
3.27,5,2,FF,,-0.2303,-0.4145
3.275,5,2,FF,,-0.2297,-0.413
3.28,5,2,FF,,-0.2291,-0.4115
3.285,5,2,FF,,-0.2285,-0.41
3.29,5,2,FF,,-0.2278,-0.4084
3.295,5,2,FF,,-0.2272,-0.4069
3.3,5,2,FF,,-0.2266,-0.4054
3.305,5,2,FF,,-0.2259,-0.4038
3.31,5,2,FF,,-0.2253,-0.4023
3.315,5,2,FF,,-0.2246,-0.4007
3.32,5,2,FF,,-0.224,-0.3992
3.325,5,2,FF,,-0.2233,-0.3977
3.33,5,2,FF,,-0.2227,-0.3961
3.335,5,2,FF,,-0.222,-0.3945
3.34,5,2,FF,,-0.2213,-0.393
3.345,5,2,FF,,-0.2207,-0.3914
3.35,5,2,FF,,-0.22,-0.3899
3.355,5,2,FF,,-0.2193,-0.3883
3.36,5,2,FF,,-0.2186,-0.3867
3.365,5,2,FF,,-0.2179,-0.3852
3.37,5,2,FF,,-0.2172,-0.3836
3.375,5,2,FF,,-0.2165,-0.382
3.38,5,2,FF,,-0.2158,-0.3804
3.385,5,2,FF,,-0.2151,-0.3789
3.39,5,2,FF,,-0.2144,-0.3773
3.395,5,2,FF,,-0.2137,-0.3757
3.4,5,2,FF,,-0.213,-0.3741
3.405,5,2,FF,,-0.2123,-0.3725
3.41,5,2,FF,,-0.2116,-0.3709
3.415,5,2,FF,,-0.2108,-0.3693
3.42,5,2,FF,,-0.2101,-0.3677
3.425,5,2,FF,,-0.2094,-0.3661
3.43,5,2,FF,,-0.2086,-0.3645
3.435,5,2,FF,,-0.2079,-0.3629
3.44,5,2,FF,,-0.2071,-0.3613
3.445,5,2,FF,,-0.2064,-0.3597
3.45,5,2,FF,,-0.2057,-0.3581
3.455,5,2,FF,,-0.2049,-0.3565
3.46,5,2,FF,,-0.2041,-0.3549
3.465,5,2,FF,,-0.2034,-0.3533
3.47,5,2,FF,,-0.2026,-0.3517
3.475,5,2,FF,,-0.2019,-0.3501
3.48,5,2,FF,,-0.2011,-0.3485
3.485,5,2,FF,,-0.2003,-0.3469
3.49,5,2,FF,,-0.1996,-0.3452
3.495,5,2,FF,,-0.1988,-0.3436
3.5,5,2,FF,,-0.198,-0.342
3.505,5,2,FF,,-0.1972,-0.3404
3.51,5,2,FF,,-0.1964,-0.3388
3.515,5,2,FF,,-0.1956,-0.3371
3.52,5,2,FF,,-0.1949,-0.3355
3.525,5,2,FF,,-0.1941,-0.3339
3.53,5,2,FF,,-0.1933,-0.3323
3.535,5,2,FF,,-0.1925,-0.3306
3.54,5,2,FF,,-0.1917,-0.329
3.545,5,2,FF,,-0.1909,-0.3274
3.55,5,2,FF,,-0.1901,-0.3257
3.555,5,2,FF,,-0.1893,-0.3241
3.56,5,2,FF,,-0.1884,-0.3225
3.565,5,2,FF,,-0.1876,-0.3209
3.57,5,2,FF,,-0.1868,-0.3192
3.575,5,2,FF,,-0.186,-0.3176
3.58,5,2,FF,,-0.1852,-0.316
3.585,5,2,FF,,-0.1844,-0.3143
3.59,5,2,FF,,-0.1835,-0.3127
3.595,5,2,FF,,-0.1827,-0.3111
3.6,5,2,FF,,-0.1819,-0.3094
3.605,5,2,FF,,-0.1811,-0.3078
3.61,5,2,FF,,-0.1802,-0.3061
3.615,5,2,FF,,-0.1794,-0.3045
3.62,5,2,FF,,-0.1786,-0.3029
3.625,5,2,FF,,-0.1777,-0.3012
3.63,5,2,FF,,-0.1769,-0.2996
3.635,5,2,FF,,-0.176,-0.298
3.64,5,2,FF,,-0.1752,-0.2963
3.645,5,2,FF,,-0.1743,-0.2947
3.65,5,2,FF,,-0.1735,-0.2931
3.655,5,2,FF,,-0.1727,-0.2914
3.66,5,2,FF,,-0.1718,-0.2898
3.665,5,2,FF,,-0.171,-0.2882
3.67,5,2,FF,,-0.1701,-0.2865
3.675,5,2,FF,,-0.1692,-0.2849
3.68,5,2,FF,,-0.1684,-0.2832
3.685,5,2,FF,,-0.1675,-0.2816
3.69,5,2,FF,,-0.1667,-0.28
3.695,5,2,FF,,-0.1658,-0.2783
3.7,5,2,FF,,-0.1649,-0.2767
3.705,5,2,FF,,-0.1641,-0.2751
3.71,5,2,FF,,-0.1632,-0.2734
3.715,5,2,FF,,-0.1623,-0.2718
3.72,5,2,FF,,-0.1615,-0.2702
3.725,5,2,FF,,-0.1606,-0.2686
3.73,5,2,FF,,-0.1597,-0.2669
3.735,5,2,FF,,-0.1589,-0.2653
3.74,5,2,FF,,-0.158,-0.2637
3.745,5,2,FF,,-0.1571,-0.262
3.75,5,2,FF,,-0.1563,-0.2604
3.755,5,2,FF,,-0.1554,-0.2588
3.76,5,2,FF,,-0.1545,-0.2572
3.765,5,2,FF,,-0.1536,-0.2555
3.77,5,2,FF,,-0.1527,-0.2539
3.775,5,2,FF,,-0.1519,-0.2523
3.78,5,2,FF,,-0.151,-0.2507
3.785,5,2,FF,,-0.1501,-0.2491
3.79,5,2,FF,,-0.1492,-0.2475
3.795,5,2,FF,,-0.1483,-0.2458
3.8,5,2,FF,,-0.1475,-0.2442
3.805,5,2,FF,,-0.1466,-0.2426
3.81,5,2,FF,,-0.1457,-0.241
3.815,5,2,FF,,-0.1448,-0.2394
3.82,5,2,FF,,-0.1439,-0.2378
3.825,5,2,FF,,-0.143,-0.2362
3.83,5,2,FF,,-0.1421,-0.2346
3.835,5,2,FF,,-0.1413,-0.233
3.84,5,2,FF,,-0.1404,-0.2314
3.845,5,2,FF,,-0.1395,-0.2298
3.85,5,2,FF,,-0.1386,-0.2282
3.855,5,2,FF,,-0.1377,-0.2266
3.86,5,2,FF,,-0.1368,-0.225
3.865,5,2,FF,,-0.1359,-0.2234
3.87,5,2,FF,,-0.135,-0.2218
3.875,5,2,FF,,-0.1342,-0.2202
3.88,5,2,FF,,-0.1333,-0.2186
3.885,5,2,FF,,-0.1324,-0.2171
3.89,5,2,FF,,-0.1315,-0.2155
3.895,5,2,FF,,-0.1306,-0.2139
3.9,5,2,FF,,-0.1297,-0.2123
3.905,5,2,FF,,-0.1288,-0.2107
3.91,5,2,FF,,-0.1279,-0.2092
3.915,5,2,FF,,-0.127,-0.2076
3.92,5,2,FF,,-0.1262,-0.206
3.925,5,2,FF,,-0.1253,-0.2045
3.93,5,2,FF,,-0.1244,-0.2029
3.935,5,2,FF,,-0.1235,-0.2013
3.94,5,2,FF,,-0.1226,-0.1998
3.945,5,2,FF,,-0.1217,-0.1982
3.95,5,2,FF,,-0.1208,-0.1967
3.955,5,2,FF,,-0.1199,-0.1951
3.96,5,2,FF,,-0.1191,-0.1936
3.965,5,2,FF,,-0.1182,-0.192
3.97,5,2,FF,,-0.1173,-0.1905
3.975,5,2,FF,,-0.1164,-0.189
3.98,5,2,FF,,-0.1155,-0.1874
3.985,5,2,FF,,-0.1146,-0.1859
3.99,5,2,FF,,-0.1138,-0.1844
3.995,5,2,FF,,-0.1129,-0.1829
4,5,2,FF,,-0.112,-0.1813
4.005,5,2,FF,,-0.1111,-0.1798
4.01,5,2,FF,,-0.1102,-0.1783
4.015,5,2,FF,,-0.1094,-0.1768
4.02,5,2,FF,,-0.1085,-0.1753
4.025,5,2,FF,,-0.1076,-0.1738
4.03,5,2,FF,,-0.1067,-0.1723
4.035,5,2,FF,,-0.1059,-0.1708
4.04,5,2,FF,,-0.105,-0.1693
4.045,5,2,FF,,-0.1041,-0.1678
4.05,5,2,FF,,-0.1032,-0.1663
4.055,5,2,FF,,-0.1024,-0.1648
4.06,5,2,FF,,-0.1015,-0.1633
4.065,5,2,FF,,-0.1006,-0.1619
4.07,5,2,FF,,-0.0998,-0.1604
4.075,5,2,FF,,-0.0989,-0.1589
4.08,5,2,FF,,-0.098,-0.1575
4.085,5,2,FF,,-0.0972,-0.156
4.09,5,2,FF,,-0.0963,-0.1545
4.095,5,2,FF,,-0.0955,-0.1531
4.1,5,2,FF,,-0.0946,-0.1516
4.105,5,2,FF,,-0.0938,-0.1502
4.11,5,2,FF,,-0.0929,-0.1487
4.115,5,2,FF,,-0.092,-0.1473
4.12,5,2,FF,,-0.0912,-0.1459
4.125,5,2,FF,,-0.0903,-0.1444
4.13,5,2,FF,,-0.0895,-0.143
4.135,5,2,FF,,-0.0886,-0.1416
4.14,5,2,FF,,-0.0878,-0.1402
4.145,5,2,FF,,-0.087,-0.1388
4.15,5,2,FF,,-0.0861,-0.1374
4.155,5,2,FF,,-0.0853,-0.136
4.16,5,2,FF,,-0.0844,-0.1346
4.165,5,2,FF,,-0.0836,-0.1332
4.17,5,2,FF,,-0.0828,-0.1318
4.175,5,2,FF,,-0.0819,-0.1304
4.18,5,2,FF,,-0.0811,-0.129
4.185,5,2,FF,,-0.0803,-0.1277
4.19,5,2,FF,,-0.0795,-0.1263
4.195,5,2,FF,,-0.0786,-0.1249
4.2,5,2,FF,,-0.0778,-0.1236
4.205,5,2,FF,,-0.077,-0.1222
4.21,5,2,FF,,-0.0762,-0.1209
4.215,5,2,FF,,-0.0754,-0.1195
4.22,5,2,FF,,-0.0746,-0.1182
4.225,5,2,FF,,-0.0738,-0.1168
4.23,5,2,FF,,-0.073,-0.1155
4.235,5,2,FF,,-0.0721,-0.1142
4.24,5,2,FF,,-0.0713,-0.1129
4.245,5,2,FF,,-0.0705,-0.1116
4.25,5,2,FF,,-0.0698,-0.1103
4.255,5,2,FF,,-0.069,-0.1089
4.26,5,2,FF,,-0.0682,-0.1077
4.265,5,2,FF,,-0.0674,-0.1064
4.27,5,2,FF,,-0.0666,-0.1051
4.275,5,2,FF,,-0.0658,-0.1038
4.28,5,2,FF,,-0.065,-0.1025
4.285,5,2,FF,,-0.0643,-0.1012
4.29,5,2,FF,,-0.0635,-0.1
4.295,5,2,FF,,-0.0627,-0.0987
4.3,5,2,FF,,-0.0619,-0.0975
4.305,5,2,FF,,-0.0612,-0.0962
4.31,5,2,FF,,-0.0604,-0.095
4.315,5,2,FF,,-0.0596,-0.0938
4.32,5,2,FF,,-0.0589,-0.0925
4.325,5,2,FF,,-0.0581,-0.0913
4.33,5,2,FF,,-0.0574,-0.0901
4.335,5,2,FF,,-0.0566,-0.0889
4.34,5,2,FF,,-0.0559,-0.0877
4.345,5,2,FF,,-0.0552,-0.0865
4.35,5,2,FF,,-0.0544,-0.0853
4.355,5,2,FF,,-0.0537,-0.0841
4.36,5,2,FF,,-0.053,-0.0829
4.365,5,2,FF,,-0.0522,-0.0818
4.37,5,2,FF,,-0.0515,-0.0806
4.375,5,2,FF,,-0.0508,-0.0794
4.38,5,2,FF,,-0.0501,-0.0783
4.385,5,2,FF,,-0.0494,-0.0771
4.39,5,2,FF,,-0.0486,-0.076
4.395,5,2,FF,,-0.0479,-0.0749
4.4,5,2,FF,,-0.0472,-0.0737
4.405,5,2,FF,,-0.0465,-0.0726
4.41,5,2,FF,,-0.0458,-0.0715
4.415,5,2,FF,,-0.0451,-0.0704
4.42,5,2,FF,,-0.0445,-0.0693
4.425,5,2,FF,,-0.0438,-0.0682
4.43,5,2,FF,,-0.0431,-0.0671
4.435,5,2,FF,,-0.0424,-0.066
4.44,5,2,FF,,-0.0417,-0.065
4.445,5,2,FF,,-0.0411,-0.0639
4.45,5,2,FF,,-0.0404,-0.0628
4.455,5,2,FF,,-0.0398,-0.0618
4.46,5,2,FF,,-0.0391,-0.0607
4.465,5,2,FF,,-0.0384,-0.0597
4.47,5,2,FF,,-0.0378,-0.0587
4.475,5,2,FF,,-0.0372,-0.0577
4.48,5,2,FF,,-0.0365,-0.0566
4.485,5,2,FF,,-0.0359,-0.0556
4.49,5,2,FF,,-0.0352,-0.0546
4.495,5,2,FF,,-0.0346,-0.0537
4.5,5,2,FF,,-0.034,-0.0527
4.505,5,2,FF,,-0.0334,-0.0517
4.51,5,2,FF,,-0.0328,-0.0507
4.515,5,2,FF,,-0.0322,-0.0498
4.52,5,2,FF,,-0.0316,-0.0488
4.525,5,2,FF,,-0.031,-0.0479
4.53,5,2,FF,,-0.0304,-0.0469
4.535,5,2,FF,,-0.0298,-0.046
4.54,5,2,FF,,-0.0292,-0.0451
4.545,5,2,FF,,-0.0286,-0.0442
4.55,5,2,FF,,-0.028,-0.0433
4.555,5,2,FF,,-0.0275,-0.0424
4.56,5,2,FF,,-0.0269,-0.0415
4.565,5,2,FF,,-0.0263,-0.0406
4.57,5,2,FF,,-0.0258,-0.0397
4.575,5,2,FF,,-0.0252,-0.0388
4.58,5,2,FF,,-0.0247,-0.038
4.585,5,2,FF,,-0.0241,-0.0371
4.59,5,2,FF,,-0.0236,-0.0363
4.595,5,2,FF,,-0.0231,-0.0355
4.6,5,2,FF,,-0.0225,-0.0346
4.605,5,2,FF,,-0.022,-0.0338
4.61,5,2,FF,,-0.0215,-0.033
4.615,5,2,FF,,-0.021,-0.0322
4.62,5,2,FF,,-0.0205,-0.0314
4.625,5,2,FF,,-0.02,-0.0307
4.63,5,2,FF,,-0.0195,-0.0299
4.635,5,2,FF,,-0.019,-0.0291
4.64,5,2,FF,,-0.0185,-0.0284
4.645,5,2,FF,,-0.018,-0.0276
4.65,5,2,FF,,-0.0175,-0.0269
4.655,5,2,FF,,-0.0171,-0.0262
4.66,5,2,FF,,-0.0166,-0.0254
4.665,5,2,FF,,-0.0162,-0.0247
4.67,5,2,FF,,-0.0157,-0.024
4.675,5,2,FF,,-0.0153,-0.0233
4.68,5,2,FF,,-0.0148,-0.0227
4.685,5,2,FF,,-0.0144,-0.022
4.69,5,2,FF,,-0.0139,-0.0213
4.695,5,2,FF,,-0.0135,-0.0207
4.7,5,2,FF,,-0.0131,-0.02
4.705,5,2,FF,,-0.0127,-0.0194
4.71,5,2,FF,,-0.0123,-0.0188
4.715,5,2,FF,,-0.0119,-0.0181
4.72,5,2,FF,,-0.0115,-0.0175
4.725,5,2,FF,,-0.0111,-0.0169
4.73,5,2,FF,,-0.0107,-0.0163
4.735,5,2,FF,,-0.0103,-0.0158
4.74,5,2,FF,,-0.01,-0.0152
4.745,5,2,FF,,-0.0096,-0.0146
4.75,5,2,FF,,-0.0093,-0.0141
4.755,5,2,FF,,-0.0089,-0.0135
4.76,5,2,FF,,-0.0086,-0.013
4.765,5,2,FF,,-0.0082,-0.0125
4.77,5,2,FF,,-0.0079,-0.012
4.775,5,2,FF,,-0.0076,-0.0115
4.78,5,2,FF,,-0.0072,-0.011
4.785,5,2,FF,,-0.0069,-0.0105
4.79,5,2,FF,,-0.0066,-0.01
4.795,5,2,FF,,-0.0063,-0.0096
4.8,5,2,FF,,-0.006,-0.0091
4.805,5,2,FF,,-0.0057,-0.0087
4.81,5,2,FF,,-0.0054,-0.0083
4.815,5,2,FF,,-0.0052,-0.0078
4.82,5,2,FF,,-0.0049,-0.0074
4.825,5,2,FF,,-0.0046,-0.007
4.83,5,2,FF,,-0.0044,-0.0066
4.835,5,2,FF,,-0.0041,-0.0063
4.84,5,2,FF,,-0.0039,-0.0059
4.845,5,2,FF,,-0.0037,-0.0055
4.85,5,2,FF,,-0.0034,-0.0052
4.855,5,2,FF,,-0.0032,-0.0049
4.86,5,2,FF,,-0.003,-0.0045
4.865,5,2,FF,,-0.0028,-0.0042
4.87,5,2,FF,,-0.0026,-0.0039
4.875,5,2,FF,,-0.0024,-0.0036
4.88,5,2,FF,,-0.0022,-0.0034
4.885,5,2,FF,,-0.002,-0.0031
4.89,5,2,FF,,-0.0019,-0.0028
4.895,5,2,FF,,-0.0017,-0.0026
4.9,5,2,FF,,-0.0016,-0.0023
4.905,5,2,FF,,-0.0014,-0.0021
4.91,5,2,FF,,-0.0013,-0.0019
4.915,5,2,FF,,-0.0011,-0.0017
4.92,5,2,FF,,-0.001,-0.0015
4.925,5,2,FF,,-0.0009,-0.0013
4.93,5,2,FF,,-0.0008,-0.0012
4.935,5,2,FF,,-0.0007,-0.001
4.94,5,2,FF,,-0.0006,-0.0009
4.945,5,2,FF,,-0.0005,-0.0007
4.95,5,2,FF,,-0.0004,-0.0006
4.955,5,2,FF,,-0.0003,-0.0005
4.96,5,2,FF,,-0.0003,-0.0004
4.965,5,2,FF,,-0.0002,-0.0003
4.97,5,2,FF,,-0.0001,-0.0002
4.975,5,2,FF,,-0.0001,-0.0001
4.98,5,2,FF,,-0.0001,-0.0001
4.985,5,2,FF,,0,-0.0001
4.99,5,2,FF,,0,0
4.995,5,2,FF,,0,0
5,5,2,FF,,0,0
0,5,2.5,FF,,0,0
0.005,5,2.5,FF,,0,0
0.01,5,2.5,FF,,0,0
0.015,5,2.5,FF,,0,-0.0001
0.02,5,2.5,FF,,0,-0.0001
0.025,5,2.5,FF,,0.0001,-0.0002
0.03,5,2.5,FF,,0.0001,-0.0003
0.035,5,2.5,FF,,0.0002,-0.0004
0.04,5,2.5,FF,,0.0002,-0.0005
0.045,5,2.5,FF,,0.0002,-0.0006
0.05,5,2.5,FF,,0.0003,-0.0008
0.055,5,2.5,FF,,0.0004,-0.0009
0.06,5,2.5,FF,,0.0004,-0.0011
0.065,5,2.5,FF,,0.0005,-0.0013
0.07,5,2.5,FF,,0.0006,-0.0015
0.075,5,2.5,FF,,0.0007,-0.0017
0.08,5,2.5,FF,,0.0008,-0.002
0.085,5,2.5,FF,,0.0009,-0.0022
0.09,5,2.5,FF,,0.001,-0.0025
0.095,5,2.5,FF,,0.0011,-0.0027
0.1,5,2.5,FF,,0.0012,-0.003
0.105,5,2.5,FF,,0.0013,-0.0033
0.11,5,2.5,FF,,0.0014,-0.0037
0.115,5,2.5,FF,,0.0016,-0.004
0.12,5,2.5,FF,,0.0017,-0.0044
0.125,5,2.5,FF,,0.0019,-0.0047
0.13,5,2.5,FF,,0.002,-0.0051
0.135,5,2.5,FF,,0.0022,-0.0055
0.14,5,2.5,FF,,0.0023,-0.0059
0.145,5,2.5,FF,,0.0025,-0.0063
0.15,5,2.5,FF,,0.0026,-0.0068
0.155,5,2.5,FF,,0.0028,-0.0072
0.16,5,2.5,FF,,0.003,-0.0077
0.165,5,2.5,FF,,0.0032,-0.0081
0.17,5,2.5,FF,,0.0034,-0.0086
0.175,5,2.5,FF,,0.0036,-0.0091
0.18,5,2.5,FF,,0.0038,-0.0096
0.185,5,2.5,FF,,0.004,-0.0102
0.19,5,2.5,FF,,0.0042,-0.0107
0.195,5,2.5,FF,,0.0044,-0.0113
0.2,5,2.5,FF,,0.0046,-0.0118
0.205,5,2.5,FF,,0.0048,-0.0124
0.21,5,2.5,FF,,0.005,-0.013
0.215,5,2.5,FF,,0.0053,-0.0136
0.22,5,2.5,FF,,0.0055,-0.0142
0.225,5,2.5,FF,,0.0058,-0.0149
0.23,5,2.5,FF,,0.006,-0.0155
0.235,5,2.5,FF,,0.0063,-0.0162
0.24,5,2.5,FF,,0.0065,-0.0168
0.245,5,2.5,FF,,0.0068,-0.0175
0.25,5,2.5,FF,,0.007,-0.0182
0.255,5,2.5,FF,,0.0073,-0.0189
0.26,5,2.5,FF,,0.0076,-0.0197
0.265,5,2.5,FF,,0.0078,-0.0204
0.27,5,2.5,FF,,0.0081,-0.0211
0.275,5,2.5,FF,,0.0084,-0.0219
0.28,5,2.5,FF,,0.0087,-0.0227
0.285,5,2.5,FF,,0.009,-0.0235
0.29,5,2.5,FF,,0.0093,-0.0242
0.295,5,2.5,FF,,0.0096,-0.0251
0.3,5,2.5,FF,,0.0099,-0.0259
0.305,5,2.5,FF,,0.0102,-0.0267
0.31,5,2.5,FF,,0.0105,-0.0275
0.315,5,2.5,FF,,0.0108,-0.0284
0.32,5,2.5,FF,,0.0112,-0.0293
0.325,5,2.5,FF,,0.0115,-0.0301
0.33,5,2.5,FF,,0.0118,-0.031
0.335,5,2.5,FF,,0.0121,-0.0319
0.34,5,2.5,FF,,0.0125,-0.0328
0.345,5,2.5,FF,,0.0128,-0.0338
0.35,5,2.5,FF,,0.0132,-0.0347
0.355,5,2.5,FF,,0.0135,-0.0357
0.36,5,2.5,FF,,0.0139,-0.0366
0.365,5,2.5,FF,,0.0142,-0.0376
0.37,5,2.5,FF,,0.0146,-0.0386
0.375,5,2.5,FF,,0.0149,-0.0396
0.38,5,2.5,FF,,0.0153,-0.0406
0.385,5,2.5,FF,,0.0157,-0.0416
0.39,5,2.5,FF,,0.016,-0.0426
0.395,5,2.5,FF,,0.0164,-0.0436
0.4,5,2.5,FF,,0.0168,-0.0447
0.405,5,2.5,FF,,0.0172,-0.0457
0.41,5,2.5,FF,,0.0176,-0.0468
0.415,5,2.5,FF,,0.018,-0.0479
0.42,5,2.5,FF,,0.0183,-0.049
0.425,5,2.5,FF,,0.0187,-0.05
0.43,5,2.5,FF,,0.0191,-0.0512
0.435,5,2.5,FF,,0.0195,-0.0523
0.44,5,2.5,FF,,0.0199,-0.0534
0.445,5,2.5,FF,,0.0203,-0.0545
0.45,5,2.5,FF,,0.0208,-0.0557
0.455,5,2.5,FF,,0.0212,-0.0568
0.46,5,2.5,FF,,0.0216,-0.058
0.465,5,2.5,FF,,0.022,-0.0592
0.47,5,2.5,FF,,0.0224,-0.0604
0.475,5,2.5,FF,,0.0228,-0.0616
0.48,5,2.5,FF,,0.0233,-0.0628
0.485,5,2.5,FF,,0.0237,-0.064
0.49,5,2.5,FF,,0.0241,-0.0652
0.495,5,2.5,FF,,0.0246,-0.0665
0.5,5,2.5,FF,,0.025,-0.0677
0.505,5,2.5,FF,,0.0254,-0.069
0.51,5,2.5,FF,,0.0259,-0.0702
0.515,5,2.5,FF,,0.0263,-0.0715
0.52,5,2.5,FF,,0.0268,-0.0728
0.525,5,2.5,FF,,0.0272,-0.0741
0.53,5,2.5,FF,,0.0277,-0.0754
0.535,5,2.5,FF,,0.0281,-0.0767
0.54,5,2.5,FF,,0.0286,-0.078
0.545,5,2.5,FF,,0.029,-0.0793
0.55,5,2.5,FF,,0.0295,-0.0807
0.555,5,2.5,FF,,0.03,-0.082
0.56,5,2.5,FF,,0.0304,-0.0834
0.565,5,2.5,FF,,0.0309,-0.0847
0.57,5,2.5,FF,,0.0314,-0.0861
0.575,5,2.5,FF,,0.0318,-0.0875
0.58,5,2.5,FF,,0.0323,-0.0889
0.585,5,2.5,FF,,0.0328,-0.0903
0.59,5,2.5,FF,,0.0332,-0.0917
0.595,5,2.5,FF,,0.0337,-0.0931
0.6,5,2.5,FF,,0.0342,-0.0945
0.605,5,2.5,FF,,0.0347,-0.0959
0.61,5,2.5,FF,,0.0352,-0.0974
0.615,5,2.5,FF,,0.0356,-0.0988
0.62,5,2.5,FF,,0.0361,-0.1003
0.625,5,2.5,FF,,0.0366,-0.1017
0.63,5,2.5,FF,,0.0371,-0.1032
0.635,5,2.5,FF,,0.0376,-0.1047
0.64,5,2.5,FF,,0.0381,-0.1062
0.645,5,2.5,FF,,0.0386,-0.1076
0.65,5,2.5,FF,,0.0391,-0.1091
0.655,5,2.5,FF,,0.0396,-0.1107
0.66,5,2.5,FF,,0.0401,-0.1122
0.665,5,2.5,FF,,0.0406,-0.1137
0.67,5,2.5,FF,,0.0411,-0.1152
0.675,5,2.5,FF,,0.0416,-0.1168
0.68,5,2.5,FF,,0.0421,-0.1183
0.685,5,2.5,FF,,0.0426,-0.1198
0.69,5,2.5,FF,,0.0431,-0.1214
0.695,5,2.5,FF,,0.0436,-0.123
0.7,5,2.5,FF,,0.0441,-0.1245
0.705,5,2.5,FF,,0.0446,-0.1261
0.71,5,2.5,FF,,0.0451,-0.1277
0.715,5,2.5,FF,,0.0456,-0.1293
0.72,5,2.5,FF,,0.0461,-0.1309
0.725,5,2.5,FF,,0.0466,-0.1325
0.73,5,2.5,FF,,0.0472,-0.1341
0.735,5,2.5,FF,,0.0477,-0.1357
0.74,5,2.5,FF,,0.0482,-0.1374
0.745,5,2.5,FF,,0.0487,-0.139
0.75,5,2.5,FF,,0.0492,-0.1406
0.755,5,2.5,FF,,0.0497,-0.1423
0.76,5,2.5,FF,,0.0503,-0.1439
0.765,5,2.5,FF,,0.0508,-0.1456
0.77,5,2.5,FF,,0.0513,-0.1472
0.775,5,2.5,FF,,0.0518,-0.1489
0.78,5,2.5,FF,,0.0523,-0.1506
0.785,5,2.5,FF,,0.0528,-0.1523
0.79,5,2.5,FF,,0.0534,-0.1539
0.795,5,2.5,FF,,0.0539,-0.1556
0.8,5,2.5,FF,,0.0544,-0.1573
0.805,5,2.5,FF,,0.0549,-0.159
0.81,5,2.5,FF,,0.0554,-0.1607
0.815,5,2.5,FF,,0.056,-0.1625
0.82,5,2.5,FF,,0.0565,-0.1642
0.825,5,2.5,FF,,0.057,-0.1659
0.83,5,2.5,FF,,0.0575,-0.1676
0.835,5,2.5,FF,,0.058,-0.1694
0.84,5,2.5,FF,,0.0586,-0.1711
0.845,5,2.5,FF,,0.0591,-0.1729
0.85,5,2.5,FF,,0.0596,-0.1746
0.855,5,2.5,FF,,0.0601,-0.1764
0.86,5,2.5,FF,,0.0606,-0.1781
0.865,5,2.5,FF,,0.0612,-0.1799
0.87,5,2.5,FF,,0.0617,-0.1817
0.875,5,2.5,FF,,0.0622,-0.1834
0.88,5,2.5,FF,,0.0627,-0.1852
0.885,5,2.5,FF,,0.0632,-0.187
0.89,5,2.5,FF,,0.0638,-0.1888
0.895,5,2.5,FF,,0.0643,-0.1906
0.9,5,2.5,FF,,0.0648,-0.1924
0.905,5,2.5,FF,,0.0653,-0.1942
0.91,5,2.5,FF,,0.0658,-0.196
0.915,5,2.5,FF,,0.0664,-0.1978
0.92,5,2.5,FF,,0.0669,-0.1996
0.925,5,2.5,FF,,0.0674,-0.2014
0.93,5,2.5,FF,,0.0679,-0.2033
0.935,5,2.5,FF,,0.0684,-0.2051
0.94,5,2.5,FF,,0.0689,-0.2069
0.945,5,2.5,FF,,0.0694,-0.2087
0.95,5,2.5,FF,,0.0699,-0.2106
0.955,5,2.5,FF,,0.0705,-0.2124
0.96,5,2.5,FF,,0.071,-0.2143
0.965,5,2.5,FF,,0.0715,-0.2161
0.97,5,2.5,FF,,0.072,-0.218
0.975,5,2.5,FF,,0.0725,-0.2198
0.98,5,2.5,FF,,0.073,-0.2217
0.985,5,2.5,FF,,0.0735,-0.2236
0.99,5,2.5,FF,,0.074,-0.2254
0.995,5,2.5,FF,,0.0745,-0.2273
1,5,2.5,FF,,0.075,-0.2292
1.005,5,2.5,FF,,0.0755,-0.231
1.01,5,2.5,FF,,0.076,-0.2329
1.015,5,2.5,FF,,0.0765,-0.2348
1.02,5,2.5,FF,,0.077,-0.2367
1.025,5,2.5,FF,,0.0775,-0.2386
1.03,5,2.5,FF,,0.078,-0.2405
1.035,5,2.5,FF,,0.0785,-0.2424
1.04,5,2.5,FF,,0.079,-0.2443
1.045,5,2.5,FF,,0.0794,-0.2462
1.05,5,2.5,FF,,0.0799,-0.2481
1.055,5,2.5,FF,,0.0804,-0.25
1.06,5,2.5,FF,,0.0809,-0.2519
1.065,5,2.5,FF,,0.0814,-0.2538
1.07,5,2.5,FF,,0.0819,-0.2557
1.075,5,2.5,FF,,0.0823,-0.2576
1.08,5,2.5,FF,,0.0828,-0.2595
1.085,5,2.5,FF,,0.0833,-0.2614
1.09,5,2.5,FF,,0.0838,-0.2634
1.095,5,2.5,FF,,0.0842,-0.2653
1.1,5,2.5,FF,,0.0847,-0.2672
1.105,5,2.5,FF,,0.0852,-0.2691
1.11,5,2.5,FF,,0.0856,-0.2711
1.115,5,2.5,FF,,0.0861,-0.273
1.12,5,2.5,FF,,0.0866,-0.2749
1.125,5,2.5,FF,,0.087,-0.2769
1.13,5,2.5,FF,,0.0875,-0.2788
1.135,5,2.5,FF,,0.0879,-0.2807
1.14,5,2.5,FF,,0.0884,-0.2827
1.145,5,2.5,FF,,0.0888,-0.2846
1.15,5,2.5,FF,,0.0893,-0.2865
1.155,5,2.5,FF,,0.0897,-0.2885
1.16,5,2.5,FF,,0.0902,-0.2904
1.165,5,2.5,FF,,0.0906,-0.2924
1.17,5,2.5,FF,,0.091,-0.2943
1.175,5,2.5,FF,,0.0915,-0.2963
1.18,5,2.5,FF,,0.0919,-0.2982
1.185,5,2.5,FF,,0.0923,-0.3002
1.19,5,2.5,FF,,0.0928,-0.3021
1.195,5,2.5,FF,,0.0932,-0.3041
1.2,5,2.5,FF,,0.0936,-0.306
1.205,5,2.5,FF,,0.094,-0.308
1.21,5,2.5,FF,,0.0944,-0.3099
1.215,5,2.5,FF,,0.0948,-0.3119
1.22,5,2.5,FF,,0.0953,-0.3138
1.225,5,2.5,FF,,0.0957,-0.3158
1.23,5,2.5,FF,,0.0961,-0.3177
1.235,5,2.5,FF,,0.0965,-0.3197
1.24,5,2.5,FF,,0.0969,-0.3216
1.245,5,2.5,FF,,0.0973,-0.3236
1.25,5,2.5,FF,,0.0977,-0.3255
1.255,5,2.5,FF,,0.098,-0.3275
1.26,5,2.5,FF,,0.0984,-0.3294
1.265,5,2.5,FF,,0.0988,-0.3314
1.27,5,2.5,FF,,0.0992,-0.3333
1.275,5,2.5,FF,,0.0996,-0.3353
1.28,5,2.5,FF,,0.0999,-0.3372
1.285,5,2.5,FF,,0.1003,-0.3392
1.29,5,2.5,FF,,0.1007,-0.3411
1.295,5,2.5,FF,,0.101,-0.3431
1.3,5,2.5,FF,,0.1014,-0.345
1.305,5,2.5,FF,,0.1018,-0.347
1.31,5,2.5,FF,,0.1021,-0.3489
1.315,5,2.5,FF,,0.1025,-0.3509
1.32,5,2.5,FF,,0.1028,-0.3528
1.325,5,2.5,FF,,0.1031,-0.3548
1.33,5,2.5,FF,,0.1035,-0.3567
1.335,5,2.5,FF,,0.1038,-0.3587
1.34,5,2.5,FF,,0.1041,-0.3606
1.345,5,2.5,FF,,0.1045,-0.3626
1.35,5,2.5,FF,,0.1048,-0.3645
1.355,5,2.5,FF,,0.1051,-0.3664
1.36,5,2.5,FF,,0.1054,-0.3684
1.365,5,2.5,FF,,0.1057,-0.3703
1.37,5,2.5,FF,,0.106,-0.3723
1.375,5,2.5,FF,,0.1063,-0.3742
1.38,5,2.5,FF,,0.1066,-0.3761
1.385,5,2.5,FF,,0.1069,-0.3781
1.39,5,2.5,FF,,0.1072,-0.38
1.395,5,2.5,FF,,0.1075,-0.3819
1.4,5,2.5,FF,,0.1078,-0.3838
1.405,5,2.5,FF,,0.1081,-0.3858
1.41,5,2.5,FF,,0.1084,-0.3877
1.415,5,2.5,FF,,0.1086,-0.3896
1.42,5,2.5,FF,,0.1089,-0.3915
1.425,5,2.5,FF,,0.1091,-0.3934
1.43,5,2.5,FF,,0.1094,-0.3953
1.435,5,2.5,FF,,0.1097,-0.3973
1.44,5,2.5,FF,,0.1099,-0.3992
1.445,5,2.5,FF,,0.1101,-0.4011
1.45,5,2.5,FF,,0.1104,-0.403
1.455,5,2.5,FF,,0.1106,-0.4049
1.46,5,2.5,FF,,0.1108,-0.4068
1.465,5,2.5,FF,,0.1111,-0.4087
1.47,5,2.5,FF,,0.1113,-0.4106
1.475,5,2.5,FF,,0.1115,-0.4125
1.48,5,2.5,FF,,0.1117,-0.4144
1.485,5,2.5,FF,,0.1119,-0.4162
1.49,5,2.5,FF,,0.1121,-0.4181
1.495,5,2.5,FF,,0.1123,-0.42
1.5,5,2.5,FF,,0.1125,-0.4219
1.505,5,2.5,FF,,0.1127,-0.4237
1.51,5,2.5,FF,,0.1129,-0.4256
1.515,5,2.5,FF,,0.113,-0.4275
1.52,5,2.5,FF,,0.1132,-0.4293
1.525,5,2.5,FF,,0.1134,-0.4312
1.53,5,2.5,FF,,0.1135,-0.4331
1.535,5,2.5,FF,,0.1137,-0.4349
1.54,5,2.5,FF,,0.1138,-0.4368
1.545,5,2.5,FF,,0.114,-0.4386
1.55,5,2.5,FF,,0.1141,-0.4405
1.555,5,2.5,FF,,0.1143,-0.4423
1.56,5,2.5,FF,,0.1144,-0.4441
1.565,5,2.5,FF,,0.1145,-0.446
1.57,5,2.5,FF,,0.1146,-0.4478
1.575,5,2.5,FF,,0.1147,-0.4496
1.58,5,2.5,FF,,0.1148,-0.4514
1.585,5,2.5,FF,,0.1149,-0.4532
1.59,5,2.5,FF,,0.115,-0.4551
1.595,5,2.5,FF,,0.1151,-0.4569
1.6,5,2.5,FF,,0.1152,-0.4587
1.605,5,2.5,FF,,0.1153,-0.4605
1.61,5,2.5,FF,,0.1153,-0.4623
1.615,5,2.5,FF,,0.1154,-0.464
1.62,5,2.5,FF,,0.1155,-0.4658
1.625,5,2.5,FF,,0.1155,-0.4676
1.63,5,2.5,FF,,0.1156,-0.4694
1.635,5,2.5,FF,,0.1156,-0.4712
1.64,5,2.5,FF,,0.1157,-0.4729
1.645,5,2.5,FF,,0.1157,-0.4747
1.65,5,2.5,FF,,0.1157,-0.4764
1.655,5,2.5,FF,,0.1157,-0.4782
1.66,5,2.5,FF,,0.1157,-0.4799
1.665,5,2.5,FF,,0.1157,-0.4817
1.67,5,2.5,FF,,0.1157,-0.4834
1.675,5,2.5,FF,,0.1157,-0.4851
1.68,5,2.5,FF,,0.1157,-0.4869
1.685,5,2.5,FF,,0.1157,-0.4886
1.69,5,2.5,FF,,0.1157,-0.4903
1.695,5,2.5,FF,,0.1156,-0.492
1.7,5,2.5,FF,,0.1156,-0.4937
1.705,5,2.5,FF,,0.1156,-0.4954
1.71,5,2.5,FF,,0.1155,-0.4971
1.715,5,2.5,FF,,0.1154,-0.4988
1.72,5,2.5,FF,,0.1154,-0.5005
1.725,5,2.5,FF,,0.1153,-0.5021
1.73,5,2.5,FF,,0.1152,-0.5038
1.735,5,2.5,FF,,0.1151,-0.5055
1.74,5,2.5,FF,,0.115,-0.5071
1.745,5,2.5,FF,,0.1149,-0.5088
1.75,5,2.5,FF,,0.1148,-0.5104
1.755,5,2.5,FF,,0.1147,-0.5121
1.76,5,2.5,FF,,0.1146,-0.5137
1.765,5,2.5,FF,,0.1145,-0.5153
1.77,5,2.5,FF,,0.1144,-0.5169
1.775,5,2.5,FF,,0.1142,-0.5185
1.78,5,2.5,FF,,0.1141,-0.5201
1.785,5,2.5,FF,,0.1139,-0.5217
1.79,5,2.5,FF,,0.1137,-0.5233
1.795,5,2.5,FF,,0.1136,-0.5249
1.8,5,2.5,FF,,0.1134,-0.5265
1.805,5,2.5,FF,,0.1132,-0.5281
1.81,5,2.5,FF,,0.113,-0.5296
1.815,5,2.5,FF,,0.1128,-0.5312
1.82,5,2.5,FF,,0.1126,-0.5327
1.825,5,2.5,FF,,0.1124,-0.5343
1.83,5,2.5,FF,,0.1122,-0.5358
1.835,5,2.5,FF,,0.112,-0.5374
1.84,5,2.5,FF,,0.1117,-0.5389
1.845,5,2.5,FF,,0.1115,-0.5404
1.85,5,2.5,FF,,0.1112,-0.5419
1.855,5,2.5,FF,,0.111,-0.5434
1.86,5,2.5,FF,,0.1107,-0.5449
1.865,5,2.5,FF,,0.1104,-0.5464
1.87,5,2.5,FF,,0.1102,-0.5478
1.875,5,2.5,FF,,0.1099,-0.5493
1.88,5,2.5,FF,,0.1096,-0.5508
1.885,5,2.5,FF,,0.1093,-0.5522
1.89,5,2.5,FF,,0.1089,-0.5537
1.895,5,2.5,FF,,0.1086,-0.5551
1.9,5,2.5,FF,,0.1083,-0.5565
1.905,5,2.5,FF,,0.108,-0.558
1.91,5,2.5,FF,,0.1076,-0.5594
1.915,5,2.5,FF,,0.1073,-0.5608
1.92,5,2.5,FF,,0.1069,-0.5622
1.925,5,2.5,FF,,0.1065,-0.5636
1.93,5,2.5,FF,,0.1062,-0.5649
1.935,5,2.5,FF,,0.1058,-0.5663
1.94,5,2.5,FF,,0.1054,-0.5677
1.945,5,2.5,FF,,0.105,-0.569
1.95,5,2.5,FF,,0.1046,-0.5704
1.955,5,2.5,FF,,0.1042,-0.5717
1.96,5,2.5,FF,,0.1037,-0.573
1.965,5,2.5,FF,,0.1033,-0.5744
1.97,5,2.5,FF,,0.1028,-0.5757
1.975,5,2.5,FF,,0.1024,-0.577
1.98,5,2.5,FF,,0.1019,-0.5783
1.985,5,2.5,FF,,0.1015,-0.5795
1.99,5,2.5,FF,,0.101,-0.5808
1.995,5,2.5,FF,,0.1005,-0.5821
2,5,2.5,FF,,0.1,-0.5833
2.005,5,2.5,FF,,0.0995,-0.5846
2.01,5,2.5,FF,,0.099,-0.5858
2.015,5,2.5,FF,,0.0985,-0.587
2.02,5,2.5,FF,,0.0979,-0.5883
2.025,5,2.5,FF,,0.0974,-0.5895
2.03,5,2.5,FF,,0.0968,-0.5907
2.035,5,2.5,FF,,0.0963,-0.5919
2.04,5,2.5,FF,,0.0957,-0.593
2.045,5,2.5,FF,,0.0951,-0.5942
2.05,5,2.5,FF,,0.0946,-0.5954
2.055,5,2.5,FF,,0.094,-0.5965
2.06,5,2.5,FF,,0.0934,-0.5976
2.065,5,2.5,FF,,0.0927,-0.5988
2.07,5,2.5,FF,,0.0921,-0.5999
2.075,5,2.5,FF,,0.0915,-0.601
2.08,5,2.5,FF,,0.0909,-0.6021
2.085,5,2.5,FF,,0.0902,-0.6032
2.09,5,2.5,FF,,0.0895,-0.6043
2.095,5,2.5,FF,,0.0889,-0.6053
2.1,5,2.5,FF,,0.0882,-0.6064
2.105,5,2.5,FF,,0.0875,-0.6074
2.11,5,2.5,FF,,0.0868,-0.6085
2.115,5,2.5,FF,,0.0861,-0.6095
2.12,5,2.5,FF,,0.0854,-0.6105
2.125,5,2.5,FF,,0.0847,-0.6115
2.13,5,2.5,FF,,0.0839,-0.6125
2.135,5,2.5,FF,,0.0832,-0.6135
2.14,5,2.5,FF,,0.0824,-0.6144
2.145,5,2.5,FF,,0.0817,-0.6154
2.15,5,2.5,FF,,0.0809,-0.6163
2.155,5,2.5,FF,,0.0801,-0.6173
2.16,5,2.5,FF,,0.0793,-0.6182
2.165,5,2.5,FF,,0.0785,-0.6191
2.17,5,2.5,FF,,0.0777,-0.62
2.175,5,2.5,FF,,0.0769,-0.6209
2.18,5,2.5,FF,,0.076,-0.6218
2.185,5,2.5,FF,,0.0752,-0.6226
2.19,5,2.5,FF,,0.0743,-0.6235
2.195,5,2.5,FF,,0.0735,-0.6243
2.2,5,2.5,FF,,0.0726,-0.6252
2.205,5,2.5,FF,,0.0717,-0.626
2.21,5,2.5,FF,,0.0708,-0.6268
2.215,5,2.5,FF,,0.0699,-0.6276
2.22,5,2.5,FF,,0.069,-0.6284
2.225,5,2.5,FF,,0.0681,-0.6291
2.23,5,2.5,FF,,0.0671,-0.6299
2.235,5,2.5,FF,,0.0662,-0.6306
2.24,5,2.5,FF,,0.0652,-0.6314
2.245,5,2.5,FF,,0.0643,-0.6321
2.25,5,2.5,FF,,0.0633,-0.6328
2.255,5,2.5,FF,,0.0623,-0.6335
2.26,5,2.5,FF,,0.0613,-0.6342
2.265,5,2.5,FF,,0.0603,-0.6349
2.27,5,2.5,FF,,0.0593,-0.6355
2.275,5,2.5,FF,,0.0582,-0.6362
2.28,5,2.5,FF,,0.0572,-0.6368
2.285,5,2.5,FF,,0.0561,-0.6374
2.29,5,2.5,FF,,0.0551,-0.638
2.295,5,2.5,FF,,0.054,-0.6386
2.3,5,2.5,FF,,0.0529,-0.6392
2.305,5,2.5,FF,,0.0518,-0.6398
2.31,5,2.5,FF,,0.0507,-0.6403
2.315,5,2.5,FF,,0.0496,-0.6409
2.32,5,2.5,FF,,0.0484,-0.6414
2.325,5,2.5,FF,,0.0473,-0.6419
2.33,5,2.5,FF,,0.0461,-0.6424
2.335,5,2.5,FF,,0.045,-0.6429
2.34,5,2.5,FF,,0.0438,-0.6434
2.345,5,2.5,FF,,0.0426,-0.6438
2.35,5,2.5,FF,,0.0414,-0.6443
2.355,5,2.5,FF,,0.0402,-0.6447
2.36,5,2.5,FF,,0.039,-0.6451
2.365,5,2.5,FF,,0.0378,-0.6456
2.37,5,2.5,FF,,0.0365,-0.6459
2.375,5,2.5,FF,,0.0353,-0.6463
2.38,5,2.5,FF,,0.034,-0.6467
2.385,5,2.5,FF,,0.0327,-0.647
2.39,5,2.5,FF,,0.0314,-0.6474
2.395,5,2.5,FF,,0.0301,-0.6477
2.4,5,2.5,FF,,0.0288,-0.648
2.405,5,2.5,FF,,0.0275,-0.6483
2.41,5,2.5,FF,,0.0261,-0.6486
2.415,5,2.5,FF,,0.0248,-0.6488
2.42,5,2.5,FF,,0.0234,-0.6491
2.425,5,2.5,FF,,0.0221,-0.6493
2.43,5,2.5,FF,,0.0207,-0.6495
2.435,5,2.5,FF,,0.0193,-0.6497
2.44,5,2.5,FF,,0.0179,-0.6499
2.445,5,2.5,FF,,0.0164,-0.6501
2.45,5,2.5,FF,,0.015,-0.6503
2.455,5,2.5,FF,,0.0136,-0.6504
2.46,5,2.5,FF,,0.0121,-0.6505
2.465,5,2.5,FF,,0.0106,-0.6507
2.47,5,2.5,FF,,0.0092,-0.6508
2.475,5,2.5,FF,,0.0077,-0.6508
2.48,5,2.5,FF,,0.0062,-0.6509
2.485,5,2.5,FF,,0.0046,-0.651
2.49,5,2.5,FF,,0.0031,-0.651
2.495,5,2.5,FF,,0.0016,-0.651
2.5,5,2.5,FF,,0,-0.651
2.505,5,2.5,FF,,-0.0016,-0.651
2.51,5,2.5,FF,,-0.0031,-0.651
2.515,5,2.5,FF,,-0.0046,-0.651
2.52,5,2.5,FF,,-0.0062,-0.6509
2.525,5,2.5,FF,,-0.0077,-0.6508
2.53,5,2.5,FF,,-0.0092,-0.6508
2.535,5,2.5,FF,,-0.0106,-0.6507
2.54,5,2.5,FF,,-0.0121,-0.6505
2.545,5,2.5,FF,,-0.0136,-0.6504
2.55,5,2.5,FF,,-0.015,-0.6503
2.555,5,2.5,FF,,-0.0164,-0.6501
2.56,5,2.5,FF,,-0.0179,-0.6499
2.565,5,2.5,FF,,-0.0193,-0.6497
2.57,5,2.5,FF,,-0.0207,-0.6495
2.575,5,2.5,FF,,-0.0221,-0.6493
2.58,5,2.5,FF,,-0.0234,-0.6491
2.585,5,2.5,FF,,-0.0248,-0.6488
2.59,5,2.5,FF,,-0.0261,-0.6486
2.595,5,2.5,FF,,-0.0275,-0.6483
2.6,5,2.5,FF,,-0.0288,-0.648
2.605,5,2.5,FF,,-0.0301,-0.6477
2.61,5,2.5,FF,,-0.0314,-0.6474
2.615,5,2.5,FF,,-0.0327,-0.647
2.62,5,2.5,FF,,-0.034,-0.6467
2.625,5,2.5,FF,,-0.0353,-0.6463
2.63,5,2.5,FF,,-0.0365,-0.6459
2.635,5,2.5,FF,,-0.0378,-0.6456
2.64,5,2.5,FF,,-0.039,-0.6451
2.645,5,2.5,FF,,-0.0402,-0.6447
2.65,5,2.5,FF,,-0.0414,-0.6443
2.655,5,2.5,FF,,-0.0426,-0.6438
2.66,5,2.5,FF,,-0.0438,-0.6434
2.665,5,2.5,FF,,-0.045,-0.6429
2.67,5,2.5,FF,,-0.0461,-0.6424
2.675,5,2.5,FF,,-0.0473,-0.6419
2.68,5,2.5,FF,,-0.0484,-0.6414
2.685,5,2.5,FF,,-0.0496,-0.6409
2.69,5,2.5,FF,,-0.0507,-0.6403
2.695,5,2.5,FF,,-0.0518,-0.6398
2.7,5,2.5,FF,,-0.0529,-0.6392
2.705,5,2.5,FF,,-0.054,-0.6386
2.71,5,2.5,FF,,-0.0551,-0.638
2.715,5,2.5,FF,,-0.0561,-0.6374
2.72,5,2.5,FF,,-0.0572,-0.6368
2.725,5,2.5,FF,,-0.0582,-0.6362
2.73,5,2.5,FF,,-0.0593,-0.6355
2.735,5,2.5,FF,,-0.0603,-0.6349
2.74,5,2.5,FF,,-0.0613,-0.6342
2.745,5,2.5,FF,,-0.0623,-0.6335
2.75,5,2.5,FF,,-0.0633,-0.6328
2.755,5,2.5,FF,,-0.0643,-0.6321
2.76,5,2.5,FF,,-0.0652,-0.6314
2.765,5,2.5,FF,,-0.0662,-0.6306
2.77,5,2.5,FF,,-0.0671,-0.6299
2.775,5,2.5,FF,,-0.0681,-0.6291
2.78,5,2.5,FF,,-0.069,-0.6284
2.785,5,2.5,FF,,-0.0699,-0.6276
2.79,5,2.5,FF,,-0.0708,-0.6268
2.795,5,2.5,FF,,-0.0717,-0.626
2.8,5,2.5,FF,,-0.0726,-0.6252
2.805,5,2.5,FF,,-0.0735,-0.6243
2.81,5,2.5,FF,,-0.0743,-0.6235
2.815,5,2.5,FF,,-0.0752,-0.6226
2.82,5,2.5,FF,,-0.076,-0.6218
2.825,5,2.5,FF,,-0.0769,-0.6209
2.83,5,2.5,FF,,-0.0777,-0.62
2.835,5,2.5,FF,,-0.0785,-0.6191
2.84,5,2.5,FF,,-0.0793,-0.6182
2.845,5,2.5,FF,,-0.0801,-0.6173
2.85,5,2.5,FF,,-0.0809,-0.6163
2.855,5,2.5,FF,,-0.0817,-0.6154
2.86,5,2.5,FF,,-0.0824,-0.6144
2.865,5,2.5,FF,,-0.0832,-0.6135
2.87,5,2.5,FF,,-0.0839,-0.6125
2.875,5,2.5,FF,,-0.0847,-0.6115
2.88,5,2.5,FF,,-0.0854,-0.6105
2.885,5,2.5,FF,,-0.0861,-0.6095
2.89,5,2.5,FF,,-0.0868,-0.6085
2.895,5,2.5,FF,,-0.0875,-0.6074
2.9,5,2.5,FF,,-0.0882,-0.6064
2.905,5,2.5,FF,,-0.0889,-0.6053
2.91,5,2.5,FF,,-0.0895,-0.6043
2.915,5,2.5,FF,,-0.0902,-0.6032
2.92,5,2.5,FF,,-0.0909,-0.6021
2.925,5,2.5,FF,,-0.0915,-0.601
2.93,5,2.5,FF,,-0.0921,-0.5999
2.935,5,2.5,FF,,-0.0927,-0.5988
2.94,5,2.5,FF,,-0.0934,-0.5976
2.945,5,2.5,FF,,-0.094,-0.5965
2.95,5,2.5,FF,,-0.0946,-0.5954
2.955,5,2.5,FF,,-0.0951,-0.5942
2.96,5,2.5,FF,,-0.0957,-0.593
2.965,5,2.5,FF,,-0.0963,-0.5919
2.97,5,2.5,FF,,-0.0968,-0.5907
2.975,5,2.5,FF,,-0.0974,-0.5895
2.98,5,2.5,FF,,-0.0979,-0.5883
2.985,5,2.5,FF,,-0.0985,-0.587
2.99,5,2.5,FF,,-0.099,-0.5858
2.995,5,2.5,FF,,-0.0995,-0.5846
3,5,2.5,FF,,-0.1,-0.5833
3.005,5,2.5,FF,,-0.1005,-0.5821
3.01,5,2.5,FF,,-0.101,-0.5808
3.015,5,2.5,FF,,-0.1015,-0.5795
3.02,5,2.5,FF,,-0.1019,-0.5783
3.025,5,2.5,FF,,-0.1024,-0.577
3.03,5,2.5,FF,,-0.1028,-0.5757
3.035,5,2.5,FF,,-0.1033,-0.5744
3.04,5,2.5,FF,,-0.1037,-0.573
3.045,5,2.5,FF,,-0.1042,-0.5717
3.05,5,2.5,FF,,-0.1046,-0.5704
3.055,5,2.5,FF,,-0.105,-0.569
3.06,5,2.5,FF,,-0.1054,-0.5677
3.065,5,2.5,FF,,-0.1058,-0.5663
3.07,5,2.5,FF,,-0.1062,-0.5649
3.075,5,2.5,FF,,-0.1065,-0.5636
3.08,5,2.5,FF,,-0.1069,-0.5622
3.085,5,2.5,FF,,-0.1073,-0.5608
3.09,5,2.5,FF,,-0.1076,-0.5594
3.095,5,2.5,FF,,-0.108,-0.558
3.1,5,2.5,FF,,-0.1083,-0.5565
3.105,5,2.5,FF,,-0.1086,-0.5551
3.11,5,2.5,FF,,-0.1089,-0.5537
3.115,5,2.5,FF,,-0.1093,-0.5522
3.12,5,2.5,FF,,-0.1096,-0.5508
3.125,5,2.5,FF,,-0.1099,-0.5493
3.13,5,2.5,FF,,-0.1102,-0.5478
3.135,5,2.5,FF,,-0.1104,-0.5464
3.14,5,2.5,FF,,-0.1107,-0.5449
3.145,5,2.5,FF,,-0.111,-0.5434
3.15,5,2.5,FF,,-0.1112,-0.5419
3.155,5,2.5,FF,,-0.1115,-0.5404
3.16,5,2.5,FF,,-0.1117,-0.5389
3.165,5,2.5,FF,,-0.112,-0.5374
3.17,5,2.5,FF,,-0.1122,-0.5358
3.175,5,2.5,FF,,-0.1124,-0.5343
3.18,5,2.5,FF,,-0.1126,-0.5327
3.185,5,2.5,FF,,-0.1128,-0.5312
3.19,5,2.5,FF,,-0.113,-0.5296
3.195,5,2.5,FF,,-0.1132,-0.5281
3.2,5,2.5,FF,,-0.1134,-0.5265
3.205,5,2.5,FF,,-0.1136,-0.5249
3.21,5,2.5,FF,,-0.1137,-0.5233
3.215,5,2.5,FF,,-0.1139,-0.5217
3.22,5,2.5,FF,,-0.1141,-0.5201
3.225,5,2.5,FF,,-0.1142,-0.5185
3.23,5,2.5,FF,,-0.1144,-0.5169
3.235,5,2.5,FF,,-0.1145,-0.5153
3.24,5,2.5,FF,,-0.1146,-0.5137
3.245,5,2.5,FF,,-0.1147,-0.5121
3.25,5,2.5,FF,,-0.1148,-0.5104
3.255,5,2.5,FF,,-0.1149,-0.5088
3.26,5,2.5,FF,,-0.115,-0.5071
3.265,5,2.5,FF,,-0.1151,-0.5055
3.27,5,2.5,FF,,-0.1152,-0.5038
3.275,5,2.5,FF,,-0.1153,-0.5021
3.28,5,2.5,FF,,-0.1154,-0.5005
3.285,5,2.5,FF,,-0.1154,-0.4988
3.29,5,2.5,FF,,-0.1155,-0.4971
3.295,5,2.5,FF,,-0.1156,-0.4954
3.3,5,2.5,FF,,-0.1156,-0.4937
3.305,5,2.5,FF,,-0.1156,-0.492
3.31,5,2.5,FF,,-0.1157,-0.4903
3.315,5,2.5,FF,,-0.1157,-0.4886
3.32,5,2.5,FF,,-0.1157,-0.4869
3.325,5,2.5,FF,,-0.1157,-0.4851
3.33,5,2.5,FF,,-0.1157,-0.4834
3.335,5,2.5,FF,,-0.1157,-0.4817
3.34,5,2.5,FF,,-0.1157,-0.4799
3.345,5,2.5,FF,,-0.1157,-0.4782
3.35,5,2.5,FF,,-0.1157,-0.4764
3.355,5,2.5,FF,,-0.1157,-0.4747
3.36,5,2.5,FF,,-0.1157,-0.4729
3.365,5,2.5,FF,,-0.1156,-0.4712
3.37,5,2.5,FF,,-0.1156,-0.4694
3.375,5,2.5,FF,,-0.1155,-0.4676
3.38,5,2.5,FF,,-0.1155,-0.4658
3.385,5,2.5,FF,,-0.1154,-0.464
3.39,5,2.5,FF,,-0.1153,-0.4623
3.395,5,2.5,FF,,-0.1153,-0.4605
3.4,5,2.5,FF,,-0.1152,-0.4587
3.405,5,2.5,FF,,-0.1151,-0.4569
3.41,5,2.5,FF,,-0.115,-0.4551
3.415,5,2.5,FF,,-0.1149,-0.4532
3.42,5,2.5,FF,,-0.1148,-0.4514
3.425,5,2.5,FF,,-0.1147,-0.4496
3.43,5,2.5,FF,,-0.1146,-0.4478
3.435,5,2.5,FF,,-0.1145,-0.446
3.44,5,2.5,FF,,-0.1144,-0.4441
3.445,5,2.5,FF,,-0.1143,-0.4423
3.45,5,2.5,FF,,-0.1141,-0.4405
3.455,5,2.5,FF,,-0.114,-0.4386
3.46,5,2.5,FF,,-0.1138,-0.4368
3.465,5,2.5,FF,,-0.1137,-0.4349
3.47,5,2.5,FF,,-0.1135,-0.4331
3.475,5,2.5,FF,,-0.1134,-0.4312
3.48,5,2.5,FF,,-0.1132,-0.4293
3.485,5,2.5,FF,,-0.113,-0.4275
3.49,5,2.5,FF,,-0.1129,-0.4256
3.495,5,2.5,FF,,-0.1127,-0.4237
3.5,5,2.5,FF,,-0.1125,-0.4219
3.505,5,2.5,FF,,-0.1123,-0.42
3.51,5,2.5,FF,,-0.1121,-0.4181
3.515,5,2.5,FF,,-0.1119,-0.4162
3.52,5,2.5,FF,,-0.1117,-0.4144
3.525,5,2.5,FF,,-0.1115,-0.4125
3.53,5,2.5,FF,,-0.1113,-0.4106
3.535,5,2.5,FF,,-0.1111,-0.4087
3.54,5,2.5,FF,,-0.1108,-0.4068
3.545,5,2.5,FF,,-0.1106,-0.4049
3.55,5,2.5,FF,,-0.1104,-0.403
3.555,5,2.5,FF,,-0.1101,-0.4011
3.56,5,2.5,FF,,-0.1099,-0.3992
3.565,5,2.5,FF,,-0.1097,-0.3973
3.57,5,2.5,FF,,-0.1094,-0.3953
3.575,5,2.5,FF,,-0.1091,-0.3934
3.58,5,2.5,FF,,-0.1089,-0.3915
3.585,5,2.5,FF,,-0.1086,-0.3896
3.59,5,2.5,FF,,-0.1084,-0.3877
3.595,5,2.5,FF,,-0.1081,-0.3858
3.6,5,2.5,FF,,-0.1078,-0.3838
3.605,5,2.5,FF,,-0.1075,-0.3819
3.61,5,2.5,FF,,-0.1072,-0.38
3.615,5,2.5,FF,,-0.1069,-0.3781
3.62,5,2.5,FF,,-0.1066,-0.3761
3.625,5,2.5,FF,,-0.1063,-0.3742
3.63,5,2.5,FF,,-0.106,-0.3723
3.635,5,2.5,FF,,-0.1057,-0.3703
3.64,5,2.5,FF,,-0.1054,-0.3684
3.645,5,2.5,FF,,-0.1051,-0.3664
3.65,5,2.5,FF,,-0.1048,-0.3645
3.655,5,2.5,FF,,-0.1045,-0.3626
3.66,5,2.5,FF,,-0.1041,-0.3606
3.665,5,2.5,FF,,-0.1038,-0.3587
3.67,5,2.5,FF,,-0.1035,-0.3567
3.675,5,2.5,FF,,-0.1031,-0.3548
3.68,5,2.5,FF,,-0.1028,-0.3528
3.685,5,2.5,FF,,-0.1025,-0.3509
3.69,5,2.5,FF,,-0.1021,-0.3489
3.695,5,2.5,FF,,-0.1018,-0.347
3.7,5,2.5,FF,,-0.1014,-0.345
3.705,5,2.5,FF,,-0.101,-0.3431
3.71,5,2.5,FF,,-0.1007,-0.3411
3.715,5,2.5,FF,,-0.1003,-0.3392
3.72,5,2.5,FF,,-0.0999,-0.3372
3.725,5,2.5,FF,,-0.0996,-0.3353
3.73,5,2.5,FF,,-0.0992,-0.3333
3.735,5,2.5,FF,,-0.0988,-0.3314
3.74,5,2.5,FF,,-0.0984,-0.3294
3.745,5,2.5,FF,,-0.098,-0.3275
3.75,5,2.5,FF,,-0.0977,-0.3255
3.755,5,2.5,FF,,-0.0973,-0.3236
3.76,5,2.5,FF,,-0.0969,-0.3216
3.765,5,2.5,FF,,-0.0965,-0.3197
3.77,5,2.5,FF,,-0.0961,-0.3177
3.775,5,2.5,FF,,-0.0957,-0.3158
3.78,5,2.5,FF,,-0.0953,-0.3138
3.785,5,2.5,FF,,-0.0948,-0.3119
3.79,5,2.5,FF,,-0.0944,-0.3099
3.795,5,2.5,FF,,-0.094,-0.308
3.8,5,2.5,FF,,-0.0936,-0.306
3.805,5,2.5,FF,,-0.0932,-0.3041
3.81,5,2.5,FF,,-0.0928,-0.3021
3.815,5,2.5,FF,,-0.0923,-0.3002
3.82,5,2.5,FF,,-0.0919,-0.2982
3.825,5,2.5,FF,,-0.0915,-0.2963
3.83,5,2.5,FF,,-0.091,-0.2943
3.835,5,2.5,FF,,-0.0906,-0.2924
3.84,5,2.5,FF,,-0.0902,-0.2904
3.845,5,2.5,FF,,-0.0897,-0.2885
3.85,5,2.5,FF,,-0.0893,-0.2865
3.855,5,2.5,FF,,-0.0888,-0.2846
3.86,5,2.5,FF,,-0.0884,-0.2827
3.865,5,2.5,FF,,-0.0879,-0.2807
3.87,5,2.5,FF,,-0.0875,-0.2788
3.875,5,2.5,FF,,-0.087,-0.2769
3.88,5,2.5,FF,,-0.0866,-0.2749
3.885,5,2.5,FF,,-0.0861,-0.273
3.89,5,2.5,FF,,-0.0856,-0.2711
3.895,5,2.5,FF,,-0.0852,-0.2691
3.9,5,2.5,FF,,-0.0847,-0.2672
3.905,5,2.5,FF,,-0.0842,-0.2653
3.91,5,2.5,FF,,-0.0838,-0.2634
3.915,5,2.5,FF,,-0.0833,-0.2614
3.92,5,2.5,FF,,-0.0828,-0.2595
3.925,5,2.5,FF,,-0.0823,-0.2576
3.93,5,2.5,FF,,-0.0819,-0.2557
3.935,5,2.5,FF,,-0.0814,-0.2538
3.94,5,2.5,FF,,-0.0809,-0.2519
3.945,5,2.5,FF,,-0.0804,-0.25
3.95,5,2.5,FF,,-0.0799,-0.2481
3.955,5,2.5,FF,,-0.0794,-0.2462
3.96,5,2.5,FF,,-0.079,-0.2443
3.965,5,2.5,FF,,-0.0785,-0.2424
3.97,5,2.5,FF,,-0.078,-0.2405
3.975,5,2.5,FF,,-0.0775,-0.2386
3.98,5,2.5,FF,,-0.077,-0.2367
3.985,5,2.5,FF,,-0.0765,-0.2348
3.99,5,2.5,FF,,-0.076,-0.2329
3.995,5,2.5,FF,,-0.0755,-0.231
4,5,2.5,FF,,-0.075,-0.2292
4.005,5,2.5,FF,,-0.0745,-0.2273
4.01,5,2.5,FF,,-0.074,-0.2254
4.015,5,2.5,FF,,-0.0735,-0.2236
4.02,5,2.5,FF,,-0.073,-0.2217
4.025,5,2.5,FF,,-0.0725,-0.2198
4.03,5,2.5,FF,,-0.072,-0.218
4.035,5,2.5,FF,,-0.0715,-0.2161
4.04,5,2.5,FF,,-0.071,-0.2143
4.045,5,2.5,FF,,-0.0705,-0.2124
4.05,5,2.5,FF,,-0.0699,-0.2106
4.055,5,2.5,FF,,-0.0694,-0.2087
4.06,5,2.5,FF,,-0.0689,-0.2069
4.065,5,2.5,FF,,-0.0684,-0.2051
4.07,5,2.5,FF,,-0.0679,-0.2033
4.075,5,2.5,FF,,-0.0674,-0.2014
4.08,5,2.5,FF,,-0.0669,-0.1996
4.085,5,2.5,FF,,-0.0664,-0.1978
4.09,5,2.5,FF,,-0.0658,-0.196
4.095,5,2.5,FF,,-0.0653,-0.1942
4.1,5,2.5,FF,,-0.0648,-0.1924
4.105,5,2.5,FF,,-0.0643,-0.1906
4.11,5,2.5,FF,,-0.0638,-0.1888
4.115,5,2.5,FF,,-0.0632,-0.187
4.12,5,2.5,FF,,-0.0627,-0.1852
4.125,5,2.5,FF,,-0.0622,-0.1834
4.13,5,2.5,FF,,-0.0617,-0.1817
4.135,5,2.5,FF,,-0.0612,-0.1799
4.14,5,2.5,FF,,-0.0606,-0.1781
4.145,5,2.5,FF,,-0.0601,-0.1764
4.15,5,2.5,FF,,-0.0596,-0.1746
4.155,5,2.5,FF,,-0.0591,-0.1729
4.16,5,2.5,FF,,-0.0586,-0.1711
4.165,5,2.5,FF,,-0.058,-0.1694
4.17,5,2.5,FF,,-0.0575,-0.1676
4.175,5,2.5,FF,,-0.057,-0.1659
4.18,5,2.5,FF,,-0.0565,-0.1642
4.185,5,2.5,FF,,-0.056,-0.1625
4.19,5,2.5,FF,,-0.0554,-0.1607
4.195,5,2.5,FF,,-0.0549,-0.159
4.2,5,2.5,FF,,-0.0544,-0.1573
4.205,5,2.5,FF,,-0.0539,-0.1556
4.21,5,2.5,FF,,-0.0534,-0.1539
4.215,5,2.5,FF,,-0.0528,-0.1523
4.22,5,2.5,FF,,-0.0523,-0.1506
4.225,5,2.5,FF,,-0.0518,-0.1489
4.23,5,2.5,FF,,-0.0513,-0.1472
4.235,5,2.5,FF,,-0.0508,-0.1456
4.24,5,2.5,FF,,-0.0503,-0.1439
4.245,5,2.5,FF,,-0.0497,-0.1423
4.25,5,2.5,FF,,-0.0492,-0.1406
4.255,5,2.5,FF,,-0.0487,-0.139
4.26,5,2.5,FF,,-0.0482,-0.1374
4.265,5,2.5,FF,,-0.0477,-0.1357
4.27,5,2.5,FF,,-0.0472,-0.1341
4.275,5,2.5,FF,,-0.0466,-0.1325
4.28,5,2.5,FF,,-0.0461,-0.1309
4.285,5,2.5,FF,,-0.0456,-0.1293
4.29,5,2.5,FF,,-0.0451,-0.1277
4.295,5,2.5,FF,,-0.0446,-0.1261
4.3,5,2.5,FF,,-0.0441,-0.1245
4.305,5,2.5,FF,,-0.0436,-0.123
4.31,5,2.5,FF,,-0.0431,-0.1214
4.315,5,2.5,FF,,-0.0426,-0.1198
4.32,5,2.5,FF,,-0.0421,-0.1183
4.325,5,2.5,FF,,-0.0416,-0.1168
4.33,5,2.5,FF,,-0.0411,-0.1152
4.335,5,2.5,FF,,-0.0406,-0.1137
4.34,5,2.5,FF,,-0.0401,-0.1122
4.345,5,2.5,FF,,-0.0396,-0.1107
4.35,5,2.5,FF,,-0.0391,-0.1091
4.355,5,2.5,FF,,-0.0386,-0.1076
4.36,5,2.5,FF,,-0.0381,-0.1062
4.365,5,2.5,FF,,-0.0376,-0.1047
4.37,5,2.5,FF,,-0.0371,-0.1032
4.375,5,2.5,FF,,-0.0366,-0.1017
4.38,5,2.5,FF,,-0.0361,-0.1003
4.385,5,2.5,FF,,-0.0356,-0.0988
4.39,5,2.5,FF,,-0.0352,-0.0974
4.395,5,2.5,FF,,-0.0347,-0.0959
4.4,5,2.5,FF,,-0.0342,-0.0945
4.405,5,2.5,FF,,-0.0337,-0.0931
4.41,5,2.5,FF,,-0.0332,-0.0917
4.415,5,2.5,FF,,-0.0328,-0.0903
4.42,5,2.5,FF,,-0.0323,-0.0889
4.425,5,2.5,FF,,-0.0318,-0.0875
4.43,5,2.5,FF,,-0.0314,-0.0861
4.435,5,2.5,FF,,-0.0309,-0.0847
4.44,5,2.5,FF,,-0.0304,-0.0834
4.445,5,2.5,FF,,-0.03,-0.082
4.45,5,2.5,FF,,-0.0295,-0.0807
4.455,5,2.5,FF,,-0.029,-0.0793
4.46,5,2.5,FF,,-0.0286,-0.078
4.465,5,2.5,FF,,-0.0281,-0.0767
4.47,5,2.5,FF,,-0.0277,-0.0754
4.475,5,2.5,FF,,-0.0272,-0.0741
4.48,5,2.5,FF,,-0.0268,-0.0728
4.485,5,2.5,FF,,-0.0263,-0.0715
4.49,5,2.5,FF,,-0.0259,-0.0702
4.495,5,2.5,FF,,-0.0254,-0.069
4.5,5,2.5,FF,,-0.025,-0.0677
4.505,5,2.5,FF,,-0.0246,-0.0665
4.51,5,2.5,FF,,-0.0241,-0.0652
4.515,5,2.5,FF,,-0.0237,-0.064
4.52,5,2.5,FF,,-0.0233,-0.0628
4.525,5,2.5,FF,,-0.0228,-0.0616
4.53,5,2.5,FF,,-0.0224,-0.0604
4.535,5,2.5,FF,,-0.022,-0.0592
4.54,5,2.5,FF,,-0.0216,-0.058
4.545,5,2.5,FF,,-0.0212,-0.0568
4.55,5,2.5,FF,,-0.0208,-0.0557
4.555,5,2.5,FF,,-0.0203,-0.0545
4.56,5,2.5,FF,,-0.0199,-0.0534
4.565,5,2.5,FF,,-0.0195,-0.0523
4.57,5,2.5,FF,,-0.0191,-0.0512
4.575,5,2.5,FF,,-0.0187,-0.05
4.58,5,2.5,FF,,-0.0183,-0.049
4.585,5,2.5,FF,,-0.018,-0.0479
4.59,5,2.5,FF,,-0.0176,-0.0468
4.595,5,2.5,FF,,-0.0172,-0.0457
4.6,5,2.5,FF,,-0.0168,-0.0447
4.605,5,2.5,FF,,-0.0164,-0.0436
4.61,5,2.5,FF,,-0.016,-0.0426
4.615,5,2.5,FF,,-0.0157,-0.0416
4.62,5,2.5,FF,,-0.0153,-0.0406
4.625,5,2.5,FF,,-0.0149,-0.0396
4.63,5,2.5,FF,,-0.0146,-0.0386
4.635,5,2.5,FF,,-0.0142,-0.0376
4.64,5,2.5,FF,,-0.0139,-0.0366
4.645,5,2.5,FF,,-0.0135,-0.0357
4.65,5,2.5,FF,,-0.0132,-0.0347
4.655,5,2.5,FF,,-0.0128,-0.0338
4.66,5,2.5,FF,,-0.0125,-0.0328
4.665,5,2.5,FF,,-0.0121,-0.0319
4.67,5,2.5,FF,,-0.0118,-0.031
4.675,5,2.5,FF,,-0.0115,-0.0301
4.68,5,2.5,FF,,-0.0112,-0.0293
4.685,5,2.5,FF,,-0.0108,-0.0284
4.69,5,2.5,FF,,-0.0105,-0.0275
4.695,5,2.5,FF,,-0.0102,-0.0267
4.7,5,2.5,FF,,-0.0099,-0.0259
4.705,5,2.5,FF,,-0.0096,-0.0251
4.71,5,2.5,FF,,-0.0093,-0.0242
4.715,5,2.5,FF,,-0.009,-0.0235
4.72,5,2.5,FF,,-0.0087,-0.0227
4.725,5,2.5,FF,,-0.0084,-0.0219
4.73,5,2.5,FF,,-0.0081,-0.0211
4.735,5,2.5,FF,,-0.0078,-0.0204
4.74,5,2.5,FF,,-0.0076,-0.0197
4.745,5,2.5,FF,,-0.0073,-0.0189
4.75,5,2.5,FF,,-0.007,-0.0182
4.755,5,2.5,FF,,-0.0068,-0.0175
4.76,5,2.5,FF,,-0.0065,-0.0168
4.765,5,2.5,FF,,-0.0063,-0.0162
4.77,5,2.5,FF,,-0.006,-0.0155
4.775,5,2.5,FF,,-0.0058,-0.0149
4.78,5,2.5,FF,,-0.0055,-0.0142
4.785,5,2.5,FF,,-0.0053,-0.0136
4.79,5,2.5,FF,,-0.005,-0.013
4.795,5,2.5,FF,,-0.0048,-0.0124
4.8,5,2.5,FF,,-0.0046,-0.0118
4.805,5,2.5,FF,,-0.0044,-0.0113
4.81,5,2.5,FF,,-0.0042,-0.0107
4.815,5,2.5,FF,,-0.004,-0.0102
4.82,5,2.5,FF,,-0.0038,-0.0096
4.825,5,2.5,FF,,-0.0036,-0.0091
4.83,5,2.5,FF,,-0.0034,-0.0086
4.835,5,2.5,FF,,-0.0032,-0.0081
4.84,5,2.5,FF,,-0.003,-0.0077
4.845,5,2.5,FF,,-0.0028,-0.0072
4.85,5,2.5,FF,,-0.0026,-0.0068
4.855,5,2.5,FF,,-0.0025,-0.0063
4.86,5,2.5,FF,,-0.0023,-0.0059
4.865,5,2.5,FF,,-0.0022,-0.0055
4.87,5,2.5,FF,,-0.002,-0.0051
4.875,5,2.5,FF,,-0.0019,-0.0047
4.88,5,2.5,FF,,-0.0017,-0.0044
4.885,5,2.5,FF,,-0.0016,-0.004
4.89,5,2.5,FF,,-0.0014,-0.0037
4.895,5,2.5,FF,,-0.0013,-0.0033
4.9,5,2.5,FF,,-0.0012,-0.003
4.905,5,2.5,FF,,-0.0011,-0.0027
4.91,5,2.5,FF,,-0.001,-0.0025
4.915,5,2.5,FF,,-0.0009,-0.0022
4.92,5,2.5,FF,,-0.0008,-0.002
4.925,5,2.5,FF,,-0.0007,-0.0017
4.93,5,2.5,FF,,-0.0006,-0.0015
4.935,5,2.5,FF,,-0.0005,-0.0013
4.94,5,2.5,FF,,-0.0004,-0.0011
4.945,5,2.5,FF,,-0.0004,-0.0009
4.95,5,2.5,FF,,-0.0003,-0.0008
4.955,5,2.5,FF,,-0.0002,-0.0006
4.96,5,2.5,FF,,-0.0002,-0.0005
4.965,5,2.5,FF,,-0.0002,-0.0004
4.97,5,2.5,FF,,-0.0001,-0.0003
4.975,5,2.5,FF,,-0.0001,-0.0002
4.98,5,2.5,FF,,0,-0.0001
4.985,5,2.5,FF,,0,-0.0001
4.99,5,2.5,FF,,0,0
4.995,5,2.5,FF,,0,0
5,5,2.5,FF,,0,0
0,5,3,FF,,0,0
0.005,5,3,FF,,0,0
0.01,5,3,FF,,0,0
0.015,5,3,FF,,0,-0.0001
0.02,5,3,FF,,0.0001,-0.0001
0.025,5,3,FF,,0.0001,-0.0001
0.03,5,3,FF,,0.0001,-0.0002
0.035,5,3,FF,,0.0002,-0.0003
0.04,5,3,FF,,0.0003,-0.0004
0.045,5,3,FF,,0.0003,-0.0005
0.05,5,3,FF,,0.0004,-0.0006
0.055,5,3,FF,,0.0005,-0.0007
0.06,5,3,FF,,0.0006,-0.0009
0.065,5,3,FF,,0.0007,-0.001
0.07,5,3,FF,,0.0008,-0.0012
0.075,5,3,FF,,0.0009,-0.0013
0.08,5,3,FF,,0.001,-0.0015
0.085,5,3,FF,,0.0011,-0.0017
0.09,5,3,FF,,0.0013,-0.0019
0.095,5,3,FF,,0.0014,-0.0021
0.1,5,3,FF,,0.0016,-0.0023
0.105,5,3,FF,,0.0017,-0.0026
0.11,5,3,FF,,0.0019,-0.0028
0.115,5,3,FF,,0.002,-0.0031
0.12,5,3,FF,,0.0022,-0.0034
0.125,5,3,FF,,0.0024,-0.0036
0.13,5,3,FF,,0.0026,-0.0039
0.135,5,3,FF,,0.0028,-0.0042
0.14,5,3,FF,,0.003,-0.0045
0.145,5,3,FF,,0.0032,-0.0049
0.15,5,3,FF,,0.0034,-0.0052
0.155,5,3,FF,,0.0037,-0.0055
0.16,5,3,FF,,0.0039,-0.0059
0.165,5,3,FF,,0.0041,-0.0063
0.17,5,3,FF,,0.0044,-0.0066
0.175,5,3,FF,,0.0046,-0.007
0.18,5,3,FF,,0.0049,-0.0074
0.185,5,3,FF,,0.0052,-0.0078
0.19,5,3,FF,,0.0054,-0.0083
0.195,5,3,FF,,0.0057,-0.0087
0.2,5,3,FF,,0.006,-0.0091
0.205,5,3,FF,,0.0063,-0.0096
0.21,5,3,FF,,0.0066,-0.01
0.215,5,3,FF,,0.0069,-0.0105
0.22,5,3,FF,,0.0072,-0.011
0.225,5,3,FF,,0.0076,-0.0115
0.23,5,3,FF,,0.0079,-0.012
0.235,5,3,FF,,0.0082,-0.0125
0.24,5,3,FF,,0.0086,-0.013
0.245,5,3,FF,,0.0089,-0.0135
0.25,5,3,FF,,0.0093,-0.0141
0.255,5,3,FF,,0.0096,-0.0146
0.26,5,3,FF,,0.01,-0.0152
0.265,5,3,FF,,0.0103,-0.0158
0.27,5,3,FF,,0.0107,-0.0163
0.275,5,3,FF,,0.0111,-0.0169
0.28,5,3,FF,,0.0115,-0.0175
0.285,5,3,FF,,0.0119,-0.0181
0.29,5,3,FF,,0.0123,-0.0188
0.295,5,3,FF,,0.0127,-0.0194
0.3,5,3,FF,,0.0131,-0.02
0.305,5,3,FF,,0.0135,-0.0207
0.31,5,3,FF,,0.0139,-0.0213
0.315,5,3,FF,,0.0144,-0.022
0.32,5,3,FF,,0.0148,-0.0227
0.325,5,3,FF,,0.0153,-0.0233
0.33,5,3,FF,,0.0157,-0.024
0.335,5,3,FF,,0.0162,-0.0247
0.34,5,3,FF,,0.0166,-0.0254
0.345,5,3,FF,,0.0171,-0.0262
0.35,5,3,FF,,0.0175,-0.0269
0.355,5,3,FF,,0.018,-0.0276
0.36,5,3,FF,,0.0185,-0.0284
0.365,5,3,FF,,0.019,-0.0291
0.37,5,3,FF,,0.0195,-0.0299
0.375,5,3,FF,,0.02,-0.0307
0.38,5,3,FF,,0.0205,-0.0314
0.385,5,3,FF,,0.021,-0.0322
0.39,5,3,FF,,0.0215,-0.033
0.395,5,3,FF,,0.022,-0.0338
0.4,5,3,FF,,0.0225,-0.0346
0.405,5,3,FF,,0.0231,-0.0355
0.41,5,3,FF,,0.0236,-0.0363
0.415,5,3,FF,,0.0241,-0.0371
0.42,5,3,FF,,0.0247,-0.038
0.425,5,3,FF,,0.0252,-0.0388
0.43,5,3,FF,,0.0258,-0.0397
0.435,5,3,FF,,0.0263,-0.0406
0.44,5,3,FF,,0.0269,-0.0415
0.445,5,3,FF,,0.0275,-0.0424
0.45,5,3,FF,,0.028,-0.0433
0.455,5,3,FF,,0.0286,-0.0442
0.46,5,3,FF,,0.0292,-0.0451
0.465,5,3,FF,,0.0298,-0.046
0.47,5,3,FF,,0.0304,-0.0469
0.475,5,3,FF,,0.031,-0.0479
0.48,5,3,FF,,0.0316,-0.0488
0.485,5,3,FF,,0.0322,-0.0498
0.49,5,3,FF,,0.0328,-0.0507
0.495,5,3,FF,,0.0334,-0.0517
0.5,5,3,FF,,0.034,-0.0527
0.505,5,3,FF,,0.0346,-0.0537
0.51,5,3,FF,,0.0352,-0.0546
0.515,5,3,FF,,0.0359,-0.0556
0.52,5,3,FF,,0.0365,-0.0566
0.525,5,3,FF,,0.0372,-0.0577
0.53,5,3,FF,,0.0378,-0.0587
0.535,5,3,FF,,0.0384,-0.0597
0.54,5,3,FF,,0.0391,-0.0607
0.545,5,3,FF,,0.0398,-0.0618
0.55,5,3,FF,,0.0404,-0.0628
0.555,5,3,FF,,0.0411,-0.0639
0.56,5,3,FF,,0.0417,-0.065
0.565,5,3,FF,,0.0424,-0.066
0.57,5,3,FF,,0.0431,-0.0671
0.575,5,3,FF,,0.0438,-0.0682
0.58,5,3,FF,,0.0445,-0.0693
0.585,5,3,FF,,0.0451,-0.0704
0.59,5,3,FF,,0.0458,-0.0715
0.595,5,3,FF,,0.0465,-0.0726
0.6,5,3,FF,,0.0472,-0.0737
0.605,5,3,FF,,0.0479,-0.0749
0.61,5,3,FF,,0.0486,-0.076
0.615,5,3,FF,,0.0494,-0.0771
0.62,5,3,FF,,0.0501,-0.0783
0.625,5,3,FF,,0.0508,-0.0794
0.63,5,3,FF,,0.0515,-0.0806
0.635,5,3,FF,,0.0522,-0.0818
0.64,5,3,FF,,0.053,-0.0829
0.645,5,3,FF,,0.0537,-0.0841
0.65,5,3,FF,,0.0544,-0.0853
0.655,5,3,FF,,0.0552,-0.0865
0.66,5,3,FF,,0.0559,-0.0877
0.665,5,3,FF,,0.0566,-0.0889
0.67,5,3,FF,,0.0574,-0.0901
0.675,5,3,FF,,0.0581,-0.0913
0.68,5,3,FF,,0.0589,-0.0925
0.685,5,3,FF,,0.0596,-0.0938
0.69,5,3,FF,,0.0604,-0.095
0.695,5,3,FF,,0.0612,-0.0962
0.7,5,3,FF,,0.0619,-0.0975
0.705,5,3,FF,,0.0627,-0.0987
0.71,5,3,FF,,0.0635,-0.1
0.715,5,3,FF,,0.0643,-0.1012
0.72,5,3,FF,,0.065,-0.1025
0.725,5,3,FF,,0.0658,-0.1038
0.73,5,3,FF,,0.0666,-0.1051
0.735,5,3,FF,,0.0674,-0.1064
0.74,5,3,FF,,0.0682,-0.1077
0.745,5,3,FF,,0.069,-0.1089
0.75,5,3,FF,,0.0698,-0.1103
0.755,5,3,FF,,0.0705,-0.1116
0.76,5,3,FF,,0.0713,-0.1129
0.765,5,3,FF,,0.0721,-0.1142
0.77,5,3,FF,,0.073,-0.1155
0.775,5,3,FF,,0.0738,-0.1168
0.78,5,3,FF,,0.0746,-0.1182
0.785,5,3,FF,,0.0754,-0.1195
0.79,5,3,FF,,0.0762,-0.1209
0.795,5,3,FF,,0.077,-0.1222
0.8,5,3,FF,,0.0778,-0.1236
0.805,5,3,FF,,0.0786,-0.1249
0.81,5,3,FF,,0.0795,-0.1263
0.815,5,3,FF,,0.0803,-0.1277
0.82,5,3,FF,,0.0811,-0.129
0.825,5,3,FF,,0.0819,-0.1304
0.83,5,3,FF,,0.0828,-0.1318
0.835,5,3,FF,,0.0836,-0.1332
0.84,5,3,FF,,0.0844,-0.1346
0.845,5,3,FF,,0.0853,-0.136
0.85,5,3,FF,,0.0861,-0.1374
0.855,5,3,FF,,0.087,-0.1388
0.86,5,3,FF,,0.0878,-0.1402
0.865,5,3,FF,,0.0886,-0.1416
0.87,5,3,FF,,0.0895,-0.143
0.875,5,3,FF,,0.0903,-0.1444
0.88,5,3,FF,,0.0912,-0.1459
0.885,5,3,FF,,0.092,-0.1473
0.89,5,3,FF,,0.0929,-0.1487
0.895,5,3,FF,,0.0938,-0.1502
0.9,5,3,FF,,0.0946,-0.1516
0.905,5,3,FF,,0.0955,-0.1531
0.91,5,3,FF,,0.0963,-0.1545
0.915,5,3,FF,,0.0972,-0.156
0.92,5,3,FF,,0.098,-0.1575
0.925,5,3,FF,,0.0989,-0.1589
0.93,5,3,FF,,0.0998,-0.1604
0.935,5,3,FF,,0.1006,-0.1619
0.94,5,3,FF,,0.1015,-0.1633
0.945,5,3,FF,,0.1024,-0.1648
0.95,5,3,FF,,0.1032,-0.1663
0.955,5,3,FF,,0.1041,-0.1678
0.96,5,3,FF,,0.105,-0.1693
0.965,5,3,FF,,0.1059,-0.1708
0.97,5,3,FF,,0.1067,-0.1723
0.975,5,3,FF,,0.1076,-0.1738
0.98,5,3,FF,,0.1085,-0.1753
0.985,5,3,FF,,0.1094,-0.1768
0.99,5,3,FF,,0.1102,-0.1783
0.995,5,3,FF,,0.1111,-0.1798
1,5,3,FF,,0.112,-0.1813
1.005,5,3,FF,,0.1129,-0.1829
1.01,5,3,FF,,0.1138,-0.1844
1.015,5,3,FF,,0.1146,-0.1859
1.02,5,3,FF,,0.1155,-0.1874
1.025,5,3,FF,,0.1164,-0.189
1.03,5,3,FF,,0.1173,-0.1905
1.035,5,3,FF,,0.1182,-0.192
1.04,5,3,FF,,0.1191,-0.1936
1.045,5,3,FF,,0.1199,-0.1951
1.05,5,3,FF,,0.1208,-0.1967
1.055,5,3,FF,,0.1217,-0.1982
1.06,5,3,FF,,0.1226,-0.1998
1.065,5,3,FF,,0.1235,-0.2013
1.07,5,3,FF,,0.1244,-0.2029
1.075,5,3,FF,,0.1253,-0.2045
1.08,5,3,FF,,0.1262,-0.206
1.085,5,3,FF,,0.127,-0.2076
1.09,5,3,FF,,0.1279,-0.2092
1.095,5,3,FF,,0.1288,-0.2107
1.1,5,3,FF,,0.1297,-0.2123
1.105,5,3,FF,,0.1306,-0.2139
1.11,5,3,FF,,0.1315,-0.2155
1.115,5,3,FF,,0.1324,-0.2171
1.12,5,3,FF,,0.1333,-0.2186
1.125,5,3,FF,,0.1342,-0.2202
1.13,5,3,FF,,0.135,-0.2218
1.135,5,3,FF,,0.1359,-0.2234
1.14,5,3,FF,,0.1368,-0.225
1.145,5,3,FF,,0.1377,-0.2266
1.15,5,3,FF,,0.1386,-0.2282
1.155,5,3,FF,,0.1395,-0.2298
1.16,5,3,FF,,0.1404,-0.2314
1.165,5,3,FF,,0.1413,-0.233
1.17,5,3,FF,,0.1421,-0.2346
1.175,5,3,FF,,0.143,-0.2362
1.18,5,3,FF,,0.1439,-0.2378
1.185,5,3,FF,,0.1448,-0.2394
1.19,5,3,FF,,0.1457,-0.241
1.195,5,3,FF,,0.1466,-0.2426
1.2,5,3,FF,,0.1475,-0.2442
1.205,5,3,FF,,0.1483,-0.2458
1.21,5,3,FF,,0.1492,-0.2475
1.215,5,3,FF,,0.1501,-0.2491
1.22,5,3,FF,,0.151,-0.2507
1.225,5,3,FF,,0.1519,-0.2523
1.23,5,3,FF,,0.1527,-0.2539
1.235,5,3,FF,,0.1536,-0.2555
1.24,5,3,FF,,0.1545,-0.2572
1.245,5,3,FF,,0.1554,-0.2588
1.25,5,3,FF,,0.1563,-0.2604
1.255,5,3,FF,,0.1571,-0.262
1.26,5,3,FF,,0.158,-0.2637
1.265,5,3,FF,,0.1589,-0.2653
1.27,5,3,FF,,0.1597,-0.2669
1.275,5,3,FF,,0.1606,-0.2686
1.28,5,3,FF,,0.1615,-0.2702
1.285,5,3,FF,,0.1623,-0.2718
1.29,5,3,FF,,0.1632,-0.2734
1.295,5,3,FF,,0.1641,-0.2751
1.3,5,3,FF,,0.1649,-0.2767
1.305,5,3,FF,,0.1658,-0.2783
1.31,5,3,FF,,0.1667,-0.28
1.315,5,3,FF,,0.1675,-0.2816
1.32,5,3,FF,,0.1684,-0.2832
1.325,5,3,FF,,0.1692,-0.2849
1.33,5,3,FF,,0.1701,-0.2865
1.335,5,3,FF,,0.171,-0.2882
1.34,5,3,FF,,0.1718,-0.2898
1.345,5,3,FF,,0.1727,-0.2914
1.35,5,3,FF,,0.1735,-0.2931
1.355,5,3,FF,,0.1743,-0.2947
1.36,5,3,FF,,0.1752,-0.2963
1.365,5,3,FF,,0.176,-0.298
1.37,5,3,FF,,0.1769,-0.2996
1.375,5,3,FF,,0.1777,-0.3012
1.38,5,3,FF,,0.1786,-0.3029
1.385,5,3,FF,,0.1794,-0.3045
1.39,5,3,FF,,0.1802,-0.3061
1.395,5,3,FF,,0.1811,-0.3078
1.4,5,3,FF,,0.1819,-0.3094
1.405,5,3,FF,,0.1827,-0.3111
1.41,5,3,FF,,0.1835,-0.3127
1.415,5,3,FF,,0.1844,-0.3143
1.42,5,3,FF,,0.1852,-0.316
1.425,5,3,FF,,0.186,-0.3176
1.43,5,3,FF,,0.1868,-0.3192
1.435,5,3,FF,,0.1876,-0.3209
1.44,5,3,FF,,0.1884,-0.3225
1.445,5,3,FF,,0.1893,-0.3241
1.45,5,3,FF,,0.1901,-0.3257
1.455,5,3,FF,,0.1909,-0.3274
1.46,5,3,FF,,0.1917,-0.329
1.465,5,3,FF,,0.1925,-0.3306
1.47,5,3,FF,,0.1933,-0.3323
1.475,5,3,FF,,0.1941,-0.3339
1.48,5,3,FF,,0.1949,-0.3355
1.485,5,3,FF,,0.1956,-0.3371
1.49,5,3,FF,,0.1964,-0.3388
1.495,5,3,FF,,0.1972,-0.3404
1.5,5,3,FF,,0.198,-0.342
1.505,5,3,FF,,0.1988,-0.3436
1.51,5,3,FF,,0.1996,-0.3452
1.515,5,3,FF,,0.2003,-0.3469
1.52,5,3,FF,,0.2011,-0.3485
1.525,5,3,FF,,0.2019,-0.3501
1.53,5,3,FF,,0.2026,-0.3517
1.535,5,3,FF,,0.2034,-0.3533
1.54,5,3,FF,,0.2041,-0.3549
1.545,5,3,FF,,0.2049,-0.3565
1.55,5,3,FF,,0.2057,-0.3581
1.555,5,3,FF,,0.2064,-0.3597
1.56,5,3,FF,,0.2071,-0.3613
1.565,5,3,FF,,0.2079,-0.3629
1.57,5,3,FF,,0.2086,-0.3645
1.575,5,3,FF,,0.2094,-0.3661
1.58,5,3,FF,,0.2101,-0.3677
1.585,5,3,FF,,0.2108,-0.3693
1.59,5,3,FF,,0.2116,-0.3709
1.595,5,3,FF,,0.2123,-0.3725
1.6,5,3,FF,,0.213,-0.3741
1.605,5,3,FF,,0.2137,-0.3757
1.61,5,3,FF,,0.2144,-0.3773
1.615,5,3,FF,,0.2151,-0.3789
1.62,5,3,FF,,0.2158,-0.3804
1.625,5,3,FF,,0.2165,-0.382
1.63,5,3,FF,,0.2172,-0.3836
1.635,5,3,FF,,0.2179,-0.3852
1.64,5,3,FF,,0.2186,-0.3867
1.645,5,3,FF,,0.2193,-0.3883
1.65,5,3,FF,,0.22,-0.3899
1.655,5,3,FF,,0.2207,-0.3914
1.66,5,3,FF,,0.2213,-0.393
1.665,5,3,FF,,0.222,-0.3945
1.67,5,3,FF,,0.2227,-0.3961
1.675,5,3,FF,,0.2233,-0.3977
1.68,5,3,FF,,0.224,-0.3992
1.685,5,3,FF,,0.2246,-0.4007
1.69,5,3,FF,,0.2253,-0.4023
1.695,5,3,FF,,0.2259,-0.4038
1.7,5,3,FF,,0.2266,-0.4054
1.705,5,3,FF,,0.2272,-0.4069
1.71,5,3,FF,,0.2278,-0.4084
1.715,5,3,FF,,0.2285,-0.41
1.72,5,3,FF,,0.2291,-0.4115
1.725,5,3,FF,,0.2297,-0.413
1.73,5,3,FF,,0.2303,-0.4145
1.735,5,3,FF,,0.2309,-0.4161
1.74,5,3,FF,,0.2316,-0.4176
1.745,5,3,FF,,0.2322,-0.4191
1.75,5,3,FF,,0.2328,-0.4206
1.755,5,3,FF,,0.2333,-0.4221
1.76,5,3,FF,,0.2339,-0.4236
1.765,5,3,FF,,0.2345,-0.4251
1.77,5,3,FF,,0.2351,-0.4266
1.775,5,3,FF,,0.2357,-0.4281
1.78,5,3,FF,,0.2362,-0.4296
1.785,5,3,FF,,0.2368,-0.431
1.79,5,3,FF,,0.2374,-0.4325
1.795,5,3,FF,,0.2379,-0.434
1.8,5,3,FF,,0.2385,-0.4355
1.805,5,3,FF,,0.239,-0.4369
1.81,5,3,FF,,0.2395,-0.4384
1.815,5,3,FF,,0.2401,-0.4398
1.82,5,3,FF,,0.2406,-0.4413
1.825,5,3,FF,,0.2411,-0.4428
1.83,5,3,FF,,0.2417,-0.4442
1.835,5,3,FF,,0.2422,-0.4456
1.84,5,3,FF,,0.2427,-0.4471
1.845,5,3,FF,,0.2432,-0.4485
1.85,5,3,FF,,0.2437,-0.4499
1.855,5,3,FF,,0.2442,-0.4514
1.86,5,3,FF,,0.2447,-0.4528
1.865,5,3,FF,,0.2451,-0.4542
1.87,5,3,FF,,0.2456,-0.4556
1.875,5,3,FF,,0.2461,-0.457
1.88,5,3,FF,,0.2466,-0.4584
1.885,5,3,FF,,0.247,-0.4598
1.89,5,3,FF,,0.2475,-0.4612
1.895,5,3,FF,,0.2479,-0.4626
1.9,5,3,FF,,0.2484,-0.464
1.905,5,3,FF,,0.2488,-0.4654
1.91,5,3,FF,,0.2492,-0.4668
1.915,5,3,FF,,0.2497,-0.4681
1.92,5,3,FF,,0.2501,-0.4695
1.925,5,3,FF,,0.2505,-0.4709
1.93,5,3,FF,,0.2509,-0.4722
1.935,5,3,FF,,0.2513,-0.4736
1.94,5,3,FF,,0.2517,-0.4749
1.945,5,3,FF,,0.2521,-0.4763
1.95,5,3,FF,,0.2525,-0.4776
1.955,5,3,FF,,0.2529,-0.4789
1.96,5,3,FF,,0.2532,-0.4803
1.965,5,3,FF,,0.2536,-0.4816
1.97,5,3,FF,,0.254,-0.4829
1.975,5,3,FF,,0.2543,-0.4842
1.98,5,3,FF,,0.2547,-0.4855
1.985,5,3,FF,,0.255,-0.4868
1.99,5,3,FF,,0.2553,-0.4881
1.995,5,3,FF,,0.2557,-0.4894
2,5,3,FF,,0.256,-0.4907
2.005,5,3,FF,,0.2563,-0.4919
2.01,5,3,FF,,0.2566,-0.4932
2.015,5,3,FF,,0.2569,-0.4945
2.02,5,3,FF,,0.2572,-0.4957
2.025,5,3,FF,,0.2575,-0.497
2.03,5,3,FF,,0.2578,-0.4982
2.035,5,3,FF,,0.2581,-0.4995
2.04,5,3,FF,,0.2584,-0.5007
2.045,5,3,FF,,0.2586,-0.502
2.05,5,3,FF,,0.2589,-0.5032
2.055,5,3,FF,,0.2591,-0.5044
2.06,5,3,FF,,0.2594,-0.5056
2.065,5,3,FF,,0.2596,-0.5068
2.07,5,3,FF,,0.2598,-0.508
2.075,5,3,FF,,0.2601,-0.5092
2.08,5,3,FF,,0.2603,-0.5104
2.085,5,3,FF,,0.2605,-0.5116
2.09,5,3,FF,,0.2607,-0.5128
2.095,5,3,FF,,0.2609,-0.5139
2.1,5,3,FF,,0.2611,-0.5151
2.105,5,3,FF,,0.2613,-0.5162
2.11,5,3,FF,,0.2614,-0.5174
2.115,5,3,FF,,0.2616,-0.5185
2.12,5,3,FF,,0.2618,-0.5197
2.125,5,3,FF,,0.2619,-0.5208
2.13,5,3,FF,,0.2621,-0.5219
2.135,5,3,FF,,0.2622,-0.523
2.14,5,3,FF,,0.2623,-0.5242
2.145,5,3,FF,,0.2624,-0.5253
2.15,5,3,FF,,0.2626,-0.5263
2.155,5,3,FF,,0.2627,-0.5274
2.16,5,3,FF,,0.2628,-0.5285
2.165,5,3,FF,,0.2629,-0.5296
2.17,5,3,FF,,0.2629,-0.5307
2.175,5,3,FF,,0.263,-0.5317
2.18,5,3,FF,,0.2631,-0.5328
2.185,5,3,FF,,0.2632,-0.5338
2.19,5,3,FF,,0.2632,-0.5349
2.195,5,3,FF,,0.2633,-0.5359
2.2,5,3,FF,,0.2633,-0.5369
2.205,5,3,FF,,0.2633,-0.5379
2.21,5,3,FF,,0.2634,-0.5389
2.215,5,3,FF,,0.2634,-0.5399
2.22,5,3,FF,,0.2634,-0.5409
2.225,5,3,FF,,0.2634,-0.5419
2.23,5,3,FF,,0.2634,-0.5429
2.235,5,3,FF,,0.2633,-0.5439
2.24,5,3,FF,,0.2633,-0.5448
2.245,5,3,FF,,0.2633,-0.5458
2.25,5,3,FF,,0.2633,-0.5468
2.255,5,3,FF,,0.2632,-0.5477
2.26,5,3,FF,,0.2631,-0.5486
2.265,5,3,FF,,0.2631,-0.5495
2.27,5,3,FF,,0.263,-0.5505
2.275,5,3,FF,,0.2629,-0.5514
2.28,5,3,FF,,0.2628,-0.5523
2.285,5,3,FF,,0.2627,-0.5532
2.29,5,3,FF,,0.2626,-0.5541
2.295,5,3,FF,,0.2625,-0.5549
2.3,5,3,FF,,0.2624,-0.5558
2.305,5,3,FF,,0.2623,-0.5567
2.31,5,3,FF,,0.2621,-0.5575
2.315,5,3,FF,,0.262,-0.5584
2.32,5,3,FF,,0.2618,-0.5592
2.325,5,3,FF,,0.2616,-0.56
2.33,5,3,FF,,0.2615,-0.5608
2.335,5,3,FF,,0.2613,-0.5617
2.34,5,3,FF,,0.2611,-0.5625
2.345,5,3,FF,,0.2609,-0.5632
2.35,5,3,FF,,0.2607,-0.564
2.355,5,3,FF,,0.2604,-0.5648
2.36,5,3,FF,,0.2602,-0.5656
2.365,5,3,FF,,0.26,-0.5663
2.37,5,3,FF,,0.2597,-0.5671
2.375,5,3,FF,,0.2595,-0.5678
2.38,5,3,FF,,0.2592,-0.5686
2.385,5,3,FF,,0.2589,-0.5693
2.39,5,3,FF,,0.2586,-0.57
2.395,5,3,FF,,0.2584,-0.5707
2.4,5,3,FF,,0.258,-0.5714
2.405,5,3,FF,,0.2577,-0.5721
2.41,5,3,FF,,0.2574,-0.5728
2.415,5,3,FF,,0.2571,-0.5734
2.42,5,3,FF,,0.2567,-0.5741
2.425,5,3,FF,,0.2564,-0.5747
2.43,5,3,FF,,0.256,-0.5754
2.435,5,3,FF,,0.2557,-0.576
2.44,5,3,FF,,0.2553,-0.5766
2.445,5,3,FF,,0.2549,-0.5772
2.45,5,3,FF,,0.2545,-0.5778
2.455,5,3,FF,,0.2541,-0.5784
2.46,5,3,FF,,0.2537,-0.579
2.465,5,3,FF,,0.2533,-0.5796
2.47,5,3,FF,,0.2528,-0.5802
2.475,5,3,FF,,0.2524,-0.5807
2.48,5,3,FF,,0.2519,-0.5813
2.485,5,3,FF,,0.2515,-0.5818
2.49,5,3,FF,,0.251,-0.5823
2.495,5,3,FF,,0.2505,-0.5828
2.5,5,3,FF,,0.25,-0.5833
2.505,5,3,FF,,0.2495,-0.5838
2.51,5,3,FF,,0.249,-0.5843
2.515,5,3,FF,,0.2485,-0.5848
2.52,5,3,FF,,0.2479,-0.5853
2.525,5,3,FF,,0.2474,-0.5857
2.53,5,3,FF,,0.2468,-0.5862
2.535,5,3,FF,,0.2463,-0.5866
2.54,5,3,FF,,0.2457,-0.587
2.545,5,3,FF,,0.2451,-0.5874
2.55,5,3,FF,,0.2445,-0.5878
2.555,5,3,FF,,0.2439,-0.5882
2.56,5,3,FF,,0.2433,-0.5886
2.565,5,3,FF,,0.2426,-0.589
2.57,5,3,FF,,0.242,-0.5893
2.575,5,3,FF,,0.2414,-0.5897
2.58,5,3,FF,,0.2407,-0.59
2.585,5,3,FF,,0.24,-0.5904
2.59,5,3,FF,,0.2393,-0.5907
2.595,5,3,FF,,0.2387,-0.591
2.6,5,3,FF,,0.238,-0.5913
2.605,5,3,FF,,0.2372,-0.5916
2.61,5,3,FF,,0.2365,-0.5918
2.615,5,3,FF,,0.2358,-0.5921
2.62,5,3,FF,,0.235,-0.5924
2.625,5,3,FF,,0.2343,-0.5926
2.63,5,3,FF,,0.2335,-0.5928
2.635,5,3,FF,,0.2327,-0.593
2.64,5,3,FF,,0.2319,-0.5933
2.645,5,3,FF,,0.2311,-0.5934
2.65,5,3,FF,,0.2303,-0.5936
2.655,5,3,FF,,0.2295,-0.5938
2.66,5,3,FF,,0.2287,-0.594
2.665,5,3,FF,,0.2278,-0.5941
2.67,5,3,FF,,0.227,-0.5943
2.675,5,3,FF,,0.2261,-0.5944
2.68,5,3,FF,,0.2252,-0.5945
2.685,5,3,FF,,0.2244,-0.5946
2.69,5,3,FF,,0.2235,-0.5947
2.695,5,3,FF,,0.2225,-0.5948
2.7,5,3,FF,,0.2216,-0.5949
2.705,5,3,FF,,0.2207,-0.5949
2.71,5,3,FF,,0.2197,-0.595
2.715,5,3,FF,,0.2188,-0.595
2.72,5,3,FF,,0.2178,-0.595
2.725,5,3,FF,,0.2168,-0.595
2.73,5,3,FF,,0.2158,-0.595
2.735,5,3,FF,,0.2148,-0.595
2.74,5,3,FF,,0.2138,-0.595
2.745,5,3,FF,,0.2128,-0.595
2.75,5,3,FF,,0.2118,-0.5949
2.755,5,3,FF,,0.2107,-0.5949
2.76,5,3,FF,,0.2096,-0.5948
2.765,5,3,FF,,0.2086,-0.5947
2.77,5,3,FF,,0.2075,-0.5946
2.775,5,3,FF,,0.2064,-0.5945
2.78,5,3,FF,,0.2053,-0.5944
2.785,5,3,FF,,0.2041,-0.5942
2.79,5,3,FF,,0.203,-0.5941
2.795,5,3,FF,,0.2019,-0.5939
2.8,5,3,FF,,0.2007,-0.5937
2.805,5,3,FF,,0.1995,-0.5936
2.81,5,3,FF,,0.1984,-0.5934
2.815,5,3,FF,,0.1972,-0.5932
2.82,5,3,FF,,0.1959,-0.5929
2.825,5,3,FF,,0.1947,-0.5927
2.83,5,3,FF,,0.1935,-0.5924
2.835,5,3,FF,,0.1923,-0.5922
2.84,5,3,FF,,0.191,-0.5919
2.845,5,3,FF,,0.1897,-0.5916
2.85,5,3,FF,,0.1884,-0.5913
2.855,5,3,FF,,0.1871,-0.591
2.86,5,3,FF,,0.1858,-0.5907
2.865,5,3,FF,,0.1845,-0.5903
2.87,5,3,FF,,0.1832,-0.59
2.875,5,3,FF,,0.1818,-0.5896
2.88,5,3,FF,,0.1805,-0.5892
2.885,5,3,FF,,0.1791,-0.5888
2.89,5,3,FF,,0.1777,-0.5884
2.895,5,3,FF,,0.1763,-0.588
2.9,5,3,FF,,0.1749,-0.5876
2.905,5,3,FF,,0.1735,-0.5871
2.91,5,3,FF,,0.1721,-0.5867
2.915,5,3,FF,,0.1706,-0.5862
2.92,5,3,FF,,0.1692,-0.5857
2.925,5,3,FF,,0.1677,-0.5852
2.93,5,3,FF,,0.1662,-0.5847
2.935,5,3,FF,,0.1647,-0.5842
2.94,5,3,FF,,0.1632,-0.5836
2.945,5,3,FF,,0.1617,-0.5831
2.95,5,3,FF,,0.1601,-0.5825
2.955,5,3,FF,,0.1586,-0.5819
2.96,5,3,FF,,0.157,-0.5813
2.965,5,3,FF,,0.1554,-0.5807
2.97,5,3,FF,,0.1538,-0.5801
2.975,5,3,FF,,0.1522,-0.5794
2.98,5,3,FF,,0.1506,-0.5788
2.985,5,3,FF,,0.149,-0.5781
2.99,5,3,FF,,0.1473,-0.5774
2.995,5,3,FF,,0.1457,-0.5767
3,5,3,FF,,0.144,-0.576
3.005,5,3,FF,,0.1423,-0.5753
3.01,5,3,FF,,0.1407,-0.5745
3.015,5,3,FF,,0.139,-0.5738
3.02,5,3,FF,,0.1374,-0.573
3.025,5,3,FF,,0.1357,-0.5722
3.03,5,3,FF,,0.1341,-0.5714
3.035,5,3,FF,,0.1325,-0.5706
3.04,5,3,FF,,0.1309,-0.5698
3.045,5,3,FF,,0.1293,-0.5689
3.05,5,3,FF,,0.1278,-0.5681
3.055,5,3,FF,,0.1262,-0.5672
3.06,5,3,FF,,0.1247,-0.5663
3.065,5,3,FF,,0.1231,-0.5655
3.07,5,3,FF,,0.1216,-0.5645
3.075,5,3,FF,,0.1201,-0.5636
3.08,5,3,FF,,0.1186,-0.5627
3.085,5,3,FF,,0.1171,-0.5617
3.09,5,3,FF,,0.1156,-0.5608
3.095,5,3,FF,,0.1141,-0.5598
3.1,5,3,FF,,0.1126,-0.5588
3.105,5,3,FF,,0.1112,-0.5578
3.11,5,3,FF,,0.1097,-0.5568
3.115,5,3,FF,,0.1083,-0.5558
3.12,5,3,FF,,0.1069,-0.5548
3.125,5,3,FF,,0.1055,-0.5537
3.13,5,3,FF,,0.1041,-0.5527
3.135,5,3,FF,,0.1027,-0.5516
3.14,5,3,FF,,0.1013,-0.5505
3.145,5,3,FF,,0.0999,-0.5494
3.15,5,3,FF,,0.0986,-0.5483
3.155,5,3,FF,,0.0972,-0.5472
3.16,5,3,FF,,0.0959,-0.546
3.165,5,3,FF,,0.0946,-0.5449
3.17,5,3,FF,,0.0932,-0.5437
3.175,5,3,FF,,0.0919,-0.5426
3.18,5,3,FF,,0.0906,-0.5414
3.185,5,3,FF,,0.0893,-0.5402
3.19,5,3,FF,,0.0881,-0.539
3.195,5,3,FF,,0.0868,-0.5378
3.2,5,3,FF,,0.0855,-0.5365
3.205,5,3,FF,,0.0843,-0.5353
3.21,5,3,FF,,0.0831,-0.5341
3.215,5,3,FF,,0.0818,-0.5328
3.22,5,3,FF,,0.0806,-0.5315
3.225,5,3,FF,,0.0794,-0.5303
3.23,5,3,FF,,0.0782,-0.529
3.235,5,3,FF,,0.077,-0.5277
3.24,5,3,FF,,0.0758,-0.5263
3.245,5,3,FF,,0.0747,-0.525
3.25,5,3,FF,,0.0735,-0.5237
3.255,5,3,FF,,0.0723,-0.5223
3.26,5,3,FF,,0.0712,-0.521
3.265,5,3,FF,,0.0701,-0.5196
3.27,5,3,FF,,0.069,-0.5183
3.275,5,3,FF,,0.0678,-0.5169
3.28,5,3,FF,,0.0667,-0.5155
3.285,5,3,FF,,0.0656,-0.5141
3.29,5,3,FF,,0.0646,-0.5127
3.295,5,3,FF,,0.0635,-0.5112
3.3,5,3,FF,,0.0624,-0.5098
3.305,5,3,FF,,0.0614,-0.5084
3.31,5,3,FF,,0.0603,-0.5069
3.315,5,3,FF,,0.0593,-0.5054
3.32,5,3,FF,,0.0583,-0.504
3.325,5,3,FF,,0.0572,-0.5025
3.33,5,3,FF,,0.0562,-0.501
3.335,5,3,FF,,0.0552,-0.4995
3.34,5,3,FF,,0.0542,-0.498
3.345,5,3,FF,,0.0532,-0.4965
3.35,5,3,FF,,0.0523,-0.495
3.355,5,3,FF,,0.0513,-0.4934
3.36,5,3,FF,,0.0503,-0.4919
3.365,5,3,FF,,0.0494,-0.4903
3.37,5,3,FF,,0.0485,-0.4888
3.375,5,3,FF,,0.0475,-0.4872
3.38,5,3,FF,,0.0466,-0.4856
3.385,5,3,FF,,0.0457,-0.484
3.39,5,3,FF,,0.0448,-0.4824
3.395,5,3,FF,,0.0439,-0.4808
3.4,5,3,FF,,0.043,-0.4792
3.405,5,3,FF,,0.0421,-0.4776
3.41,5,3,FF,,0.0413,-0.476
3.415,5,3,FF,,0.0404,-0.4744
3.42,5,3,FF,,0.0395,-0.4727
3.425,5,3,FF,,0.0387,-0.4711
3.43,5,3,FF,,0.0379,-0.4694
3.435,5,3,FF,,0.037,-0.4678
3.44,5,3,FF,,0.0362,-0.4661
3.445,5,3,FF,,0.0354,-0.4644
3.45,5,3,FF,,0.0346,-0.4627
3.455,5,3,FF,,0.0338,-0.461
3.46,5,3,FF,,0.033,-0.4593
3.465,5,3,FF,,0.0322,-0.4576
3.47,5,3,FF,,0.0315,-0.4559
3.475,5,3,FF,,0.0307,-0.4542
3.48,5,3,FF,,0.0299,-0.4525
3.485,5,3,FF,,0.0292,-0.4507
3.49,5,3,FF,,0.0285,-0.449
3.495,5,3,FF,,0.0277,-0.4473
3.5,5,3,FF,,0.027,-0.4455
3.505,5,3,FF,,0.0263,-0.4437
3.51,5,3,FF,,0.0256,-0.442
3.515,5,3,FF,,0.0249,-0.4402
3.52,5,3,FF,,0.0242,-0.4384
3.525,5,3,FF,,0.0235,-0.4366
3.53,5,3,FF,,0.0228,-0.4349
3.535,5,3,FF,,0.0221,-0.4331
3.54,5,3,FF,,0.0215,-0.4313
3.545,5,3,FF,,0.0208,-0.4295
3.55,5,3,FF,,0.0202,-0.4276
3.555,5,3,FF,,0.0195,-0.4258
3.56,5,3,FF,,0.0189,-0.424
3.565,5,3,FF,,0.0183,-0.4222
3.57,5,3,FF,,0.0177,-0.4203
3.575,5,3,FF,,0.0171,-0.4185
3.58,5,3,FF,,0.0165,-0.4167
3.585,5,3,FF,,0.0159,-0.4148
3.59,5,3,FF,,0.0153,-0.413
3.595,5,3,FF,,0.0147,-0.4111
3.6,5,3,FF,,0.0141,-0.4092
3.605,5,3,FF,,0.0135,-0.4074
3.61,5,3,FF,,0.013,-0.4055
3.615,5,3,FF,,0.0124,-0.4036
3.62,5,3,FF,,0.0119,-0.4018
3.625,5,3,FF,,0.0113,-0.3999
3.63,5,3,FF,,0.0108,-0.398
3.635,5,3,FF,,0.0103,-0.3961
3.64,5,3,FF,,0.0098,-0.3942
3.645,5,3,FF,,0.0093,-0.3923
3.65,5,3,FF,,0.0087,-0.3904
3.655,5,3,FF,,0.0082,-0.3885
3.66,5,3,FF,,0.0078,-0.3866
3.665,5,3,FF,,0.0073,-0.3846
3.67,5,3,FF,,0.0068,-0.3827
3.675,5,3,FF,,0.0063,-0.3808
3.68,5,3,FF,,0.0059,-0.3789
3.685,5,3,FF,,0.0054,-0.3769
3.69,5,3,FF,,0.0049,-0.375
3.695,5,3,FF,,0.0045,-0.3731
3.7,5,3,FF,,0.0041,-0.3711
3.705,5,3,FF,,0.0036,-0.3692
3.71,5,3,FF,,0.0032,-0.3672
3.715,5,3,FF,,0.0028,-0.3653
3.72,5,3,FF,,0.0024,-0.3633
3.725,5,3,FF,,0.002,-0.3614
3.73,5,3,FF,,0.0015,-0.3594
3.735,5,3,FF,,0.0012,-0.3575
3.74,5,3,FF,,0.0008,-0.3555
3.745,5,3,FF,,0.0004,-0.3535
3.75,5,3,FF,,0,-0.3516
3.755,5,3,FF,,-0.0004,-0.3496
3.76,5,3,FF,,-0.0007,-0.3476
3.765,5,3,FF,,-0.0011,-0.3456
3.77,5,3,FF,,-0.0015,-0.3437
3.775,5,3,FF,,-0.0018,-0.3417
3.78,5,3,FF,,-0.0021,-0.3397
3.785,5,3,FF,,-0.0025,-0.3377
3.79,5,3,FF,,-0.0028,-0.3357
3.795,5,3,FF,,-0.0031,-0.3338
3.8,5,3,FF,,-0.0035,-0.3318
3.805,5,3,FF,,-0.0038,-0.3298
3.81,5,3,FF,,-0.0041,-0.3278
3.815,5,3,FF,,-0.0044,-0.3258
3.82,5,3,FF,,-0.0047,-0.3238
3.825,5,3,FF,,-0.005,-0.3218
3.83,5,3,FF,,-0.0053,-0.3198
3.835,5,3,FF,,-0.0055,-0.3178
3.84,5,3,FF,,-0.0058,-0.3158
3.845,5,3,FF,,-0.0061,-0.3138
3.85,5,3,FF,,-0.0063,-0.3118
3.855,5,3,FF,,-0.0066,-0.3098
3.86,5,3,FF,,-0.0069,-0.3078
3.865,5,3,FF,,-0.0071,-0.3059
3.87,5,3,FF,,-0.0074,-0.3039
3.875,5,3,FF,,-0.0076,-0.3019
3.88,5,3,FF,,-0.0078,-0.2999
3.885,5,3,FF,,-0.0081,-0.2979
3.89,5,3,FF,,-0.0083,-0.2959
3.895,5,3,FF,,-0.0085,-0.2939
3.9,5,3,FF,,-0.0087,-0.2919
3.905,5,3,FF,,-0.0089,-0.2899
3.91,5,3,FF,,-0.0091,-0.2879
3.915,5,3,FF,,-0.0093,-0.2859
3.92,5,3,FF,,-0.0095,-0.2839
3.925,5,3,FF,,-0.0097,-0.2819
3.93,5,3,FF,,-0.0099,-0.2799
3.935,5,3,FF,,-0.0101,-0.2779
3.94,5,3,FF,,-0.0102,-0.2759
3.945,5,3,FF,,-0.0104,-0.2739
3.95,5,3,FF,,-0.0106,-0.2719
3.955,5,3,FF,,-0.0107,-0.2699
3.96,5,3,FF,,-0.0109,-0.2679
3.965,5,3,FF,,-0.0111,-0.2659
3.97,5,3,FF,,-0.0112,-0.2639
3.975,5,3,FF,,-0.0113,-0.2619
3.98,5,3,FF,,-0.0115,-0.2599
3.985,5,3,FF,,-0.0116,-0.2579
3.99,5,3,FF,,-0.0118,-0.256
3.995,5,3,FF,,-0.0119,-0.254
4,5,3,FF,,-0.012,-0.252
4.005,5,3,FF,,-0.0121,-0.25
4.01,5,3,FF,,-0.0122,-0.248
4.015,5,3,FF,,-0.0123,-0.2461
4.02,5,3,FF,,-0.0124,-0.2441
4.025,5,3,FF,,-0.0125,-0.2421
4.03,5,3,FF,,-0.0126,-0.2402
4.035,5,3,FF,,-0.0127,-0.2382
4.04,5,3,FF,,-0.0128,-0.2362
4.045,5,3,FF,,-0.0129,-0.2343
4.05,5,3,FF,,-0.013,-0.2323
4.055,5,3,FF,,-0.0131,-0.2303
4.06,5,3,FF,,-0.0131,-0.2284
4.065,5,3,FF,,-0.0132,-0.2264
4.07,5,3,FF,,-0.0133,-0.2245
4.075,5,3,FF,,-0.0133,-0.2225
4.08,5,3,FF,,-0.0134,-0.2206
4.085,5,3,FF,,-0.0135,-0.2187
4.09,5,3,FF,,-0.0135,-0.2167
4.095,5,3,FF,,-0.0136,-0.2148
4.1,5,3,FF,,-0.0136,-0.2129
4.105,5,3,FF,,-0.0136,-0.2109
4.11,5,3,FF,,-0.0137,-0.209
4.115,5,3,FF,,-0.0137,-0.2071
4.12,5,3,FF,,-0.0138,-0.2052
4.125,5,3,FF,,-0.0138,-0.2033
4.13,5,3,FF,,-0.0138,-0.2014
4.135,5,3,FF,,-0.0138,-0.1995
4.14,5,3,FF,,-0.0138,-0.1976
4.145,5,3,FF,,-0.0139,-0.1957
4.15,5,3,FF,,-0.0139,-0.1938
4.155,5,3,FF,,-0.0139,-0.1919
4.16,5,3,FF,,-0.0139,-0.19
4.165,5,3,FF,,-0.0139,-0.1881
4.17,5,3,FF,,-0.0139,-0.1863
4.175,5,3,FF,,-0.0139,-0.1844
4.18,5,3,FF,,-0.0139,-0.1825
4.185,5,3,FF,,-0.0139,-0.1807
4.19,5,3,FF,,-0.0139,-0.1788
4.195,5,3,FF,,-0.0138,-0.1769
4.2,5,3,FF,,-0.0138,-0.1751
4.205,5,3,FF,,-0.0138,-0.1733
4.21,5,3,FF,,-0.0138,-0.1714
4.215,5,3,FF,,-0.0138,-0.1696
4.22,5,3,FF,,-0.0137,-0.1678
4.225,5,3,FF,,-0.0137,-0.166
4.23,5,3,FF,,-0.0137,-0.1641
4.235,5,3,FF,,-0.0136,-0.1623
4.24,5,3,FF,,-0.0136,-0.1605
4.245,5,3,FF,,-0.0135,-0.1587
4.25,5,3,FF,,-0.0135,-0.1569
4.255,5,3,FF,,-0.0135,-0.1552
4.26,5,3,FF,,-0.0134,-0.1534
4.265,5,3,FF,,-0.0134,-0.1516
4.27,5,3,FF,,-0.0133,-0.1498
4.275,5,3,FF,,-0.0132,-0.1481
4.28,5,3,FF,,-0.0132,-0.1463
4.285,5,3,FF,,-0.0131,-0.1446
4.29,5,3,FF,,-0.0131,-0.1428
4.295,5,3,FF,,-0.013,-0.1411
4.3,5,3,FF,,-0.0129,-0.1394
4.305,5,3,FF,,-0.0129,-0.1376
4.31,5,3,FF,,-0.0128,-0.1359
4.315,5,3,FF,,-0.0127,-0.1342
4.32,5,3,FF,,-0.0127,-0.1325
4.325,5,3,FF,,-0.0126,-0.1308
4.33,5,3,FF,,-0.0125,-0.1291
4.335,5,3,FF,,-0.0124,-0.1274
4.34,5,3,FF,,-0.0123,-0.1258
4.345,5,3,FF,,-0.0123,-0.1241
4.35,5,3,FF,,-0.0122,-0.1224
4.355,5,3,FF,,-0.0121,-0.1208
4.36,5,3,FF,,-0.012,-0.1191
4.365,5,3,FF,,-0.0119,-0.1175
4.37,5,3,FF,,-0.0118,-0.1159
4.375,5,3,FF,,-0.0117,-0.1143
4.38,5,3,FF,,-0.0116,-0.1126
4.385,5,3,FF,,-0.0115,-0.111
4.39,5,3,FF,,-0.0114,-0.1094
4.395,5,3,FF,,-0.0113,-0.1079
4.4,5,3,FF,,-0.0112,-0.1063
4.405,5,3,FF,,-0.0111,-0.1047
4.41,5,3,FF,,-0.011,-0.1031
4.415,5,3,FF,,-0.0109,-0.1016
4.42,5,3,FF,,-0.0108,-0.1
4.425,5,3,FF,,-0.0107,-0.0985
4.43,5,3,FF,,-0.0106,-0.097
4.435,5,3,FF,,-0.0105,-0.0954
4.44,5,3,FF,,-0.0104,-0.0939
4.445,5,3,FF,,-0.0103,-0.0924
4.45,5,3,FF,,-0.0102,-0.0909
4.455,5,3,FF,,-0.0101,-0.0894
4.46,5,3,FF,,-0.0099,-0.088
4.465,5,3,FF,,-0.0098,-0.0865
4.47,5,3,FF,,-0.0097,-0.085
4.475,5,3,FF,,-0.0096,-0.0836
4.48,5,3,FF,,-0.0095,-0.0822
4.485,5,3,FF,,-0.0094,-0.0807
4.49,5,3,FF,,-0.0092,-0.0793
4.495,5,3,FF,,-0.0091,-0.0779
4.5,5,3,FF,,-0.009,-0.0765
4.505,5,3,FF,,-0.0089,-0.0751
4.51,5,3,FF,,-0.0088,-0.0737
4.515,5,3,FF,,-0.0086,-0.0724
4.52,5,3,FF,,-0.0085,-0.071
4.525,5,3,FF,,-0.0084,-0.0697
4.53,5,3,FF,,-0.0083,-0.0683
4.535,5,3,FF,,-0.0081,-0.067
4.54,5,3,FF,,-0.008,-0.0657
4.545,5,3,FF,,-0.0079,-0.0644
4.55,5,3,FF,,-0.0078,-0.0631
4.555,5,3,FF,,-0.0077,-0.0618
4.56,5,3,FF,,-0.0075,-0.0605
4.565,5,3,FF,,-0.0074,-0.0592
4.57,5,3,FF,,-0.0073,-0.058
4.575,5,3,FF,,-0.0072,-0.0567
4.58,5,3,FF,,-0.007,-0.0555
4.585,5,3,FF,,-0.0069,-0.0543
4.59,5,3,FF,,-0.0068,-0.0531
4.595,5,3,FF,,-0.0067,-0.0519
4.6,5,3,FF,,-0.0065,-0.0507
4.605,5,3,FF,,-0.0064,-0.0495
4.61,5,3,FF,,-0.0063,-0.0483
4.615,5,3,FF,,-0.0062,-0.0472
4.62,5,3,FF,,-0.006,-0.0461
4.625,5,3,FF,,-0.0059,-0.0449
4.63,5,3,FF,,-0.0058,-0.0438
4.635,5,3,FF,,-0.0057,-0.0427
4.64,5,3,FF,,-0.0055,-0.0416
4.645,5,3,FF,,-0.0054,-0.0405
4.65,5,3,FF,,-0.0053,-0.0395
4.655,5,3,FF,,-0.0052,-0.0384
4.66,5,3,FF,,-0.005,-0.0374
4.665,5,3,FF,,-0.0049,-0.0363
4.67,5,3,FF,,-0.0048,-0.0353
4.675,5,3,FF,,-0.0047,-0.0343
4.68,5,3,FF,,-0.0046,-0.0333
4.685,5,3,FF,,-0.0045,-0.0323
4.69,5,3,FF,,-0.0043,-0.0314
4.695,5,3,FF,,-0.0042,-0.0304
4.7,5,3,FF,,-0.0041,-0.0295
4.705,5,3,FF,,-0.004,-0.0286
4.71,5,3,FF,,-0.0039,-0.0276
4.715,5,3,FF,,-0.0038,-0.0267
4.72,5,3,FF,,-0.0037,-0.0259
4.725,5,3,FF,,-0.0035,-0.025
4.73,5,3,FF,,-0.0034,-0.0241
4.735,5,3,FF,,-0.0033,-0.0233
4.74,5,3,FF,,-0.0032,-0.0224
4.745,5,3,FF,,-0.0031,-0.0216
4.75,5,3,FF,,-0.003,-0.0208
4.755,5,3,FF,,-0.0029,-0.02
4.76,5,3,FF,,-0.0028,-0.0192
4.765,5,3,FF,,-0.0027,-0.0185
4.77,5,3,FF,,-0.0026,-0.0177
4.775,5,3,FF,,-0.0025,-0.017
4.78,5,3,FF,,-0.0024,-0.0163
4.785,5,3,FF,,-0.0023,-0.0156
4.79,5,3,FF,,-0.0022,-0.0149
4.795,5,3,FF,,-0.0021,-0.0142
4.8,5,3,FF,,-0.002,-0.0135
4.805,5,3,FF,,-0.0019,-0.0129
4.81,5,3,FF,,-0.0018,-0.0123
4.815,5,3,FF,,-0.0017,-0.0116
4.82,5,3,FF,,-0.0017,-0.011
4.825,5,3,FF,,-0.0016,-0.0104
4.83,5,3,FF,,-0.0015,-0.0099
4.835,5,3,FF,,-0.0014,-0.0093
4.84,5,3,FF,,-0.0013,-0.0088
4.845,5,3,FF,,-0.0013,-0.0082
4.85,5,3,FF,,-0.0012,-0.0077
4.855,5,3,FF,,-0.0011,-0.0072
4.86,5,3,FF,,-0.001,-0.0068
4.865,5,3,FF,,-0.001,-0.0063
4.87,5,3,FF,,-0.0009,-0.0058
4.875,5,3,FF,,-0.0008,-0.0054
4.88,5,3,FF,,-0.0008,-0.005
4.885,5,3,FF,,-0.0007,-0.0046
4.89,5,3,FF,,-0.0007,-0.0042
4.895,5,3,FF,,-0.0006,-0.0038
4.9,5,3,FF,,-0.0006,-0.0035
4.905,5,3,FF,,-0.0005,-0.0032
4.91,5,3,FF,,-0.0005,-0.0028
4.915,5,3,FF,,-0.0004,-0.0025
4.92,5,3,FF,,-0.0004,-0.0022
4.925,5,3,FF,,-0.0003,-0.002
4.93,5,3,FF,,-0.0003,-0.0017
4.935,5,3,FF,,-0.0002,-0.0015
4.94,5,3,FF,,-0.0002,-0.0013
4.945,5,3,FF,,-0.0002,-0.0011
4.95,5,3,FF,,-0.0001,-0.0009
4.955,5,3,FF,,-0.0001,-0.0007
4.96,5,3,FF,,-0.0001,-0.0006
4.965,5,3,FF,,-0.0001,-0.0004
4.97,5,3,FF,,-0.0001,-0.0003
4.975,5,3,FF,,0,-0.0002
4.98,5,3,FF,,0,-0.0001
4.985,5,3,FF,,0,-0.0001
4.99,5,3,FF,,0,0
4.995,5,3,FF,,0,0
5,5,3,FF,,0,0
0,5,3.5,FF,,0,0
0.005,5,3.5,FF,,0,0
0.01,5,3.5,FF,,0,0
0.015,5,3.5,FF,,0,0
0.02,5,3.5,FF,,0.0001,-0.0001
0.025,5,3.5,FF,,0.0001,-0.0001
0.03,5,3.5,FF,,0.0001,-0.0001
0.035,5,3.5,FF,,0.0002,-0.0002
0.04,5,3.5,FF,,0.0003,-0.0002
0.045,5,3.5,FF,,0.0003,-0.0003
0.05,5,3.5,FF,,0.0004,-0.0004
0.055,5,3.5,FF,,0.0005,-0.0005
0.06,5,3.5,FF,,0.0006,-0.0006
0.065,5,3.5,FF,,0.0007,-0.0007
0.07,5,3.5,FF,,0.0008,-0.0008
0.075,5,3.5,FF,,0.0009,-0.0009
0.08,5,3.5,FF,,0.001,-0.001
0.085,5,3.5,FF,,0.0012,-0.0011
0.09,5,3.5,FF,,0.0013,-0.0012
0.095,5,3.5,FF,,0.0015,-0.0014
0.1,5,3.5,FF,,0.0016,-0.0015
0.105,5,3.5,FF,,0.0018,-0.0017
0.11,5,3.5,FF,,0.0019,-0.0019
0.115,5,3.5,FF,,0.0021,-0.002
0.12,5,3.5,FF,,0.0023,-0.0022
0.125,5,3.5,FF,,0.0025,-0.0024
0.13,5,3.5,FF,,0.0027,-0.0026
0.135,5,3.5,FF,,0.0029,-0.0028
0.14,5,3.5,FF,,0.0031,-0.003
0.145,5,3.5,FF,,0.0033,-0.0032
0.15,5,3.5,FF,,0.0036,-0.0034
0.155,5,3.5,FF,,0.0038,-0.0036
0.16,5,3.5,FF,,0.0041,-0.0039
0.165,5,3.5,FF,,0.0043,-0.0041
0.17,5,3.5,FF,,0.0046,-0.0044
0.175,5,3.5,FF,,0.0048,-0.0046
0.18,5,3.5,FF,,0.0051,-0.0049
0.185,5,3.5,FF,,0.0054,-0.0052
0.19,5,3.5,FF,,0.0057,-0.0054
0.195,5,3.5,FF,,0.006,-0.0057
0.2,5,3.5,FF,,0.0063,-0.006
0.205,5,3.5,FF,,0.0066,-0.0063
0.21,5,3.5,FF,,0.0069,-0.0066
0.215,5,3.5,FF,,0.0072,-0.0069
0.22,5,3.5,FF,,0.0075,-0.0072
0.225,5,3.5,FF,,0.0079,-0.0076
0.23,5,3.5,FF,,0.0082,-0.0079
0.235,5,3.5,FF,,0.0086,-0.0082
0.24,5,3.5,FF,,0.0089,-0.0086
0.245,5,3.5,FF,,0.0093,-0.0089
0.25,5,3.5,FF,,0.0097,-0.0093
0.255,5,3.5,FF,,0.01,-0.0096
0.26,5,3.5,FF,,0.0104,-0.01
0.265,5,3.5,FF,,0.0108,-0.0104
0.27,5,3.5,FF,,0.0112,-0.0108
0.275,5,3.5,FF,,0.0116,-0.0112
0.28,5,3.5,FF,,0.012,-0.0116
0.285,5,3.5,FF,,0.0124,-0.012
0.29,5,3.5,FF,,0.0129,-0.0124
0.295,5,3.5,FF,,0.0133,-0.0128
0.3,5,3.5,FF,,0.0137,-0.0132
0.305,5,3.5,FF,,0.0142,-0.0136
0.31,5,3.5,FF,,0.0146,-0.0141
0.315,5,3.5,FF,,0.0151,-0.0145
0.32,5,3.5,FF,,0.0155,-0.0149
0.325,5,3.5,FF,,0.016,-0.0154
0.33,5,3.5,FF,,0.0165,-0.0159
0.335,5,3.5,FF,,0.0169,-0.0163
0.34,5,3.5,FF,,0.0174,-0.0168
0.345,5,3.5,FF,,0.0179,-0.0173
0.35,5,3.5,FF,,0.0184,-0.0178
0.355,5,3.5,FF,,0.0189,-0.0182
0.36,5,3.5,FF,,0.0194,-0.0187
0.365,5,3.5,FF,,0.0199,-0.0192
0.37,5,3.5,FF,,0.0205,-0.0197
0.375,5,3.5,FF,,0.021,-0.0202
0.38,5,3.5,FF,,0.0215,-0.0208
0.385,5,3.5,FF,,0.0221,-0.0213
0.39,5,3.5,FF,,0.0226,-0.0218
0.395,5,3.5,FF,,0.0232,-0.0224
0.4,5,3.5,FF,,0.0237,-0.0229
0.405,5,3.5,FF,,0.0243,-0.0234
0.41,5,3.5,FF,,0.0248,-0.024
0.415,5,3.5,FF,,0.0254,-0.0246
0.42,5,3.5,FF,,0.026,-0.0251
0.425,5,3.5,FF,,0.0266,-0.0257
0.43,5,3.5,FF,,0.0272,-0.0263
0.435,5,3.5,FF,,0.0278,-0.0268
0.44,5,3.5,FF,,0.0284,-0.0274
0.445,5,3.5,FF,,0.029,-0.028
0.45,5,3.5,FF,,0.0296,-0.0286
0.455,5,3.5,FF,,0.0302,-0.0292
0.46,5,3.5,FF,,0.0308,-0.0298
0.465,5,3.5,FF,,0.0315,-0.0304
0.47,5,3.5,FF,,0.0321,-0.0311
0.475,5,3.5,FF,,0.0327,-0.0317
0.48,5,3.5,FF,,0.0334,-0.0323
0.485,5,3.5,FF,,0.034,-0.0329
0.49,5,3.5,FF,,0.0347,-0.0336
0.495,5,3.5,FF,,0.0353,-0.0342
0.5,5,3.5,FF,,0.036,-0.0349
0.505,5,3.5,FF,,0.0367,-0.0355
0.51,5,3.5,FF,,0.0373,-0.0362
0.515,5,3.5,FF,,0.038,-0.0369
0.52,5,3.5,FF,,0.0387,-0.0375
0.525,5,3.5,FF,,0.0394,-0.0382
0.53,5,3.5,FF,,0.0401,-0.0389
0.535,5,3.5,FF,,0.0408,-0.0396
0.54,5,3.5,FF,,0.0415,-0.0403
0.545,5,3.5,FF,,0.0422,-0.041
0.55,5,3.5,FF,,0.0429,-0.0417
0.555,5,3.5,FF,,0.0436,-0.0424
0.56,5,3.5,FF,,0.0444,-0.0431
0.565,5,3.5,FF,,0.0451,-0.0438
0.57,5,3.5,FF,,0.0458,-0.0445
0.575,5,3.5,FF,,0.0466,-0.0452
0.58,5,3.5,FF,,0.0473,-0.046
0.585,5,3.5,FF,,0.0481,-0.0467
0.59,5,3.5,FF,,0.0488,-0.0474
0.595,5,3.5,FF,,0.0496,-0.0482
0.6,5,3.5,FF,,0.0503,-0.0489
0.605,5,3.5,FF,,0.0511,-0.0497
0.61,5,3.5,FF,,0.0519,-0.0504
0.615,5,3.5,FF,,0.0526,-0.0512
0.62,5,3.5,FF,,0.0534,-0.052
0.625,5,3.5,FF,,0.0542,-0.0527
0.63,5,3.5,FF,,0.055,-0.0535
0.635,5,3.5,FF,,0.0558,-0.0543
0.64,5,3.5,FF,,0.0566,-0.0551
0.645,5,3.5,FF,,0.0574,-0.0559
0.65,5,3.5,FF,,0.0582,-0.0567
0.655,5,3.5,FF,,0.059,-0.0575
0.66,5,3.5,FF,,0.0598,-0.0583
0.665,5,3.5,FF,,0.0606,-0.0591
0.67,5,3.5,FF,,0.0614,-0.0599
0.675,5,3.5,FF,,0.0623,-0.0607
0.68,5,3.5,FF,,0.0631,-0.0615
0.685,5,3.5,FF,,0.0639,-0.0623
0.69,5,3.5,FF,,0.0648,-0.0632
0.695,5,3.5,FF,,0.0656,-0.064
0.7,5,3.5,FF,,0.0664,-0.0648
0.705,5,3.5,FF,,0.0673,-0.0657
0.71,5,3.5,FF,,0.0681,-0.0665
0.715,5,3.5,FF,,0.069,-0.0674
0.72,5,3.5,FF,,0.0699,-0.0682
0.725,5,3.5,FF,,0.0707,-0.0691
0.73,5,3.5,FF,,0.0716,-0.0699
0.735,5,3.5,FF,,0.0725,-0.0708
0.74,5,3.5,FF,,0.0733,-0.0717
0.745,5,3.5,FF,,0.0742,-0.0725
0.75,5,3.5,FF,,0.0751,-0.0734
0.755,5,3.5,FF,,0.076,-0.0743
0.76,5,3.5,FF,,0.0769,-0.0752
0.765,5,3.5,FF,,0.0778,-0.0761
0.77,5,3.5,FF,,0.0787,-0.0769
0.775,5,3.5,FF,,0.0796,-0.0778
0.78,5,3.5,FF,,0.0805,-0.0787
0.785,5,3.5,FF,,0.0814,-0.0796
0.79,5,3.5,FF,,0.0823,-0.0805
0.795,5,3.5,FF,,0.0832,-0.0815
0.8,5,3.5,FF,,0.0841,-0.0824
0.805,5,3.5,FF,,0.085,-0.0833
0.81,5,3.5,FF,,0.0859,-0.0842
0.815,5,3.5,FF,,0.0869,-0.0851
0.82,5,3.5,FF,,0.0878,-0.0861
0.825,5,3.5,FF,,0.0887,-0.087
0.83,5,3.5,FF,,0.0897,-0.0879
0.835,5,3.5,FF,,0.0906,-0.0889
0.84,5,3.5,FF,,0.0915,-0.0898
0.845,5,3.5,FF,,0.0925,-0.0907
0.85,5,3.5,FF,,0.0934,-0.0917
0.855,5,3.5,FF,,0.0944,-0.0926
0.86,5,3.5,FF,,0.0953,-0.0936
0.865,5,3.5,FF,,0.0963,-0.0945
0.87,5,3.5,FF,,0.0972,-0.0955
0.875,5,3.5,FF,,0.0982,-0.0965
0.88,5,3.5,FF,,0.0992,-0.0974
0.885,5,3.5,FF,,0.1001,-0.0984
0.89,5,3.5,FF,,0.1011,-0.0994
0.895,5,3.5,FF,,0.1021,-0.1004
0.9,5,3.5,FF,,0.103,-0.1013
0.905,5,3.5,FF,,0.104,-0.1023
0.91,5,3.5,FF,,0.105,-0.1033
0.915,5,3.5,FF,,0.106,-0.1043
0.92,5,3.5,FF,,0.107,-0.1053
0.925,5,3.5,FF,,0.1079,-0.1063
0.93,5,3.5,FF,,0.1089,-0.1073
0.935,5,3.5,FF,,0.1099,-0.1083
0.94,5,3.5,FF,,0.1109,-0.1093
0.945,5,3.5,FF,,0.1119,-0.1103
0.95,5,3.5,FF,,0.1129,-0.1113
0.955,5,3.5,FF,,0.1139,-0.1123
0.96,5,3.5,FF,,0.1149,-0.1133
0.965,5,3.5,FF,,0.1159,-0.1143
0.97,5,3.5,FF,,0.1169,-0.1153
0.975,5,3.5,FF,,0.1179,-0.1164
0.98,5,3.5,FF,,0.1189,-0.1174
0.985,5,3.5,FF,,0.1199,-0.1184
0.99,5,3.5,FF,,0.121,-0.1194
0.995,5,3.5,FF,,0.122,-0.1205
1,5,3.5,FF,,0.123,-0.1215
1.005,5,3.5,FF,,0.124,-0.1225
1.01,5,3.5,FF,,0.125,-0.1236
1.015,5,3.5,FF,,0.1261,-0.1246
1.02,5,3.5,FF,,0.1271,-0.1257
1.025,5,3.5,FF,,0.1281,-0.1267
1.03,5,3.5,FF,,0.1292,-0.1278
1.035,5,3.5,FF,,0.1302,-0.1288
1.04,5,3.5,FF,,0.1312,-0.1299
1.045,5,3.5,FF,,0.1323,-0.1309
1.05,5,3.5,FF,,0.1333,-0.132
1.055,5,3.5,FF,,0.1343,-0.133
1.06,5,3.5,FF,,0.1354,-0.1341
1.065,5,3.5,FF,,0.1364,-0.1352
1.07,5,3.5,FF,,0.1375,-0.1362
1.075,5,3.5,FF,,0.1385,-0.1373
1.08,5,3.5,FF,,0.1395,-0.1384
1.085,5,3.5,FF,,0.1406,-0.1394
1.09,5,3.5,FF,,0.1416,-0.1405
1.095,5,3.5,FF,,0.1427,-0.1416
1.1,5,3.5,FF,,0.1437,-0.1427
1.105,5,3.5,FF,,0.1448,-0.1437
1.11,5,3.5,FF,,0.1459,-0.1448
1.115,5,3.5,FF,,0.1469,-0.1459
1.12,5,3.5,FF,,0.148,-0.147
1.125,5,3.5,FF,,0.149,-0.1481
1.13,5,3.5,FF,,0.1501,-0.1492
1.135,5,3.5,FF,,0.1511,-0.1503
1.14,5,3.5,FF,,0.1522,-0.1514
1.145,5,3.5,FF,,0.1533,-0.1524
1.15,5,3.5,FF,,0.1543,-0.1535
1.155,5,3.5,FF,,0.1554,-0.1546
1.16,5,3.5,FF,,0.1565,-0.1557
1.165,5,3.5,FF,,0.1575,-0.1568
1.17,5,3.5,FF,,0.1586,-0.1579
1.175,5,3.5,FF,,0.1597,-0.159
1.18,5,3.5,FF,,0.1607,-0.1602
1.185,5,3.5,FF,,0.1618,-0.1613
1.19,5,3.5,FF,,0.1629,-0.1624
1.195,5,3.5,FF,,0.164,-0.1635
1.2,5,3.5,FF,,0.165,-0.1646
1.205,5,3.5,FF,,0.1661,-0.1657
1.21,5,3.5,FF,,0.1672,-0.1668
1.215,5,3.5,FF,,0.1682,-0.1679
1.22,5,3.5,FF,,0.1693,-0.1691
1.225,5,3.5,FF,,0.1704,-0.1702
1.23,5,3.5,FF,,0.1715,-0.1713
1.235,5,3.5,FF,,0.1725,-0.1724
1.24,5,3.5,FF,,0.1736,-0.1735
1.245,5,3.5,FF,,0.1747,-0.1747
1.25,5,3.5,FF,,0.1758,-0.1758
1.255,5,3.5,FF,,0.1769,-0.1769
1.26,5,3.5,FF,,0.1779,-0.178
1.265,5,3.5,FF,,0.179,-0.1792
1.27,5,3.5,FF,,0.1801,-0.1803
1.275,5,3.5,FF,,0.1812,-0.1814
1.28,5,3.5,FF,,0.1823,-0.1826
1.285,5,3.5,FF,,0.1833,-0.1837
1.29,5,3.5,FF,,0.1844,-0.1848
1.295,5,3.5,FF,,0.1855,-0.1859
1.3,5,3.5,FF,,0.1866,-0.1871
1.305,5,3.5,FF,,0.1877,-0.1882
1.31,5,3.5,FF,,0.1887,-0.1894
1.315,5,3.5,FF,,0.1898,-0.1905
1.32,5,3.5,FF,,0.1909,-0.1916
1.325,5,3.5,FF,,0.192,-0.1928
1.33,5,3.5,FF,,0.1931,-0.1939
1.335,5,3.5,FF,,0.1941,-0.195
1.34,5,3.5,FF,,0.1952,-0.1962
1.345,5,3.5,FF,,0.1963,-0.1973
1.35,5,3.5,FF,,0.1974,-0.1985
1.355,5,3.5,FF,,0.1985,-0.1996
1.36,5,3.5,FF,,0.1995,-0.2008
1.365,5,3.5,FF,,0.2006,-0.2019
1.37,5,3.5,FF,,0.2017,-0.203
1.375,5,3.5,FF,,0.2028,-0.2042
1.38,5,3.5,FF,,0.2038,-0.2053
1.385,5,3.5,FF,,0.2049,-0.2065
1.39,5,3.5,FF,,0.206,-0.2076
1.395,5,3.5,FF,,0.2071,-0.2088
1.4,5,3.5,FF,,0.2082,-0.2099
1.405,5,3.5,FF,,0.2092,-0.2111
1.41,5,3.5,FF,,0.2103,-0.2122
1.415,5,3.5,FF,,0.2114,-0.2134
1.42,5,3.5,FF,,0.2124,-0.2145
1.425,5,3.5,FF,,0.2135,-0.2157
1.43,5,3.5,FF,,0.2146,-0.2168
1.435,5,3.5,FF,,0.2157,-0.2179
1.44,5,3.5,FF,,0.2167,-0.2191
1.445,5,3.5,FF,,0.2178,-0.2202
1.45,5,3.5,FF,,0.2189,-0.2214
1.455,5,3.5,FF,,0.2199,-0.2225
1.46,5,3.5,FF,,0.221,-0.2237
1.465,5,3.5,FF,,0.2221,-0.2248
1.47,5,3.5,FF,,0.2231,-0.226
1.475,5,3.5,FF,,0.2242,-0.2271
1.48,5,3.5,FF,,0.2253,-0.2283
1.485,5,3.5,FF,,0.2263,-0.2294
1.49,5,3.5,FF,,0.2274,-0.2306
1.495,5,3.5,FF,,0.2284,-0.2317
1.5,5,3.5,FF,,0.2295,-0.2329
1.505,5,3.5,FF,,0.2306,-0.234
1.51,5,3.5,FF,,0.2316,-0.2352
1.515,5,3.5,FF,,0.2327,-0.2363
1.52,5,3.5,FF,,0.2337,-0.2375
1.525,5,3.5,FF,,0.2348,-0.2386
1.53,5,3.5,FF,,0.2358,-0.2398
1.535,5,3.5,FF,,0.2369,-0.2409
1.54,5,3.5,FF,,0.2379,-0.242
1.545,5,3.5,FF,,0.239,-0.2432
1.55,5,3.5,FF,,0.24,-0.2443
1.555,5,3.5,FF,,0.2411,-0.2455
1.56,5,3.5,FF,,0.2421,-0.2466
1.565,5,3.5,FF,,0.2431,-0.2478
1.57,5,3.5,FF,,0.2442,-0.2489
1.575,5,3.5,FF,,0.2452,-0.25
1.58,5,3.5,FF,,0.2462,-0.2512
1.585,5,3.5,FF,,0.2473,-0.2523
1.59,5,3.5,FF,,0.2483,-0.2535
1.595,5,3.5,FF,,0.2493,-0.2546
1.6,5,3.5,FF,,0.2504,-0.2557
1.605,5,3.5,FF,,0.2514,-0.2569
1.61,5,3.5,FF,,0.2524,-0.258
1.615,5,3.5,FF,,0.2534,-0.2592
1.62,5,3.5,FF,,0.2545,-0.2603
1.625,5,3.5,FF,,0.2555,-0.2614
1.63,5,3.5,FF,,0.2565,-0.2626
1.635,5,3.5,FF,,0.2575,-0.2637
1.64,5,3.5,FF,,0.2585,-0.2648
1.645,5,3.5,FF,,0.2595,-0.2659
1.65,5,3.5,FF,,0.2605,-0.2671
1.655,5,3.5,FF,,0.2615,-0.2682
1.66,5,3.5,FF,,0.2626,-0.2693
1.665,5,3.5,FF,,0.2636,-0.2705
1.67,5,3.5,FF,,0.2646,-0.2716
1.675,5,3.5,FF,,0.2656,-0.2727
1.68,5,3.5,FF,,0.2665,-0.2738
1.685,5,3.5,FF,,0.2675,-0.275
1.69,5,3.5,FF,,0.2685,-0.2761
1.695,5,3.5,FF,,0.2695,-0.2772
1.7,5,3.5,FF,,0.2705,-0.2783
1.705,5,3.5,FF,,0.2715,-0.2794
1.71,5,3.5,FF,,0.2725,-0.2805
1.715,5,3.5,FF,,0.2734,-0.2817
1.72,5,3.5,FF,,0.2744,-0.2828
1.725,5,3.5,FF,,0.2754,-0.2839
1.73,5,3.5,FF,,0.2764,-0.285
1.735,5,3.5,FF,,0.2773,-0.2861
1.74,5,3.5,FF,,0.2783,-0.2872
1.745,5,3.5,FF,,0.2793,-0.2883
1.75,5,3.5,FF,,0.2802,-0.2894
1.755,5,3.5,FF,,0.2812,-0.2905
1.76,5,3.5,FF,,0.2821,-0.2916
1.765,5,3.5,FF,,0.2831,-0.2927
1.77,5,3.5,FF,,0.284,-0.2938
1.775,5,3.5,FF,,0.285,-0.2949
1.78,5,3.5,FF,,0.2859,-0.296
1.785,5,3.5,FF,,0.2869,-0.2971
1.79,5,3.5,FF,,0.2878,-0.2982
1.795,5,3.5,FF,,0.2887,-0.2993
1.8,5,3.5,FF,,0.2897,-0.3003
1.805,5,3.5,FF,,0.2906,-0.3014
1.81,5,3.5,FF,,0.2915,-0.3025
1.815,5,3.5,FF,,0.2924,-0.3036
1.82,5,3.5,FF,,0.2933,-0.3047
1.825,5,3.5,FF,,0.2943,-0.3058
1.83,5,3.5,FF,,0.2952,-0.3068
1.835,5,3.5,FF,,0.2961,-0.3079
1.84,5,3.5,FF,,0.297,-0.309
1.845,5,3.5,FF,,0.2979,-0.31
1.85,5,3.5,FF,,0.2988,-0.3111
1.855,5,3.5,FF,,0.2997,-0.3122
1.86,5,3.5,FF,,0.3006,-0.3132
1.865,5,3.5,FF,,0.3015,-0.3143
1.87,5,3.5,FF,,0.3023,-0.3154
1.875,5,3.5,FF,,0.3032,-0.3164
1.88,5,3.5,FF,,0.3041,-0.3175
1.885,5,3.5,FF,,0.305,-0.3185
1.89,5,3.5,FF,,0.3058,-0.3196
1.895,5,3.5,FF,,0.3067,-0.3206
1.9,5,3.5,FF,,0.3076,-0.3217
1.905,5,3.5,FF,,0.3084,-0.3227
1.91,5,3.5,FF,,0.3093,-0.3237
1.915,5,3.5,FF,,0.3101,-0.3248
1.92,5,3.5,FF,,0.311,-0.3258
1.925,5,3.5,FF,,0.3118,-0.3268
1.93,5,3.5,FF,,0.3127,-0.3279
1.935,5,3.5,FF,,0.3135,-0.3289
1.94,5,3.5,FF,,0.3143,-0.3299
1.945,5,3.5,FF,,0.3152,-0.3309
1.95,5,3.5,FF,,0.316,-0.332
1.955,5,3.5,FF,,0.3168,-0.333
1.96,5,3.5,FF,,0.3176,-0.334
1.965,5,3.5,FF,,0.3184,-0.335
1.97,5,3.5,FF,,0.3192,-0.336
1.975,5,3.5,FF,,0.32,-0.337
1.98,5,3.5,FF,,0.3208,-0.338
1.985,5,3.5,FF,,0.3216,-0.339
1.99,5,3.5,FF,,0.3224,-0.34
1.995,5,3.5,FF,,0.3232,-0.341
2,5,3.5,FF,,0.324,-0.342
2.005,5,3.5,FF,,0.3248,-0.343
2.01,5,3.5,FF,,0.3256,-0.344
2.015,5,3.5,FF,,0.3263,-0.345
2.02,5,3.5,FF,,0.3271,-0.3459
2.025,5,3.5,FF,,0.3278,-0.3469
2.03,5,3.5,FF,,0.3286,-0.3479
2.035,5,3.5,FF,,0.3294,-0.3489
2.04,5,3.5,FF,,0.3301,-0.3498
2.045,5,3.5,FF,,0.3308,-0.3508
2.05,5,3.5,FF,,0.3316,-0.3517
2.055,5,3.5,FF,,0.3323,-0.3527
2.06,5,3.5,FF,,0.333,-0.3537
2.065,5,3.5,FF,,0.3338,-0.3546
2.07,5,3.5,FF,,0.3345,-0.3556
2.075,5,3.5,FF,,0.3352,-0.3565
2.08,5,3.5,FF,,0.3359,-0.3574
2.085,5,3.5,FF,,0.3366,-0.3584
2.09,5,3.5,FF,,0.3373,-0.3593
2.095,5,3.5,FF,,0.338,-0.3603
2.1,5,3.5,FF,,0.3387,-0.3612
2.105,5,3.5,FF,,0.3394,-0.3621
2.11,5,3.5,FF,,0.3401,-0.363
2.115,5,3.5,FF,,0.3407,-0.3639
2.12,5,3.5,FF,,0.3414,-0.3649
2.125,5,3.5,FF,,0.3421,-0.3658
2.13,5,3.5,FF,,0.3427,-0.3667
2.135,5,3.5,FF,,0.3434,-0.3676
2.14,5,3.5,FF,,0.344,-0.3685
2.145,5,3.5,FF,,0.3447,-0.3694
2.15,5,3.5,FF,,0.3453,-0.3703
2.155,5,3.5,FF,,0.3459,-0.3712
2.16,5,3.5,FF,,0.3466,-0.372
2.165,5,3.5,FF,,0.3472,-0.3729
2.17,5,3.5,FF,,0.3478,-0.3738
2.175,5,3.5,FF,,0.3484,-0.3747
2.18,5,3.5,FF,,0.349,-0.3755
2.185,5,3.5,FF,,0.3496,-0.3764
2.19,5,3.5,FF,,0.3502,-0.3773
2.195,5,3.5,FF,,0.3508,-0.3781
2.2,5,3.5,FF,,0.3514,-0.379
2.205,5,3.5,FF,,0.352,-0.3798
2.21,5,3.5,FF,,0.3525,-0.3807
2.215,5,3.5,FF,,0.3531,-0.3815
2.22,5,3.5,FF,,0.3537,-0.3823
2.225,5,3.5,FF,,0.3542,-0.3832
2.23,5,3.5,FF,,0.3548,-0.384
2.235,5,3.5,FF,,0.3553,-0.3848
2.24,5,3.5,FF,,0.3558,-0.3857
2.245,5,3.5,FF,,0.3564,-0.3865
2.25,5,3.5,FF,,0.3569,-0.3873
2.255,5,3.5,FF,,0.3574,-0.3881
2.26,5,3.5,FF,,0.3579,-0.3889
2.265,5,3.5,FF,,0.3584,-0.3897
2.27,5,3.5,FF,,0.359,-0.3905
2.275,5,3.5,FF,,0.3594,-0.3913
2.28,5,3.5,FF,,0.3599,-0.3921
2.285,5,3.5,FF,,0.3604,-0.3928
2.29,5,3.5,FF,,0.3609,-0.3936
2.295,5,3.5,FF,,0.3614,-0.3944
2.3,5,3.5,FF,,0.3618,-0.3952
2.305,5,3.5,FF,,0.3623,-0.3959
2.31,5,3.5,FF,,0.3627,-0.3967
2.315,5,3.5,FF,,0.3632,-0.3974
2.32,5,3.5,FF,,0.3636,-0.3982
2.325,5,3.5,FF,,0.3641,-0.3989
2.33,5,3.5,FF,,0.3645,-0.3997
2.335,5,3.5,FF,,0.3649,-0.4004
2.34,5,3.5,FF,,0.3653,-0.4011
2.345,5,3.5,FF,,0.3657,-0.4019
2.35,5,3.5,FF,,0.3661,-0.4026
2.355,5,3.5,FF,,0.3665,-0.4033
2.36,5,3.5,FF,,0.3669,-0.404
2.365,5,3.5,FF,,0.3673,-0.4047
2.37,5,3.5,FF,,0.3677,-0.4054
2.375,5,3.5,FF,,0.3681,-0.4061
2.38,5,3.5,FF,,0.3684,-0.4068
2.385,5,3.5,FF,,0.3688,-0.4075
2.39,5,3.5,FF,,0.3691,-0.4082
2.395,5,3.5,FF,,0.3695,-0.4089
2.4,5,3.5,FF,,0.3698,-0.4095
2.405,5,3.5,FF,,0.3701,-0.4102
2.41,5,3.5,FF,,0.3704,-0.4109
2.415,5,3.5,FF,,0.3708,-0.4115
2.42,5,3.5,FF,,0.3711,-0.4122
2.425,5,3.5,FF,,0.3714,-0.4128
2.43,5,3.5,FF,,0.3717,-0.4135
2.435,5,3.5,FF,,0.3719,-0.4141
2.44,5,3.5,FF,,0.3722,-0.4147
2.445,5,3.5,FF,,0.3725,-0.4154
2.45,5,3.5,FF,,0.3728,-0.416
2.455,5,3.5,FF,,0.373,-0.4166
2.46,5,3.5,FF,,0.3733,-0.4172
2.465,5,3.5,FF,,0.3735,-0.4178
2.47,5,3.5,FF,,0.3737,-0.4184
2.475,5,3.5,FF,,0.374,-0.419
2.48,5,3.5,FF,,0.3742,-0.4196
2.485,5,3.5,FF,,0.3744,-0.4202
2.49,5,3.5,FF,,0.3746,-0.4207
2.495,5,3.5,FF,,0.3748,-0.4213
2.5,5,3.5,FF,,0.375,-0.4219
2.505,5,3.5,FF,,0.3752,-0.4224
2.51,5,3.5,FF,,0.3754,-0.423
2.515,5,3.5,FF,,0.3755,-0.4235
2.52,5,3.5,FF,,0.3757,-0.4241
2.525,5,3.5,FF,,0.3758,-0.4246
2.53,5,3.5,FF,,0.376,-0.4251
2.535,5,3.5,FF,,0.3761,-0.4257
2.54,5,3.5,FF,,0.3763,-0.4262
2.545,5,3.5,FF,,0.3764,-0.4267
2.55,5,3.5,FF,,0.3765,-0.4272
2.555,5,3.5,FF,,0.3766,-0.4277
2.56,5,3.5,FF,,0.3767,-0.4282
2.565,5,3.5,FF,,0.3768,-0.4287
2.57,5,3.5,FF,,0.3769,-0.4292
2.575,5,3.5,FF,,0.377,-0.4297
2.58,5,3.5,FF,,0.377,-0.4301
2.585,5,3.5,FF,,0.3771,-0.4306
2.59,5,3.5,FF,,0.3771,-0.4311
2.595,5,3.5,FF,,0.3772,-0.4315
2.6,5,3.5,FF,,0.3772,-0.432
2.605,5,3.5,FF,,0.3772,-0.4324
2.61,5,3.5,FF,,0.3773,-0.4328
2.615,5,3.5,FF,,0.3773,-0.4333
2.62,5,3.5,FF,,0.3773,-0.4337
2.625,5,3.5,FF,,0.3773,-0.4341
2.63,5,3.5,FF,,0.3772,-0.4345
2.635,5,3.5,FF,,0.3772,-0.4349
2.64,5,3.5,FF,,0.3772,-0.4353
2.645,5,3.5,FF,,0.3772,-0.4357
2.65,5,3.5,FF,,0.3771,-0.4361
2.655,5,3.5,FF,,0.3771,-0.4365
2.66,5,3.5,FF,,0.377,-0.4368
2.665,5,3.5,FF,,0.3769,-0.4372
2.67,5,3.5,FF,,0.3768,-0.4376
2.675,5,3.5,FF,,0.3767,-0.4379
2.68,5,3.5,FF,,0.3766,-0.4383
2.685,5,3.5,FF,,0.3765,-0.4386
2.69,5,3.5,FF,,0.3764,-0.4389
2.695,5,3.5,FF,,0.3763,-0.4393
2.7,5,3.5,FF,,0.3762,-0.4396
2.705,5,3.5,FF,,0.376,-0.4399
2.71,5,3.5,FF,,0.3759,-0.4402
2.715,5,3.5,FF,,0.3757,-0.4405
2.72,5,3.5,FF,,0.3755,-0.4408
2.725,5,3.5,FF,,0.3754,-0.4411
2.73,5,3.5,FF,,0.3752,-0.4414
2.735,5,3.5,FF,,0.375,-0.4416
2.74,5,3.5,FF,,0.3748,-0.4419
2.745,5,3.5,FF,,0.3746,-0.4422
2.75,5,3.5,FF,,0.3743,-0.4424
2.755,5,3.5,FF,,0.3741,-0.4427
2.76,5,3.5,FF,,0.3739,-0.4429
2.765,5,3.5,FF,,0.3736,-0.4431
2.77,5,3.5,FF,,0.3734,-0.4433
2.775,5,3.5,FF,,0.3731,-0.4436
2.78,5,3.5,FF,,0.3728,-0.4438
2.785,5,3.5,FF,,0.3725,-0.444
2.79,5,3.5,FF,,0.3722,-0.4442
2.795,5,3.5,FF,,0.3719,-0.4443
2.8,5,3.5,FF,,0.3716,-0.4445
2.805,5,3.5,FF,,0.3713,-0.4447
2.81,5,3.5,FF,,0.371,-0.4449
2.815,5,3.5,FF,,0.3706,-0.445
2.82,5,3.5,FF,,0.3703,-0.4452
2.825,5,3.5,FF,,0.3699,-0.4453
2.83,5,3.5,FF,,0.3695,-0.4455
2.835,5,3.5,FF,,0.3691,-0.4456
2.84,5,3.5,FF,,0.3688,-0.4457
2.845,5,3.5,FF,,0.3684,-0.4458
2.85,5,3.5,FF,,0.3679,-0.4459
2.855,5,3.5,FF,,0.3675,-0.446
2.86,5,3.5,FF,,0.3671,-0.4461
2.865,5,3.5,FF,,0.3667,-0.4462
2.87,5,3.5,FF,,0.3662,-0.4463
2.875,5,3.5,FF,,0.3658,-0.4463
2.88,5,3.5,FF,,0.3653,-0.4464
2.885,5,3.5,FF,,0.3648,-0.4465
2.89,5,3.5,FF,,0.3643,-0.4465
2.895,5,3.5,FF,,0.3638,-0.4465
2.9,5,3.5,FF,,0.3633,-0.4466
2.905,5,3.5,FF,,0.3628,-0.4466
2.91,5,3.5,FF,,0.3623,-0.4466
2.915,5,3.5,FF,,0.3617,-0.4466
2.92,5,3.5,FF,,0.3612,-0.4466
2.925,5,3.5,FF,,0.3606,-0.4466
2.93,5,3.5,FF,,0.3601,-0.4466
2.935,5,3.5,FF,,0.3595,-0.4466
2.94,5,3.5,FF,,0.3589,-0.4465
2.945,5,3.5,FF,,0.3583,-0.4465
2.95,5,3.5,FF,,0.3577,-0.4464
2.955,5,3.5,FF,,0.3571,-0.4464
2.96,5,3.5,FF,,0.3564,-0.4463
2.965,5,3.5,FF,,0.3558,-0.4462
2.97,5,3.5,FF,,0.3551,-0.4462
2.975,5,3.5,FF,,0.3545,-0.4461
2.98,5,3.5,FF,,0.3538,-0.446
2.985,5,3.5,FF,,0.3531,-0.4459
2.99,5,3.5,FF,,0.3524,-0.4458
2.995,5,3.5,FF,,0.3517,-0.4456
3,5,3.5,FF,,0.351,-0.4455
3.005,5,3.5,FF,,0.3503,-0.4454
3.01,5,3.5,FF,,0.3495,-0.4452
3.015,5,3.5,FF,,0.3488,-0.4451
3.02,5,3.5,FF,,0.348,-0.4449
3.025,5,3.5,FF,,0.3473,-0.4447
3.03,5,3.5,FF,,0.3465,-0.4445
3.035,5,3.5,FF,,0.3457,-0.4443
3.04,5,3.5,FF,,0.3449,-0.4442
3.045,5,3.5,FF,,0.3441,-0.4439
3.05,5,3.5,FF,,0.3433,-0.4437
3.055,5,3.5,FF,,0.3424,-0.4435
3.06,5,3.5,FF,,0.3416,-0.4433
3.065,5,3.5,FF,,0.3407,-0.443
3.07,5,3.5,FF,,0.3399,-0.4428
3.075,5,3.5,FF,,0.339,-0.4425
3.08,5,3.5,FF,,0.3381,-0.4423
3.085,5,3.5,FF,,0.3372,-0.442
3.09,5,3.5,FF,,0.3363,-0.4417
3.095,5,3.5,FF,,0.3354,-0.4414
3.1,5,3.5,FF,,0.3344,-0.4411
3.105,5,3.5,FF,,0.3335,-0.4408
3.11,5,3.5,FF,,0.3325,-0.4405
3.115,5,3.5,FF,,0.3316,-0.4401
3.12,5,3.5,FF,,0.3306,-0.4398
3.125,5,3.5,FF,,0.3296,-0.4395
3.13,5,3.5,FF,,0.3286,-0.4391
3.135,5,3.5,FF,,0.3276,-0.4387
3.14,5,3.5,FF,,0.3265,-0.4384
3.145,5,3.5,FF,,0.3255,-0.438
3.15,5,3.5,FF,,0.3245,-0.4376
3.155,5,3.5,FF,,0.3234,-0.4372
3.16,5,3.5,FF,,0.3223,-0.4368
3.165,5,3.5,FF,,0.3213,-0.4364
3.17,5,3.5,FF,,0.3202,-0.4359
3.175,5,3.5,FF,,0.3191,-0.4355
3.18,5,3.5,FF,,0.3179,-0.435
3.185,5,3.5,FF,,0.3168,-0.4346
3.19,5,3.5,FF,,0.3157,-0.4341
3.195,5,3.5,FF,,0.3145,-0.4336
3.2,5,3.5,FF,,0.3133,-0.4332
3.205,5,3.5,FF,,0.3122,-0.4327
3.21,5,3.5,FF,,0.311,-0.4322
3.215,5,3.5,FF,,0.3098,-0.4316
3.22,5,3.5,FF,,0.3086,-0.4311
3.225,5,3.5,FF,,0.3073,-0.4306
3.23,5,3.5,FF,,0.3061,-0.43
3.235,5,3.5,FF,,0.3049,-0.4295
3.24,5,3.5,FF,,0.3036,-0.4289
3.245,5,3.5,FF,,0.3023,-0.4284
3.25,5,3.5,FF,,0.301,-0.4278
3.255,5,3.5,FF,,0.2997,-0.4272
3.26,5,3.5,FF,,0.2984,-0.4266
3.265,5,3.5,FF,,0.2971,-0.426
3.27,5,3.5,FF,,0.2958,-0.4254
3.275,5,3.5,FF,,0.2944,-0.4247
3.28,5,3.5,FF,,0.2931,-0.4241
3.285,5,3.5,FF,,0.2917,-0.4234
3.29,5,3.5,FF,,0.2903,-0.4228
3.295,5,3.5,FF,,0.2889,-0.4221
3.3,5,3.5,FF,,0.2875,-0.4214
3.305,5,3.5,FF,,0.2861,-0.4208
3.31,5,3.5,FF,,0.2846,-0.4201
3.315,5,3.5,FF,,0.2832,-0.4193
3.32,5,3.5,FF,,0.2817,-0.4186
3.325,5,3.5,FF,,0.2803,-0.4179
3.33,5,3.5,FF,,0.2788,-0.4172
3.335,5,3.5,FF,,0.2773,-0.4164
3.34,5,3.5,FF,,0.2758,-0.4157
3.345,5,3.5,FF,,0.2742,-0.4149
3.35,5,3.5,FF,,0.2727,-0.4141
3.355,5,3.5,FF,,0.2712,-0.4133
3.36,5,3.5,FF,,0.2696,-0.4125
3.365,5,3.5,FF,,0.268,-0.4117
3.37,5,3.5,FF,,0.2664,-0.4109
3.375,5,3.5,FF,,0.2648,-0.4101
3.38,5,3.5,FF,,0.2632,-0.4092
3.385,5,3.5,FF,,0.2616,-0.4084
3.39,5,3.5,FF,,0.26,-0.4075
3.395,5,3.5,FF,,0.2583,-0.4066
3.4,5,3.5,FF,,0.2566,-0.4058
3.405,5,3.5,FF,,0.255,-0.4049
3.41,5,3.5,FF,,0.2533,-0.404
3.415,5,3.5,FF,,0.2516,-0.403
3.42,5,3.5,FF,,0.2498,-0.4021
3.425,5,3.5,FF,,0.2481,-0.4012
3.43,5,3.5,FF,,0.2464,-0.4002
3.435,5,3.5,FF,,0.2446,-0.3993
3.44,5,3.5,FF,,0.2428,-0.3983
3.445,5,3.5,FF,,0.241,-0.3973
3.45,5,3.5,FF,,0.2392,-0.3964
3.455,5,3.5,FF,,0.2374,-0.3954
3.46,5,3.5,FF,,0.2356,-0.3943
3.465,5,3.5,FF,,0.2338,-0.3933
3.47,5,3.5,FF,,0.2319,-0.3923
3.475,5,3.5,FF,,0.23,-0.3913
3.48,5,3.5,FF,,0.2282,-0.3902
3.485,5,3.5,FF,,0.2263,-0.3891
3.49,5,3.5,FF,,0.2244,-0.3881
3.495,5,3.5,FF,,0.2224,-0.387
3.5,5,3.5,FF,,0.2205,-0.3859
3.505,5,3.5,FF,,0.2186,-0.3848
3.51,5,3.5,FF,,0.2166,-0.3836
3.515,5,3.5,FF,,0.2147,-0.3825
3.52,5,3.5,FF,,0.2128,-0.3814
3.525,5,3.5,FF,,0.2109,-0.3802
3.53,5,3.5,FF,,0.209,-0.3791
3.535,5,3.5,FF,,0.2072,-0.3779
3.54,5,3.5,FF,,0.2053,-0.3767
3.545,5,3.5,FF,,0.2035,-0.3755
3.55,5,3.5,FF,,0.2016,-0.3743
3.555,5,3.5,FF,,0.1998,-0.3731
3.56,5,3.5,FF,,0.198,-0.3719
3.565,5,3.5,FF,,0.1962,-0.3706
3.57,5,3.5,FF,,0.1944,-0.3694
3.575,5,3.5,FF,,0.1926,-0.3682
3.58,5,3.5,FF,,0.1908,-0.3669
3.585,5,3.5,FF,,0.1891,-0.3656
3.59,5,3.5,FF,,0.1873,-0.3643
3.595,5,3.5,FF,,0.1856,-0.363
3.6,5,3.5,FF,,0.1838,-0.3618
3.605,5,3.5,FF,,0.1821,-0.3604
3.61,5,3.5,FF,,0.1804,-0.3591
3.615,5,3.5,FF,,0.1787,-0.3578
3.62,5,3.5,FF,,0.177,-0.3565
3.625,5,3.5,FF,,0.1754,-0.3551
3.63,5,3.5,FF,,0.1737,-0.3538
3.635,5,3.5,FF,,0.172,-0.3524
3.64,5,3.5,FF,,0.1704,-0.351
3.645,5,3.5,FF,,0.1687,-0.3497
3.65,5,3.5,FF,,0.1671,-0.3483
3.655,5,3.5,FF,,0.1655,-0.3469
3.66,5,3.5,FF,,0.1639,-0.3455
3.665,5,3.5,FF,,0.1623,-0.3441
3.67,5,3.5,FF,,0.1607,-0.3427
3.675,5,3.5,FF,,0.1591,-0.3412
3.68,5,3.5,FF,,0.1576,-0.3398
3.685,5,3.5,FF,,0.156,-0.3384
3.69,5,3.5,FF,,0.1545,-0.3369
3.695,5,3.5,FF,,0.1529,-0.3355
3.7,5,3.5,FF,,0.1514,-0.334
3.705,5,3.5,FF,,0.1499,-0.3325
3.71,5,3.5,FF,,0.1484,-0.3311
3.715,5,3.5,FF,,0.1469,-0.3296
3.72,5,3.5,FF,,0.1454,-0.3281
3.725,5,3.5,FF,,0.1439,-0.3266
3.73,5,3.5,FF,,0.1425,-0.3251
3.735,5,3.5,FF,,0.141,-0.3236
3.74,5,3.5,FF,,0.1396,-0.3221
3.745,5,3.5,FF,,0.1381,-0.3205
3.75,5,3.5,FF,,0.1367,-0.319
3.755,5,3.5,FF,,0.1353,-0.3175
3.76,5,3.5,FF,,0.1339,-0.3159
3.765,5,3.5,FF,,0.1325,-0.3144
3.77,5,3.5,FF,,0.1311,-0.3128
3.775,5,3.5,FF,,0.1297,-0.3113
3.78,5,3.5,FF,,0.1284,-0.3097
3.785,5,3.5,FF,,0.127,-0.3081
3.79,5,3.5,FF,,0.1256,-0.3066
3.795,5,3.5,FF,,0.1243,-0.305
3.8,5,3.5,FF,,0.123,-0.3034
3.805,5,3.5,FF,,0.1217,-0.3018
3.81,5,3.5,FF,,0.1203,-0.3002
3.815,5,3.5,FF,,0.119,-0.2986
3.82,5,3.5,FF,,0.1177,-0.297
3.825,5,3.5,FF,,0.1165,-0.2954
3.83,5,3.5,FF,,0.1152,-0.2938
3.835,5,3.5,FF,,0.1139,-0.2922
3.84,5,3.5,FF,,0.1127,-0.2906
3.845,5,3.5,FF,,0.1114,-0.2889
3.85,5,3.5,FF,,0.1102,-0.2873
3.855,5,3.5,FF,,0.1089,-0.2857
3.86,5,3.5,FF,,0.1077,-0.284
3.865,5,3.5,FF,,0.1065,-0.2824
3.87,5,3.5,FF,,0.1053,-0.2807
3.875,5,3.5,FF,,0.1041,-0.2791
3.88,5,3.5,FF,,0.1029,-0.2774
3.885,5,3.5,FF,,0.1017,-0.2758
3.89,5,3.5,FF,,0.1006,-0.2741
3.895,5,3.5,FF,,0.0994,-0.2724
3.9,5,3.5,FF,,0.0983,-0.2708
3.905,5,3.5,FF,,0.0971,-0.2691
3.91,5,3.5,FF,,0.096,-0.2674
3.915,5,3.5,FF,,0.0948,-0.2657
3.92,5,3.5,FF,,0.0937,-0.264
3.925,5,3.5,FF,,0.0926,-0.2624
3.93,5,3.5,FF,,0.0915,-0.2607
3.935,5,3.5,FF,,0.0904,-0.259
3.94,5,3.5,FF,,0.0893,-0.2573
3.945,5,3.5,FF,,0.0883,-0.2556
3.95,5,3.5,FF,,0.0872,-0.2539
3.955,5,3.5,FF,,0.0861,-0.2522
3.96,5,3.5,FF,,0.0851,-0.2505
3.965,5,3.5,FF,,0.0841,-0.2488
3.97,5,3.5,FF,,0.083,-0.2471
3.975,5,3.5,FF,,0.082,-0.2454
3.98,5,3.5,FF,,0.081,-0.2437
3.985,5,3.5,FF,,0.08,-0.242
3.99,5,3.5,FF,,0.079,-0.2403
3.995,5,3.5,FF,,0.078,-0.2385
4,5,3.5,FF,,0.077,-0.2368
4.005,5,3.5,FF,,0.076,-0.2351
4.01,5,3.5,FF,,0.0751,-0.2334
4.015,5,3.5,FF,,0.0741,-0.2317
4.02,5,3.5,FF,,0.0731,-0.23
4.025,5,3.5,FF,,0.0722,-0.2282
4.03,5,3.5,FF,,0.0713,-0.2265
4.035,5,3.5,FF,,0.0703,-0.2248
4.04,5,3.5,FF,,0.0694,-0.2231
4.045,5,3.5,FF,,0.0685,-0.2214
4.05,5,3.5,FF,,0.0676,-0.2196
4.055,5,3.5,FF,,0.0667,-0.2179
4.06,5,3.5,FF,,0.0658,-0.2162
4.065,5,3.5,FF,,0.0649,-0.2145
4.07,5,3.5,FF,,0.0641,-0.2127
4.075,5,3.5,FF,,0.0632,-0.211
4.08,5,3.5,FF,,0.0623,-0.2093
4.085,5,3.5,FF,,0.0615,-0.2076
4.09,5,3.5,FF,,0.0606,-0.2059
4.095,5,3.5,FF,,0.0598,-0.2041
4.1,5,3.5,FF,,0.059,-0.2024
4.105,5,3.5,FF,,0.0581,-0.2007
4.11,5,3.5,FF,,0.0573,-0.199
4.115,5,3.5,FF,,0.0565,-0.1973
4.12,5,3.5,FF,,0.0557,-0.1955
4.125,5,3.5,FF,,0.0549,-0.1938
4.13,5,3.5,FF,,0.0541,-0.1921
4.135,5,3.5,FF,,0.0534,-0.1904
4.14,5,3.5,FF,,0.0526,-0.1887
4.145,5,3.5,FF,,0.0518,-0.187
4.15,5,3.5,FF,,0.0511,-0.1853
4.155,5,3.5,FF,,0.0503,-0.1836
4.16,5,3.5,FF,,0.0496,-0.1819
4.165,5,3.5,FF,,0.0489,-0.1802
4.17,5,3.5,FF,,0.0481,-0.1785
4.175,5,3.5,FF,,0.0474,-0.1768
4.18,5,3.5,FF,,0.0467,-0.1751
4.185,5,3.5,FF,,0.046,-0.1734
4.19,5,3.5,FF,,0.0453,-0.1717
4.195,5,3.5,FF,,0.0446,-0.17
4.2,5,3.5,FF,,0.0439,-0.1683
4.205,5,3.5,FF,,0.0432,-0.1666
4.21,5,3.5,FF,,0.0426,-0.1649
4.215,5,3.5,FF,,0.0419,-0.1633
4.22,5,3.5,FF,,0.0412,-0.1616
4.225,5,3.5,FF,,0.0406,-0.1599
4.23,5,3.5,FF,,0.0399,-0.1582
4.235,5,3.5,FF,,0.0393,-0.1566
4.24,5,3.5,FF,,0.0387,-0.1549
4.245,5,3.5,FF,,0.038,-0.1532
4.25,5,3.5,FF,,0.0374,-0.1516
4.255,5,3.5,FF,,0.0368,-0.1499
4.26,5,3.5,FF,,0.0362,-0.1483
4.265,5,3.5,FF,,0.0356,-0.1466
4.27,5,3.5,FF,,0.035,-0.145
4.275,5,3.5,FF,,0.0344,-0.1434
4.28,5,3.5,FF,,0.0338,-0.1417
4.285,5,3.5,FF,,0.0332,-0.1401
4.29,5,3.5,FF,,0.0327,-0.1385
4.295,5,3.5,FF,,0.0321,-0.1369
4.3,5,3.5,FF,,0.0316,-0.1353
4.305,5,3.5,FF,,0.031,-0.1336
4.31,5,3.5,FF,,0.0305,-0.132
4.315,5,3.5,FF,,0.0299,-0.1304
4.32,5,3.5,FF,,0.0294,-0.1288
4.325,5,3.5,FF,,0.0289,-0.1273
4.33,5,3.5,FF,,0.0283,-0.1257
4.335,5,3.5,FF,,0.0278,-0.1241
4.34,5,3.5,FF,,0.0273,-0.1225
4.345,5,3.5,FF,,0.0268,-0.1209
4.35,5,3.5,FF,,0.0263,-0.1194
4.355,5,3.5,FF,,0.0258,-0.1178
4.36,5,3.5,FF,,0.0253,-0.1163
4.365,5,3.5,FF,,0.0249,-0.1147
4.37,5,3.5,FF,,0.0244,-0.1132
4.375,5,3.5,FF,,0.0239,-0.1117
4.38,5,3.5,FF,,0.0235,-0.1101
4.385,5,3.5,FF,,0.023,-0.1086
4.39,5,3.5,FF,,0.0226,-0.1071
4.395,5,3.5,FF,,0.0221,-0.1056
4.4,5,3.5,FF,,0.0217,-0.1041
4.405,5,3.5,FF,,0.0212,-0.1026
4.41,5,3.5,FF,,0.0208,-0.1011
4.415,5,3.5,FF,,0.0204,-0.0996
4.42,5,3.5,FF,,0.02,-0.0981
4.425,5,3.5,FF,,0.0196,-0.0967
4.43,5,3.5,FF,,0.0191,-0.0952
4.435,5,3.5,FF,,0.0187,-0.0937
4.44,5,3.5,FF,,0.0184,-0.0923
4.445,5,3.5,FF,,0.018,-0.0909
4.45,5,3.5,FF,,0.0176,-0.0894
4.455,5,3.5,FF,,0.0172,-0.088
4.46,5,3.5,FF,,0.0168,-0.0866
4.465,5,3.5,FF,,0.0164,-0.0852
4.47,5,3.5,FF,,0.0161,-0.0838
4.475,5,3.5,FF,,0.0157,-0.0824
4.48,5,3.5,FF,,0.0154,-0.081
4.485,5,3.5,FF,,0.015,-0.0796
4.49,5,3.5,FF,,0.0147,-0.0783
4.495,5,3.5,FF,,0.0143,-0.0769
4.5,5,3.5,FF,,0.014,-0.0755
4.505,5,3.5,FF,,0.0137,-0.0742
4.51,5,3.5,FF,,0.0133,-0.0729
4.515,5,3.5,FF,,0.013,-0.0715
4.52,5,3.5,FF,,0.0127,-0.0702
4.525,5,3.5,FF,,0.0124,-0.0689
4.53,5,3.5,FF,,0.0121,-0.0676
4.535,5,3.5,FF,,0.0118,-0.0663
4.54,5,3.5,FF,,0.0115,-0.065
4.545,5,3.5,FF,,0.0112,-0.0638
4.55,5,3.5,FF,,0.0109,-0.0625
4.555,5,3.5,FF,,0.0106,-0.0613
4.56,5,3.5,FF,,0.0104,-0.06
4.565,5,3.5,FF,,0.0101,-0.0588
4.57,5,3.5,FF,,0.0098,-0.0576
4.575,5,3.5,FF,,0.0095,-0.0563
4.58,5,3.5,FF,,0.0093,-0.0551
4.585,5,3.5,FF,,0.009,-0.054
4.59,5,3.5,FF,,0.0088,-0.0528
4.595,5,3.5,FF,,0.0085,-0.0516
4.6,5,3.5,FF,,0.0083,-0.0504
4.605,5,3.5,FF,,0.008,-0.0493
4.61,5,3.5,FF,,0.0078,-0.0481
4.615,5,3.5,FF,,0.0076,-0.047
4.62,5,3.5,FF,,0.0074,-0.0459
4.625,5,3.5,FF,,0.0071,-0.0448
4.63,5,3.5,FF,,0.0069,-0.0437
4.635,5,3.5,FF,,0.0067,-0.0426
4.64,5,3.5,FF,,0.0065,-0.0415
4.645,5,3.5,FF,,0.0063,-0.0405
4.65,5,3.5,FF,,0.0061,-0.0394
4.655,5,3.5,FF,,0.0059,-0.0384
4.66,5,3.5,FF,,0.0057,-0.0373
4.665,5,3.5,FF,,0.0055,-0.0363
4.67,5,3.5,FF,,0.0053,-0.0353
4.675,5,3.5,FF,,0.0051,-0.0343
4.68,5,3.5,FF,,0.005,-0.0334
4.685,5,3.5,FF,,0.0048,-0.0324
4.69,5,3.5,FF,,0.0046,-0.0314
4.695,5,3.5,FF,,0.0044,-0.0305
4.7,5,3.5,FF,,0.0043,-0.0295
4.705,5,3.5,FF,,0.0041,-0.0286
4.71,5,3.5,FF,,0.004,-0.0277
4.715,5,3.5,FF,,0.0038,-0.0268
4.72,5,3.5,FF,,0.0037,-0.0259
4.725,5,3.5,FF,,0.0035,-0.0251
4.73,5,3.5,FF,,0.0034,-0.0242
4.735,5,3.5,FF,,0.0032,-0.0234
4.74,5,3.5,FF,,0.0031,-0.0225
4.745,5,3.5,FF,,0.003,-0.0217
4.75,5,3.5,FF,,0.0028,-0.0209
4.755,5,3.5,FF,,0.0027,-0.0201
4.76,5,3.5,FF,,0.0026,-0.0194
4.765,5,3.5,FF,,0.0025,-0.0186
4.77,5,3.5,FF,,0.0024,-0.0179
4.775,5,3.5,FF,,0.0023,-0.0171
4.78,5,3.5,FF,,0.0021,-0.0164
4.785,5,3.5,FF,,0.002,-0.0157
4.79,5,3.5,FF,,0.0019,-0.015
4.795,5,3.5,FF,,0.0018,-0.0143
4.8,5,3.5,FF,,0.0017,-0.0137
4.805,5,3.5,FF,,0.0016,-0.013
4.81,5,3.5,FF,,0.0016,-0.0124
4.815,5,3.5,FF,,0.0015,-0.0118
4.82,5,3.5,FF,,0.0014,-0.0111
4.825,5,3.5,FF,,0.0013,-0.0106
4.83,5,3.5,FF,,0.0012,-0.01
4.835,5,3.5,FF,,0.0011,-0.0094
4.84,5,3.5,FF,,0.0011,-0.0089
4.845,5,3.5,FF,,0.001,-0.0083
4.85,5,3.5,FF,,0.0009,-0.0078
4.855,5,3.5,FF,,0.0009,-0.0073
4.86,5,3.5,FF,,0.0008,-0.0068
4.865,5,3.5,FF,,0.0007,-0.0064
4.87,5,3.5,FF,,0.0007,-0.0059
4.875,5,3.5,FF,,0.0006,-0.0055
4.88,5,3.5,FF,,0.0006,-0.0051
4.885,5,3.5,FF,,0.0005,-0.0047
4.89,5,3.5,FF,,0.0005,-0.0043
4.895,5,3.5,FF,,0.0004,-0.0039
4.9,5,3.5,FF,,0.0004,-0.0035
4.905,5,3.5,FF,,0.0004,-0.0032
4.91,5,3.5,FF,,0.0003,-0.0029
4.915,5,3.5,FF,,0.0003,-0.0026
4.92,5,3.5,FF,,0.0002,-0.0023
4.925,5,3.5,FF,,0.0002,-0.002
4.93,5,3.5,FF,,0.0002,-0.0018
4.935,5,3.5,FF,,0.0002,-0.0015
4.94,5,3.5,FF,,0.0001,-0.0013
4.945,5,3.5,FF,,0.0001,-0.0011
4.95,5,3.5,FF,,0.0001,-0.0009
4.955,5,3.5,FF,,0.0001,-0.0007
4.96,5,3.5,FF,,0.0001,-0.0006
4.965,5,3.5,FF,,0,-0.0004
4.97,5,3.5,FF,,0,-0.0003
4.975,5,3.5,FF,,0,-0.0002
4.98,5,3.5,FF,,0,-0.0001
4.985,5,3.5,FF,,0,-0.0001
4.99,5,3.5,FF,,0,0
4.995,5,3.5,FF,,0,0
5,5,3.5,FF,,0,0
0,5,4,FF,,0,0
0.005,5,4,FF,,0,0
0.01,5,4,FF,,0,0
0.015,5,4,FF,,0,0
0.02,5,4,FF,,0.0001,0
0.025,5,4,FF,,0.0001,0
0.03,5,4,FF,,0.0001,-0.0001
0.035,5,4,FF,,0.0002,-0.0001
0.04,5,4,FF,,0.0002,-0.0001
0.045,5,4,FF,,0.0003,-0.0002
0.05,5,4,FF,,0.0003,-0.0002
0.055,5,4,FF,,0.0004,-0.0002
0.06,5,4,FF,,0.0005,-0.0003
0.065,5,4,FF,,0.0006,-0.0003
0.07,5,4,FF,,0.0007,-0.0004
0.075,5,4,FF,,0.0008,-0.0004
0.08,5,4,FF,,0.0009,-0.0005
0.085,5,4,FF,,0.001,-0.0006
0.09,5,4,FF,,0.0011,-0.0006
0.095,5,4,FF,,0.0012,-0.0007
0.1,5,4,FF,,0.0014,-0.0008
0.105,5,4,FF,,0.0015,-0.0009
0.11,5,4,FF,,0.0017,-0.0009
0.115,5,4,FF,,0.0018,-0.001
0.12,5,4,FF,,0.002,-0.0011
0.125,5,4,FF,,0.0021,-0.0012
0.13,5,4,FF,,0.0023,-0.0013
0.135,5,4,FF,,0.0025,-0.0014
0.14,5,4,FF,,0.0027,-0.0015
0.145,5,4,FF,,0.0028,-0.0016
0.15,5,4,FF,,0.003,-0.0017
0.155,5,4,FF,,0.0032,-0.0019
0.16,5,4,FF,,0.0035,-0.002
0.165,5,4,FF,,0.0037,-0.0021
0.17,5,4,FF,,0.0039,-0.0022
0.175,5,4,FF,,0.0041,-0.0024
0.18,5,4,FF,,0.0043,-0.0025
0.185,5,4,FF,,0.0046,-0.0026
0.19,5,4,FF,,0.0048,-0.0028
0.195,5,4,FF,,0.0051,-0.0029
0.2,5,4,FF,,0.0053,-0.0031
0.205,5,4,FF,,0.0056,-0.0032
0.21,5,4,FF,,0.0059,-0.0034
0.215,5,4,FF,,0.0062,-0.0035
0.22,5,4,FF,,0.0064,-0.0037
0.225,5,4,FF,,0.0067,-0.0039
0.23,5,4,FF,,0.007,-0.004
0.235,5,4,FF,,0.0073,-0.0042
0.24,5,4,FF,,0.0076,-0.0044
0.245,5,4,FF,,0.0079,-0.0045
0.25,5,4,FF,,0.0083,-0.0047
0.255,5,4,FF,,0.0086,-0.0049
0.26,5,4,FF,,0.0089,-0.0051
0.265,5,4,FF,,0.0092,-0.0053
0.27,5,4,FF,,0.0096,-0.0055
0.275,5,4,FF,,0.0099,-0.0057
0.28,5,4,FF,,0.0103,-0.0059
0.285,5,4,FF,,0.0106,-0.0061
0.29,5,4,FF,,0.011,-0.0063
0.295,5,4,FF,,0.0114,-0.0065
0.3,5,4,FF,,0.0117,-0.0067
0.305,5,4,FF,,0.0121,-0.007
0.31,5,4,FF,,0.0125,-0.0072
0.315,5,4,FF,,0.0129,-0.0074
0.32,5,4,FF,,0.0133,-0.0076
0.325,5,4,FF,,0.0137,-0.0079
0.33,5,4,FF,,0.0141,-0.0081
0.335,5,4,FF,,0.0145,-0.0083
0.34,5,4,FF,,0.0149,-0.0086
0.345,5,4,FF,,0.0153,-0.0088
0.35,5,4,FF,,0.0158,-0.0091
0.355,5,4,FF,,0.0162,-0.0093
0.36,5,4,FF,,0.0167,-0.0096
0.365,5,4,FF,,0.0171,-0.0098
0.37,5,4,FF,,0.0175,-0.0101
0.375,5,4,FF,,0.018,-0.0103
0.38,5,4,FF,,0.0185,-0.0106
0.385,5,4,FF,,0.0189,-0.0109
0.39,5,4,FF,,0.0194,-0.0111
0.395,5,4,FF,,0.0199,-0.0114
0.4,5,4,FF,,0.0204,-0.0117
0.405,5,4,FF,,0.0208,-0.012
0.41,5,4,FF,,0.0213,-0.0123
0.415,5,4,FF,,0.0218,-0.0125
0.42,5,4,FF,,0.0223,-0.0128
0.425,5,4,FF,,0.0228,-0.0131
0.43,5,4,FF,,0.0233,-0.0134
0.435,5,4,FF,,0.0239,-0.0137
0.44,5,4,FF,,0.0244,-0.014
0.445,5,4,FF,,0.0249,-0.0143
0.45,5,4,FF,,0.0254,-0.0146
0.455,5,4,FF,,0.026,-0.0149
0.46,5,4,FF,,0.0265,-0.0152
0.465,5,4,FF,,0.0271,-0.0156
0.47,5,4,FF,,0.0276,-0.0159
0.475,5,4,FF,,0.0282,-0.0162
0.48,5,4,FF,,0.0287,-0.0165
0.485,5,4,FF,,0.0293,-0.0168
0.49,5,4,FF,,0.0298,-0.0172
0.495,5,4,FF,,0.0304,-0.0175
0.5,5,4,FF,,0.031,-0.0178
0.505,5,4,FF,,0.0316,-0.0182
0.51,5,4,FF,,0.0322,-0.0185
0.515,5,4,FF,,0.0328,-0.0189
0.52,5,4,FF,,0.0334,-0.0192
0.525,5,4,FF,,0.034,-0.0195
0.53,5,4,FF,,0.0346,-0.0199
0.535,5,4,FF,,0.0352,-0.0202
0.54,5,4,FF,,0.0358,-0.0206
0.545,5,4,FF,,0.0364,-0.021
0.55,5,4,FF,,0.037,-0.0213
0.555,5,4,FF,,0.0377,-0.0217
0.56,5,4,FF,,0.0383,-0.022
0.565,5,4,FF,,0.0389,-0.0224
0.57,5,4,FF,,0.0396,-0.0228
0.575,5,4,FF,,0.0402,-0.0232
0.58,5,4,FF,,0.0409,-0.0235
0.585,5,4,FF,,0.0415,-0.0239
0.59,5,4,FF,,0.0422,-0.0243
0.595,5,4,FF,,0.0428,-0.0247
0.6,5,4,FF,,0.0435,-0.0251
0.605,5,4,FF,,0.0442,-0.0254
0.61,5,4,FF,,0.0448,-0.0258
0.615,5,4,FF,,0.0455,-0.0262
0.62,5,4,FF,,0.0462,-0.0266
0.625,5,4,FF,,0.0469,-0.027
0.63,5,4,FF,,0.0476,-0.0274
0.635,5,4,FF,,0.0483,-0.0278
0.64,5,4,FF,,0.049,-0.0282
0.645,5,4,FF,,0.0497,-0.0286
0.65,5,4,FF,,0.0504,-0.029
0.655,5,4,FF,,0.0511,-0.0295
0.66,5,4,FF,,0.0518,-0.0299
0.665,5,4,FF,,0.0525,-0.0303
0.67,5,4,FF,,0.0532,-0.0307
0.675,5,4,FF,,0.0539,-0.0311
0.68,5,4,FF,,0.0547,-0.0315
0.685,5,4,FF,,0.0554,-0.032
0.69,5,4,FF,,0.0561,-0.0324
0.695,5,4,FF,,0.0569,-0.0328
0.7,5,4,FF,,0.0576,-0.0333
0.705,5,4,FF,,0.0584,-0.0337
0.71,5,4,FF,,0.0591,-0.0341
0.715,5,4,FF,,0.0599,-0.0346
0.72,5,4,FF,,0.0606,-0.035
0.725,5,4,FF,,0.0614,-0.0354
0.73,5,4,FF,,0.0622,-0.0359
0.735,5,4,FF,,0.0629,-0.0363
0.74,5,4,FF,,0.0637,-0.0368
0.745,5,4,FF,,0.0645,-0.0372
0.75,5,4,FF,,0.0653,-0.0377
0.755,5,4,FF,,0.066,-0.0381
0.76,5,4,FF,,0.0668,-0.0386
0.765,5,4,FF,,0.0676,-0.0391
0.77,5,4,FF,,0.0684,-0.0395
0.775,5,4,FF,,0.0692,-0.04
0.78,5,4,FF,,0.07,-0.0404
0.785,5,4,FF,,0.0708,-0.0409
0.79,5,4,FF,,0.0716,-0.0414
0.795,5,4,FF,,0.0724,-0.0419
0.8,5,4,FF,,0.0732,-0.0423
0.805,5,4,FF,,0.074,-0.0428
0.81,5,4,FF,,0.0748,-0.0433
0.815,5,4,FF,,0.0757,-0.0438
0.82,5,4,FF,,0.0765,-0.0442
0.825,5,4,FF,,0.0773,-0.0447
0.83,5,4,FF,,0.0781,-0.0452
0.835,5,4,FF,,0.079,-0.0457
0.84,5,4,FF,,0.0798,-0.0462
0.845,5,4,FF,,0.0807,-0.0467
0.85,5,4,FF,,0.0815,-0.0472
0.855,5,4,FF,,0.0823,-0.0476
0.86,5,4,FF,,0.0832,-0.0481
0.865,5,4,FF,,0.084,-0.0486
0.87,5,4,FF,,0.0849,-0.0491
0.875,5,4,FF,,0.0857,-0.0496
0.88,5,4,FF,,0.0866,-0.0501
0.885,5,4,FF,,0.0875,-0.0506
0.89,5,4,FF,,0.0883,-0.0511
0.895,5,4,FF,,0.0892,-0.0517
0.9,5,4,FF,,0.0901,-0.0522
0.905,5,4,FF,,0.0909,-0.0527
0.91,5,4,FF,,0.0918,-0.0532
0.915,5,4,FF,,0.0927,-0.0537
0.92,5,4,FF,,0.0936,-0.0542
0.925,5,4,FF,,0.0945,-0.0547
0.93,5,4,FF,,0.0953,-0.0552
0.935,5,4,FF,,0.0962,-0.0558
0.94,5,4,FF,,0.0971,-0.0563
0.945,5,4,FF,,0.098,-0.0568
0.95,5,4,FF,,0.0989,-0.0573
0.955,5,4,FF,,0.0998,-0.0579
0.96,5,4,FF,,0.1007,-0.0584
0.965,5,4,FF,,0.1016,-0.0589
0.97,5,4,FF,,0.1025,-0.0595
0.975,5,4,FF,,0.1034,-0.06
0.98,5,4,FF,,0.1043,-0.0605
0.985,5,4,FF,,0.1053,-0.0611
0.99,5,4,FF,,0.1062,-0.0616
0.995,5,4,FF,,0.1071,-0.0621
1,5,4,FF,,0.108,-0.0627
1.005,5,4,FF,,0.1089,-0.0632
1.01,5,4,FF,,0.1098,-0.0637
1.015,5,4,FF,,0.1108,-0.0643
1.02,5,4,FF,,0.1117,-0.0648
1.025,5,4,FF,,0.1126,-0.0654
1.03,5,4,FF,,0.1136,-0.0659
1.035,5,4,FF,,0.1145,-0.0665
1.04,5,4,FF,,0.1154,-0.067
1.045,5,4,FF,,0.1164,-0.0676
1.05,5,4,FF,,0.1173,-0.0681
1.055,5,4,FF,,0.1182,-0.0687
1.06,5,4,FF,,0.1192,-0.0692
1.065,5,4,FF,,0.1201,-0.0698
1.07,5,4,FF,,0.1211,-0.0704
1.075,5,4,FF,,0.122,-0.0709
1.08,5,4,FF,,0.123,-0.0715
1.085,5,4,FF,,0.1239,-0.072
1.09,5,4,FF,,0.1249,-0.0726
1.095,5,4,FF,,0.1258,-0.0732
1.1,5,4,FF,,0.1268,-0.0737
1.105,5,4,FF,,0.1278,-0.0743
1.11,5,4,FF,,0.1287,-0.0749
1.115,5,4,FF,,0.1297,-0.0754
1.12,5,4,FF,,0.1307,-0.076
1.125,5,4,FF,,0.1316,-0.0766
1.13,5,4,FF,,0.1326,-0.0771
1.135,5,4,FF,,0.1336,-0.0777
1.14,5,4,FF,,0.1345,-0.0783
1.145,5,4,FF,,0.1355,-0.0789
1.15,5,4,FF,,0.1365,-0.0794
1.155,5,4,FF,,0.1375,-0.08
1.16,5,4,FF,,0.1384,-0.0806
1.165,5,4,FF,,0.1394,-0.0812
1.17,5,4,FF,,0.1404,-0.0818
1.175,5,4,FF,,0.1414,-0.0823
1.18,5,4,FF,,0.1424,-0.0829
1.185,5,4,FF,,0.1433,-0.0835
1.19,5,4,FF,,0.1443,-0.0841
1.195,5,4,FF,,0.1453,-0.0847
1.2,5,4,FF,,0.1463,-0.0852
1.205,5,4,FF,,0.1473,-0.0858
1.21,5,4,FF,,0.1483,-0.0864
1.215,5,4,FF,,0.1493,-0.087
1.22,5,4,FF,,0.1503,-0.0876
1.225,5,4,FF,,0.1513,-0.0882
1.23,5,4,FF,,0.1523,-0.0888
1.235,5,4,FF,,0.1533,-0.0894
1.24,5,4,FF,,0.1543,-0.09
1.245,5,4,FF,,0.1553,-0.0906
1.25,5,4,FF,,0.1563,-0.0911
1.255,5,4,FF,,0.1573,-0.0917
1.26,5,4,FF,,0.1583,-0.0923
1.265,5,4,FF,,0.1593,-0.0929
1.27,5,4,FF,,0.1603,-0.0935
1.275,5,4,FF,,0.1613,-0.0941
1.28,5,4,FF,,0.1623,-0.0947
1.285,5,4,FF,,0.1633,-0.0953
1.29,5,4,FF,,0.1643,-0.0959
1.295,5,4,FF,,0.1653,-0.0965
1.3,5,4,FF,,0.1663,-0.0971
1.305,5,4,FF,,0.1673,-0.0977
1.31,5,4,FF,,0.1683,-0.0983
1.315,5,4,FF,,0.1693,-0.0989
1.32,5,4,FF,,0.1703,-0.0995
1.325,5,4,FF,,0.1713,-0.1001
1.33,5,4,FF,,0.1724,-0.1007
1.335,5,4,FF,,0.1734,-0.1013
1.34,5,4,FF,,0.1744,-0.1019
1.345,5,4,FF,,0.1754,-0.1025
1.35,5,4,FF,,0.1764,-0.1032
1.355,5,4,FF,,0.1774,-0.1038
1.36,5,4,FF,,0.1784,-0.1044
1.365,5,4,FF,,0.1795,-0.105
1.37,5,4,FF,,0.1805,-0.1056
1.375,5,4,FF,,0.1815,-0.1062
1.38,5,4,FF,,0.1825,-0.1068
1.385,5,4,FF,,0.1835,-0.1074
1.39,5,4,FF,,0.1846,-0.108
1.395,5,4,FF,,0.1856,-0.1086
1.4,5,4,FF,,0.1866,-0.1092
1.405,5,4,FF,,0.1876,-0.1098
1.41,5,4,FF,,0.1886,-0.1105
1.415,5,4,FF,,0.1897,-0.1111
1.42,5,4,FF,,0.1907,-0.1117
1.425,5,4,FF,,0.1917,-0.1123
1.43,5,4,FF,,0.1927,-0.1129
1.435,5,4,FF,,0.1937,-0.1135
1.44,5,4,FF,,0.1948,-0.1141
1.445,5,4,FF,,0.1958,-0.1147
1.45,5,4,FF,,0.1968,-0.1154
1.455,5,4,FF,,0.1978,-0.116
1.46,5,4,FF,,0.1988,-0.1166
1.465,5,4,FF,,0.1999,-0.1172
1.47,5,4,FF,,0.2009,-0.1178
1.475,5,4,FF,,0.2019,-0.1184
1.48,5,4,FF,,0.2029,-0.119
1.485,5,4,FF,,0.2039,-0.1197
1.49,5,4,FF,,0.205,-0.1203
1.495,5,4,FF,,0.206,-0.1209
1.5,5,4,FF,,0.207,-0.1215
1.505,5,4,FF,,0.208,-0.1221
1.51,5,4,FF,,0.209,-0.1227
1.515,5,4,FF,,0.2101,-0.1233
1.52,5,4,FF,,0.2111,-0.124
1.525,5,4,FF,,0.2121,-0.1246
1.53,5,4,FF,,0.2131,-0.1252
1.535,5,4,FF,,0.2141,-0.1258
1.54,5,4,FF,,0.2152,-0.1264
1.545,5,4,FF,,0.2162,-0.127
1.55,5,4,FF,,0.2172,-0.1277
1.555,5,4,FF,,0.2182,-0.1283
1.56,5,4,FF,,0.2192,-0.1289
1.565,5,4,FF,,0.2202,-0.1295
1.57,5,4,FF,,0.2212,-0.1301
1.575,5,4,FF,,0.2223,-0.1307
1.58,5,4,FF,,0.2233,-0.1313
1.585,5,4,FF,,0.2243,-0.132
1.59,5,4,FF,,0.2253,-0.1326
1.595,5,4,FF,,0.2263,-0.1332
1.6,5,4,FF,,0.2273,-0.1338
1.605,5,4,FF,,0.2283,-0.1344
1.61,5,4,FF,,0.2293,-0.135
1.615,5,4,FF,,0.2304,-0.1356
1.62,5,4,FF,,0.2314,-0.1363
1.625,5,4,FF,,0.2324,-0.1369
1.63,5,4,FF,,0.2334,-0.1375
1.635,5,4,FF,,0.2344,-0.1381
1.64,5,4,FF,,0.2354,-0.1387
1.645,5,4,FF,,0.2364,-0.1393
1.65,5,4,FF,,0.2374,-0.1399
1.655,5,4,FF,,0.2384,-0.1405
1.66,5,4,FF,,0.2394,-0.1412
1.665,5,4,FF,,0.2404,-0.1418
1.67,5,4,FF,,0.2414,-0.1424
1.675,5,4,FF,,0.2424,-0.143
1.68,5,4,FF,,0.2434,-0.1436
1.685,5,4,FF,,0.2444,-0.1442
1.69,5,4,FF,,0.2454,-0.1448
1.695,5,4,FF,,0.2464,-0.1454
1.7,5,4,FF,,0.2474,-0.146
1.705,5,4,FF,,0.2484,-0.1466
1.71,5,4,FF,,0.2494,-0.1473
1.715,5,4,FF,,0.2504,-0.1479
1.72,5,4,FF,,0.2513,-0.1485
1.725,5,4,FF,,0.2523,-0.1491
1.73,5,4,FF,,0.2533,-0.1497
1.735,5,4,FF,,0.2543,-0.1503
1.74,5,4,FF,,0.2553,-0.1509
1.745,5,4,FF,,0.2563,-0.1515
1.75,5,4,FF,,0.2573,-0.1521
1.755,5,4,FF,,0.2582,-0.1527
1.76,5,4,FF,,0.2592,-0.1533
1.765,5,4,FF,,0.2602,-0.1539
1.77,5,4,FF,,0.2612,-0.1545
1.775,5,4,FF,,0.2621,-0.1551
1.78,5,4,FF,,0.2631,-0.1557
1.785,5,4,FF,,0.2641,-0.1563
1.79,5,4,FF,,0.265,-0.1569
1.795,5,4,FF,,0.266,-0.1575
1.8,5,4,FF,,0.267,-0.1581
1.805,5,4,FF,,0.2679,-0.1587
1.81,5,4,FF,,0.2689,-0.1593
1.815,5,4,FF,,0.2699,-0.1599
1.82,5,4,FF,,0.2708,-0.1605
1.825,5,4,FF,,0.2718,-0.1611
1.83,5,4,FF,,0.2727,-0.1617
1.835,5,4,FF,,0.2737,-0.1623
1.84,5,4,FF,,0.2746,-0.1629
1.845,5,4,FF,,0.2756,-0.1635
1.85,5,4,FF,,0.2765,-0.1641
1.855,5,4,FF,,0.2775,-0.1646
1.86,5,4,FF,,0.2784,-0.1652
1.865,5,4,FF,,0.2794,-0.1658
1.87,5,4,FF,,0.2803,-0.1664
1.875,5,4,FF,,0.2813,-0.167
1.88,5,4,FF,,0.2822,-0.1676
1.885,5,4,FF,,0.2831,-0.1682
1.89,5,4,FF,,0.2841,-0.1687
1.895,5,4,FF,,0.285,-0.1693
1.9,5,4,FF,,0.2859,-0.1699
1.905,5,4,FF,,0.2868,-0.1705
1.91,5,4,FF,,0.2878,-0.1711
1.915,5,4,FF,,0.2887,-0.1717
1.92,5,4,FF,,0.2896,-0.1722
1.925,5,4,FF,,0.2905,-0.1728
1.93,5,4,FF,,0.2914,-0.1734
1.935,5,4,FF,,0.2923,-0.174
1.94,5,4,FF,,0.2933,-0.1745
1.945,5,4,FF,,0.2942,-0.1751
1.95,5,4,FF,,0.2951,-0.1757
1.955,5,4,FF,,0.296,-0.1762
1.96,5,4,FF,,0.2969,-0.1768
1.965,5,4,FF,,0.2978,-0.1774
1.97,5,4,FF,,0.2987,-0.178
1.975,5,4,FF,,0.2996,-0.1785
1.98,5,4,FF,,0.3005,-0.1791
1.985,5,4,FF,,0.3013,-0.1796
1.99,5,4,FF,,0.3022,-0.1802
1.995,5,4,FF,,0.3031,-0.1808
2,5,4,FF,,0.304,-0.1813
2.005,5,4,FF,,0.3049,-0.1819
2.01,5,4,FF,,0.3058,-0.1825
2.015,5,4,FF,,0.3066,-0.183
2.02,5,4,FF,,0.3075,-0.1836
2.025,5,4,FF,,0.3084,-0.1841
2.03,5,4,FF,,0.3092,-0.1847
2.035,5,4,FF,,0.3101,-0.1852
2.04,5,4,FF,,0.311,-0.1858
2.045,5,4,FF,,0.3118,-0.1863
2.05,5,4,FF,,0.3127,-0.1869
2.055,5,4,FF,,0.3135,-0.1874
2.06,5,4,FF,,0.3144,-0.188
2.065,5,4,FF,,0.3152,-0.1885
2.07,5,4,FF,,0.3161,-0.189
2.075,5,4,FF,,0.3169,-0.1896
2.08,5,4,FF,,0.3177,-0.1901
2.085,5,4,FF,,0.3186,-0.1907
2.09,5,4,FF,,0.3194,-0.1912
2.095,5,4,FF,,0.3202,-0.1917
2.1,5,4,FF,,0.321,-0.1923
2.105,5,4,FF,,0.3219,-0.1928
2.11,5,4,FF,,0.3227,-0.1933
2.115,5,4,FF,,0.3235,-0.1939
2.12,5,4,FF,,0.3243,-0.1944
2.125,5,4,FF,,0.3251,-0.1949
2.13,5,4,FF,,0.3259,-0.1954
2.135,5,4,FF,,0.3267,-0.196
2.14,5,4,FF,,0.3275,-0.1965
2.145,5,4,FF,,0.3283,-0.197
2.15,5,4,FF,,0.3291,-0.1975
2.155,5,4,FF,,0.3299,-0.1981
2.16,5,4,FF,,0.3307,-0.1986
2.165,5,4,FF,,0.3315,-0.1991
2.17,5,4,FF,,0.3323,-0.1996
2.175,5,4,FF,,0.333,-0.2001
2.18,5,4,FF,,0.3338,-0.2006
2.185,5,4,FF,,0.3346,-0.2011
2.19,5,4,FF,,0.3353,-0.2016
2.195,5,4,FF,,0.3361,-0.2021
2.2,5,4,FF,,0.3369,-0.2026
2.205,5,4,FF,,0.3376,-0.2031
2.21,5,4,FF,,0.3384,-0.2036
2.215,5,4,FF,,0.3391,-0.2041
2.22,5,4,FF,,0.3399,-0.2046
2.225,5,4,FF,,0.3406,-0.2051
2.23,5,4,FF,,0.3413,-0.2056
2.235,5,4,FF,,0.3421,-0.2061
2.24,5,4,FF,,0.3428,-0.2066
2.245,5,4,FF,,0.3435,-0.2071
2.25,5,4,FF,,0.3443,-0.2076
2.255,5,4,FF,,0.345,-0.208
2.26,5,4,FF,,0.3457,-0.2085
2.265,5,4,FF,,0.3464,-0.209
2.27,5,4,FF,,0.3471,-0.2095
2.275,5,4,FF,,0.3478,-0.21
2.28,5,4,FF,,0.3485,-0.2104
2.285,5,4,FF,,0.3492,-0.2109
2.29,5,4,FF,,0.3499,-0.2114
2.295,5,4,FF,,0.3506,-0.2118
2.3,5,4,FF,,0.3513,-0.2123
2.305,5,4,FF,,0.3519,-0.2128
2.31,5,4,FF,,0.3526,-0.2132
2.315,5,4,FF,,0.3533,-0.2137
2.32,5,4,FF,,0.3539,-0.2141
2.325,5,4,FF,,0.3546,-0.2146
2.33,5,4,FF,,0.3553,-0.2151
2.335,5,4,FF,,0.3559,-0.2155
2.34,5,4,FF,,0.3566,-0.216
2.345,5,4,FF,,0.3572,-0.2164
2.35,5,4,FF,,0.3579,-0.2169
2.355,5,4,FF,,0.3585,-0.2173
2.36,5,4,FF,,0.3591,-0.2177
2.365,5,4,FF,,0.3598,-0.2182
2.37,5,4,FF,,0.3604,-0.2186
2.375,5,4,FF,,0.361,-0.219
2.38,5,4,FF,,0.3616,-0.2195
2.385,5,4,FF,,0.3622,-0.2199
2.39,5,4,FF,,0.3628,-0.2203
2.395,5,4,FF,,0.3634,-0.2208
2.4,5,4,FF,,0.364,-0.2212
2.405,5,4,FF,,0.3646,-0.2216
2.41,5,4,FF,,0.3652,-0.222
2.415,5,4,FF,,0.3658,-0.2224
2.42,5,4,FF,,0.3664,-0.2229
2.425,5,4,FF,,0.367,-0.2233
2.43,5,4,FF,,0.3675,-0.2237
2.435,5,4,FF,,0.3681,-0.2241
2.44,5,4,FF,,0.3686,-0.2245
2.445,5,4,FF,,0.3692,-0.2249
2.45,5,4,FF,,0.3698,-0.2253
2.455,5,4,FF,,0.3703,-0.2257
2.46,5,4,FF,,0.3708,-0.2261
2.465,5,4,FF,,0.3714,-0.2265
2.47,5,4,FF,,0.3719,-0.2269
2.475,5,4,FF,,0.3724,-0.2273
2.48,5,4,FF,,0.373,-0.2276
2.485,5,4,FF,,0.3735,-0.228
2.49,5,4,FF,,0.374,-0.2284
2.495,5,4,FF,,0.3745,-0.2288
2.5,5,4,FF,,0.375,-0.2292
2.505,5,4,FF,,0.3755,-0.2295
2.51,5,4,FF,,0.376,-0.2299
2.515,5,4,FF,,0.3765,-0.2303
2.52,5,4,FF,,0.377,-0.2306
2.525,5,4,FF,,0.3774,-0.231
2.53,5,4,FF,,0.3779,-0.2314
2.535,5,4,FF,,0.3784,-0.2317
2.54,5,4,FF,,0.3788,-0.2321
2.545,5,4,FF,,0.3793,-0.2324
2.55,5,4,FF,,0.3797,-0.2328
2.555,5,4,FF,,0.3802,-0.2331
2.56,5,4,FF,,0.3806,-0.2335
2.565,5,4,FF,,0.3811,-0.2338
2.57,5,4,FF,,0.3815,-0.2342
2.575,5,4,FF,,0.3819,-0.2345
2.58,5,4,FF,,0.3823,-0.2348
2.585,5,4,FF,,0.3828,-0.2352
2.59,5,4,FF,,0.3832,-0.2355
2.595,5,4,FF,,0.3836,-0.2358
2.6,5,4,FF,,0.384,-0.2361
2.605,5,4,FF,,0.3844,-0.2365
2.61,5,4,FF,,0.3847,-0.2368
2.615,5,4,FF,,0.3851,-0.2371
2.62,5,4,FF,,0.3855,-0.2374
2.625,5,4,FF,,0.3859,-0.2377
2.63,5,4,FF,,0.3862,-0.238
2.635,5,4,FF,,0.3866,-0.2383
2.64,5,4,FF,,0.387,-0.2386
2.645,5,4,FF,,0.3873,-0.2389
2.65,5,4,FF,,0.3876,-0.2392
2.655,5,4,FF,,0.388,-0.2395
2.66,5,4,FF,,0.3883,-0.2398
2.665,5,4,FF,,0.3886,-0.2401
2.67,5,4,FF,,0.389,-0.2404
2.675,5,4,FF,,0.3893,-0.2407
2.68,5,4,FF,,0.3896,-0.2409
2.685,5,4,FF,,0.3899,-0.2412
2.69,5,4,FF,,0.3902,-0.2415
2.695,5,4,FF,,0.3905,-0.2418
2.7,5,4,FF,,0.3907,-0.242
2.705,5,4,FF,,0.391,-0.2423
2.71,5,4,FF,,0.3913,-0.2426
2.715,5,4,FF,,0.3916,-0.2428
2.72,5,4,FF,,0.3918,-0.2431
2.725,5,4,FF,,0.3921,-0.2433
2.73,5,4,FF,,0.3923,-0.2436
2.735,5,4,FF,,0.3926,-0.2438
2.74,5,4,FF,,0.3928,-0.244
2.745,5,4,FF,,0.393,-0.2443
2.75,5,4,FF,,0.3933,-0.2445
2.755,5,4,FF,,0.3935,-0.2448
2.76,5,4,FF,,0.3937,-0.245
2.765,5,4,FF,,0.3939,-0.2452
2.77,5,4,FF,,0.3941,-0.2454
2.775,5,4,FF,,0.3943,-0.2456
2.78,5,4,FF,,0.3945,-0.2459
2.785,5,4,FF,,0.3946,-0.2461
2.79,5,4,FF,,0.3948,-0.2463
2.795,5,4,FF,,0.395,-0.2465
2.8,5,4,FF,,0.3951,-0.2467
2.805,5,4,FF,,0.3953,-0.2469
2.81,5,4,FF,,0.3954,-0.2471
2.815,5,4,FF,,0.3956,-0.2473
2.82,5,4,FF,,0.3957,-0.2475
2.825,5,4,FF,,0.3958,-0.2477
2.83,5,4,FF,,0.396,-0.2478
2.835,5,4,FF,,0.3961,-0.248
2.84,5,4,FF,,0.3962,-0.2482
2.845,5,4,FF,,0.3963,-0.2484
2.85,5,4,FF,,0.3964,-0.2485
2.855,5,4,FF,,0.3965,-0.2487
2.86,5,4,FF,,0.3965,-0.2489
2.865,5,4,FF,,0.3966,-0.249
2.87,5,4,FF,,0.3967,-0.2492
2.875,5,4,FF,,0.3968,-0.2493
2.88,5,4,FF,,0.3968,-0.2495
2.885,5,4,FF,,0.3969,-0.2496
2.89,5,4,FF,,0.3969,-0.2498
2.895,5,4,FF,,0.3969,-0.2499
2.9,5,4,FF,,0.397,-0.2501
2.905,5,4,FF,,0.397,-0.2502
2.91,5,4,FF,,0.397,-0.2503
2.915,5,4,FF,,0.397,-0.2504
2.92,5,4,FF,,0.397,-0.2506
2.925,5,4,FF,,0.397,-0.2507
2.93,5,4,FF,,0.397,-0.2508
2.935,5,4,FF,,0.3969,-0.2509
2.94,5,4,FF,,0.3969,-0.251
2.945,5,4,FF,,0.3969,-0.2511
2.95,5,4,FF,,0.3968,-0.2512
2.955,5,4,FF,,0.3968,-0.2513
2.96,5,4,FF,,0.3967,-0.2514
2.965,5,4,FF,,0.3967,-0.2515
2.97,5,4,FF,,0.3966,-0.2516
2.975,5,4,FF,,0.3965,-0.2517
2.98,5,4,FF,,0.3964,-0.2517
2.985,5,4,FF,,0.3963,-0.2518
2.99,5,4,FF,,0.3962,-0.2519
2.995,5,4,FF,,0.3961,-0.2519
3,5,4,FF,,0.396,-0.252
3.005,5,4,FF,,0.3959,-0.2521
3.01,5,4,FF,,0.3957,-0.2521
3.015,5,4,FF,,0.3956,-0.2522
3.02,5,4,FF,,0.3955,-0.2522
3.025,5,4,FF,,0.3953,-0.2523
3.03,5,4,FF,,0.3951,-0.2523
3.035,5,4,FF,,0.395,-0.2523
3.04,5,4,FF,,0.3948,-0.2524
3.045,5,4,FF,,0.3946,-0.2524
3.05,5,4,FF,,0.3944,-0.2524
3.055,5,4,FF,,0.3942,-0.2524
3.06,5,4,FF,,0.394,-0.2524
3.065,5,4,FF,,0.3938,-0.2525
3.07,5,4,FF,,0.3936,-0.2525
3.075,5,4,FF,,0.3934,-0.2525
3.08,5,4,FF,,0.3931,-0.2525
3.085,5,4,FF,,0.3929,-0.2525
3.09,5,4,FF,,0.3926,-0.2525
3.095,5,4,FF,,0.3924,-0.2524
3.1,5,4,FF,,0.3921,-0.2524
3.105,5,4,FF,,0.3918,-0.2524
3.11,5,4,FF,,0.3915,-0.2524
3.115,5,4,FF,,0.3912,-0.2523
3.12,5,4,FF,,0.3909,-0.2523
3.125,5,4,FF,,0.3906,-0.2523
3.13,5,4,FF,,0.3903,-0.2522
3.135,5,4,FF,,0.39,-0.2522
3.14,5,4,FF,,0.3897,-0.2521
3.145,5,4,FF,,0.3893,-0.2521
3.15,5,4,FF,,0.389,-0.252
3.155,5,4,FF,,0.3886,-0.252
3.16,5,4,FF,,0.3882,-0.2519
3.165,5,4,FF,,0.3879,-0.2518
3.17,5,4,FF,,0.3875,-0.2518
3.175,5,4,FF,,0.3871,-0.2517
3.18,5,4,FF,,0.3867,-0.2516
3.185,5,4,FF,,0.3863,-0.2515
3.19,5,4,FF,,0.3859,-0.2514
3.195,5,4,FF,,0.3855,-0.2513
3.2,5,4,FF,,0.385,-0.2512
3.205,5,4,FF,,0.3846,-0.2511
3.21,5,4,FF,,0.3841,-0.251
3.215,5,4,FF,,0.3837,-0.2509
3.22,5,4,FF,,0.3832,-0.2508
3.225,5,4,FF,,0.3827,-0.2507
3.23,5,4,FF,,0.3823,-0.2505
3.235,5,4,FF,,0.3818,-0.2504
3.24,5,4,FF,,0.3813,-0.2503
3.245,5,4,FF,,0.3808,-0.2501
3.25,5,4,FF,,0.3803,-0.25
3.255,5,4,FF,,0.3797,-0.2498
3.26,5,4,FF,,0.3792,-0.2497
3.265,5,4,FF,,0.3787,-0.2495
3.27,5,4,FF,,0.3781,-0.2494
3.275,5,4,FF,,0.3775,-0.2492
3.28,5,4,FF,,0.377,-0.249
3.285,5,4,FF,,0.3764,-0.2488
3.29,5,4,FF,,0.3758,-0.2487
3.295,5,4,FF,,0.3752,-0.2485
3.3,5,4,FF,,0.3746,-0.2483
3.305,5,4,FF,,0.374,-0.2481
3.31,5,4,FF,,0.3734,-0.2479
3.315,5,4,FF,,0.3728,-0.2477
3.32,5,4,FF,,0.3721,-0.2475
3.325,5,4,FF,,0.3715,-0.2473
3.33,5,4,FF,,0.3708,-0.2471
3.335,5,4,FF,,0.3701,-0.2468
3.34,5,4,FF,,0.3695,-0.2466
3.345,5,4,FF,,0.3688,-0.2464
3.35,5,4,FF,,0.3681,-0.2461
3.355,5,4,FF,,0.3674,-0.2459
3.36,5,4,FF,,0.3667,-0.2457
3.365,5,4,FF,,0.366,-0.2454
3.37,5,4,FF,,0.3652,-0.2452
3.375,5,4,FF,,0.3645,-0.2449
3.38,5,4,FF,,0.3638,-0.2446
3.385,5,4,FF,,0.363,-0.2444
3.39,5,4,FF,,0.3622,-0.2441
3.395,5,4,FF,,0.3615,-0.2438
3.4,5,4,FF,,0.3607,-0.2435
3.405,5,4,FF,,0.3599,-0.2432
3.41,5,4,FF,,0.3591,-0.2429
3.415,5,4,FF,,0.3583,-0.2427
3.42,5,4,FF,,0.3574,-0.2423
3.425,5,4,FF,,0.3566,-0.242
3.43,5,4,FF,,0.3558,-0.2417
3.435,5,4,FF,,0.3549,-0.2414
3.44,5,4,FF,,0.3541,-0.2411
3.445,5,4,FF,,0.3532,-0.2408
3.45,5,4,FF,,0.3523,-0.2404
3.455,5,4,FF,,0.3514,-0.2401
3.46,5,4,FF,,0.3505,-0.2398
3.465,5,4,FF,,0.3496,-0.2394
3.47,5,4,FF,,0.3487,-0.2391
3.475,5,4,FF,,0.3478,-0.2387
3.48,5,4,FF,,0.3468,-0.2383
3.485,5,4,FF,,0.3459,-0.238
3.49,5,4,FF,,0.3449,-0.2376
3.495,5,4,FF,,0.344,-0.2372
3.5,5,4,FF,,0.343,-0.2368
3.505,5,4,FF,,0.342,-0.2364
3.51,5,4,FF,,0.341,-0.2361
3.515,5,4,FF,,0.34,-0.2357
3.52,5,4,FF,,0.339,-0.2353
3.525,5,4,FF,,0.338,-0.2348
3.53,5,4,FF,,0.3369,-0.2344
3.535,5,4,FF,,0.3359,-0.234
3.54,5,4,FF,,0.3348,-0.2336
3.545,5,4,FF,,0.3338,-0.2332
3.55,5,4,FF,,0.3327,-0.2327
3.555,5,4,FF,,0.3316,-0.2323
3.56,5,4,FF,,0.3305,-0.2318
3.565,5,4,FF,,0.3294,-0.2314
3.57,5,4,FF,,0.3283,-0.2309
3.575,5,4,FF,,0.3272,-0.2305
3.58,5,4,FF,,0.326,-0.23
3.585,5,4,FF,,0.3249,-0.2295
3.59,5,4,FF,,0.3237,-0.2291
3.595,5,4,FF,,0.3226,-0.2286
3.6,5,4,FF,,0.3214,-0.2281
3.605,5,4,FF,,0.3202,-0.2276
3.61,5,4,FF,,0.319,-0.2271
3.615,5,4,FF,,0.3178,-0.2266
3.62,5,4,FF,,0.3166,-0.2261
3.625,5,4,FF,,0.3154,-0.2256
3.63,5,4,FF,,0.3141,-0.2251
3.635,5,4,FF,,0.3129,-0.2245
3.64,5,4,FF,,0.3116,-0.224
3.645,5,4,FF,,0.3104,-0.2235
3.65,5,4,FF,,0.3091,-0.2229
3.655,5,4,FF,,0.3078,-0.2224
3.66,5,4,FF,,0.3065,-0.2218
3.665,5,4,FF,,0.3052,-0.2213
3.67,5,4,FF,,0.3039,-0.2207
3.675,5,4,FF,,0.3025,-0.2201
3.68,5,4,FF,,0.3012,-0.2196
3.685,5,4,FF,,0.2998,-0.219
3.69,5,4,FF,,0.2985,-0.2184
3.695,5,4,FF,,0.2971,-0.2178
3.7,5,4,FF,,0.2957,-0.2172
3.705,5,4,FF,,0.2943,-0.2166
3.71,5,4,FF,,0.2929,-0.216
3.715,5,4,FF,,0.2915,-0.2154
3.72,5,4,FF,,0.2901,-0.2148
3.725,5,4,FF,,0.2886,-0.2141
3.73,5,4,FF,,0.2872,-0.2135
3.735,5,4,FF,,0.2857,-0.2129
3.74,5,4,FF,,0.2842,-0.2122
3.745,5,4,FF,,0.2827,-0.2116
3.75,5,4,FF,,0.2813,-0.2109
3.755,5,4,FF,,0.2797,-0.2103
3.76,5,4,FF,,0.2782,-0.2096
3.765,5,4,FF,,0.2767,-0.2089
3.77,5,4,FF,,0.2752,-0.2083
3.775,5,4,FF,,0.2736,-0.2076
3.78,5,4,FF,,0.2721,-0.2069
3.785,5,4,FF,,0.2705,-0.2062
3.79,5,4,FF,,0.2689,-0.2055
3.795,5,4,FF,,0.2673,-0.2048
3.8,5,4,FF,,0.2657,-0.2041
3.805,5,4,FF,,0.2641,-0.2034
3.81,5,4,FF,,0.2625,-0.2026
3.815,5,4,FF,,0.2608,-0.2019
3.82,5,4,FF,,0.2592,-0.2012
3.825,5,4,FF,,0.2575,-0.2004
3.83,5,4,FF,,0.2558,-0.1997
3.835,5,4,FF,,0.2541,-0.1989
3.84,5,4,FF,,0.2524,-0.1982
3.845,5,4,FF,,0.2507,-0.1974
3.85,5,4,FF,,0.249,-0.1966
3.855,5,4,FF,,0.2473,-0.1959
3.86,5,4,FF,,0.2455,-0.1951
3.865,5,4,FF,,0.2438,-0.1943
3.87,5,4,FF,,0.242,-0.1935
3.875,5,4,FF,,0.2403,-0.1927
3.88,5,4,FF,,0.2385,-0.1919
3.885,5,4,FF,,0.2367,-0.1911
3.89,5,4,FF,,0.2349,-0.1903
3.895,5,4,FF,,0.233,-0.1894
3.9,5,4,FF,,0.2312,-0.1886
3.905,5,4,FF,,0.2293,-0.1878
3.91,5,4,FF,,0.2275,-0.1869
3.915,5,4,FF,,0.2256,-0.1861
3.92,5,4,FF,,0.2237,-0.1852
3.925,5,4,FF,,0.2218,-0.1844
3.93,5,4,FF,,0.2199,-0.1835
3.935,5,4,FF,,0.218,-0.1826
3.94,5,4,FF,,0.2161,-0.1817
3.945,5,4,FF,,0.2141,-0.1808
3.95,5,4,FF,,0.2122,-0.1799
3.955,5,4,FF,,0.2102,-0.179
3.96,5,4,FF,,0.2083,-0.1781
3.965,5,4,FF,,0.2063,-0.1772
3.97,5,4,FF,,0.2043,-0.1763
3.975,5,4,FF,,0.2022,-0.1754
3.98,5,4,FF,,0.2002,-0.1745
3.985,5,4,FF,,0.1982,-0.1735
3.99,5,4,FF,,0.1961,-0.1726
3.995,5,4,FF,,0.1941,-0.1716
4,5,4,FF,,0.192,-0.1707
4.005,5,4,FF,,0.1899,-0.1697
4.01,5,4,FF,,0.1879,-0.1687
4.015,5,4,FF,,0.1858,-0.1678
4.02,5,4,FF,,0.1838,-0.1668
4.025,5,4,FF,,0.1818,-0.1658
4.03,5,4,FF,,0.1797,-0.1648
4.035,5,4,FF,,0.1778,-0.1638
4.04,5,4,FF,,0.1758,-0.1628
4.045,5,4,FF,,0.1738,-0.1618
4.05,5,4,FF,,0.1718,-0.1608
4.055,5,4,FF,,0.1699,-0.1597
4.06,5,4,FF,,0.168,-0.1587
4.065,5,4,FF,,0.166,-0.1577
4.07,5,4,FF,,0.1641,-0.1567
4.075,5,4,FF,,0.1622,-0.1556
4.08,5,4,FF,,0.1603,-0.1546
4.085,5,4,FF,,0.1585,-0.1535
4.09,5,4,FF,,0.1566,-0.1525
4.095,5,4,FF,,0.1548,-0.1514
4.1,5,4,FF,,0.1529,-0.1503
4.105,5,4,FF,,0.1511,-0.1493
4.11,5,4,FF,,0.1493,-0.1482
4.115,5,4,FF,,0.1475,-0.1471
4.12,5,4,FF,,0.1457,-0.146
4.125,5,4,FF,,0.1439,-0.145
4.13,5,4,FF,,0.1422,-0.1439
4.135,5,4,FF,,0.1404,-0.1428
4.14,5,4,FF,,0.1387,-0.1417
4.145,5,4,FF,,0.137,-0.1406
4.15,5,4,FF,,0.1353,-0.1395
4.155,5,4,FF,,0.1336,-0.1384
4.16,5,4,FF,,0.1319,-0.1373
4.165,5,4,FF,,0.1302,-0.1362
4.17,5,4,FF,,0.1285,-0.1351
4.175,5,4,FF,,0.1269,-0.1339
4.18,5,4,FF,,0.1252,-0.1328
4.185,5,4,FF,,0.1236,-0.1317
4.19,5,4,FF,,0.122,-0.1306
4.195,5,4,FF,,0.1204,-0.1295
4.2,5,4,FF,,0.1188,-0.1283
4.205,5,4,FF,,0.1172,-0.1272
4.21,5,4,FF,,0.1156,-0.1261
4.215,5,4,FF,,0.1141,-0.125
4.22,5,4,FF,,0.1125,-0.1238
4.225,5,4,FF,,0.111,-0.1227
4.23,5,4,FF,,0.1095,-0.1216
4.235,5,4,FF,,0.108,-0.1204
4.24,5,4,FF,,0.1065,-0.1193
4.245,5,4,FF,,0.105,-0.1181
4.25,5,4,FF,,0.1035,-0.117
4.255,5,4,FF,,0.102,-0.1159
4.26,5,4,FF,,0.1006,-0.1147
4.265,5,4,FF,,0.0991,-0.1136
4.27,5,4,FF,,0.0977,-0.1124
4.275,5,4,FF,,0.0963,-0.1113
4.28,5,4,FF,,0.0949,-0.1101
4.285,5,4,FF,,0.0935,-0.109
4.29,5,4,FF,,0.0921,-0.1079
4.295,5,4,FF,,0.0907,-0.1067
4.3,5,4,FF,,0.0894,-0.1056
4.305,5,4,FF,,0.088,-0.1044
4.31,5,4,FF,,0.0867,-0.1033
4.315,5,4,FF,,0.0854,-0.1022
4.32,5,4,FF,,0.084,-0.101
4.325,5,4,FF,,0.0827,-0.0999
4.33,5,4,FF,,0.0814,-0.0987
4.335,5,4,FF,,0.0802,-0.0976
4.34,5,4,FF,,0.0789,-0.0965
4.345,5,4,FF,,0.0776,-0.0953
4.35,5,4,FF,,0.0764,-0.0942
4.355,5,4,FF,,0.0752,-0.0931
4.36,5,4,FF,,0.0739,-0.0919
4.365,5,4,FF,,0.0727,-0.0908
4.37,5,4,FF,,0.0715,-0.0897
4.375,5,4,FF,,0.0703,-0.0885
4.38,5,4,FF,,0.0691,-0.0874
4.385,5,4,FF,,0.068,-0.0863
4.39,5,4,FF,,0.0668,-0.0852
4.395,5,4,FF,,0.0657,-0.0841
4.4,5,4,FF,,0.0645,-0.0829
4.405,5,4,FF,,0.0634,-0.0818
4.41,5,4,FF,,0.0623,-0.0807
4.415,5,4,FF,,0.0612,-0.0796
4.42,5,4,FF,,0.0601,-0.0785
4.425,5,4,FF,,0.059,-0.0774
4.43,5,4,FF,,0.0579,-0.0763
4.435,5,4,FF,,0.0568,-0.0752
4.44,5,4,FF,,0.0558,-0.0741
4.445,5,4,FF,,0.0548,-0.073
4.45,5,4,FF,,0.0537,-0.072
4.455,5,4,FF,,0.0527,-0.0709
4.46,5,4,FF,,0.0517,-0.0698
4.465,5,4,FF,,0.0507,-0.0687
4.47,5,4,FF,,0.0497,-0.0677
4.475,5,4,FF,,0.0487,-0.0666
4.48,5,4,FF,,0.0478,-0.0655
4.485,5,4,FF,,0.0468,-0.0645
4.49,5,4,FF,,0.0459,-0.0634
4.495,5,4,FF,,0.0449,-0.0624
4.5,5,4,FF,,0.044,-0.0613
4.505,5,4,FF,,0.0431,-0.0603
4.51,5,4,FF,,0.0422,-0.0593
4.515,5,4,FF,,0.0413,-0.0582
4.52,5,4,FF,,0.0404,-0.0572
4.525,5,4,FF,,0.0395,-0.0562
4.53,5,4,FF,,0.0387,-0.0552
4.535,5,4,FF,,0.0378,-0.0542
4.54,5,4,FF,,0.037,-0.0532
4.545,5,4,FF,,0.0361,-0.0522
4.55,5,4,FF,,0.0353,-0.0512
4.555,5,4,FF,,0.0345,-0.0502
4.56,5,4,FF,,0.0337,-0.0492
4.565,5,4,FF,,0.0329,-0.0483
4.57,5,4,FF,,0.0321,-0.0473
4.575,5,4,FF,,0.0314,-0.0463
4.58,5,4,FF,,0.0306,-0.0454
4.585,5,4,FF,,0.0298,-0.0444
4.59,5,4,FF,,0.0291,-0.0435
4.595,5,4,FF,,0.0284,-0.0426
4.6,5,4,FF,,0.0276,-0.0416
4.605,5,4,FF,,0.0269,-0.0407
4.61,5,4,FF,,0.0262,-0.0398
4.615,5,4,FF,,0.0255,-0.0389
4.62,5,4,FF,,0.0249,-0.038
4.625,5,4,FF,,0.0242,-0.0371
4.63,5,4,FF,,0.0235,-0.0362
4.635,5,4,FF,,0.0229,-0.0354
4.64,5,4,FF,,0.0222,-0.0345
4.645,5,4,FF,,0.0216,-0.0336
4.65,5,4,FF,,0.021,-0.0328
4.655,5,4,FF,,0.0204,-0.032
4.66,5,4,FF,,0.0198,-0.0311
4.665,5,4,FF,,0.0192,-0.0303
4.67,5,4,FF,,0.0186,-0.0295
4.675,5,4,FF,,0.018,-0.0287
4.68,5,4,FF,,0.0174,-0.0279
4.685,5,4,FF,,0.0169,-0.0271
4.69,5,4,FF,,0.0163,-0.0263
4.695,5,4,FF,,0.0158,-0.0255
4.7,5,4,FF,,0.0153,-0.0248
4.705,5,4,FF,,0.0147,-0.024
4.71,5,4,FF,,0.0142,-0.0233
4.715,5,4,FF,,0.0137,-0.0225
4.72,5,4,FF,,0.0132,-0.0218
4.725,5,4,FF,,0.0128,-0.0211
4.73,5,4,FF,,0.0123,-0.0204
4.735,5,4,FF,,0.0118,-0.0197
4.74,5,4,FF,,0.0114,-0.019
4.745,5,4,FF,,0.0109,-0.0183
4.75,5,4,FF,,0.0105,-0.0177
4.755,5,4,FF,,0.0101,-0.017
4.76,5,4,FF,,0.0097,-0.0164
4.765,5,4,FF,,0.0093,-0.0157
4.77,5,4,FF,,0.0089,-0.0151
4.775,5,4,FF,,0.0085,-0.0145
4.78,5,4,FF,,0.0081,-0.0139
4.785,5,4,FF,,0.0077,-0.0133
4.79,5,4,FF,,0.0074,-0.0127
4.795,5,4,FF,,0.007,-0.0122
4.8,5,4,FF,,0.0067,-0.0116
4.805,5,4,FF,,0.0063,-0.0111
4.81,5,4,FF,,0.006,-0.0105
4.815,5,4,FF,,0.0057,-0.01
4.82,5,4,FF,,0.0054,-0.0095
4.825,5,4,FF,,0.0051,-0.009
4.83,5,4,FF,,0.0048,-0.0085
4.835,5,4,FF,,0.0045,-0.008
4.84,5,4,FF,,0.0042,-0.0076
4.845,5,4,FF,,0.004,-0.0071
4.85,5,4,FF,,0.0037,-0.0067
4.855,5,4,FF,,0.0035,-0.0063
4.86,5,4,FF,,0.0032,-0.0059
4.865,5,4,FF,,0.003,-0.0055
4.87,5,4,FF,,0.0028,-0.0051
4.875,5,4,FF,,0.0026,-0.0047
4.88,5,4,FF,,0.0024,-0.0043
4.885,5,4,FF,,0.0022,-0.004
4.89,5,4,FF,,0.002,-0.0037
4.895,5,4,FF,,0.0018,-0.0034
4.9,5,4,FF,,0.0016,-0.0031
4.905,5,4,FF,,0.0015,-0.0028
4.91,5,4,FF,,0.0013,-0.0025
4.915,5,4,FF,,0.0012,-0.0022
4.92,5,4,FF,,0.001,-0.002
4.925,5,4,FF,,0.0009,-0.0017
4.93,5,4,FF,,0.0008,-0.0015
4.935,5,4,FF,,0.0007,-0.0013
4.94,5,4,FF,,0.0006,-0.0011
4.945,5,4,FF,,0.0005,-0.0009
4.95,5,4,FF,,0.0004,-0.0008
4.955,5,4,FF,,0.0003,-0.0006
4.96,5,4,FF,,0.0003,-0.0005
4.965,5,4,FF,,0.0002,-0.0004
4.97,5,4,FF,,0.0001,-0.0003
4.975,5,4,FF,,0.0001,-0.0002
4.98,5,4,FF,,0.0001,-0.0001
4.985,5,4,FF,,0,-0.0001
4.99,5,4,FF,,0,0
4.995,5,4,FF,,0,0
5,5,4,FF,,0,0
0,5,4.5,FF,,0,0
0.005,5,4.5,FF,,0,0
0.01,5,4.5,FF,,0,0
0.015,5,4.5,FF,,0,0
0.02,5,4.5,FF,,0,0
0.025,5,4.5,FF,,0.0001,0
0.03,5,4.5,FF,,0.0001,0
0.035,5,4.5,FF,,0.0001,0
0.04,5,4.5,FF,,0.0001,0
0.045,5,4.5,FF,,0.0002,0
0.05,5,4.5,FF,,0.0002,-0.0001
0.055,5,4.5,FF,,0.0003,-0.0001
0.06,5,4.5,FF,,0.0003,-0.0001
0.065,5,4.5,FF,,0.0004,-0.0001
0.07,5,4.5,FF,,0.0004,-0.0001
0.075,5,4.5,FF,,0.0005,-0.0001
0.08,5,4.5,FF,,0.0005,-0.0001
0.085,5,4.5,FF,,0.0006,-0.0002
0.09,5,4.5,FF,,0.0007,-0.0002
0.095,5,4.5,FF,,0.0008,-0.0002
0.1,5,4.5,FF,,0.0008,-0.0002
0.105,5,4.5,FF,,0.0009,-0.0002
0.11,5,4.5,FF,,0.001,-0.0003
0.115,5,4.5,FF,,0.0011,-0.0003
0.12,5,4.5,FF,,0.0012,-0.0003
0.125,5,4.5,FF,,0.0013,-0.0003
0.13,5,4.5,FF,,0.0014,-0.0004
0.135,5,4.5,FF,,0.0015,-0.0004
0.14,5,4.5,FF,,0.0016,-0.0004
0.145,5,4.5,FF,,0.0017,-0.0005
0.15,5,4.5,FF,,0.0019,-0.0005
0.155,5,4.5,FF,,0.002,-0.0005
0.16,5,4.5,FF,,0.0021,-0.0006
0.165,5,4.5,FF,,0.0022,-0.0006
0.17,5,4.5,FF,,0.0024,-0.0006
0.175,5,4.5,FF,,0.0025,-0.0007
0.18,5,4.5,FF,,0.0026,-0.0007
0.185,5,4.5,FF,,0.0028,-0.0007
0.19,5,4.5,FF,,0.0029,-0.0008
0.195,5,4.5,FF,,0.0031,-0.0008
0.2,5,4.5,FF,,0.0033,-0.0009
0.205,5,4.5,FF,,0.0034,-0.0009
0.21,5,4.5,FF,,0.0036,-0.0009
0.215,5,4.5,FF,,0.0038,-0.001
0.22,5,4.5,FF,,0.0039,-0.001
0.225,5,4.5,FF,,0.0041,-0.0011
0.23,5,4.5,FF,,0.0043,-0.0011
0.235,5,4.5,FF,,0.0045,-0.0012
0.24,5,4.5,FF,,0.0046,-0.0012
0.245,5,4.5,FF,,0.0048,-0.0013
0.25,5,4.5,FF,,0.005,-0.0013
0.255,5,4.5,FF,,0.0052,-0.0014
0.26,5,4.5,FF,,0.0054,-0.0014
0.265,5,4.5,FF,,0.0056,-0.0015
0.27,5,4.5,FF,,0.0058,-0.0015
0.275,5,4.5,FF,,0.0061,-0.0016
0.28,5,4.5,FF,,0.0063,-0.0017
0.285,5,4.5,FF,,0.0065,-0.0017
0.29,5,4.5,FF,,0.0067,-0.0018
0.295,5,4.5,FF,,0.0069,-0.0018
0.3,5,4.5,FF,,0.0072,-0.0019
0.305,5,4.5,FF,,0.0074,-0.002
0.31,5,4.5,FF,,0.0076,-0.002
0.315,5,4.5,FF,,0.0079,-0.0021
0.32,5,4.5,FF,,0.0081,-0.0022
0.325,5,4.5,FF,,0.0084,-0.0022
0.33,5,4.5,FF,,0.0086,-0.0023
0.335,5,4.5,FF,,0.0089,-0.0023
0.34,5,4.5,FF,,0.0091,-0.0024
0.345,5,4.5,FF,,0.0094,-0.0025
0.35,5,4.5,FF,,0.0096,-0.0026
0.355,5,4.5,FF,,0.0099,-0.0026
0.36,5,4.5,FF,,0.0102,-0.0027
0.365,5,4.5,FF,,0.0104,-0.0028
0.37,5,4.5,FF,,0.0107,-0.0028
0.375,5,4.5,FF,,0.011,-0.0029
0.38,5,4.5,FF,,0.0113,-0.003
0.385,5,4.5,FF,,0.0116,-0.0031
0.39,5,4.5,FF,,0.0119,-0.0031
0.395,5,4.5,FF,,0.0122,-0.0032
0.4,5,4.5,FF,,0.0124,-0.0033
0.405,5,4.5,FF,,0.0127,-0.0034
0.41,5,4.5,FF,,0.013,-0.0035
0.415,5,4.5,FF,,0.0134,-0.0035
0.42,5,4.5,FF,,0.0137,-0.0036
0.425,5,4.5,FF,,0.014,-0.0037
0.43,5,4.5,FF,,0.0143,-0.0038
0.435,5,4.5,FF,,0.0146,-0.0039
0.44,5,4.5,FF,,0.0149,-0.004
0.445,5,4.5,FF,,0.0152,-0.004
0.45,5,4.5,FF,,0.0156,-0.0041
0.455,5,4.5,FF,,0.0159,-0.0042
0.46,5,4.5,FF,,0.0162,-0.0043
0.465,5,4.5,FF,,0.0166,-0.0044
0.47,5,4.5,FF,,0.0169,-0.0045
0.475,5,4.5,FF,,0.0172,-0.0046
0.48,5,4.5,FF,,0.0176,-0.0047
0.485,5,4.5,FF,,0.0179,-0.0048
0.49,5,4.5,FF,,0.0183,-0.0049
0.495,5,4.5,FF,,0.0186,-0.0049
0.5,5,4.5,FF,,0.019,-0.005
0.505,5,4.5,FF,,0.0194,-0.0051
0.51,5,4.5,FF,,0.0197,-0.0052
0.515,5,4.5,FF,,0.0201,-0.0053
0.52,5,4.5,FF,,0.0205,-0.0054
0.525,5,4.5,FF,,0.0208,-0.0055
0.53,5,4.5,FF,,0.0212,-0.0056
0.535,5,4.5,FF,,0.0216,-0.0057
0.54,5,4.5,FF,,0.022,-0.0058
0.545,5,4.5,FF,,0.0223,-0.0059
0.55,5,4.5,FF,,0.0227,-0.006
0.555,5,4.5,FF,,0.0231,-0.0061
0.56,5,4.5,FF,,0.0235,-0.0062
0.565,5,4.5,FF,,0.0239,-0.0063
0.57,5,4.5,FF,,0.0243,-0.0064
0.575,5,4.5,FF,,0.0247,-0.0066
0.58,5,4.5,FF,,0.0251,-0.0067
0.585,5,4.5,FF,,0.0255,-0.0068
0.59,5,4.5,FF,,0.0259,-0.0069
0.595,5,4.5,FF,,0.0263,-0.007
0.6,5,4.5,FF,,0.0267,-0.0071
0.605,5,4.5,FF,,0.0271,-0.0072
0.61,5,4.5,FF,,0.0275,-0.0073
0.615,5,4.5,FF,,0.028,-0.0074
0.62,5,4.5,FF,,0.0284,-0.0075
0.625,5,4.5,FF,,0.0288,-0.0076
0.63,5,4.5,FF,,0.0292,-0.0078
0.635,5,4.5,FF,,0.0297,-0.0079
0.64,5,4.5,FF,,0.0301,-0.008
0.645,5,4.5,FF,,0.0305,-0.0081
0.65,5,4.5,FF,,0.031,-0.0082
0.655,5,4.5,FF,,0.0314,-0.0083
0.66,5,4.5,FF,,0.0319,-0.0085
0.665,5,4.5,FF,,0.0323,-0.0086
0.67,5,4.5,FF,,0.0327,-0.0087
0.675,5,4.5,FF,,0.0332,-0.0088
0.68,5,4.5,FF,,0.0336,-0.0089
0.685,5,4.5,FF,,0.0341,-0.0091
0.69,5,4.5,FF,,0.0346,-0.0092
0.695,5,4.5,FF,,0.035,-0.0093
0.7,5,4.5,FF,,0.0355,-0.0094
0.705,5,4.5,FF,,0.0359,-0.0095
0.71,5,4.5,FF,,0.0364,-0.0097
0.715,5,4.5,FF,,0.0369,-0.0098
0.72,5,4.5,FF,,0.0373,-0.0099
0.725,5,4.5,FF,,0.0378,-0.01
0.73,5,4.5,FF,,0.0383,-0.0102
0.735,5,4.5,FF,,0.0388,-0.0103
0.74,5,4.5,FF,,0.0393,-0.0104
0.745,5,4.5,FF,,0.0397,-0.0106
0.75,5,4.5,FF,,0.0402,-0.0107
0.755,5,4.5,FF,,0.0407,-0.0108
0.76,5,4.5,FF,,0.0412,-0.0109
0.765,5,4.5,FF,,0.0417,-0.0111
0.77,5,4.5,FF,,0.0422,-0.0112
0.775,5,4.5,FF,,0.0427,-0.0113
0.78,5,4.5,FF,,0.0432,-0.0115
0.785,5,4.5,FF,,0.0437,-0.0116
0.79,5,4.5,FF,,0.0442,-0.0117
0.795,5,4.5,FF,,0.0447,-0.0119
0.8,5,4.5,FF,,0.0452,-0.012
0.805,5,4.5,FF,,0.0457,-0.0121
0.81,5,4.5,FF,,0.0462,-0.0123
0.815,5,4.5,FF,,0.0467,-0.0124
0.82,5,4.5,FF,,0.0472,-0.0126
0.825,5,4.5,FF,,0.0477,-0.0127
0.83,5,4.5,FF,,0.0483,-0.0128
0.835,5,4.5,FF,,0.0488,-0.013
0.84,5,4.5,FF,,0.0493,-0.0131
0.845,5,4.5,FF,,0.0498,-0.0132
0.85,5,4.5,FF,,0.0504,-0.0134
0.855,5,4.5,FF,,0.0509,-0.0135
0.86,5,4.5,FF,,0.0514,-0.0137
0.865,5,4.5,FF,,0.0519,-0.0138
0.87,5,4.5,FF,,0.0525,-0.014
0.875,5,4.5,FF,,0.053,-0.0141
0.88,5,4.5,FF,,0.0536,-0.0142
0.885,5,4.5,FF,,0.0541,-0.0144
0.89,5,4.5,FF,,0.0546,-0.0145
0.895,5,4.5,FF,,0.0552,-0.0147
0.9,5,4.5,FF,,0.0557,-0.0148
0.905,5,4.5,FF,,0.0563,-0.015
0.91,5,4.5,FF,,0.0568,-0.0151
0.915,5,4.5,FF,,0.0574,-0.0153
0.92,5,4.5,FF,,0.0579,-0.0154
0.925,5,4.5,FF,,0.0585,-0.0156
0.93,5,4.5,FF,,0.059,-0.0157
0.935,5,4.5,FF,,0.0596,-0.0159
0.94,5,4.5,FF,,0.0602,-0.016
0.945,5,4.5,FF,,0.0607,-0.0162
0.95,5,4.5,FF,,0.0613,-0.0163
0.955,5,4.5,FF,,0.0618,-0.0165
0.96,5,4.5,FF,,0.0624,-0.0166
0.965,5,4.5,FF,,0.063,-0.0168
0.97,5,4.5,FF,,0.0635,-0.0169
0.975,5,4.5,FF,,0.0641,-0.0171
0.98,5,4.5,FF,,0.0647,-0.0172
0.985,5,4.5,FF,,0.0653,-0.0174
0.99,5,4.5,FF,,0.0658,-0.0175
0.995,5,4.5,FF,,0.0664,-0.0177
1,5,4.5,FF,,0.067,-0.0178
1.005,5,4.5,FF,,0.0676,-0.018
1.01,5,4.5,FF,,0.0682,-0.0181
1.015,5,4.5,FF,,0.0687,-0.0183
1.02,5,4.5,FF,,0.0693,-0.0185
1.025,5,4.5,FF,,0.0699,-0.0186
1.03,5,4.5,FF,,0.0705,-0.0188
1.035,5,4.5,FF,,0.0711,-0.0189
1.04,5,4.5,FF,,0.0717,-0.0191
1.045,5,4.5,FF,,0.0723,-0.0192
1.05,5,4.5,FF,,0.0729,-0.0194
1.055,5,4.5,FF,,0.0735,-0.0196
1.06,5,4.5,FF,,0.0741,-0.0197
1.065,5,4.5,FF,,0.0747,-0.0199
1.07,5,4.5,FF,,0.0753,-0.02
1.075,5,4.5,FF,,0.0759,-0.0202
1.08,5,4.5,FF,,0.0765,-0.0204
1.085,5,4.5,FF,,0.0771,-0.0205
1.09,5,4.5,FF,,0.0777,-0.0207
1.095,5,4.5,FF,,0.0783,-0.0209
1.1,5,4.5,FF,,0.0789,-0.021
1.105,5,4.5,FF,,0.0795,-0.0212
1.11,5,4.5,FF,,0.0801,-0.0213
1.115,5,4.5,FF,,0.0807,-0.0215
1.12,5,4.5,FF,,0.0813,-0.0217
1.125,5,4.5,FF,,0.0819,-0.0218
1.13,5,4.5,FF,,0.0826,-0.022
1.135,5,4.5,FF,,0.0832,-0.0222
1.14,5,4.5,FF,,0.0838,-0.0223
1.145,5,4.5,FF,,0.0844,-0.0225
1.15,5,4.5,FF,,0.085,-0.0227
1.155,5,4.5,FF,,0.0857,-0.0228
1.16,5,4.5,FF,,0.0863,-0.023
1.165,5,4.5,FF,,0.0869,-0.0232
1.17,5,4.5,FF,,0.0875,-0.0233
1.175,5,4.5,FF,,0.0882,-0.0235
1.18,5,4.5,FF,,0.0888,-0.0237
1.185,5,4.5,FF,,0.0894,-0.0238
1.19,5,4.5,FF,,0.09,-0.024
1.195,5,4.5,FF,,0.0907,-0.0242
1.2,5,4.5,FF,,0.0913,-0.0243
1.205,5,4.5,FF,,0.0919,-0.0245
1.21,5,4.5,FF,,0.0926,-0.0247
1.215,5,4.5,FF,,0.0932,-0.0248
1.22,5,4.5,FF,,0.0938,-0.025
1.225,5,4.5,FF,,0.0945,-0.0252
1.23,5,4.5,FF,,0.0951,-0.0254
1.235,5,4.5,FF,,0.0957,-0.0255
1.24,5,4.5,FF,,0.0964,-0.0257
1.245,5,4.5,FF,,0.097,-0.0259
1.25,5,4.5,FF,,0.0977,-0.026
1.255,5,4.5,FF,,0.0983,-0.0262
1.26,5,4.5,FF,,0.0989,-0.0264
1.265,5,4.5,FF,,0.0996,-0.0266
1.27,5,4.5,FF,,0.1002,-0.0267
1.275,5,4.5,FF,,0.1009,-0.0269
1.28,5,4.5,FF,,0.1015,-0.0271
1.285,5,4.5,FF,,0.1022,-0.0273
1.29,5,4.5,FF,,0.1028,-0.0274
1.295,5,4.5,FF,,0.1035,-0.0276
1.3,5,4.5,FF,,0.1041,-0.0278
1.305,5,4.5,FF,,0.1048,-0.0279
1.31,5,4.5,FF,,0.1054,-0.0281
1.315,5,4.5,FF,,0.1061,-0.0283
1.32,5,4.5,FF,,0.1067,-0.0285
1.325,5,4.5,FF,,0.1074,-0.0286
1.33,5,4.5,FF,,0.108,-0.0288
1.335,5,4.5,FF,,0.1087,-0.029
1.34,5,4.5,FF,,0.1093,-0.0292
1.345,5,4.5,FF,,0.11,-0.0293
1.35,5,4.5,FF,,0.1106,-0.0295
1.355,5,4.5,FF,,0.1113,-0.0297
1.36,5,4.5,FF,,0.1119,-0.0299
1.365,5,4.5,FF,,0.1126,-0.0301
1.37,5,4.5,FF,,0.1133,-0.0302
1.375,5,4.5,FF,,0.1139,-0.0304
1.38,5,4.5,FF,,0.1146,-0.0306
1.385,5,4.5,FF,,0.1152,-0.0308
1.39,5,4.5,FF,,0.1159,-0.0309
1.395,5,4.5,FF,,0.1165,-0.0311
1.4,5,4.5,FF,,0.1172,-0.0313
1.405,5,4.5,FF,,0.1179,-0.0315
1.41,5,4.5,FF,,0.1185,-0.0317
1.415,5,4.5,FF,,0.1192,-0.0318
1.42,5,4.5,FF,,0.1199,-0.032
1.425,5,4.5,FF,,0.1205,-0.0322
1.43,5,4.5,FF,,0.1212,-0.0324
1.435,5,4.5,FF,,0.1218,-0.0325
1.44,5,4.5,FF,,0.1225,-0.0327
1.445,5,4.5,FF,,0.1232,-0.0329
1.45,5,4.5,FF,,0.1238,-0.0331
1.455,5,4.5,FF,,0.1245,-0.0333
1.46,5,4.5,FF,,0.1252,-0.0334
1.465,5,4.5,FF,,0.1258,-0.0336
1.47,5,4.5,FF,,0.1265,-0.0338
1.475,5,4.5,FF,,0.1272,-0.034
1.48,5,4.5,FF,,0.1278,-0.0342
1.485,5,4.5,FF,,0.1285,-0.0343
1.49,5,4.5,FF,,0.1292,-0.0345
1.495,5,4.5,FF,,0.1298,-0.0347
1.5,5,4.5,FF,,0.1305,-0.0349
1.505,5,4.5,FF,,0.1312,-0.0351
1.51,5,4.5,FF,,0.1318,-0.0352
1.515,5,4.5,FF,,0.1325,-0.0354
1.52,5,4.5,FF,,0.1332,-0.0356
1.525,5,4.5,FF,,0.1338,-0.0358
1.53,5,4.5,FF,,0.1345,-0.036
1.535,5,4.5,FF,,0.1352,-0.0361
1.54,5,4.5,FF,,0.1358,-0.0363
1.545,5,4.5,FF,,0.1365,-0.0365
1.55,5,4.5,FF,,0.1372,-0.0367
1.555,5,4.5,FF,,0.1379,-0.0369
1.56,5,4.5,FF,,0.1385,-0.037
1.565,5,4.5,FF,,0.1392,-0.0372
1.57,5,4.5,FF,,0.1399,-0.0374
1.575,5,4.5,FF,,0.1405,-0.0376
1.58,5,4.5,FF,,0.1412,-0.0378
1.585,5,4.5,FF,,0.1419,-0.0379
1.59,5,4.5,FF,,0.1425,-0.0381
1.595,5,4.5,FF,,0.1432,-0.0383
1.6,5,4.5,FF,,0.1439,-0.0385
1.605,5,4.5,FF,,0.1445,-0.0387
1.61,5,4.5,FF,,0.1452,-0.0388
1.615,5,4.5,FF,,0.1459,-0.039
1.62,5,4.5,FF,,0.1465,-0.0392
1.625,5,4.5,FF,,0.1472,-0.0394
1.63,5,4.5,FF,,0.1479,-0.0396
1.635,5,4.5,FF,,0.1486,-0.0398
1.64,5,4.5,FF,,0.1492,-0.0399
1.645,5,4.5,FF,,0.1499,-0.0401
1.65,5,4.5,FF,,0.1506,-0.0403
1.655,5,4.5,FF,,0.1512,-0.0405
1.66,5,4.5,FF,,0.1519,-0.0407
1.665,5,4.5,FF,,0.1526,-0.0408
1.67,5,4.5,FF,,0.1532,-0.041
1.675,5,4.5,FF,,0.1539,-0.0412
1.68,5,4.5,FF,,0.1546,-0.0414
1.685,5,4.5,FF,,0.1552,-0.0416
1.69,5,4.5,FF,,0.1559,-0.0417
1.695,5,4.5,FF,,0.1566,-0.0419
1.7,5,4.5,FF,,0.1572,-0.0421
1.705,5,4.5,FF,,0.1579,-0.0423
1.71,5,4.5,FF,,0.1585,-0.0425
1.715,5,4.5,FF,,0.1592,-0.0426
1.72,5,4.5,FF,,0.1599,-0.0428
1.725,5,4.5,FF,,0.1605,-0.043
1.73,5,4.5,FF,,0.1612,-0.0432
1.735,5,4.5,FF,,0.1619,-0.0434
1.74,5,4.5,FF,,0.1625,-0.0435
1.745,5,4.5,FF,,0.1632,-0.0437
1.75,5,4.5,FF,,0.1638,-0.0439
1.755,5,4.5,FF,,0.1645,-0.0441
1.76,5,4.5,FF,,0.1652,-0.0443
1.765,5,4.5,FF,,0.1658,-0.0444
1.77,5,4.5,FF,,0.1665,-0.0446
1.775,5,4.5,FF,,0.1671,-0.0448
1.78,5,4.5,FF,,0.1678,-0.045
1.785,5,4.5,FF,,0.1685,-0.0451
1.79,5,4.5,FF,,0.1691,-0.0453
1.795,5,4.5,FF,,0.1698,-0.0455
1.8,5,4.5,FF,,0.1704,-0.0457
1.805,5,4.5,FF,,0.1711,-0.0459
1.81,5,4.5,FF,,0.1717,-0.046
1.815,5,4.5,FF,,0.1724,-0.0462
1.82,5,4.5,FF,,0.173,-0.0464
1.825,5,4.5,FF,,0.1737,-0.0466
1.83,5,4.5,FF,,0.1743,-0.0468
1.835,5,4.5,FF,,0.175,-0.0469
1.84,5,4.5,FF,,0.1756,-0.0471
1.845,5,4.5,FF,,0.1763,-0.0473
1.85,5,4.5,FF,,0.1769,-0.0475
1.855,5,4.5,FF,,0.1776,-0.0476
1.86,5,4.5,FF,,0.1782,-0.0478
1.865,5,4.5,FF,,0.1789,-0.048
1.87,5,4.5,FF,,0.1795,-0.0482
1.875,5,4.5,FF,,0.1802,-0.0483
1.88,5,4.5,FF,,0.1808,-0.0485
1.885,5,4.5,FF,,0.1815,-0.0487
1.89,5,4.5,FF,,0.1821,-0.0489
1.895,5,4.5,FF,,0.1827,-0.049
1.9,5,4.5,FF,,0.1834,-0.0492
1.905,5,4.5,FF,,0.184,-0.0494
1.91,5,4.5,FF,,0.1847,-0.0496
1.915,5,4.5,FF,,0.1853,-0.0497
1.92,5,4.5,FF,,0.1859,-0.0499
1.925,5,4.5,FF,,0.1866,-0.0501
1.93,5,4.5,FF,,0.1872,-0.0503
1.935,5,4.5,FF,,0.1878,-0.0504
1.94,5,4.5,FF,,0.1885,-0.0506
1.945,5,4.5,FF,,0.1891,-0.0508
1.95,5,4.5,FF,,0.1897,-0.051
1.955,5,4.5,FF,,0.1904,-0.0511
1.96,5,4.5,FF,,0.191,-0.0513
1.965,5,4.5,FF,,0.1916,-0.0515
1.97,5,4.5,FF,,0.1923,-0.0516
1.975,5,4.5,FF,,0.1929,-0.0518
1.98,5,4.5,FF,,0.1935,-0.052
1.985,5,4.5,FF,,0.1941,-0.0522
1.99,5,4.5,FF,,0.1948,-0.0523
1.995,5,4.5,FF,,0.1954,-0.0525
2,5,4.5,FF,,0.196,-0.0527
2.005,5,4.5,FF,,0.1966,-0.0528
2.01,5,4.5,FF,,0.1972,-0.053
2.015,5,4.5,FF,,0.1979,-0.0532
2.02,5,4.5,FF,,0.1985,-0.0533
2.025,5,4.5,FF,,0.1991,-0.0535
2.03,5,4.5,FF,,0.1997,-0.0537
2.035,5,4.5,FF,,0.2003,-0.0538
2.04,5,4.5,FF,,0.2009,-0.054
2.045,5,4.5,FF,,0.2015,-0.0542
2.05,5,4.5,FF,,0.2021,-0.0544
2.055,5,4.5,FF,,0.2027,-0.0545
2.06,5,4.5,FF,,0.2034,-0.0547
2.065,5,4.5,FF,,0.204,-0.0549
2.07,5,4.5,FF,,0.2046,-0.055
2.075,5,4.5,FF,,0.2052,-0.0552
2.08,5,4.5,FF,,0.2058,-0.0553
2.085,5,4.5,FF,,0.2064,-0.0555
2.09,5,4.5,FF,,0.207,-0.0557
2.095,5,4.5,FF,,0.2076,-0.0558
2.1,5,4.5,FF,,0.2082,-0.056
2.105,5,4.5,FF,,0.2087,-0.0562
2.11,5,4.5,FF,,0.2093,-0.0563
2.115,5,4.5,FF,,0.2099,-0.0565
2.12,5,4.5,FF,,0.2105,-0.0567
2.125,5,4.5,FF,,0.2111,-0.0568
2.13,5,4.5,FF,,0.2117,-0.057
2.135,5,4.5,FF,,0.2123,-0.0571
2.14,5,4.5,FF,,0.2129,-0.0573
2.145,5,4.5,FF,,0.2134,-0.0575
2.15,5,4.5,FF,,0.214,-0.0576
2.155,5,4.5,FF,,0.2146,-0.0578
2.16,5,4.5,FF,,0.2152,-0.0579
2.165,5,4.5,FF,,0.2158,-0.0581
2.17,5,4.5,FF,,0.2163,-0.0583
2.175,5,4.5,FF,,0.2169,-0.0584
2.18,5,4.5,FF,,0.2175,-0.0586
2.185,5,4.5,FF,,0.218,-0.0587
2.19,5,4.5,FF,,0.2186,-0.0589
2.195,5,4.5,FF,,0.2192,-0.0591
2.2,5,4.5,FF,,0.2197,-0.0592
2.205,5,4.5,FF,,0.2203,-0.0594
2.21,5,4.5,FF,,0.2209,-0.0595
2.215,5,4.5,FF,,0.2214,-0.0597
2.22,5,4.5,FF,,0.222,-0.0598
2.225,5,4.5,FF,,0.2225,-0.06
2.23,5,4.5,FF,,0.2231,-0.0601
2.235,5,4.5,FF,,0.2236,-0.0603
2.24,5,4.5,FF,,0.2242,-0.0604
2.245,5,4.5,FF,,0.2247,-0.0606
2.25,5,4.5,FF,,0.2253,-0.0607
2.255,5,4.5,FF,,0.2258,-0.0609
2.26,5,4.5,FF,,0.2264,-0.0611
2.265,5,4.5,FF,,0.2269,-0.0612
2.27,5,4.5,FF,,0.2274,-0.0614
2.275,5,4.5,FF,,0.228,-0.0615
2.28,5,4.5,FF,,0.2285,-0.0617
2.285,5,4.5,FF,,0.2291,-0.0618
2.29,5,4.5,FF,,0.2296,-0.062
2.295,5,4.5,FF,,0.2301,-0.0621
2.3,5,4.5,FF,,0.2306,-0.0622
2.305,5,4.5,FF,,0.2312,-0.0624
2.31,5,4.5,FF,,0.2317,-0.0625
2.315,5,4.5,FF,,0.2322,-0.0627
2.32,5,4.5,FF,,0.2327,-0.0628
2.325,5,4.5,FF,,0.2333,-0.063
2.33,5,4.5,FF,,0.2338,-0.0631
2.335,5,4.5,FF,,0.2343,-0.0633
2.34,5,4.5,FF,,0.2348,-0.0634
2.345,5,4.5,FF,,0.2353,-0.0636
2.35,5,4.5,FF,,0.2358,-0.0637
2.355,5,4.5,FF,,0.2363,-0.0638
2.36,5,4.5,FF,,0.2368,-0.064
2.365,5,4.5,FF,,0.2373,-0.0641
2.37,5,4.5,FF,,0.2378,-0.0643
2.375,5,4.5,FF,,0.2383,-0.0644
2.38,5,4.5,FF,,0.2388,-0.0645
2.385,5,4.5,FF,,0.2393,-0.0647
2.39,5,4.5,FF,,0.2398,-0.0648
2.395,5,4.5,FF,,0.2403,-0.065
2.4,5,4.5,FF,,0.2408,-0.0651
2.405,5,4.5,FF,,0.2413,-0.0652
2.41,5,4.5,FF,,0.2417,-0.0654
2.415,5,4.5,FF,,0.2422,-0.0655
2.42,5,4.5,FF,,0.2427,-0.0656
2.425,5,4.5,FF,,0.2432,-0.0658
2.43,5,4.5,FF,,0.2436,-0.0659
2.435,5,4.5,FF,,0.2441,-0.066
2.44,5,4.5,FF,,0.2446,-0.0662
2.445,5,4.5,FF,,0.245,-0.0663
2.45,5,4.5,FF,,0.2455,-0.0664
2.455,5,4.5,FF,,0.246,-0.0666
2.46,5,4.5,FF,,0.2464,-0.0667
2.465,5,4.5,FF,,0.2469,-0.0668
2.47,5,4.5,FF,,0.2473,-0.0669
2.475,5,4.5,FF,,0.2478,-0.0671
2.48,5,4.5,FF,,0.2482,-0.0672
2.485,5,4.5,FF,,0.2487,-0.0673
2.49,5,4.5,FF,,0.2491,-0.0675
2.495,5,4.5,FF,,0.2496,-0.0676
2.5,5,4.5,FF,,0.25,-0.0677
2.505,5,4.5,FF,,0.2504,-0.0678
2.51,5,4.5,FF,,0.2509,-0.068
2.515,5,4.5,FF,,0.2513,-0.0681
2.52,5,4.5,FF,,0.2517,-0.0682
2.525,5,4.5,FF,,0.2522,-0.0683
2.53,5,4.5,FF,,0.2526,-0.0684
2.535,5,4.5,FF,,0.253,-0.0686
2.54,5,4.5,FF,,0.2534,-0.0687
2.545,5,4.5,FF,,0.2538,-0.0688
2.55,5,4.5,FF,,0.2542,-0.0689
2.555,5,4.5,FF,,0.2547,-0.069
2.56,5,4.5,FF,,0.2551,-0.0692
2.565,5,4.5,FF,,0.2555,-0.0693
2.57,5,4.5,FF,,0.2559,-0.0694
2.575,5,4.5,FF,,0.2563,-0.0695
2.58,5,4.5,FF,,0.2567,-0.0696
2.585,5,4.5,FF,,0.2571,-0.0697
2.59,5,4.5,FF,,0.2575,-0.0699
2.595,5,4.5,FF,,0.2578,-0.07
2.6,5,4.5,FF,,0.2582,-0.0701
2.605,5,4.5,FF,,0.2586,-0.0702
2.61,5,4.5,FF,,0.259,-0.0703
2.615,5,4.5,FF,,0.2594,-0.0704
2.62,5,4.5,FF,,0.2597,-0.0705
2.625,5,4.5,FF,,0.2601,-0.0706
2.63,5,4.5,FF,,0.2605,-0.0707
2.635,5,4.5,FF,,0.2609,-0.0708
2.64,5,4.5,FF,,0.2612,-0.071
2.645,5,4.5,FF,,0.2616,-0.0711
2.65,5,4.5,FF,,0.2619,-0.0712
2.655,5,4.5,FF,,0.2623,-0.0713
2.66,5,4.5,FF,,0.2626,-0.0714
2.665,5,4.5,FF,,0.263,-0.0715
2.67,5,4.5,FF,,0.2633,-0.0716
2.675,5,4.5,FF,,0.2637,-0.0717
2.68,5,4.5,FF,,0.264,-0.0718
2.685,5,4.5,FF,,0.2644,-0.0719
2.69,5,4.5,FF,,0.2647,-0.072
2.695,5,4.5,FF,,0.265,-0.0721
2.7,5,4.5,FF,,0.2654,-0.0722
2.705,5,4.5,FF,,0.2657,-0.0723
2.71,5,4.5,FF,,0.266,-0.0724
2.715,5,4.5,FF,,0.2663,-0.0725
2.72,5,4.5,FF,,0.2666,-0.0726
2.725,5,4.5,FF,,0.267,-0.0726
2.73,5,4.5,FF,,0.2673,-0.0727
2.735,5,4.5,FF,,0.2676,-0.0728
2.74,5,4.5,FF,,0.2679,-0.0729
2.745,5,4.5,FF,,0.2682,-0.073
2.75,5,4.5,FF,,0.2685,-0.0731
2.755,5,4.5,FF,,0.2688,-0.0732
2.76,5,4.5,FF,,0.2691,-0.0733
2.765,5,4.5,FF,,0.2693,-0.0734
2.77,5,4.5,FF,,0.2696,-0.0735
2.775,5,4.5,FF,,0.2699,-0.0735
2.78,5,4.5,FF,,0.2702,-0.0736
2.785,5,4.5,FF,,0.2705,-0.0737
2.79,5,4.5,FF,,0.2707,-0.0738
2.795,5,4.5,FF,,0.271,-0.0739
2.8,5,4.5,FF,,0.2713,-0.074
2.805,5,4.5,FF,,0.2715,-0.074
2.81,5,4.5,FF,,0.2718,-0.0741
2.815,5,4.5,FF,,0.272,-0.0742
2.82,5,4.5,FF,,0.2723,-0.0743
2.825,5,4.5,FF,,0.2725,-0.0744
2.83,5,4.5,FF,,0.2728,-0.0744
2.835,5,4.5,FF,,0.273,-0.0745
2.84,5,4.5,FF,,0.2733,-0.0746
2.845,5,4.5,FF,,0.2735,-0.0747
2.85,5,4.5,FF,,0.2737,-0.0747
2.855,5,4.5,FF,,0.274,-0.0748
2.86,5,4.5,FF,,0.2742,-0.0749
2.865,5,4.5,FF,,0.2744,-0.0749
2.87,5,4.5,FF,,0.2746,-0.075
2.875,5,4.5,FF,,0.2748,-0.0751
2.88,5,4.5,FF,,0.275,-0.0751
2.885,5,4.5,FF,,0.2752,-0.0752
2.89,5,4.5,FF,,0.2755,-0.0753
2.895,5,4.5,FF,,0.2757,-0.0753
2.9,5,4.5,FF,,0.2758,-0.0754
2.905,5,4.5,FF,,0.276,-0.0755
2.91,5,4.5,FF,,0.2762,-0.0755
2.915,5,4.5,FF,,0.2764,-0.0756
2.92,5,4.5,FF,,0.2766,-0.0757
2.925,5,4.5,FF,,0.2768,-0.0757
2.93,5,4.5,FF,,0.2769,-0.0758
2.935,5,4.5,FF,,0.2771,-0.0758
2.94,5,4.5,FF,,0.2773,-0.0759
2.945,5,4.5,FF,,0.2775,-0.0759
2.95,5,4.5,FF,,0.2776,-0.076
2.955,5,4.5,FF,,0.2778,-0.0761
2.96,5,4.5,FF,,0.2779,-0.0761
2.965,5,4.5,FF,,0.2781,-0.0762
2.97,5,4.5,FF,,0.2782,-0.0762
2.975,5,4.5,FF,,0.2784,-0.0763
2.98,5,4.5,FF,,0.2785,-0.0763
2.985,5,4.5,FF,,0.2786,-0.0764
2.99,5,4.5,FF,,0.2788,-0.0764
2.995,5,4.5,FF,,0.2789,-0.0765
3,5,4.5,FF,,0.279,-0.0765
3.005,5,4.5,FF,,0.2791,-0.0765
3.01,5,4.5,FF,,0.2792,-0.0766
3.015,5,4.5,FF,,0.2793,-0.0766
3.02,5,4.5,FF,,0.2794,-0.0767
3.025,5,4.5,FF,,0.2796,-0.0767
3.03,5,4.5,FF,,0.2797,-0.0768
3.035,5,4.5,FF,,0.2797,-0.0768
3.04,5,4.5,FF,,0.2798,-0.0768
3.045,5,4.5,FF,,0.2799,-0.0769
3.05,5,4.5,FF,,0.28,-0.0769
3.055,5,4.5,FF,,0.2801,-0.0769
3.06,5,4.5,FF,,0.2802,-0.077
3.065,5,4.5,FF,,0.2802,-0.077
3.07,5,4.5,FF,,0.2803,-0.077
3.075,5,4.5,FF,,0.2804,-0.0771
3.08,5,4.5,FF,,0.2804,-0.0771
3.085,5,4.5,FF,,0.2805,-0.0771
3.09,5,4.5,FF,,0.2805,-0.0771
3.095,5,4.5,FF,,0.2806,-0.0772
3.1,5,4.5,FF,,0.2806,-0.0772
3.105,5,4.5,FF,,0.2807,-0.0772
3.11,5,4.5,FF,,0.2807,-0.0772
3.115,5,4.5,FF,,0.2807,-0.0773
3.12,5,4.5,FF,,0.2807,-0.0773
3.125,5,4.5,FF,,0.2808,-0.0773
3.13,5,4.5,FF,,0.2808,-0.0773
3.135,5,4.5,FF,,0.2808,-0.0773
3.14,5,4.5,FF,,0.2808,-0.0774
3.145,5,4.5,FF,,0.2808,-0.0774
3.15,5,4.5,FF,,0.2808,-0.0774
3.155,5,4.5,FF,,0.2808,-0.0774
3.16,5,4.5,FF,,0.2808,-0.0774
3.165,5,4.5,FF,,0.2808,-0.0774
3.17,5,4.5,FF,,0.2808,-0.0774
3.175,5,4.5,FF,,0.2807,-0.0775
3.18,5,4.5,FF,,0.2807,-0.0775
3.185,5,4.5,FF,,0.2807,-0.0775
3.19,5,4.5,FF,,0.2807,-0.0775
3.195,5,4.5,FF,,0.2806,-0.0775
3.2,5,4.5,FF,,0.2806,-0.0775
3.205,5,4.5,FF,,0.2805,-0.0775
3.21,5,4.5,FF,,0.2805,-0.0775
3.215,5,4.5,FF,,0.2804,-0.0775
3.22,5,4.5,FF,,0.2804,-0.0775
3.225,5,4.5,FF,,0.2803,-0.0775
3.23,5,4.5,FF,,0.2802,-0.0775
3.235,5,4.5,FF,,0.2802,-0.0775
3.24,5,4.5,FF,,0.2801,-0.0775
3.245,5,4.5,FF,,0.28,-0.0775
3.25,5,4.5,FF,,0.2799,-0.0775
3.255,5,4.5,FF,,0.2798,-0.0774
3.26,5,4.5,FF,,0.2797,-0.0774
3.265,5,4.5,FF,,0.2796,-0.0774
3.27,5,4.5,FF,,0.2795,-0.0774
3.275,5,4.5,FF,,0.2794,-0.0774
3.28,5,4.5,FF,,0.2793,-0.0774
3.285,5,4.5,FF,,0.2792,-0.0774
3.29,5,4.5,FF,,0.279,-0.0774
3.295,5,4.5,FF,,0.2789,-0.0773
3.3,5,4.5,FF,,0.2788,-0.0773
3.305,5,4.5,FF,,0.2786,-0.0773
3.31,5,4.5,FF,,0.2785,-0.0773
3.315,5,4.5,FF,,0.2784,-0.0773
3.32,5,4.5,FF,,0.2782,-0.0772
3.325,5,4.5,FF,,0.278,-0.0772
3.33,5,4.5,FF,,0.2779,-0.0772
3.335,5,4.5,FF,,0.2777,-0.0772
3.34,5,4.5,FF,,0.2776,-0.0771
3.345,5,4.5,FF,,0.2774,-0.0771
3.35,5,4.5,FF,,0.2772,-0.0771
3.355,5,4.5,FF,,0.277,-0.077
3.36,5,4.5,FF,,0.2768,-0.077
3.365,5,4.5,FF,,0.2766,-0.077
3.37,5,4.5,FF,,0.2764,-0.0769
3.375,5,4.5,FF,,0.2762,-0.0769
3.38,5,4.5,FF,,0.276,-0.0768
3.385,5,4.5,FF,,0.2758,-0.0768
3.39,5,4.5,FF,,0.2756,-0.0768
3.395,5,4.5,FF,,0.2754,-0.0767
3.4,5,4.5,FF,,0.2751,-0.0767
3.405,5,4.5,FF,,0.2749,-0.0766
3.41,5,4.5,FF,,0.2747,-0.0766
3.415,5,4.5,FF,,0.2744,-0.0765
3.42,5,4.5,FF,,0.2742,-0.0765
3.425,5,4.5,FF,,0.2739,-0.0764
3.43,5,4.5,FF,,0.2737,-0.0764
3.435,5,4.5,FF,,0.2734,-0.0763
3.44,5,4.5,FF,,0.2731,-0.0763
3.445,5,4.5,FF,,0.2728,-0.0762
3.45,5,4.5,FF,,0.2726,-0.0762
3.455,5,4.5,FF,,0.2723,-0.0761
3.46,5,4.5,FF,,0.272,-0.0761
3.465,5,4.5,FF,,0.2717,-0.076
3.47,5,4.5,FF,,0.2714,-0.0759
3.475,5,4.5,FF,,0.2711,-0.0759
3.48,5,4.5,FF,,0.2708,-0.0758
3.485,5,4.5,FF,,0.2705,-0.0757
3.49,5,4.5,FF,,0.2702,-0.0757
3.495,5,4.5,FF,,0.2698,-0.0756
3.5,5,4.5,FF,,0.2695,-0.0755
3.505,5,4.5,FF,,0.2692,-0.0755
3.51,5,4.5,FF,,0.2688,-0.0754
3.515,5,4.5,FF,,0.2685,-0.0753
3.52,5,4.5,FF,,0.2681,-0.0753
3.525,5,4.5,FF,,0.2678,-0.0752
3.53,5,4.5,FF,,0.2674,-0.0751
3.535,5,4.5,FF,,0.267,-0.075
3.54,5,4.5,FF,,0.2667,-0.0749
3.545,5,4.5,FF,,0.2663,-0.0749
3.55,5,4.5,FF,,0.2659,-0.0748
3.555,5,4.5,FF,,0.2655,-0.0747
3.56,5,4.5,FF,,0.2651,-0.0746
3.565,5,4.5,FF,,0.2647,-0.0745
3.57,5,4.5,FF,,0.2643,-0.0744
3.575,5,4.5,FF,,0.2639,-0.0743
3.58,5,4.5,FF,,0.2635,-0.0742
3.585,5,4.5,FF,,0.2631,-0.0742
3.59,5,4.5,FF,,0.2627,-0.0741
3.595,5,4.5,FF,,0.2622,-0.074
3.6,5,4.5,FF,,0.2618,-0.0739
3.605,5,4.5,FF,,0.2614,-0.0738
3.61,5,4.5,FF,,0.2609,-0.0737
3.615,5,4.5,FF,,0.2604,-0.0736
3.62,5,4.5,FF,,0.26,-0.0735
3.625,5,4.5,FF,,0.2595,-0.0734
3.63,5,4.5,FF,,0.2591,-0.0733
3.635,5,4.5,FF,,0.2586,-0.0732
3.64,5,4.5,FF,,0.2581,-0.073
3.645,5,4.5,FF,,0.2576,-0.0729
3.65,5,4.5,FF,,0.2571,-0.0728
3.655,5,4.5,FF,,0.2566,-0.0727
3.66,5,4.5,FF,,0.2561,-0.0726
3.665,5,4.5,FF,,0.2556,-0.0725
3.67,5,4.5,FF,,0.2551,-0.0724
3.675,5,4.5,FF,,0.2546,-0.0723
3.68,5,4.5,FF,,0.2541,-0.0721
3.685,5,4.5,FF,,0.2535,-0.072
3.69,5,4.5,FF,,0.253,-0.0719
3.695,5,4.5,FF,,0.2524,-0.0718
3.7,5,4.5,FF,,0.2519,-0.0716
3.705,5,4.5,FF,,0.2513,-0.0715
3.71,5,4.5,FF,,0.2508,-0.0714
3.715,5,4.5,FF,,0.2502,-0.0713
3.72,5,4.5,FF,,0.2496,-0.0711
3.725,5,4.5,FF,,0.2491,-0.071
3.73,5,4.5,FF,,0.2485,-0.0709
3.735,5,4.5,FF,,0.2479,-0.0707
3.74,5,4.5,FF,,0.2473,-0.0706
3.745,5,4.5,FF,,0.2467,-0.0705
3.75,5,4.5,FF,,0.2461,-0.0703
3.755,5,4.5,FF,,0.2455,-0.0702
3.76,5,4.5,FF,,0.2449,-0.07
3.765,5,4.5,FF,,0.2442,-0.0699
3.77,5,4.5,FF,,0.2436,-0.0697
3.775,5,4.5,FF,,0.243,-0.0696
3.78,5,4.5,FF,,0.2423,-0.0694
3.785,5,4.5,FF,,0.2417,-0.0693
3.79,5,4.5,FF,,0.241,-0.0691
3.795,5,4.5,FF,,0.2404,-0.069
3.8,5,4.5,FF,,0.2397,-0.0688
3.805,5,4.5,FF,,0.239,-0.0687
3.81,5,4.5,FF,,0.2384,-0.0685
3.815,5,4.5,FF,,0.2377,-0.0684
3.82,5,4.5,FF,,0.237,-0.0682
3.825,5,4.5,FF,,0.2363,-0.068
3.83,5,4.5,FF,,0.2356,-0.0679
3.835,5,4.5,FF,,0.2349,-0.0677
3.84,5,4.5,FF,,0.2342,-0.0675
3.845,5,4.5,FF,,0.2334,-0.0674
3.85,5,4.5,FF,,0.2327,-0.0672
3.855,5,4.5,FF,,0.232,-0.067
3.86,5,4.5,FF,,0.2312,-0.0668
3.865,5,4.5,FF,,0.2305,-0.0667
3.87,5,4.5,FF,,0.2297,-0.0665
3.875,5,4.5,FF,,0.229,-0.0663
3.88,5,4.5,FF,,0.2282,-0.0661
3.885,5,4.5,FF,,0.2275,-0.066
3.89,5,4.5,FF,,0.2267,-0.0658
3.895,5,4.5,FF,,0.2259,-0.0656
3.9,5,4.5,FF,,0.2251,-0.0654
3.905,5,4.5,FF,,0.2243,-0.0652
3.91,5,4.5,FF,,0.2235,-0.065
3.915,5,4.5,FF,,0.2227,-0.0648
3.92,5,4.5,FF,,0.2219,-0.0646
3.925,5,4.5,FF,,0.2211,-0.0644
3.93,5,4.5,FF,,0.2202,-0.0643
3.935,5,4.5,FF,,0.2194,-0.0641
3.94,5,4.5,FF,,0.2186,-0.0639
3.945,5,4.5,FF,,0.2177,-0.0637
3.95,5,4.5,FF,,0.2169,-0.0635
3.955,5,4.5,FF,,0.216,-0.0632
3.96,5,4.5,FF,,0.2152,-0.063
3.965,5,4.5,FF,,0.2143,-0.0628
3.97,5,4.5,FF,,0.2134,-0.0626
3.975,5,4.5,FF,,0.2125,-0.0624
3.98,5,4.5,FF,,0.2116,-0.0622
3.985,5,4.5,FF,,0.2107,-0.062
3.99,5,4.5,FF,,0.2098,-0.0618
3.995,5,4.5,FF,,0.2089,-0.0616
4,5,4.5,FF,,0.208,-0.0613
4.005,5,4.5,FF,,0.2071,-0.0611
4.01,5,4.5,FF,,0.2061,-0.0609
4.015,5,4.5,FF,,0.2052,-0.0607
4.02,5,4.5,FF,,0.2043,-0.0604
4.025,5,4.5,FF,,0.2033,-0.0602
4.03,5,4.5,FF,,0.2024,-0.06
4.035,5,4.5,FF,,0.2014,-0.0598
4.04,5,4.5,FF,,0.2004,-0.0595
4.045,5,4.5,FF,,0.1995,-0.0593
4.05,5,4.5,FF,,0.1985,-0.059
4.055,5,4.5,FF,,0.1975,-0.0588
4.06,5,4.5,FF,,0.1965,-0.0586
4.065,5,4.5,FF,,0.1955,-0.0583
4.07,5,4.5,FF,,0.1945,-0.0581
4.075,5,4.5,FF,,0.1935,-0.0578
4.08,5,4.5,FF,,0.1924,-0.0576
4.085,5,4.5,FF,,0.1914,-0.0573
4.09,5,4.5,FF,,0.1904,-0.0571
4.095,5,4.5,FF,,0.1893,-0.0568
4.1,5,4.5,FF,,0.1883,-0.0566
4.105,5,4.5,FF,,0.1872,-0.0563
4.11,5,4.5,FF,,0.1862,-0.0561
4.115,5,4.5,FF,,0.1851,-0.0558
4.12,5,4.5,FF,,0.184,-0.0556
4.125,5,4.5,FF,,0.1829,-0.0553
4.13,5,4.5,FF,,0.1818,-0.055
4.135,5,4.5,FF,,0.1807,-0.0548
4.14,5,4.5,FF,,0.1796,-0.0545
4.145,5,4.5,FF,,0.1785,-0.0542
4.15,5,4.5,FF,,0.1774,-0.054
4.155,5,4.5,FF,,0.1763,-0.0537
4.16,5,4.5,FF,,0.1751,-0.0534
4.165,5,4.5,FF,,0.174,-0.0531
4.17,5,4.5,FF,,0.1728,-0.0529
4.175,5,4.5,FF,,0.1717,-0.0526
4.18,5,4.5,FF,,0.1705,-0.0523
4.185,5,4.5,FF,,0.1694,-0.052
4.19,5,4.5,FF,,0.1682,-0.0517
4.195,5,4.5,FF,,0.167,-0.0514
4.2,5,4.5,FF,,0.1658,-0.0512
4.205,5,4.5,FF,,0.1646,-0.0509
4.21,5,4.5,FF,,0.1634,-0.0506
4.215,5,4.5,FF,,0.1622,-0.0503
4.22,5,4.5,FF,,0.161,-0.05
4.225,5,4.5,FF,,0.1598,-0.0497
4.23,5,4.5,FF,,0.1585,-0.0494
4.235,5,4.5,FF,,0.1573,-0.0491
4.24,5,4.5,FF,,0.156,-0.0488
4.245,5,4.5,FF,,0.1548,-0.0485
4.25,5,4.5,FF,,0.1535,-0.0482
4.255,5,4.5,FF,,0.1523,-0.0479
4.26,5,4.5,FF,,0.151,-0.0475
4.265,5,4.5,FF,,0.1497,-0.0472
4.27,5,4.5,FF,,0.1484,-0.0469
4.275,5,4.5,FF,,0.1471,-0.0466
4.28,5,4.5,FF,,0.1458,-0.0463
4.285,5,4.5,FF,,0.1445,-0.046
4.29,5,4.5,FF,,0.1432,-0.0456
4.295,5,4.5,FF,,0.1419,-0.0453
4.3,5,4.5,FF,,0.1405,-0.045
4.305,5,4.5,FF,,0.1392,-0.0447
4.31,5,4.5,FF,,0.1378,-0.0443
4.315,5,4.5,FF,,0.1365,-0.044
4.32,5,4.5,FF,,0.1351,-0.0437
4.325,5,4.5,FF,,0.1337,-0.0433
4.33,5,4.5,FF,,0.1324,-0.043
4.335,5,4.5,FF,,0.131,-0.0427
4.34,5,4.5,FF,,0.1296,-0.0423
4.345,5,4.5,FF,,0.1282,-0.042
4.35,5,4.5,FF,,0.1268,-0.0416
4.355,5,4.5,FF,,0.1254,-0.0413
4.36,5,4.5,FF,,0.1239,-0.0409
4.365,5,4.5,FF,,0.1225,-0.0406
4.37,5,4.5,FF,,0.1211,-0.0402
4.375,5,4.5,FF,,0.1196,-0.0399
4.38,5,4.5,FF,,0.1182,-0.0395
4.385,5,4.5,FF,,0.1167,-0.0392
4.39,5,4.5,FF,,0.1152,-0.0388
4.395,5,4.5,FF,,0.1138,-0.0384
4.4,5,4.5,FF,,0.1123,-0.0381
4.405,5,4.5,FF,,0.1108,-0.0377
4.41,5,4.5,FF,,0.1093,-0.0373
4.415,5,4.5,FF,,0.1078,-0.037
4.42,5,4.5,FF,,0.1063,-0.0366
4.425,5,4.5,FF,,0.1048,-0.0362
4.43,5,4.5,FF,,0.1032,-0.0358
4.435,5,4.5,FF,,0.1017,-0.0355
4.44,5,4.5,FF,,0.1001,-0.0351
4.445,5,4.5,FF,,0.0986,-0.0347
4.45,5,4.5,FF,,0.097,-0.0343
4.455,5,4.5,FF,,0.0955,-0.0339
4.46,5,4.5,FF,,0.0939,-0.0336
4.465,5,4.5,FF,,0.0923,-0.0332
4.47,5,4.5,FF,,0.0907,-0.0328
4.475,5,4.5,FF,,0.0891,-0.0324
4.48,5,4.5,FF,,0.0875,-0.032
4.485,5,4.5,FF,,0.0859,-0.0316
4.49,5,4.5,FF,,0.0843,-0.0312
4.495,5,4.5,FF,,0.0826,-0.0308
4.5,5,4.5,FF,,0.081,-0.0304
4.505,5,4.5,FF,,0.0794,-0.03
4.51,5,4.5,FF,,0.0777,-0.0296
4.515,5,4.5,FF,,0.0761,-0.0292
4.52,5,4.5,FF,,0.0746,-0.0287
4.525,5,4.5,FF,,0.073,-0.0283
4.53,5,4.5,FF,,0.0715,-0.0279
4.535,5,4.5,FF,,0.0699,-0.0275
4.54,5,4.5,FF,,0.0684,-0.0271
4.545,5,4.5,FF,,0.0669,-0.0267
4.55,5,4.5,FF,,0.0654,-0.0262
4.555,5,4.5,FF,,0.064,-0.0258
4.56,5,4.5,FF,,0.0625,-0.0254
4.565,5,4.5,FF,,0.0611,-0.025
4.57,5,4.5,FF,,0.0597,-0.0246
4.575,5,4.5,FF,,0.0583,-0.0241
4.58,5,4.5,FF,,0.0569,-0.0237
4.585,5,4.5,FF,,0.0555,-0.0233
4.59,5,4.5,FF,,0.0542,-0.0229
4.595,5,4.5,FF,,0.0529,-0.0225
4.6,5,4.5,FF,,0.0516,-0.022
4.605,5,4.5,FF,,0.0503,-0.0216
4.61,5,4.5,FF,,0.049,-0.0212
4.615,5,4.5,FF,,0.0477,-0.0208
4.62,5,4.5,FF,,0.0465,-0.0204
4.625,5,4.5,FF,,0.0452,-0.0199
4.63,5,4.5,FF,,0.044,-0.0195
4.635,5,4.5,FF,,0.0428,-0.0191
4.64,5,4.5,FF,,0.0417,-0.0187
4.645,5,4.5,FF,,0.0405,-0.0183
4.65,5,4.5,FF,,0.0394,-0.0179
4.655,5,4.5,FF,,0.0382,-0.0175
4.66,5,4.5,FF,,0.0371,-0.017
4.665,5,4.5,FF,,0.036,-0.0166
4.67,5,4.5,FF,,0.035,-0.0162
4.675,5,4.5,FF,,0.0339,-0.0158
4.68,5,4.5,FF,,0.0328,-0.0154
4.685,5,4.5,FF,,0.0318,-0.015
4.69,5,4.5,FF,,0.0308,-0.0146
4.695,5,4.5,FF,,0.0298,-0.0142
4.7,5,4.5,FF,,0.0288,-0.0139
4.705,5,4.5,FF,,0.0279,-0.0135
4.71,5,4.5,FF,,0.0269,-0.0131
4.715,5,4.5,FF,,0.026,-0.0127
4.72,5,4.5,FF,,0.0251,-0.0123
4.725,5,4.5,FF,,0.0242,-0.0119
4.73,5,4.5,FF,,0.0233,-0.0116
4.735,5,4.5,FF,,0.0225,-0.0112
4.74,5,4.5,FF,,0.0216,-0.0108
4.745,5,4.5,FF,,0.0208,-0.0105
4.75,5,4.5,FF,,0.02,-0.0101
4.755,5,4.5,FF,,0.0192,-0.0098
4.76,5,4.5,FF,,0.0184,-0.0094
4.765,5,4.5,FF,,0.0176,-0.0091
4.77,5,4.5,FF,,0.0169,-0.0087
4.775,5,4.5,FF,,0.0162,-0.0084
4.78,5,4.5,FF,,0.0154,-0.0081
4.785,5,4.5,FF,,0.0147,-0.0078
4.79,5,4.5,FF,,0.0141,-0.0074
4.795,5,4.5,FF,,0.0134,-0.0071
4.8,5,4.5,FF,,0.0127,-0.0068
4.805,5,4.5,FF,,0.0121,-0.0065
4.81,5,4.5,FF,,0.0115,-0.0062
4.815,5,4.5,FF,,0.0109,-0.0059
4.82,5,4.5,FF,,0.0103,-0.0056
4.825,5,4.5,FF,,0.0097,-0.0053
4.83,5,4.5,FF,,0.0092,-0.0051
4.835,5,4.5,FF,,0.0087,-0.0048
4.84,5,4.5,FF,,0.0081,-0.0045
4.845,5,4.5,FF,,0.0076,-0.0043
4.85,5,4.5,FF,,0.0071,-0.004
4.855,5,4.5,FF,,0.0067,-0.0038
4.86,5,4.5,FF,,0.0062,-0.0035
4.865,5,4.5,FF,,0.0058,-0.0033
4.87,5,4.5,FF,,0.0054,-0.0031
4.875,5,4.5,FF,,0.005,-0.0028
4.88,5,4.5,FF,,0.0046,-0.0026
4.885,5,4.5,FF,,0.0042,-0.0024
4.89,5,4.5,FF,,0.0038,-0.0022
4.895,5,4.5,FF,,0.0035,-0.002
4.9,5,4.5,FF,,0.0032,-0.0019
4.905,5,4.5,FF,,0.0029,-0.0017
4.91,5,4.5,FF,,0.0026,-0.0015
4.915,5,4.5,FF,,0.0023,-0.0014
4.92,5,4.5,FF,,0.002,-0.0012
4.925,5,4.5,FF,,0.0018,-0.0011
4.93,5,4.5,FF,,0.0015,-0.0009
4.935,5,4.5,FF,,0.0013,-0.0008
4.94,5,4.5,FF,,0.0011,-0.0007
4.945,5,4.5,FF,,0.001,-0.0006
4.95,5,4.5,FF,,0.0008,-0.0005
4.955,5,4.5,FF,,0.0006,-0.0004
4.96,5,4.5,FF,,0.0005,-0.0003
4.965,5,4.5,FF,,0.0004,-0.0002
4.97,5,4.5,FF,,0.0003,-0.0002
4.975,5,4.5,FF,,0.0002,-0.0001
4.98,5,4.5,FF,,0.0001,-0.0001
4.985,5,4.5,FF,,0.0001,0
4.99,5,4.5,FF,,0,0
4.995,5,4.5,FF,,0,0
5,5,4.5,FF,,0,0
0,5,5,FF,,0,0
0.005,5,5,FF,,0,0
0.01,5,5,FF,,0,0
0.015,5,5,FF,,0,0
0.02,5,5,FF,,0,0
0.025,5,5,FF,,0,0
0.03,5,5,FF,,0,0
0.035,5,5,FF,,0,0
0.04,5,5,FF,,0,0
0.045,5,5,FF,,0,0
0.05,5,5,FF,,0,0
0.055,5,5,FF,,0,0
0.06,5,5,FF,,0,0
0.065,5,5,FF,,0,0
0.07,5,5,FF,,0,0
0.075,5,5,FF,,0,0
0.08,5,5,FF,,0,0
0.085,5,5,FF,,0,0
0.09,5,5,FF,,0,0
0.095,5,5,FF,,0,0
0.1,5,5,FF,,0,0
0.105,5,5,FF,,0,0
0.11,5,5,FF,,0,0
0.115,5,5,FF,,0,0
0.12,5,5,FF,,0,0
0.125,5,5,FF,,0,0
0.13,5,5,FF,,0,0
0.135,5,5,FF,,0,0
0.14,5,5,FF,,0,0
0.145,5,5,FF,,0,0
0.15,5,5,FF,,0,0
0.155,5,5,FF,,0,0
0.16,5,5,FF,,0,0
0.165,5,5,FF,,0,0
0.17,5,5,FF,,0,0
0.175,5,5,FF,,0,0
0.18,5,5,FF,,0,0
0.185,5,5,FF,,0,0
0.19,5,5,FF,,0,0
0.195,5,5,FF,,0,0
0.2,5,5,FF,,0,0
0.205,5,5,FF,,0,0
0.21,5,5,FF,,0,0
0.215,5,5,FF,,0,0
0.22,5,5,FF,,0,0
0.225,5,5,FF,,0,0
0.23,5,5,FF,,0,0
0.235,5,5,FF,,0,0
0.24,5,5,FF,,0,0
0.245,5,5,FF,,0,0
0.25,5,5,FF,,0,0
0.255,5,5,FF,,0,0
0.26,5,5,FF,,0,0
0.265,5,5,FF,,0,0
0.27,5,5,FF,,0,0
0.275,5,5,FF,,0,0
0.28,5,5,FF,,0,0
0.285,5,5,FF,,0,0
0.29,5,5,FF,,0,0
0.295,5,5,FF,,0,0
0.3,5,5,FF,,0,0
0.305,5,5,FF,,0,0
0.31,5,5,FF,,0,0
0.315,5,5,FF,,0,0
0.32,5,5,FF,,0,0
0.325,5,5,FF,,0,0
0.33,5,5,FF,,0,0
0.335,5,5,FF,,0,0
0.34,5,5,FF,,0,0
0.345,5,5,FF,,0,0
0.35,5,5,FF,,0,0
0.355,5,5,FF,,0,0
0.36,5,5,FF,,0,0
0.365,5,5,FF,,0,0
0.37,5,5,FF,,0,0
0.375,5,5,FF,,0,0
0.38,5,5,FF,,0,0
0.385,5,5,FF,,0,0
0.39,5,5,FF,,0,0
0.395,5,5,FF,,0,0
0.4,5,5,FF,,0,0
0.405,5,5,FF,,0,0
0.41,5,5,FF,,0,0
0.415,5,5,FF,,0,0
0.42,5,5,FF,,0,0
0.425,5,5,FF,,0,0
0.43,5,5,FF,,0,0
0.435,5,5,FF,,0,0
0.44,5,5,FF,,0,0
0.445,5,5,FF,,0,0
0.45,5,5,FF,,0,0
0.455,5,5,FF,,0,0
0.46,5,5,FF,,0,0
0.465,5,5,FF,,0,0
0.47,5,5,FF,,0,0
0.475,5,5,FF,,0,0
0.48,5,5,FF,,0,0
0.485,5,5,FF,,0,0
0.49,5,5,FF,,0,0
0.495,5,5,FF,,0,0
0.5,5,5,FF,,0,0
0.505,5,5,FF,,0,0
0.51,5,5,FF,,0,0
0.515,5,5,FF,,0,0
0.52,5,5,FF,,0,0
0.525,5,5,FF,,0,0
0.53,5,5,FF,,0,0
0.535,5,5,FF,,0,0
0.54,5,5,FF,,0,0
0.545,5,5,FF,,0,0
0.55,5,5,FF,,0,0
0.555,5,5,FF,,0,0
0.56,5,5,FF,,0,0
0.565,5,5,FF,,0,0
0.57,5,5,FF,,0,0
0.575,5,5,FF,,0,0
0.58,5,5,FF,,0,0
0.585,5,5,FF,,0,0
0.59,5,5,FF,,0,0
0.595,5,5,FF,,0,0
0.6,5,5,FF,,0,0
0.605,5,5,FF,,0,0
0.61,5,5,FF,,0,0
0.615,5,5,FF,,0,0
0.62,5,5,FF,,0,0
0.625,5,5,FF,,0,0
0.63,5,5,FF,,0,0
0.635,5,5,FF,,0,0
0.64,5,5,FF,,0,0
0.645,5,5,FF,,0,0
0.65,5,5,FF,,0,0
0.655,5,5,FF,,0,0
0.66,5,5,FF,,0,0
0.665,5,5,FF,,0,0
0.67,5,5,FF,,0,0
0.675,5,5,FF,,0,0
0.68,5,5,FF,,0,0
0.685,5,5,FF,,0,0
0.69,5,5,FF,,0,0
0.695,5,5,FF,,0,0
0.7,5,5,FF,,0,0
0.705,5,5,FF,,0,0
0.71,5,5,FF,,0,0
0.715,5,5,FF,,0,0
0.72,5,5,FF,,0,0
0.725,5,5,FF,,0,0
0.73,5,5,FF,,0,0
0.735,5,5,FF,,0,0
0.74,5,5,FF,,0,0
0.745,5,5,FF,,0,0
0.75,5,5,FF,,0,0
0.755,5,5,FF,,0,0
0.76,5,5,FF,,0,0
0.765,5,5,FF,,0,0
0.77,5,5,FF,,0,0
0.775,5,5,FF,,0,0
0.78,5,5,FF,,0,0
0.785,5,5,FF,,0,0
0.79,5,5,FF,,0,0
0.795,5,5,FF,,0,0
0.8,5,5,FF,,0,0
0.805,5,5,FF,,0,0
0.81,5,5,FF,,0,0
0.815,5,5,FF,,0,0
0.82,5,5,FF,,0,0
0.825,5,5,FF,,0,0
0.83,5,5,FF,,0,0
0.835,5,5,FF,,0,0
0.84,5,5,FF,,0,0
0.845,5,5,FF,,0,0
0.85,5,5,FF,,0,0
0.855,5,5,FF,,0,0
0.86,5,5,FF,,0,0
0.865,5,5,FF,,0,0
0.87,5,5,FF,,0,0
0.875,5,5,FF,,0,0
0.88,5,5,FF,,0,0
0.885,5,5,FF,,0,0
0.89,5,5,FF,,0,0
0.895,5,5,FF,,0,0
0.9,5,5,FF,,0,0
0.905,5,5,FF,,0,0
0.91,5,5,FF,,0,0
0.915,5,5,FF,,0,0
0.92,5,5,FF,,0,0
0.925,5,5,FF,,0,0
0.93,5,5,FF,,0,0
0.935,5,5,FF,,0,0
0.94,5,5,FF,,0,0
0.945,5,5,FF,,0,0
0.95,5,5,FF,,0,0
0.955,5,5,FF,,0,0
0.96,5,5,FF,,0,0
0.965,5,5,FF,,0,0
0.97,5,5,FF,,0,0
0.975,5,5,FF,,0,0
0.98,5,5,FF,,0,0
0.985,5,5,FF,,0,0
0.99,5,5,FF,,0,0
0.995,5,5,FF,,0,0
1,5,5,FF,,0,0
1.005,5,5,FF,,0,0
1.01,5,5,FF,,0,0
1.015,5,5,FF,,0,0
1.02,5,5,FF,,0,0
1.025,5,5,FF,,0,0
1.03,5,5,FF,,0,0
1.035,5,5,FF,,0,0
1.04,5,5,FF,,0,0
1.045,5,5,FF,,0,0
1.05,5,5,FF,,0,0
1.055,5,5,FF,,0,0
1.06,5,5,FF,,0,0
1.065,5,5,FF,,0,0
1.07,5,5,FF,,0,0
1.075,5,5,FF,,0,0
1.08,5,5,FF,,0,0
1.085,5,5,FF,,0,0
1.09,5,5,FF,,0,0
1.095,5,5,FF,,0,0
1.1,5,5,FF,,0,0
1.105,5,5,FF,,0,0
1.11,5,5,FF,,0,0
1.115,5,5,FF,,0,0
1.12,5,5,FF,,0,0
1.125,5,5,FF,,0,0
1.13,5,5,FF,,0,0
1.135,5,5,FF,,0,0
1.14,5,5,FF,,0,0
1.145,5,5,FF,,0,0
1.15,5,5,FF,,0,0
1.155,5,5,FF,,0,0
1.16,5,5,FF,,0,0
1.165,5,5,FF,,0,0
1.17,5,5,FF,,0,0
1.175,5,5,FF,,0,0
1.18,5,5,FF,,0,0
1.185,5,5,FF,,0,0
1.19,5,5,FF,,0,0
1.195,5,5,FF,,0,0
1.2,5,5,FF,,0,0
1.205,5,5,FF,,0,0
1.21,5,5,FF,,0,0
1.215,5,5,FF,,0,0
1.22,5,5,FF,,0,0
1.225,5,5,FF,,0,0
1.23,5,5,FF,,0,0
1.235,5,5,FF,,0,0
1.24,5,5,FF,,0,0
1.245,5,5,FF,,0,0
1.25,5,5,FF,,0,0
1.255,5,5,FF,,0,0
1.26,5,5,FF,,0,0
1.265,5,5,FF,,0,0
1.27,5,5,FF,,0,0
1.275,5,5,FF,,0,0
1.28,5,5,FF,,0,0
1.285,5,5,FF,,0,0
1.29,5,5,FF,,0,0
1.295,5,5,FF,,0,0
1.3,5,5,FF,,0,0
1.305,5,5,FF,,0,0
1.31,5,5,FF,,0,0
1.315,5,5,FF,,0,0
1.32,5,5,FF,,0,0
1.325,5,5,FF,,0,0
1.33,5,5,FF,,0,0
1.335,5,5,FF,,0,0
1.34,5,5,FF,,0,0
1.345,5,5,FF,,0,0
1.35,5,5,FF,,0,0
1.355,5,5,FF,,0,0
1.36,5,5,FF,,0,0
1.365,5,5,FF,,0,0
1.37,5,5,FF,,0,0
1.375,5,5,FF,,0,0
1.38,5,5,FF,,0,0
1.385,5,5,FF,,0,0
1.39,5,5,FF,,0,0
1.395,5,5,FF,,0,0
1.4,5,5,FF,,0,0
1.405,5,5,FF,,0,0
1.41,5,5,FF,,0,0
1.415,5,5,FF,,0,0
1.42,5,5,FF,,0,0
1.425,5,5,FF,,0,0
1.43,5,5,FF,,0,0
1.435,5,5,FF,,0,0
1.44,5,5,FF,,0,0
1.445,5,5,FF,,0,0
1.45,5,5,FF,,0,0
1.455,5,5,FF,,0,0
1.46,5,5,FF,,0,0
1.465,5,5,FF,,0,0
1.47,5,5,FF,,0,0
1.475,5,5,FF,,0,0
1.48,5,5,FF,,0,0
1.485,5,5,FF,,0,0
1.49,5,5,FF,,0,0
1.495,5,5,FF,,0,0
1.5,5,5,FF,,0,0
1.505,5,5,FF,,0,0
1.51,5,5,FF,,0,0
1.515,5,5,FF,,0,0
1.52,5,5,FF,,0,0
1.525,5,5,FF,,0,0
1.53,5,5,FF,,0,0
1.535,5,5,FF,,0,0
1.54,5,5,FF,,0,0
1.545,5,5,FF,,0,0
1.55,5,5,FF,,0,0
1.555,5,5,FF,,0,0
1.56,5,5,FF,,0,0
1.565,5,5,FF,,0,0
1.57,5,5,FF,,0,0
1.575,5,5,FF,,0,0
1.58,5,5,FF,,0,0
1.585,5,5,FF,,0,0
1.59,5,5,FF,,0,0
1.595,5,5,FF,,0,0
1.6,5,5,FF,,0,0
1.605,5,5,FF,,0,0
1.61,5,5,FF,,0,0
1.615,5,5,FF,,0,0
1.62,5,5,FF,,0,0
1.625,5,5,FF,,0,0
1.63,5,5,FF,,0,0
1.635,5,5,FF,,0,0
1.64,5,5,FF,,0,0
1.645,5,5,FF,,0,0
1.65,5,5,FF,,0,0
1.655,5,5,FF,,0,0
1.66,5,5,FF,,0,0
1.665,5,5,FF,,0,0
1.67,5,5,FF,,0,0
1.675,5,5,FF,,0,0
1.68,5,5,FF,,0,0
1.685,5,5,FF,,0,0
1.69,5,5,FF,,0,0
1.695,5,5,FF,,0,0
1.7,5,5,FF,,0,0
1.705,5,5,FF,,0,0
1.71,5,5,FF,,0,0
1.715,5,5,FF,,0,0
1.72,5,5,FF,,0,0
1.725,5,5,FF,,0,0
1.73,5,5,FF,,0,0
1.735,5,5,FF,,0,0
1.74,5,5,FF,,0,0
1.745,5,5,FF,,0,0
1.75,5,5,FF,,0,0
1.755,5,5,FF,,0,0
1.76,5,5,FF,,0,0
1.765,5,5,FF,,0,0
1.77,5,5,FF,,0,0
1.775,5,5,FF,,0,0
1.78,5,5,FF,,0,0
1.785,5,5,FF,,0,0
1.79,5,5,FF,,0,0
1.795,5,5,FF,,0,0
1.8,5,5,FF,,0,0
1.805,5,5,FF,,0,0
1.81,5,5,FF,,0,0
1.815,5,5,FF,,0,0
1.82,5,5,FF,,0,0
1.825,5,5,FF,,0,0
1.83,5,5,FF,,0,0
1.835,5,5,FF,,0,0
1.84,5,5,FF,,0,0
1.845,5,5,FF,,0,0
1.85,5,5,FF,,0,0
1.855,5,5,FF,,0,0
1.86,5,5,FF,,0,0
1.865,5,5,FF,,0,0
1.87,5,5,FF,,0,0
1.875,5,5,FF,,0,0
1.88,5,5,FF,,0,0
1.885,5,5,FF,,0,0
1.89,5,5,FF,,0,0
1.895,5,5,FF,,0,0
1.9,5,5,FF,,0,0
1.905,5,5,FF,,0,0
1.91,5,5,FF,,0,0
1.915,5,5,FF,,0,0
1.92,5,5,FF,,0,0
1.925,5,5,FF,,0,0
1.93,5,5,FF,,0,0
1.935,5,5,FF,,0,0
1.94,5,5,FF,,0,0
1.945,5,5,FF,,0,0
1.95,5,5,FF,,0,0
1.955,5,5,FF,,0,0
1.96,5,5,FF,,0,0
1.965,5,5,FF,,0,0
1.97,5,5,FF,,0,0
1.975,5,5,FF,,0,0
1.98,5,5,FF,,0,0
1.985,5,5,FF,,0,0
1.99,5,5,FF,,0,0
1.995,5,5,FF,,0,0
2,5,5,FF,,0,0
2.005,5,5,FF,,0,0
2.01,5,5,FF,,0,0
2.015,5,5,FF,,0,0
2.02,5,5,FF,,0,0
2.025,5,5,FF,,0,0
2.03,5,5,FF,,0,0
2.035,5,5,FF,,0,0
2.04,5,5,FF,,0,0
2.045,5,5,FF,,0,0
2.05,5,5,FF,,0,0
2.055,5,5,FF,,0,0
2.06,5,5,FF,,0,0
2.065,5,5,FF,,0,0
2.07,5,5,FF,,0,0
2.075,5,5,FF,,0,0
2.08,5,5,FF,,0,0
2.085,5,5,FF,,0,0
2.09,5,5,FF,,0,0
2.095,5,5,FF,,0,0
2.1,5,5,FF,,0,0
2.105,5,5,FF,,0,0
2.11,5,5,FF,,0,0
2.115,5,5,FF,,0,0
2.12,5,5,FF,,0,0
2.125,5,5,FF,,0,0
2.13,5,5,FF,,0,0
2.135,5,5,FF,,0,0
2.14,5,5,FF,,0,0
2.145,5,5,FF,,0,0
2.15,5,5,FF,,0,0
2.155,5,5,FF,,0,0
2.16,5,5,FF,,0,0
2.165,5,5,FF,,0,0
2.17,5,5,FF,,0,0
2.175,5,5,FF,,0,0
2.18,5,5,FF,,0,0
2.185,5,5,FF,,0,0
2.19,5,5,FF,,0,0
2.195,5,5,FF,,0,0
2.2,5,5,FF,,0,0
2.205,5,5,FF,,0,0
2.21,5,5,FF,,0,0
2.215,5,5,FF,,0,0
2.22,5,5,FF,,0,0
2.225,5,5,FF,,0,0
2.23,5,5,FF,,0,0
2.235,5,5,FF,,0,0
2.24,5,5,FF,,0,0
2.245,5,5,FF,,0,0
2.25,5,5,FF,,0,0
2.255,5,5,FF,,0,0
2.26,5,5,FF,,0,0
2.265,5,5,FF,,0,0
2.27,5,5,FF,,0,0
2.275,5,5,FF,,0,0
2.28,5,5,FF,,0,0
2.285,5,5,FF,,0,0
2.29,5,5,FF,,0,0
2.295,5,5,FF,,0,0
2.3,5,5,FF,,0,0
2.305,5,5,FF,,0,0
2.31,5,5,FF,,0,0
2.315,5,5,FF,,0,0
2.32,5,5,FF,,0,0
2.325,5,5,FF,,0,0
2.33,5,5,FF,,0,0
2.335,5,5,FF,,0,0
2.34,5,5,FF,,0,0
2.345,5,5,FF,,0,0
2.35,5,5,FF,,0,0
2.355,5,5,FF,,0,0
2.36,5,5,FF,,0,0
2.365,5,5,FF,,0,0
2.37,5,5,FF,,0,0
2.375,5,5,FF,,0,0
2.38,5,5,FF,,0,0
2.385,5,5,FF,,0,0
2.39,5,5,FF,,0,0
2.395,5,5,FF,,0,0
2.4,5,5,FF,,0,0
2.405,5,5,FF,,0,0
2.41,5,5,FF,,0,0
2.415,5,5,FF,,0,0
2.42,5,5,FF,,0,0
2.425,5,5,FF,,0,0
2.43,5,5,FF,,0,0
2.435,5,5,FF,,0,0
2.44,5,5,FF,,0,0
2.445,5,5,FF,,0,0
2.45,5,5,FF,,0,0
2.455,5,5,FF,,0,0
2.46,5,5,FF,,0,0
2.465,5,5,FF,,0,0
2.47,5,5,FF,,0,0
2.475,5,5,FF,,0,0
2.48,5,5,FF,,0,0
2.485,5,5,FF,,0,0
2.49,5,5,FF,,0,0
2.495,5,5,FF,,0,0
2.5,5,5,FF,,0,0
2.505,5,5,FF,,0,0
2.51,5,5,FF,,0,0
2.515,5,5,FF,,0,0
2.52,5,5,FF,,0,0
2.525,5,5,FF,,0,0
2.53,5,5,FF,,0,0
2.535,5,5,FF,,0,0
2.54,5,5,FF,,0,0
2.545,5,5,FF,,0,0
2.55,5,5,FF,,0,0
2.555,5,5,FF,,0,0
2.56,5,5,FF,,0,0
2.565,5,5,FF,,0,0
2.57,5,5,FF,,0,0
2.575,5,5,FF,,0,0
2.58,5,5,FF,,0,0
2.585,5,5,FF,,0,0
2.59,5,5,FF,,0,0
2.595,5,5,FF,,0,0
2.6,5,5,FF,,0,0
2.605,5,5,FF,,0,0
2.61,5,5,FF,,0,0
2.615,5,5,FF,,0,0
2.62,5,5,FF,,0,0
2.625,5,5,FF,,0,0
2.63,5,5,FF,,0,0
2.635,5,5,FF,,0,0
2.64,5,5,FF,,0,0
2.645,5,5,FF,,0,0
2.65,5,5,FF,,0,0
2.655,5,5,FF,,0,0
2.66,5,5,FF,,0,0
2.665,5,5,FF,,0,0
2.67,5,5,FF,,0,0
2.675,5,5,FF,,0,0
2.68,5,5,FF,,0,0
2.685,5,5,FF,,0,0
2.69,5,5,FF,,0,0
2.695,5,5,FF,,0,0
2.7,5,5,FF,,0,0
2.705,5,5,FF,,0,0
2.71,5,5,FF,,0,0
2.715,5,5,FF,,0,0
2.72,5,5,FF,,0,0
2.725,5,5,FF,,0,0
2.73,5,5,FF,,0,0
2.735,5,5,FF,,0,0
2.74,5,5,FF,,0,0
2.745,5,5,FF,,0,0
2.75,5,5,FF,,0,0
2.755,5,5,FF,,0,0
2.76,5,5,FF,,0,0
2.765,5,5,FF,,0,0
2.77,5,5,FF,,0,0
2.775,5,5,FF,,0,0
2.78,5,5,FF,,0,0
2.785,5,5,FF,,0,0
2.79,5,5,FF,,0,0
2.795,5,5,FF,,0,0
2.8,5,5,FF,,0,0
2.805,5,5,FF,,0,0
2.81,5,5,FF,,0,0
2.815,5,5,FF,,0,0
2.82,5,5,FF,,0,0
2.825,5,5,FF,,0,0
2.83,5,5,FF,,0,0
2.835,5,5,FF,,0,0
2.84,5,5,FF,,0,0
2.845,5,5,FF,,0,0
2.85,5,5,FF,,0,0
2.855,5,5,FF,,0,0
2.86,5,5,FF,,0,0
2.865,5,5,FF,,0,0
2.87,5,5,FF,,0,0
2.875,5,5,FF,,0,0
2.88,5,5,FF,,0,0
2.885,5,5,FF,,0,0
2.89,5,5,FF,,0,0
2.895,5,5,FF,,0,0
2.9,5,5,FF,,0,0
2.905,5,5,FF,,0,0
2.91,5,5,FF,,0,0
2.915,5,5,FF,,0,0
2.92,5,5,FF,,0,0
2.925,5,5,FF,,0,0
2.93,5,5,FF,,0,0
2.935,5,5,FF,,0,0
2.94,5,5,FF,,0,0
2.945,5,5,FF,,0,0
2.95,5,5,FF,,0,0
2.955,5,5,FF,,0,0
2.96,5,5,FF,,0,0
2.965,5,5,FF,,0,0
2.97,5,5,FF,,0,0
2.975,5,5,FF,,0,0
2.98,5,5,FF,,0,0
2.985,5,5,FF,,0,0
2.99,5,5,FF,,0,0
2.995,5,5,FF,,0,0
3,5,5,FF,,0,0
3.005,5,5,FF,,0,0
3.01,5,5,FF,,0,0
3.015,5,5,FF,,0,0
3.02,5,5,FF,,0,0
3.025,5,5,FF,,0,0
3.03,5,5,FF,,0,0
3.035,5,5,FF,,0,0
3.04,5,5,FF,,0,0
3.045,5,5,FF,,0,0
3.05,5,5,FF,,0,0
3.055,5,5,FF,,0,0
3.06,5,5,FF,,0,0
3.065,5,5,FF,,0,0
3.07,5,5,FF,,0,0
3.075,5,5,FF,,0,0
3.08,5,5,FF,,0,0
3.085,5,5,FF,,0,0
3.09,5,5,FF,,0,0
3.095,5,5,FF,,0,0
3.1,5,5,FF,,0,0
3.105,5,5,FF,,0,0
3.11,5,5,FF,,0,0
3.115,5,5,FF,,0,0
3.12,5,5,FF,,0,0
3.125,5,5,FF,,0,0
3.13,5,5,FF,,0,0
3.135,5,5,FF,,0,0
3.14,5,5,FF,,0,0
3.145,5,5,FF,,0,0
3.15,5,5,FF,,0,0
3.155,5,5,FF,,0,0
3.16,5,5,FF,,0,0
3.165,5,5,FF,,0,0
3.17,5,5,FF,,0,0
3.175,5,5,FF,,0,0
3.18,5,5,FF,,0,0
3.185,5,5,FF,,0,0
3.19,5,5,FF,,0,0
3.195,5,5,FF,,0,0
3.2,5,5,FF,,0,0
3.205,5,5,FF,,0,0
3.21,5,5,FF,,0,0
3.215,5,5,FF,,0,0
3.22,5,5,FF,,0,0
3.225,5,5,FF,,0,0
3.23,5,5,FF,,0,0
3.235,5,5,FF,,0,0
3.24,5,5,FF,,0,0
3.245,5,5,FF,,0,0
3.25,5,5,FF,,0,0
3.255,5,5,FF,,0,0
3.26,5,5,FF,,0,0
3.265,5,5,FF,,0,0
3.27,5,5,FF,,0,0
3.275,5,5,FF,,0,0
3.28,5,5,FF,,0,0
3.285,5,5,FF,,0,0
3.29,5,5,FF,,0,0
3.295,5,5,FF,,0,0
3.3,5,5,FF,,0,0
3.305,5,5,FF,,0,0
3.31,5,5,FF,,0,0
3.315,5,5,FF,,0,0
3.32,5,5,FF,,0,0
3.325,5,5,FF,,0,0
3.33,5,5,FF,,0,0
3.335,5,5,FF,,0,0
3.34,5,5,FF,,0,0
3.345,5,5,FF,,0,0
3.35,5,5,FF,,0,0
3.355,5,5,FF,,0,0
3.36,5,5,FF,,0,0
3.365,5,5,FF,,0,0
3.37,5,5,FF,,0,0
3.375,5,5,FF,,0,0
3.38,5,5,FF,,0,0
3.385,5,5,FF,,0,0
3.39,5,5,FF,,0,0
3.395,5,5,FF,,0,0
3.4,5,5,FF,,0,0
3.405,5,5,FF,,0,0
3.41,5,5,FF,,0,0
3.415,5,5,FF,,0,0
3.42,5,5,FF,,0,0
3.425,5,5,FF,,0,0
3.43,5,5,FF,,0,0
3.435,5,5,FF,,0,0
3.44,5,5,FF,,0,0
3.445,5,5,FF,,0,0
3.45,5,5,FF,,0,0
3.455,5,5,FF,,0,0
3.46,5,5,FF,,0,0
3.465,5,5,FF,,0,0
3.47,5,5,FF,,0,0
3.475,5,5,FF,,0,0
3.48,5,5,FF,,0,0
3.485,5,5,FF,,0,0
3.49,5,5,FF,,0,0
3.495,5,5,FF,,0,0
3.5,5,5,FF,,0,0
3.505,5,5,FF,,0,0
3.51,5,5,FF,,0,0
3.515,5,5,FF,,0,0
3.52,5,5,FF,,0,0
3.525,5,5,FF,,0,0
3.53,5,5,FF,,0,0
3.535,5,5,FF,,0,0
3.54,5,5,FF,,0,0
3.545,5,5,FF,,0,0
3.55,5,5,FF,,0,0
3.555,5,5,FF,,0,0
3.56,5,5,FF,,0,0
3.565,5,5,FF,,0,0
3.57,5,5,FF,,0,0
3.575,5,5,FF,,0,0
3.58,5,5,FF,,0,0
3.585,5,5,FF,,0,0
3.59,5,5,FF,,0,0
3.595,5,5,FF,,0,0
3.6,5,5,FF,,0,0
3.605,5,5,FF,,0,0
3.61,5,5,FF,,0,0
3.615,5,5,FF,,0,0
3.62,5,5,FF,,0,0
3.625,5,5,FF,,0,0
3.63,5,5,FF,,0,0
3.635,5,5,FF,,0,0
3.64,5,5,FF,,0,0
3.645,5,5,FF,,0,0
3.65,5,5,FF,,0,0
3.655,5,5,FF,,0,0
3.66,5,5,FF,,0,0
3.665,5,5,FF,,0,0
3.67,5,5,FF,,0,0
3.675,5,5,FF,,0,0
3.68,5,5,FF,,0,0
3.685,5,5,FF,,0,0
3.69,5,5,FF,,0,0
3.695,5,5,FF,,0,0
3.7,5,5,FF,,0,0
3.705,5,5,FF,,0,0
3.71,5,5,FF,,0,0
3.715,5,5,FF,,0,0
3.72,5,5,FF,,0,0
3.725,5,5,FF,,0,0
3.73,5,5,FF,,0,0
3.735,5,5,FF,,0,0
3.74,5,5,FF,,0,0
3.745,5,5,FF,,0,0
3.75,5,5,FF,,0,0
3.755,5,5,FF,,0,0
3.76,5,5,FF,,0,0
3.765,5,5,FF,,0,0
3.77,5,5,FF,,0,0
3.775,5,5,FF,,0,0
3.78,5,5,FF,,0,0
3.785,5,5,FF,,0,0
3.79,5,5,FF,,0,0
3.795,5,5,FF,,0,0
3.8,5,5,FF,,0,0
3.805,5,5,FF,,0,0
3.81,5,5,FF,,0,0
3.815,5,5,FF,,0,0
3.82,5,5,FF,,0,0
3.825,5,5,FF,,0,0
3.83,5,5,FF,,0,0
3.835,5,5,FF,,0,0
3.84,5,5,FF,,0,0
3.845,5,5,FF,,0,0
3.85,5,5,FF,,0,0
3.855,5,5,FF,,0,0
3.86,5,5,FF,,0,0
3.865,5,5,FF,,0,0
3.87,5,5,FF,,0,0
3.875,5,5,FF,,0,0
3.88,5,5,FF,,0,0
3.885,5,5,FF,,0,0
3.89,5,5,FF,,0,0
3.895,5,5,FF,,0,0
3.9,5,5,FF,,0,0
3.905,5,5,FF,,0,0
3.91,5,5,FF,,0,0
3.915,5,5,FF,,0,0
3.92,5,5,FF,,0,0
3.925,5,5,FF,,0,0
3.93,5,5,FF,,0,0
3.935,5,5,FF,,0,0
3.94,5,5,FF,,0,0
3.945,5,5,FF,,0,0
3.95,5,5,FF,,0,0
3.955,5,5,FF,,0,0
3.96,5,5,FF,,0,0
3.965,5,5,FF,,0,0
3.97,5,5,FF,,0,0
3.975,5,5,FF,,0,0
3.98,5,5,FF,,0,0
3.985,5,5,FF,,0,0
3.99,5,5,FF,,0,0
3.995,5,5,FF,,0,0
4,5,5,FF,,0,0
4.005,5,5,FF,,0,0
4.01,5,5,FF,,0,0
4.015,5,5,FF,,0,0
4.02,5,5,FF,,0,0
4.025,5,5,FF,,0,0
4.03,5,5,FF,,0,0
4.035,5,5,FF,,0,0
4.04,5,5,FF,,0,0
4.045,5,5,FF,,0,0
4.05,5,5,FF,,0,0
4.055,5,5,FF,,0,0
4.06,5,5,FF,,0,0
4.065,5,5,FF,,0,0
4.07,5,5,FF,,0,0
4.075,5,5,FF,,0,0
4.08,5,5,FF,,0,0
4.085,5,5,FF,,0,0
4.09,5,5,FF,,0,0
4.095,5,5,FF,,0,0
4.1,5,5,FF,,0,0
4.105,5,5,FF,,0,0
4.11,5,5,FF,,0,0
4.115,5,5,FF,,0,0
4.12,5,5,FF,,0,0
4.125,5,5,FF,,0,0
4.13,5,5,FF,,0,0
4.135,5,5,FF,,0,0
4.14,5,5,FF,,0,0
4.145,5,5,FF,,0,0
4.15,5,5,FF,,0,0
4.155,5,5,FF,,0,0
4.16,5,5,FF,,0,0
4.165,5,5,FF,,0,0
4.17,5,5,FF,,0,0
4.175,5,5,FF,,0,0
4.18,5,5,FF,,0,0
4.185,5,5,FF,,0,0
4.19,5,5,FF,,0,0
4.195,5,5,FF,,0,0
4.2,5,5,FF,,0,0
4.205,5,5,FF,,0,0
4.21,5,5,FF,,0,0
4.215,5,5,FF,,0,0
4.22,5,5,FF,,0,0
4.225,5,5,FF,,0,0
4.23,5,5,FF,,0,0
4.235,5,5,FF,,0,0
4.24,5,5,FF,,0,0
4.245,5,5,FF,,0,0
4.25,5,5,FF,,0,0
4.255,5,5,FF,,0,0
4.26,5,5,FF,,0,0
4.265,5,5,FF,,0,0
4.27,5,5,FF,,0,0
4.275,5,5,FF,,0,0
4.28,5,5,FF,,0,0
4.285,5,5,FF,,0,0
4.29,5,5,FF,,0,0
4.295,5,5,FF,,0,0
4.3,5,5,FF,,0,0
4.305,5,5,FF,,0,0
4.31,5,5,FF,,0,0
4.315,5,5,FF,,0,0
4.32,5,5,FF,,0,0
4.325,5,5,FF,,0,0
4.33,5,5,FF,,0,0
4.335,5,5,FF,,0,0
4.34,5,5,FF,,0,0
4.345,5,5,FF,,0,0
4.35,5,5,FF,,0,0
4.355,5,5,FF,,0,0
4.36,5,5,FF,,0,0
4.365,5,5,FF,,0,0
4.37,5,5,FF,,0,0
4.375,5,5,FF,,0,0
4.38,5,5,FF,,0,0
4.385,5,5,FF,,0,0
4.39,5,5,FF,,0,0
4.395,5,5,FF,,0,0
4.4,5,5,FF,,0,0
4.405,5,5,FF,,0,0
4.41,5,5,FF,,0,0
4.415,5,5,FF,,0,0
4.42,5,5,FF,,0,0
4.425,5,5,FF,,0,0
4.43,5,5,FF,,0,0
4.435,5,5,FF,,0,0
4.44,5,5,FF,,0,0
4.445,5,5,FF,,0,0
4.45,5,5,FF,,0,0
4.455,5,5,FF,,0,0
4.46,5,5,FF,,0,0
4.465,5,5,FF,,0,0
4.47,5,5,FF,,0,0
4.475,5,5,FF,,0,0
4.48,5,5,FF,,0,0
4.485,5,5,FF,,0,0
4.49,5,5,FF,,0,0
4.495,5,5,FF,,0,0
4.5,5,5,FF,,0,0
4.505,5,5,FF,,0,0
4.51,5,5,FF,,0,0
4.515,5,5,FF,,0,0
4.52,5,5,FF,,0,0
4.525,5,5,FF,,0,0
4.53,5,5,FF,,0,0
4.535,5,5,FF,,0,0
4.54,5,5,FF,,0,0
4.545,5,5,FF,,0,0
4.55,5,5,FF,,0,0
4.555,5,5,FF,,0,0
4.56,5,5,FF,,0,0
4.565,5,5,FF,,0,0
4.57,5,5,FF,,0,0
4.575,5,5,FF,,0,0
4.58,5,5,FF,,0,0
4.585,5,5,FF,,0,0
4.59,5,5,FF,,0,0
4.595,5,5,FF,,0,0
4.6,5,5,FF,,0,0
4.605,5,5,FF,,0,0
4.61,5,5,FF,,0,0
4.615,5,5,FF,,0,0
4.62,5,5,FF,,0,0
4.625,5,5,FF,,0,0
4.63,5,5,FF,,0,0
4.635,5,5,FF,,0,0
4.64,5,5,FF,,0,0
4.645,5,5,FF,,0,0
4.65,5,5,FF,,0,0
4.655,5,5,FF,,0,0
4.66,5,5,FF,,0,0
4.665,5,5,FF,,0,0
4.67,5,5,FF,,0,0
4.675,5,5,FF,,0,0
4.68,5,5,FF,,0,0
4.685,5,5,FF,,0,0
4.69,5,5,FF,,0,0
4.695,5,5,FF,,0,0
4.7,5,5,FF,,0,0
4.705,5,5,FF,,0,0
4.71,5,5,FF,,0,0
4.715,5,5,FF,,0,0
4.72,5,5,FF,,0,0
4.725,5,5,FF,,0,0
4.73,5,5,FF,,0,0
4.735,5,5,FF,,0,0
4.74,5,5,FF,,0,0
4.745,5,5,FF,,0,0
4.75,5,5,FF,,0,0
4.755,5,5,FF,,0,0
4.76,5,5,FF,,0,0
4.765,5,5,FF,,0,0
4.77,5,5,FF,,0,0
4.775,5,5,FF,,0,0
4.78,5,5,FF,,0,0
4.785,5,5,FF,,0,0
4.79,5,5,FF,,0,0
4.795,5,5,FF,,0,0
4.8,5,5,FF,,0,0
4.805,5,5,FF,,0,0
4.81,5,5,FF,,0,0
4.815,5,5,FF,,0,0
4.82,5,5,FF,,0,0
4.825,5,5,FF,,0,0
4.83,5,5,FF,,0,0
4.835,5,5,FF,,0,0
4.84,5,5,FF,,0,0
4.845,5,5,FF,,0,0
4.85,5,5,FF,,0,0
4.855,5,5,FF,,0,0
4.86,5,5,FF,,0,0
4.865,5,5,FF,,0,0
4.87,5,5,FF,,0,0
4.875,5,5,FF,,0,0
4.88,5,5,FF,,0,0
4.885,5,5,FF,,0,0
4.89,5,5,FF,,0,0
4.895,5,5,FF,,0,0
4.9,5,5,FF,,0,0
4.905,5,5,FF,,0,0
4.91,5,5,FF,,0,0
4.915,5,5,FF,,0,0
4.92,5,5,FF,,0,0
4.925,5,5,FF,,0,0
4.93,5,5,FF,,0,0
4.935,5,5,FF,,0,0
4.94,5,5,FF,,0,0
4.945,5,5,FF,,0,0
4.95,5,5,FF,,0,0
4.955,5,5,FF,,0,0
4.96,5,5,FF,,0,0
4.965,5,5,FF,,0,0
4.97,5,5,FF,,0,0
4.975,5,5,FF,,0,0
4.98,5,5,FF,,0,0
4.985,5,5,FF,,0,0
4.99,5,5,FF,,0,0
4.995,5,5,FF,,0,0
5,5,5,FF,,0,0
0,5,0,SF,,0,0
0.005,5,0,SF,,-0.0064,0
0.01,5,0,SF,,-0.0127,0
0.015,5,0,SF,,-0.019,0
0.02,5,0,SF,,-0.0253,0
0.025,5,0,SF,,-0.0316,0
0.03,5,0,SF,,-0.0378,0
0.035,5,0,SF,,-0.044,0
0.04,5,0,SF,,-0.0502,0
0.045,5,0,SF,,-0.0563,0
0.05,5,0,SF,,-0.0625,0
0.055,5,0,SF,,-0.0686,0
0.06,5,0,SF,,-0.0747,0
0.065,5,0,SF,,-0.0807,0
0.07,5,0,SF,,-0.0868,0
0.075,5,0,SF,,-0.0928,0
0.08,5,0,SF,,-0.0988,0
0.085,5,0,SF,,-0.1047,0
0.09,5,0,SF,,-0.1107,0
0.095,5,0,SF,,-0.1166,0
0.1,5,0,SF,,-0.1225,0
0.105,5,0,SF,,-0.1283,0
0.11,5,0,SF,,-0.1341,0
0.115,5,0,SF,,-0.14,0
0.12,5,0,SF,,-0.1457,0
0.125,5,0,SF,,-0.1515,0
0.13,5,0,SF,,-0.1572,0
0.135,5,0,SF,,-0.163,0
0.14,5,0,SF,,-0.1686,0
0.145,5,0,SF,,-0.1743,0
0.15,5,0,SF,,-0.1799,0
0.155,5,0,SF,,-0.1856,0
0.16,5,0,SF,,-0.1912,0
0.165,5,0,SF,,-0.1967,0
0.17,5,0,SF,,-0.2023,0
0.175,5,0,SF,,-0.2078,0
0.18,5,0,SF,,-0.2133,0
0.185,5,0,SF,,-0.2187,0
0.19,5,0,SF,,-0.2242,0
0.195,5,0,SF,,-0.2296,0
0.2,5,0,SF,,-0.235,0
0.205,5,0,SF,,-0.2404,0
0.21,5,0,SF,,-0.2457,0
0.215,5,0,SF,,-0.2511,0
0.22,5,0,SF,,-0.2564,0
0.225,5,0,SF,,-0.2616,0
0.23,5,0,SF,,-0.2669,0
0.235,5,0,SF,,-0.2721,0
0.24,5,0,SF,,-0.2773,0
0.245,5,0,SF,,-0.2825,0
0.25,5,0,SF,,-0.2877,0
0.255,5,0,SF,,-0.2928,0
0.26,5,0,SF,,-0.2979,0
0.265,5,0,SF,,-0.303,0
0.27,5,0,SF,,-0.3081,0
0.275,5,0,SF,,-0.3131,0
0.28,5,0,SF,,-0.3181,0
0.285,5,0,SF,,-0.3231,0
0.29,5,0,SF,,-0.3281,0
0.295,5,0,SF,,-0.3331,0
0.3,5,0,SF,,-0.338,0
0.305,5,0,SF,,-0.3429,0
0.31,5,0,SF,,-0.3478,0
0.315,5,0,SF,,-0.3526,0
0.32,5,0,SF,,-0.3574,0
0.325,5,0,SF,,-0.3623,0
0.33,5,0,SF,,-0.367,0
0.335,5,0,SF,,-0.3718,0
0.34,5,0,SF,,-0.3765,0
0.345,5,0,SF,,-0.3813,0
0.35,5,0,SF,,-0.386,0
0.355,5,0,SF,,-0.3906,0
0.36,5,0,SF,,-0.3953,0
0.365,5,0,SF,,-0.3999,0
0.37,5,0,SF,,-0.4045,0
0.375,5,0,SF,,-0.4091,0
0.38,5,0,SF,,-0.4137,0
0.385,5,0,SF,,-0.4182,0
0.39,5,0,SF,,-0.4227,0
0.395,5,0,SF,,-0.4272,0
0.4,5,0,SF,,-0.4317,0
0.405,5,0,SF,,-0.4361,0
0.41,5,0,SF,,-0.4405,0
0.415,5,0,SF,,-0.4449,0
0.42,5,0,SF,,-0.4493,0
0.425,5,0,SF,,-0.4537,0
0.43,5,0,SF,,-0.458,0
0.435,5,0,SF,,-0.4623,0
0.44,5,0,SF,,-0.4666,0
0.445,5,0,SF,,-0.4709,0
0.45,5,0,SF,,-0.4751,0
0.455,5,0,SF,,-0.4793,0
0.46,5,0,SF,,-0.4835,0
0.465,5,0,SF,,-0.4877,0
0.47,5,0,SF,,-0.4919,0
0.475,5,0,SF,,-0.496,0
0.48,5,0,SF,,-0.5001,0
0.485,5,0,SF,,-0.5042,0
0.49,5,0,SF,,-0.5083,0
0.495,5,0,SF,,-0.5123,0
0.5,5,0,SF,,-0.5164,0
0.505,5,0,SF,,-0.5204,0
0.51,5,0,SF,,-0.5244,0
0.515,5,0,SF,,-0.5283,0
0.52,5,0,SF,,-0.5323,0
0.525,5,0,SF,,-0.5362,0
0.53,5,0,SF,,-0.5401,0
0.535,5,0,SF,,-0.544,0
0.54,5,0,SF,,-0.5478,0
0.545,5,0,SF,,-0.5516,0
0.55,5,0,SF,,-0.5555,0
0.555,5,0,SF,,-0.5593,0
0.56,5,0,SF,,-0.563,0
0.565,5,0,SF,,-0.5668,0
0.57,5,0,SF,,-0.5705,0
0.575,5,0,SF,,-0.5742,0
0.58,5,0,SF,,-0.5779,0
0.585,5,0,SF,,-0.5816,0
0.59,5,0,SF,,-0.5852,0
0.595,5,0,SF,,-0.5888,0
0.6,5,0,SF,,-0.5924,0
0.605,5,0,SF,,-0.596,0
0.61,5,0,SF,,-0.5996,0
0.615,5,0,SF,,-0.6031,0
0.62,5,0,SF,,-0.6066,0
0.625,5,0,SF,,-0.6101,0
0.63,5,0,SF,,-0.6136,0
0.635,5,0,SF,,-0.617,0
0.64,5,0,SF,,-0.6205,0
0.645,5,0,SF,,-0.6239,0
0.65,5,0,SF,,-0.6273,0
0.655,5,0,SF,,-0.6307,0
0.66,5,0,SF,,-0.634,0
0.665,5,0,SF,,-0.6373,0
0.67,5,0,SF,,-0.6406,0
0.675,5,0,SF,,-0.6439,0
0.68,5,0,SF,,-0.6472,0
0.685,5,0,SF,,-0.6505,0
0.69,5,0,SF,,-0.6537,0
0.695,5,0,SF,,-0.6569,0
0.7,5,0,SF,,-0.6601,0
0.705,5,0,SF,,-0.6633,0
0.71,5,0,SF,,-0.6664,0
0.715,5,0,SF,,-0.6695,0
0.72,5,0,SF,,-0.6727,0
0.725,5,0,SF,,-0.6757,0
0.73,5,0,SF,,-0.6788,0
0.735,5,0,SF,,-0.6819,0
0.74,5,0,SF,,-0.6849,0
0.745,5,0,SF,,-0.6879,0
0.75,5,0,SF,,-0.6909,0
0.755,5,0,SF,,-0.6939,0
0.76,5,0,SF,,-0.6968,0
0.765,5,0,SF,,-0.6997,0
0.77,5,0,SF,,-0.7027,0
0.775,5,0,SF,,-0.7055,0
0.78,5,0,SF,,-0.7084,0
0.785,5,0,SF,,-0.7113,0
0.79,5,0,SF,,-0.7141,0
0.795,5,0,SF,,-0.7169,0
0.8,5,0,SF,,-0.7197,0
0.805,5,0,SF,,-0.7225,0
0.81,5,0,SF,,-0.7252,0
0.815,5,0,SF,,-0.728,0
0.82,5,0,SF,,-0.7307,0
0.825,5,0,SF,,-0.7334,0
0.83,5,0,SF,,-0.7361,0
0.835,5,0,SF,,-0.7387,0
0.84,5,0,SF,,-0.7414,0
0.845,5,0,SF,,-0.744,0
0.85,5,0,SF,,-0.7466,0
0.855,5,0,SF,,-0.7492,0
0.86,5,0,SF,,-0.7517,0
0.865,5,0,SF,,-0.7543,0
0.87,5,0,SF,,-0.7568,0
0.875,5,0,SF,,-0.7593,0
0.88,5,0,SF,,-0.7618,0
0.885,5,0,SF,,-0.7643,0
0.89,5,0,SF,,-0.7667,0
0.895,5,0,SF,,-0.7692,0
0.9,5,0,SF,,-0.7716,0
0.905,5,0,SF,,-0.774,0
0.91,5,0,SF,,-0.7764,0
0.915,5,0,SF,,-0.7787,0
0.92,5,0,SF,,-0.781,0
0.925,5,0,SF,,-0.7834,0
0.93,5,0,SF,,-0.7857,0
0.935,5,0,SF,,-0.788,0
0.94,5,0,SF,,-0.7902,0
0.945,5,0,SF,,-0.7925,0
0.95,5,0,SF,,-0.7947,0
0.955,5,0,SF,,-0.7969,0
0.96,5,0,SF,,-0.7991,0
0.965,5,0,SF,,-0.8013,0
0.97,5,0,SF,,-0.8034,0
0.975,5,0,SF,,-0.8056,0
0.98,5,0,SF,,-0.8077,0
0.985,5,0,SF,,-0.8098,0
0.99,5,0,SF,,-0.8119,0
0.995,5,0,SF,,-0.814,0
1,5,0,SF,,-0.816,0
1.005,5,0,SF,,-0.818,0
1.01,5,0,SF,,-0.82,0
1.015,5,0,SF,,-0.822,0
1.02,5,0,SF,,-0.824,0
1.025,5,0,SF,,-0.826,0
1.03,5,0,SF,,-0.8279,0
1.035,5,0,SF,,-0.8298,0
1.04,5,0,SF,,-0.8318,0
1.045,5,0,SF,,-0.8336,0
1.05,5,0,SF,,-0.8355,0
1.055,5,0,SF,,-0.8374,0
1.06,5,0,SF,,-0.8392,0
1.065,5,0,SF,,-0.841,0
1.07,5,0,SF,,-0.8428,0
1.075,5,0,SF,,-0.8446,0
1.08,5,0,SF,,-0.8464,0
1.085,5,0,SF,,-0.8481,0
1.09,5,0,SF,,-0.8499,0
1.095,5,0,SF,,-0.8516,0
1.1,5,0,SF,,-0.8533,0
1.105,5,0,SF,,-0.855,0
1.11,5,0,SF,,-0.8566,0
1.115,5,0,SF,,-0.8583,0
1.12,5,0,SF,,-0.8599,0
1.125,5,0,SF,,-0.8615,0
1.13,5,0,SF,,-0.8631,0
1.135,5,0,SF,,-0.8647,0
1.14,5,0,SF,,-0.8663,0
1.145,5,0,SF,,-0.8678,0
1.15,5,0,SF,,-0.8693,0
1.155,5,0,SF,,-0.8709,0
1.16,5,0,SF,,-0.8723,0
1.165,5,0,SF,,-0.8738,0
1.17,5,0,SF,,-0.8753,0
1.175,5,0,SF,,-0.8767,0
1.18,5,0,SF,,-0.8782,0
1.185,5,0,SF,,-0.8796,0
1.19,5,0,SF,,-0.881,0
1.195,5,0,SF,,-0.8824,0
1.2,5,0,SF,,-0.8837,0
1.205,5,0,SF,,-0.8851,0
1.21,5,0,SF,,-0.8864,0
1.215,5,0,SF,,-0.8877,0
1.22,5,0,SF,,-0.889,0
1.225,5,0,SF,,-0.8903,0
1.23,5,0,SF,,-0.8916,0
1.235,5,0,SF,,-0.8928,0
1.24,5,0,SF,,-0.8941,0
1.245,5,0,SF,,-0.8953,0
1.25,5,0,SF,,-0.8965,0
1.255,5,0,SF,,-0.8977,0
1.26,5,0,SF,,-0.8988,0
1.265,5,0,SF,,-0.9,0
1.27,5,0,SF,,-0.9011,0
1.275,5,0,SF,,-0.9023,0
1.28,5,0,SF,,-0.9034,0
1.285,5,0,SF,,-0.9045,0
1.29,5,0,SF,,-0.9055,0
1.295,5,0,SF,,-0.9066,0
1.3,5,0,SF,,-0.9076,0
1.305,5,0,SF,,-0.9087,0
1.31,5,0,SF,,-0.9097,0
1.315,5,0,SF,,-0.9107,0
1.32,5,0,SF,,-0.9117,0
1.325,5,0,SF,,-0.9126,0
1.33,5,0,SF,,-0.9136,0
1.335,5,0,SF,,-0.9145,0
1.34,5,0,SF,,-0.9155,0
1.345,5,0,SF,,-0.9164,0
1.35,5,0,SF,,-0.9173,0
1.355,5,0,SF,,-0.9181,0
1.36,5,0,SF,,-0.919,0
1.365,5,0,SF,,-0.9198,0
1.37,5,0,SF,,-0.9207,0
1.375,5,0,SF,,-0.9215,0
1.38,5,0,SF,,-0.9223,0
1.385,5,0,SF,,-0.9231,0
1.39,5,0,SF,,-0.9238,0
1.395,5,0,SF,,-0.9246,0
1.4,5,0,SF,,-0.9253,0
1.405,5,0,SF,,-0.9261,0
1.41,5,0,SF,,-0.9268,0
1.415,5,0,SF,,-0.9275,0
1.42,5,0,SF,,-0.9282,0
1.425,5,0,SF,,-0.9288,0
1.43,5,0,SF,,-0.9295,0
1.435,5,0,SF,,-0.9301,0
1.44,5,0,SF,,-0.9307,0
1.445,5,0,SF,,-0.9314,0
1.45,5,0,SF,,-0.932,0
1.455,5,0,SF,,-0.9325,0
1.46,5,0,SF,,-0.9331,0
1.465,5,0,SF,,-0.9337,0
1.47,5,0,SF,,-0.9342,0
1.475,5,0,SF,,-0.9347,0
1.48,5,0,SF,,-0.9352,0
1.485,5,0,SF,,-0.9357,0
1.49,5,0,SF,,-0.9362,0
1.495,5,0,SF,,-0.9367,0
1.5,5,0,SF,,-0.9371,0
1.505,5,0,SF,,-0.9376,0
1.51,5,0,SF,,-0.938,0
1.515,5,0,SF,,-0.9384,0
1.52,5,0,SF,,-0.9388,0
1.525,5,0,SF,,-0.9392,0
1.53,5,0,SF,,-0.9396,0
1.535,5,0,SF,,-0.9399,0
1.54,5,0,SF,,-0.9402,0
1.545,5,0,SF,,-0.9406,0
1.55,5,0,SF,,-0.9409,0
1.555,5,0,SF,,-0.9412,0
1.56,5,0,SF,,-0.9415,0
1.565,5,0,SF,,-0.9418,0
1.57,5,0,SF,,-0.942,0
1.575,5,0,SF,,-0.9423,0
1.58,5,0,SF,,-0.9425,0
1.585,5,0,SF,,-0.9427,0
1.59,5,0,SF,,-0.9429,0
1.595,5,0,SF,,-0.9431,0
1.6,5,0,SF,,-0.9433,0
1.605,5,0,SF,,-0.9435,0
1.61,5,0,SF,,-0.9436,0
1.615,5,0,SF,,-0.9438,0
1.62,5,0,SF,,-0.9439,0
1.625,5,0,SF,,-0.944,0
1.63,5,0,SF,,-0.9441,0
1.635,5,0,SF,,-0.9442,0
1.64,5,0,SF,,-0.9443,0
1.645,5,0,SF,,-0.9443,0
1.65,5,0,SF,,-0.9444,0
1.655,5,0,SF,,-0.9444,0
1.66,5,0,SF,,-0.9444,0
1.665,5,0,SF,,-0.9444,0
1.67,5,0,SF,,-0.9444,0
1.675,5,0,SF,,-0.9444,0
1.68,5,0,SF,,-0.9444,0
1.685,5,0,SF,,-0.9444,0
1.69,5,0,SF,,-0.9443,0
1.695,5,0,SF,,-0.9442,0
1.7,5,0,SF,,-0.9442,0
1.705,5,0,SF,,-0.9441,0
1.71,5,0,SF,,-0.944,0
1.715,5,0,SF,,-0.9439,0
1.72,5,0,SF,,-0.9437,0
1.725,5,0,SF,,-0.9436,0
1.73,5,0,SF,,-0.9434,0
1.735,5,0,SF,,-0.9433,0
1.74,5,0,SF,,-0.9431,0
1.745,5,0,SF,,-0.9429,0
1.75,5,0,SF,,-0.9427,0
1.755,5,0,SF,,-0.9425,0
1.76,5,0,SF,,-0.9423,0
1.765,5,0,SF,,-0.942,0
1.77,5,0,SF,,-0.9418,0
1.775,5,0,SF,,-0.9415,0
1.78,5,0,SF,,-0.9412,0
1.785,5,0,SF,,-0.941,0
1.79,5,0,SF,,-0.9407,0
1.795,5,0,SF,,-0.9404,0
1.8,5,0,SF,,-0.94,0
1.805,5,0,SF,,-0.9397,0
1.81,5,0,SF,,-0.9394,0
1.815,5,0,SF,,-0.939,0
1.82,5,0,SF,,-0.9386,0
1.825,5,0,SF,,-0.9383,0
1.83,5,0,SF,,-0.9379,0
1.835,5,0,SF,,-0.9375,0
1.84,5,0,SF,,-0.937,0
1.845,5,0,SF,,-0.9366,0
1.85,5,0,SF,,-0.9362,0
1.855,5,0,SF,,-0.9357,0
1.86,5,0,SF,,-0.9353,0
1.865,5,0,SF,,-0.9348,0
1.87,5,0,SF,,-0.9343,0
1.875,5,0,SF,,-0.9338,0
1.88,5,0,SF,,-0.9333,0
1.885,5,0,SF,,-0.9328,0
1.89,5,0,SF,,-0.9323,0
1.895,5,0,SF,,-0.9318,0
1.9,5,0,SF,,-0.9312,0
1.905,5,0,SF,,-0.9307,0
1.91,5,0,SF,,-0.9301,0
1.915,5,0,SF,,-0.9295,0
1.92,5,0,SF,,-0.9289,0
1.925,5,0,SF,,-0.9283,0
1.93,5,0,SF,,-0.9277,0
1.935,5,0,SF,,-0.9271,0
1.94,5,0,SF,,-0.9264,0
1.945,5,0,SF,,-0.9258,0
1.95,5,0,SF,,-0.9251,0
1.955,5,0,SF,,-0.9245,0
1.96,5,0,SF,,-0.9238,0
1.965,5,0,SF,,-0.9231,0
1.97,5,0,SF,,-0.9224,0
1.975,5,0,SF,,-0.9217,0
1.98,5,0,SF,,-0.921,0
1.985,5,0,SF,,-0.9202,0
1.99,5,0,SF,,-0.9195,0
1.995,5,0,SF,,-0.9188,0
2,5,0,SF,,-0.918,0
2.005,5,0,SF,,-0.9172,0
2.01,5,0,SF,,-0.9164,0
2.015,5,0,SF,,-0.9157,0
2.02,5,0,SF,,-0.9149,0
2.025,5,0,SF,,-0.914,0
2.03,5,0,SF,,-0.9132,0
2.035,5,0,SF,,-0.9124,0
2.04,5,0,SF,,-0.9116,0
2.045,5,0,SF,,-0.9107,0
2.05,5,0,SF,,-0.9098,0
2.055,5,0,SF,,-0.909,0
2.06,5,0,SF,,-0.9081,0
2.065,5,0,SF,,-0.9072,0
2.07,5,0,SF,,-0.9063,0
2.075,5,0,SF,,-0.9054,0
2.08,5,0,SF,,-0.9045,0
2.085,5,0,SF,,-0.9036,0
2.09,5,0,SF,,-0.9026,0
2.095,5,0,SF,,-0.9017,0
2.1,5,0,SF,,-0.9007,0
2.105,5,0,SF,,-0.8997,0
2.11,5,0,SF,,-0.8988,0
2.115,5,0,SF,,-0.8978,0
2.12,5,0,SF,,-0.8968,0
2.125,5,0,SF,,-0.8958,0
2.13,5,0,SF,,-0.8948,0
2.135,5,0,SF,,-0.8938,0
2.14,5,0,SF,,-0.8927,0
2.145,5,0,SF,,-0.8917,0
2.15,5,0,SF,,-0.8906,0
2.155,5,0,SF,,-0.8896,0
2.16,5,0,SF,,-0.8885,0
2.165,5,0,SF,,-0.8874,0
2.17,5,0,SF,,-0.8863,0
2.175,5,0,SF,,-0.8853,0
2.18,5,0,SF,,-0.8841,0
2.185,5,0,SF,,-0.883,0
2.19,5,0,SF,,-0.8819,0
2.195,5,0,SF,,-0.8808,0
2.2,5,0,SF,,-0.8796,0
2.205,5,0,SF,,-0.8785,0
2.21,5,0,SF,,-0.8773,0
2.215,5,0,SF,,-0.8762,0
2.22,5,0,SF,,-0.875,0
2.225,5,0,SF,,-0.8738,0
2.23,5,0,SF,,-0.8726,0
2.235,5,0,SF,,-0.8714,0
2.24,5,0,SF,,-0.8702,0
2.245,5,0,SF,,-0.869,0
2.25,5,0,SF,,-0.8678,0
2.255,5,0,SF,,-0.8666,0
2.26,5,0,SF,,-0.8653,0
2.265,5,0,SF,,-0.8641,0
2.27,5,0,SF,,-0.8628,0
2.275,5,0,SF,,-0.8616,0
2.28,5,0,SF,,-0.8603,0
2.285,5,0,SF,,-0.859,0
2.29,5,0,SF,,-0.8577,0
2.295,5,0,SF,,-0.8564,0
2.3,5,0,SF,,-0.8551,0
2.305,5,0,SF,,-0.8538,0
2.31,5,0,SF,,-0.8525,0
2.315,5,0,SF,,-0.8512,0
2.32,5,0,SF,,-0.8498,0
2.325,5,0,SF,,-0.8485,0
2.33,5,0,SF,,-0.8471,0
2.335,5,0,SF,,-0.8458,0
2.34,5,0,SF,,-0.8444,0
2.345,5,0,SF,,-0.843,0
2.35,5,0,SF,,-0.8416,0
2.355,5,0,SF,,-0.8403,0
2.36,5,0,SF,,-0.8389,0
2.365,5,0,SF,,-0.8375,0
2.37,5,0,SF,,-0.836,0
2.375,5,0,SF,,-0.8346,0
2.38,5,0,SF,,-0.8332,0
2.385,5,0,SF,,-0.8318,0
2.39,5,0,SF,,-0.8303,0
2.395,5,0,SF,,-0.8289,0
2.4,5,0,SF,,-0.8274,0
2.405,5,0,SF,,-0.826,0
2.41,5,0,SF,,-0.8245,0
2.415,5,0,SF,,-0.823,0
2.42,5,0,SF,,-0.8215,0
2.425,5,0,SF,,-0.82,0
2.43,5,0,SF,,-0.8185,0
2.435,5,0,SF,,-0.817,0
2.44,5,0,SF,,-0.8155,0
2.445,5,0,SF,,-0.814,0
2.45,5,0,SF,,-0.8125,0
2.455,5,0,SF,,-0.811,0
2.46,5,0,SF,,-0.8094,0
2.465,5,0,SF,,-0.8079,0
2.47,5,0,SF,,-0.8063,0
2.475,5,0,SF,,-0.8048,0
2.48,5,0,SF,,-0.8032,0
2.485,5,0,SF,,-0.8016,0
2.49,5,0,SF,,-0.8,0
2.495,5,0,SF,,-0.7985,0
2.5,5,0,SF,,-0.7969,0
2.505,5,0,SF,,-0.7953,0
2.51,5,0,SF,,-0.7937,0
2.515,5,0,SF,,-0.7921,0
2.52,5,0,SF,,-0.7904,0
2.525,5,0,SF,,-0.7888,0
2.53,5,0,SF,,-0.7872,0
2.535,5,0,SF,,-0.7856,0
2.54,5,0,SF,,-0.7839,0
2.545,5,0,SF,,-0.7823,0
2.55,5,0,SF,,-0.7806,0
2.555,5,0,SF,,-0.779,0
2.56,5,0,SF,,-0.7773,0
2.565,5,0,SF,,-0.7756,0
2.57,5,0,SF,,-0.774,0
2.575,5,0,SF,,-0.7723,0
2.58,5,0,SF,,-0.7706,0
2.585,5,0,SF,,-0.7689,0
2.59,5,0,SF,,-0.7672,0
2.595,5,0,SF,,-0.7655,0
2.6,5,0,SF,,-0.7638,0
2.605,5,0,SF,,-0.7621,0
2.61,5,0,SF,,-0.7603,0
2.615,5,0,SF,,-0.7586,0
2.62,5,0,SF,,-0.7569,0
2.625,5,0,SF,,-0.7551,0
2.63,5,0,SF,,-0.7534,0
2.635,5,0,SF,,-0.7516,0
2.64,5,0,SF,,-0.7499,0
2.645,5,0,SF,,-0.7481,0
2.65,5,0,SF,,-0.7464,0
2.655,5,0,SF,,-0.7446,0
2.66,5,0,SF,,-0.7428,0
2.665,5,0,SF,,-0.741,0
2.67,5,0,SF,,-0.7393,0
2.675,5,0,SF,,-0.7375,0
2.68,5,0,SF,,-0.7357,0
2.685,5,0,SF,,-0.7339,0
2.69,5,0,SF,,-0.7321,0
2.695,5,0,SF,,-0.7302,0
2.7,5,0,SF,,-0.7284,0
2.705,5,0,SF,,-0.7266,0
2.71,5,0,SF,,-0.7248,0
2.715,5,0,SF,,-0.723,0
2.72,5,0,SF,,-0.7211,0
2.725,5,0,SF,,-0.7193,0
2.73,5,0,SF,,-0.7174,0
2.735,5,0,SF,,-0.7156,0
2.74,5,0,SF,,-0.7137,0
2.745,5,0,SF,,-0.7119,0
2.75,5,0,SF,,-0.71,0
2.755,5,0,SF,,-0.7081,0
2.76,5,0,SF,,-0.7063,0
2.765,5,0,SF,,-0.7044,0
2.77,5,0,SF,,-0.7025,0
2.775,5,0,SF,,-0.7006,0
2.78,5,0,SF,,-0.6987,0
2.785,5,0,SF,,-0.6969,0
2.79,5,0,SF,,-0.695,0
2.795,5,0,SF,,-0.6931,0
2.8,5,0,SF,,-0.6912,0
2.805,5,0,SF,,-0.6892,0
2.81,5,0,SF,,-0.6873,0
2.815,5,0,SF,,-0.6854,0
2.82,5,0,SF,,-0.6835,0
2.825,5,0,SF,,-0.6816,0
2.83,5,0,SF,,-0.6796,0
2.835,5,0,SF,,-0.6777,0
2.84,5,0,SF,,-0.6758,0
2.845,5,0,SF,,-0.6738,0
2.85,5,0,SF,,-0.6719,0
2.855,5,0,SF,,-0.6699,0
2.86,5,0,SF,,-0.668,0
2.865,5,0,SF,,-0.666,0
2.87,5,0,SF,,-0.6641,0
2.875,5,0,SF,,-0.6621,0
2.88,5,0,SF,,-0.6601,0
2.885,5,0,SF,,-0.6582,0
2.89,5,0,SF,,-0.6562,0
2.895,5,0,SF,,-0.6542,0
2.9,5,0,SF,,-0.6522,0
2.905,5,0,SF,,-0.6503,0
2.91,5,0,SF,,-0.6483,0
2.915,5,0,SF,,-0.6463,0
2.92,5,0,SF,,-0.6443,0
2.925,5,0,SF,,-0.6423,0
2.93,5,0,SF,,-0.6403,0
2.935,5,0,SF,,-0.6383,0
2.94,5,0,SF,,-0.6363,0
2.945,5,0,SF,,-0.6343,0
2.95,5,0,SF,,-0.6323,0
2.955,5,0,SF,,-0.6303,0
2.96,5,0,SF,,-0.6282,0
2.965,5,0,SF,,-0.6262,0
2.97,5,0,SF,,-0.6242,0
2.975,5,0,SF,,-0.6222,0
2.98,5,0,SF,,-0.6201,0
2.985,5,0,SF,,-0.6181,0
2.99,5,0,SF,,-0.6161,0
2.995,5,0,SF,,-0.614,0
3,5,0,SF,,-0.612,0
3.005,5,0,SF,,-0.61,0
3.01,5,0,SF,,-0.6079,0
3.015,5,0,SF,,-0.6059,0
3.02,5,0,SF,,-0.6038,0
3.025,5,0,SF,,-0.6018,0
3.03,5,0,SF,,-0.5997,0
3.035,5,0,SF,,-0.5977,0
3.04,5,0,SF,,-0.5956,0
3.045,5,0,SF,,-0.5935,0
3.05,5,0,SF,,-0.5915,0
3.055,5,0,SF,,-0.5894,0
3.06,5,0,SF,,-0.5873,0
3.065,5,0,SF,,-0.5853,0
3.07,5,0,SF,,-0.5832,0
3.075,5,0,SF,,-0.5811,0
3.08,5,0,SF,,-0.5791,0
3.085,5,0,SF,,-0.577,0
3.09,5,0,SF,,-0.5749,0
3.095,5,0,SF,,-0.5728,0
3.1,5,0,SF,,-0.5707,0
3.105,5,0,SF,,-0.5687,0
3.11,5,0,SF,,-0.5666,0
3.115,5,0,SF,,-0.5645,0
3.12,5,0,SF,,-0.5624,0
3.125,5,0,SF,,-0.5603,0
3.13,5,0,SF,,-0.5582,0
3.135,5,0,SF,,-0.5561,0
3.14,5,0,SF,,-0.554,0
3.145,5,0,SF,,-0.5519,0
3.15,5,0,SF,,-0.5498,0
3.155,5,0,SF,,-0.5477,0
3.16,5,0,SF,,-0.5456,0
3.165,5,0,SF,,-0.5435,0
3.17,5,0,SF,,-0.5414,0
3.175,5,0,SF,,-0.5393,0
3.18,5,0,SF,,-0.5372,0
3.185,5,0,SF,,-0.5351,0
3.19,5,0,SF,,-0.533,0
3.195,5,0,SF,,-0.5309,0
3.2,5,0,SF,,-0.5288,0
3.205,5,0,SF,,-0.5267,0
3.21,5,0,SF,,-0.5245,0
3.215,5,0,SF,,-0.5224,0
3.22,5,0,SF,,-0.5203,0
3.225,5,0,SF,,-0.5182,0
3.23,5,0,SF,,-0.5161,0
3.235,5,0,SF,,-0.514,0
3.24,5,0,SF,,-0.5118,0
3.245,5,0,SF,,-0.5097,0
3.25,5,0,SF,,-0.5076,0
3.255,5,0,SF,,-0.5055,0
3.26,5,0,SF,,-0.5034,0
3.265,5,0,SF,,-0.5012,0
3.27,5,0,SF,,-0.4991,0
3.275,5,0,SF,,-0.497,0
3.28,5,0,SF,,-0.4949,0
3.285,5,0,SF,,-0.4928,0
3.29,5,0,SF,,-0.4906,0
3.295,5,0,SF,,-0.4885,0
3.3,5,0,SF,,-0.4864,0
3.305,5,0,SF,,-0.4843,0
3.31,5,0,SF,,-0.4821,0
3.315,5,0,SF,,-0.48,0
3.32,5,0,SF,,-0.4779,0
3.325,5,0,SF,,-0.4758,0
3.33,5,0,SF,,-0.4736,0
3.335,5,0,SF,,-0.4715,0
3.34,5,0,SF,,-0.4694,0
3.345,5,0,SF,,-0.4673,0
3.35,5,0,SF,,-0.4651,0
3.355,5,0,SF,,-0.463,0
3.36,5,0,SF,,-0.4609,0
3.365,5,0,SF,,-0.4588,0
3.37,5,0,SF,,-0.4566,0
3.375,5,0,SF,,-0.4545,0
3.38,5,0,SF,,-0.4524,0
3.385,5,0,SF,,-0.4503,0
3.39,5,0,SF,,-0.4481,0
3.395,5,0,SF,,-0.446,0
3.4,5,0,SF,,-0.4439,0
3.405,5,0,SF,,-0.4418,0
3.41,5,0,SF,,-0.4397,0
3.415,5,0,SF,,-0.4375,0
3.42,5,0,SF,,-0.4354,0
3.425,5,0,SF,,-0.4333,0
3.43,5,0,SF,,-0.4312,0
3.435,5,0,SF,,-0.4291,0
3.44,5,0,SF,,-0.427,0
3.445,5,0,SF,,-0.4248,0
3.45,5,0,SF,,-0.4227,0
3.455,5,0,SF,,-0.4206,0
3.46,5,0,SF,,-0.4185,0
3.465,5,0,SF,,-0.4164,0
3.47,5,0,SF,,-0.4143,0
3.475,5,0,SF,,-0.4122,0
3.48,5,0,SF,,-0.41,0
3.485,5,0,SF,,-0.4079,0
3.49,5,0,SF,,-0.4058,0
3.495,5,0,SF,,-0.4037,0
3.5,5,0,SF,,-0.4016,0
3.505,5,0,SF,,-0.3995,0
3.51,5,0,SF,,-0.3974,0
3.515,5,0,SF,,-0.3953,0
3.52,5,0,SF,,-0.3932,0
3.525,5,0,SF,,-0.3911,0
3.53,5,0,SF,,-0.389,0
3.535,5,0,SF,,-0.3869,0
3.54,5,0,SF,,-0.3848,0
3.545,5,0,SF,,-0.3827,0
3.55,5,0,SF,,-0.3807,0
3.555,5,0,SF,,-0.3786,0
3.56,5,0,SF,,-0.3765,0
3.565,5,0,SF,,-0.3744,0
3.57,5,0,SF,,-0.3723,0
3.575,5,0,SF,,-0.3702,0
3.58,5,0,SF,,-0.3682,0
3.585,5,0,SF,,-0.3661,0
3.59,5,0,SF,,-0.364,0
3.595,5,0,SF,,-0.3619,0
3.6,5,0,SF,,-0.3599,0
3.605,5,0,SF,,-0.3578,0
3.61,5,0,SF,,-0.3557,0
3.615,5,0,SF,,-0.3537,0
3.62,5,0,SF,,-0.3516,0
3.625,5,0,SF,,-0.3495,0
3.63,5,0,SF,,-0.3475,0
3.635,5,0,SF,,-0.3454,0
3.64,5,0,SF,,-0.3434,0
3.645,5,0,SF,,-0.3413,0
3.65,5,0,SF,,-0.3393,0
3.655,5,0,SF,,-0.3372,0
3.66,5,0,SF,,-0.3352,0
3.665,5,0,SF,,-0.3331,0
3.67,5,0,SF,,-0.3311,0
3.675,5,0,SF,,-0.329,0
3.68,5,0,SF,,-0.327,0
3.685,5,0,SF,,-0.325,0
3.69,5,0,SF,,-0.323,0
3.695,5,0,SF,,-0.3209,0
3.7,5,0,SF,,-0.3189,0
3.705,5,0,SF,,-0.3169,0
3.71,5,0,SF,,-0.3149,0
3.715,5,0,SF,,-0.3128,0
3.72,5,0,SF,,-0.3108,0
3.725,5,0,SF,,-0.3088,0
3.73,5,0,SF,,-0.3068,0
3.735,5,0,SF,,-0.3048,0
3.74,5,0,SF,,-0.3028,0
3.745,5,0,SF,,-0.3008,0
3.75,5,0,SF,,-0.2988,0
3.755,5,0,SF,,-0.2968,0
3.76,5,0,SF,,-0.2949,0
3.765,5,0,SF,,-0.2929,0
3.77,5,0,SF,,-0.2909,0
3.775,5,0,SF,,-0.2889,0
3.78,5,0,SF,,-0.2869,0
3.785,5,0,SF,,-0.285,0
3.79,5,0,SF,,-0.283,0
3.795,5,0,SF,,-0.281,0
3.8,5,0,SF,,-0.2791,0
3.805,5,0,SF,,-0.2771,0
3.81,5,0,SF,,-0.2752,0
3.815,5,0,SF,,-0.2732,0
3.82,5,0,SF,,-0.2713,0
3.825,5,0,SF,,-0.2693,0
3.83,5,0,SF,,-0.2674,0
3.835,5,0,SF,,-0.2655,0
3.84,5,0,SF,,-0.2635,0
3.845,5,0,SF,,-0.2616,0
3.85,5,0,SF,,-0.2597,0
3.855,5,0,SF,,-0.2578,0
3.86,5,0,SF,,-0.2558,0
3.865,5,0,SF,,-0.2539,0
3.87,5,0,SF,,-0.252,0
3.875,5,0,SF,,-0.2501,0
3.88,5,0,SF,,-0.2482,0
3.885,5,0,SF,,-0.2463,0
3.89,5,0,SF,,-0.2444,0
3.895,5,0,SF,,-0.2426,0
3.9,5,0,SF,,-0.2407,0
3.905,5,0,SF,,-0.2388,0
3.91,5,0,SF,,-0.2369,0
3.915,5,0,SF,,-0.2351,0
3.92,5,0,SF,,-0.2332,0
3.925,5,0,SF,,-0.2313,0
3.93,5,0,SF,,-0.2295,0
3.935,5,0,SF,,-0.2276,0
3.94,5,0,SF,,-0.2258,0
3.945,5,0,SF,,-0.2239,0
3.95,5,0,SF,,-0.2221,0
3.955,5,0,SF,,-0.2203,0
3.96,5,0,SF,,-0.2184,0
3.965,5,0,SF,,-0.2166,0
3.97,5,0,SF,,-0.2148,0
3.975,5,0,SF,,-0.213,0
3.98,5,0,SF,,-0.2112,0
3.985,5,0,SF,,-0.2094,0
3.99,5,0,SF,,-0.2076,0
3.995,5,0,SF,,-0.2058,0
4,5,0,SF,,-0.204,0
4.005,5,0,SF,,-0.2022,0
4.01,5,0,SF,,-0.2004,0
4.015,5,0,SF,,-0.1987,0
4.02,5,0,SF,,-0.1969,0
4.025,5,0,SF,,-0.1951,0
4.03,5,0,SF,,-0.1934,0
4.035,5,0,SF,,-0.1916,0
4.04,5,0,SF,,-0.1899,0
4.045,5,0,SF,,-0.1881,0
4.05,5,0,SF,,-0.1864,0
4.055,5,0,SF,,-0.1847,0
4.06,5,0,SF,,-0.183,0
4.065,5,0,SF,,-0.1812,0
4.07,5,0,SF,,-0.1795,0
4.075,5,0,SF,,-0.1778,0
4.08,5,0,SF,,-0.1761,0
4.085,5,0,SF,,-0.1744,0
4.09,5,0,SF,,-0.1727,0
4.095,5,0,SF,,-0.171,0
4.1,5,0,SF,,-0.1694,0
4.105,5,0,SF,,-0.1677,0
4.11,5,0,SF,,-0.166,0
4.115,5,0,SF,,-0.1644,0
4.12,5,0,SF,,-0.1627,0
4.125,5,0,SF,,-0.1611,0
4.13,5,0,SF,,-0.1594,0
4.135,5,0,SF,,-0.1578,0
4.14,5,0,SF,,-0.1562,0
4.145,5,0,SF,,-0.1545,0
4.15,5,0,SF,,-0.1529,0
4.155,5,0,SF,,-0.1513,0
4.16,5,0,SF,,-0.1497,0
4.165,5,0,SF,,-0.1481,0
4.17,5,0,SF,,-0.1465,0
4.175,5,0,SF,,-0.1449,0
4.18,5,0,SF,,-0.1433,0
4.185,5,0,SF,,-0.1418,0
4.19,5,0,SF,,-0.1402,0
4.195,5,0,SF,,-0.1386,0
4.2,5,0,SF,,-0.1371,0
4.205,5,0,SF,,-0.1355,0
4.21,5,0,SF,,-0.134,0
4.215,5,0,SF,,-0.1325,0
4.22,5,0,SF,,-0.1309,0
4.225,5,0,SF,,-0.1294,0
4.23,5,0,SF,,-0.1279,0
4.235,5,0,SF,,-0.1264,0
4.24,5,0,SF,,-0.1249,0
4.245,5,0,SF,,-0.1234,0
4.25,5,0,SF,,-0.1219,0
4.255,5,0,SF,,-0.1204,0
4.26,5,0,SF,,-0.119,0
4.265,5,0,SF,,-0.1175,0
4.27,5,0,SF,,-0.116,0
4.275,5,0,SF,,-0.1146,0
4.28,5,0,SF,,-0.1132,0
4.285,5,0,SF,,-0.1117,0
4.29,5,0,SF,,-0.1103,0
4.295,5,0,SF,,-0.1089,0
4.3,5,0,SF,,-0.1075,0
4.305,5,0,SF,,-0.1061,0
4.31,5,0,SF,,-0.1047,0
4.315,5,0,SF,,-0.1033,0
4.32,5,0,SF,,-0.1019,0
4.325,5,0,SF,,-0.1005,0
4.33,5,0,SF,,-0.0991,0
4.335,5,0,SF,,-0.0978,0
4.34,5,0,SF,,-0.0964,0
4.345,5,0,SF,,-0.0951,0
4.35,5,0,SF,,-0.0937,0
4.355,5,0,SF,,-0.0924,0
4.36,5,0,SF,,-0.0911,0
4.365,5,0,SF,,-0.0898,0
4.37,5,0,SF,,-0.0885,0
4.375,5,0,SF,,-0.0872,0
4.38,5,0,SF,,-0.0859,0
4.385,5,0,SF,,-0.0846,0
4.39,5,0,SF,,-0.0833,0
4.395,5,0,SF,,-0.082,0
4.4,5,0,SF,,-0.0808,0
4.405,5,0,SF,,-0.0795,0
4.41,5,0,SF,,-0.0783,0
4.415,5,0,SF,,-0.0771,0
4.42,5,0,SF,,-0.0758,0
4.425,5,0,SF,,-0.0746,0
4.43,5,0,SF,,-0.0734,0
4.435,5,0,SF,,-0.0722,0
4.44,5,0,SF,,-0.071,0
4.445,5,0,SF,,-0.0698,0
4.45,5,0,SF,,-0.0687,0
4.455,5,0,SF,,-0.0675,0
4.46,5,0,SF,,-0.0663,0
4.465,5,0,SF,,-0.0652,0
4.47,5,0,SF,,-0.064,0
4.475,5,0,SF,,-0.0629,0
4.48,5,0,SF,,-0.0618,0
4.485,5,0,SF,,-0.0607,0
4.49,5,0,SF,,-0.0596,0
4.495,5,0,SF,,-0.0585,0
4.5,5,0,SF,,-0.0574,0
4.505,5,0,SF,,-0.0563,0
4.51,5,0,SF,,-0.0552,0
4.515,5,0,SF,,-0.0542,0
4.52,5,0,SF,,-0.0531,0
4.525,5,0,SF,,-0.0521,0
4.53,5,0,SF,,-0.051,0
4.535,5,0,SF,,-0.05,0
4.54,5,0,SF,,-0.049,0
4.545,5,0,SF,,-0.048,0
4.55,5,0,SF,,-0.047,0
4.555,5,0,SF,,-0.046,0
4.56,5,0,SF,,-0.045,0
4.565,5,0,SF,,-0.0441,0
4.57,5,0,SF,,-0.0431,0
4.575,5,0,SF,,-0.0421,0
4.58,5,0,SF,,-0.0412,0
4.585,5,0,SF,,-0.0403,0
4.59,5,0,SF,,-0.0394,0
4.595,5,0,SF,,-0.0384,0
4.6,5,0,SF,,-0.0375,0
4.605,5,0,SF,,-0.0366,0
4.61,5,0,SF,,-0.0358,0
4.615,5,0,SF,,-0.0349,0
4.62,5,0,SF,,-0.034,0
4.625,5,0,SF,,-0.0332,0
4.63,5,0,SF,,-0.0323,0
4.635,5,0,SF,,-0.0315,0
4.64,5,0,SF,,-0.0307,0
4.645,5,0,SF,,-0.0299,0
4.65,5,0,SF,,-0.0291,0
4.655,5,0,SF,,-0.0283,0
4.66,5,0,SF,,-0.0275,0
4.665,5,0,SF,,-0.0267,0
4.67,5,0,SF,,-0.0259,0
4.675,5,0,SF,,-0.0252,0
4.68,5,0,SF,,-0.0244,0
4.685,5,0,SF,,-0.0237,0
4.69,5,0,SF,,-0.023,0
4.695,5,0,SF,,-0.0223,0
4.7,5,0,SF,,-0.0216,0
4.705,5,0,SF,,-0.0209,0
4.71,5,0,SF,,-0.0202,0
4.715,5,0,SF,,-0.0195,0
4.72,5,0,SF,,-0.0189,0
4.725,5,0,SF,,-0.0182,0
4.73,5,0,SF,,-0.0176,0
4.735,5,0,SF,,-0.017,0
4.74,5,0,SF,,-0.0163,0
4.745,5,0,SF,,-0.0157,0
4.75,5,0,SF,,-0.0151,0
4.755,5,0,SF,,-0.0146,0
4.76,5,0,SF,,-0.014,0
4.765,5,0,SF,,-0.0134,0
4.77,5,0,SF,,-0.0129,0
4.775,5,0,SF,,-0.0123,0
4.78,5,0,SF,,-0.0118,0
4.785,5,0,SF,,-0.0113,0
4.79,5,0,SF,,-0.0108,0
4.795,5,0,SF,,-0.0103,0
4.8,5,0,SF,,-0.0098,0
4.805,5,0,SF,,-0.0093,0
4.81,5,0,SF,,-0.0089,0
4.815,5,0,SF,,-0.0084,0
4.82,5,0,SF,,-0.008,0
4.825,5,0,SF,,-0.0075,0
4.83,5,0,SF,,-0.0071,0
4.835,5,0,SF,,-0.0067,0
4.84,5,0,SF,,-0.0063,0
4.845,5,0,SF,,-0.0059,0
4.85,5,0,SF,,-0.0056,0
4.855,5,0,SF,,-0.0052,0
4.86,5,0,SF,,-0.0049,0
4.865,5,0,SF,,-0.0045,0
4.87,5,0,SF,,-0.0042,0
4.875,5,0,SF,,-0.0039,0
4.88,5,0,SF,,-0.0036,0
4.885,5,0,SF,,-0.0033,0
4.89,5,0,SF,,-0.003,0
4.895,5,0,SF,,-0.0028,0
4.9,5,0,SF,,-0.0025,0
4.905,5,0,SF,,-0.0023,0
4.91,5,0,SF,,-0.002,0
4.915,5,0,SF,,-0.0018,0
4.92,5,0,SF,,-0.0016,0
4.925,5,0,SF,,-0.0014,0
4.93,5,0,SF,,-0.0012,0
4.935,5,0,SF,,-0.0011,0
4.94,5,0,SF,,-0.0009,0
4.945,5,0,SF,,-0.0008,0
4.95,5,0,SF,,-0.0006,0
4.955,5,0,SF,,-0.0005,0
4.96,5,0,SF,,-0.0004,0
4.965,5,0,SF,,-0.0003,0
4.97,5,0,SF,,-0.0002,0
4.975,5,0,SF,,-0.0002,0
4.98,5,0,SF,,-0.0001,0
4.985,5,0,SF,,-0.0001,0
4.99,5,0,SF,,0,0
4.995,5,0,SF,,0,0
5,5,0,SF,,0,0
0,5,0.5,SF,,0,0
0.005,5,0.5,SF,,-0.0041,-0.0026
0.01,5,0.5,SF,,-0.0081,-0.0052
0.015,5,0.5,SF,,-0.0122,-0.0077
0.02,5,0.5,SF,,-0.0162,-0.0103
0.025,5,0.5,SF,,-0.0203,-0.0129
0.03,5,0.5,SF,,-0.0244,-0.0155
0.035,5,0.5,SF,,-0.0284,-0.0181
0.04,5,0.5,SF,,-0.0325,-0.0206
0.045,5,0.5,SF,,-0.0365,-0.0232
0.05,5,0.5,SF,,-0.0406,-0.0258
0.055,5,0.5,SF,,-0.0447,-0.0284
0.06,5,0.5,SF,,-0.0487,-0.031
0.065,5,0.5,SF,,-0.0528,-0.0335
0.07,5,0.5,SF,,-0.0568,-0.0361
0.075,5,0.5,SF,,-0.0609,-0.0387
0.08,5,0.5,SF,,-0.065,-0.0412
0.085,5,0.5,SF,,-0.069,-0.0438
0.09,5,0.5,SF,,-0.0731,-0.0464
0.095,5,0.5,SF,,-0.0771,-0.0489
0.1,5,0.5,SF,,-0.0812,-0.0515
0.105,5,0.5,SF,,-0.0853,-0.0541
0.11,5,0.5,SF,,-0.0893,-0.0566
0.115,5,0.5,SF,,-0.0934,-0.0592
0.12,5,0.5,SF,,-0.0974,-0.0617
0.125,5,0.5,SF,,-0.1015,-0.0643
0.13,5,0.5,SF,,-0.1056,-0.0668
0.135,5,0.5,SF,,-0.1096,-0.0694
0.14,5,0.5,SF,,-0.1137,-0.0719
0.145,5,0.5,SF,,-0.1178,-0.0744
0.15,5,0.5,SF,,-0.1218,-0.077
0.155,5,0.5,SF,,-0.1259,-0.0795
0.16,5,0.5,SF,,-0.13,-0.082
0.165,5,0.5,SF,,-0.134,-0.0846
0.17,5,0.5,SF,,-0.1381,-0.0871
0.175,5,0.5,SF,,-0.1422,-0.0896
0.18,5,0.5,SF,,-0.1462,-0.0921
0.185,5,0.5,SF,,-0.1503,-0.0946
0.19,5,0.5,SF,,-0.1544,-0.0971
0.195,5,0.5,SF,,-0.1584,-0.0996
0.2,5,0.5,SF,,-0.1625,-0.1021
0.205,5,0.5,SF,,-0.1666,-0.1046
0.21,5,0.5,SF,,-0.1707,-0.1071
0.215,5,0.5,SF,,-0.1747,-0.1096
0.22,5,0.5,SF,,-0.1788,-0.1121
0.225,5,0.5,SF,,-0.1829,-0.1145
0.23,5,0.5,SF,,-0.187,-0.117
0.235,5,0.5,SF,,-0.191,-0.1195
0.24,5,0.5,SF,,-0.1951,-0.1219
0.245,5,0.5,SF,,-0.1992,-0.1244
0.25,5,0.5,SF,,-0.2033,-0.1268
0.255,5,0.5,SF,,-0.2074,-0.1293
0.26,5,0.5,SF,,-0.2115,-0.1317
0.265,5,0.5,SF,,-0.2156,-0.1341
0.27,5,0.5,SF,,-0.2196,-0.1366
0.275,5,0.5,SF,,-0.2237,-0.139
0.28,5,0.5,SF,,-0.2278,-0.1414
0.285,5,0.5,SF,,-0.2319,-0.1438
0.29,5,0.5,SF,,-0.236,-0.1462
0.295,5,0.5,SF,,-0.2401,-0.1486
0.3,5,0.5,SF,,-0.2442,-0.151
0.305,5,0.5,SF,,-0.2483,-0.1534
0.31,5,0.5,SF,,-0.2524,-0.1558
0.315,5,0.5,SF,,-0.2565,-0.1581
0.32,5,0.5,SF,,-0.2606,-0.1605
0.325,5,0.5,SF,,-0.2647,-0.1629
0.33,5,0.5,SF,,-0.2689,-0.1652
0.335,5,0.5,SF,,-0.273,-0.1675
0.34,5,0.5,SF,,-0.2771,-0.1699
0.345,5,0.5,SF,,-0.2812,-0.1722
0.35,5,0.5,SF,,-0.2853,-0.1745
0.355,5,0.5,SF,,-0.2894,-0.1768
0.36,5,0.5,SF,,-0.2936,-0.1791
0.365,5,0.5,SF,,-0.2977,-0.1814
0.37,5,0.5,SF,,-0.3018,-0.1837
0.375,5,0.5,SF,,-0.3059,-0.186
0.38,5,0.5,SF,,-0.3101,-0.1883
0.385,5,0.5,SF,,-0.3142,-0.1906
0.39,5,0.5,SF,,-0.3183,-0.1928
0.395,5,0.5,SF,,-0.3225,-0.1951
0.4,5,0.5,SF,,-0.3266,-0.1973
0.405,5,0.5,SF,,-0.3308,-0.1995
0.41,5,0.5,SF,,-0.3349,-0.2017
0.415,5,0.5,SF,,-0.3391,-0.204
0.42,5,0.5,SF,,-0.3432,-0.2062
0.425,5,0.5,SF,,-0.3474,-0.2084
0.43,5,0.5,SF,,-0.3515,-0.2105
0.435,5,0.5,SF,,-0.3557,-0.2127
0.44,5,0.5,SF,,-0.3599,-0.2149
0.445,5,0.5,SF,,-0.364,-0.217
0.45,5,0.5,SF,,-0.3682,-0.2192
0.455,5,0.5,SF,,-0.3724,-0.2213
0.46,5,0.5,SF,,-0.3765,-0.2235
0.465,5,0.5,SF,,-0.3807,-0.2256
0.47,5,0.5,SF,,-0.3849,-0.2277
0.475,5,0.5,SF,,-0.3891,-0.2298
0.48,5,0.5,SF,,-0.3933,-0.2319
0.485,5,0.5,SF,,-0.3975,-0.2339
0.49,5,0.5,SF,,-0.4017,-0.236
0.495,5,0.5,SF,,-0.4059,-0.2381
0.5,5,0.5,SF,,-0.4101,-0.2401
0.505,5,0.5,SF,,-0.4143,-0.2421
0.51,5,0.5,SF,,-0.4184,-0.2442
0.515,5,0.5,SF,,-0.4226,-0.2462
0.52,5,0.5,SF,,-0.4267,-0.2482
0.525,5,0.5,SF,,-0.4308,-0.2502
0.53,5,0.5,SF,,-0.4349,-0.2522
0.535,5,0.5,SF,,-0.4389,-0.2541
0.54,5,0.5,SF,,-0.443,-0.2561
0.545,5,0.5,SF,,-0.447,-0.258
0.55,5,0.5,SF,,-0.451,-0.26
0.555,5,0.5,SF,,-0.455,-0.2619
0.56,5,0.5,SF,,-0.4589,-0.2638
0.565,5,0.5,SF,,-0.4629,-0.2657
0.57,5,0.5,SF,,-0.4668,-0.2676
0.575,5,0.5,SF,,-0.4707,-0.2695
0.58,5,0.5,SF,,-0.4745,-0.2714
0.585,5,0.5,SF,,-0.4784,-0.2732
0.59,5,0.5,SF,,-0.4822,-0.2751
0.595,5,0.5,SF,,-0.486,-0.2769
0.6,5,0.5,SF,,-0.4898,-0.2788
0.605,5,0.5,SF,,-0.4936,-0.2806
0.61,5,0.5,SF,,-0.4973,-0.2824
0.615,5,0.5,SF,,-0.501,-0.2842
0.62,5,0.5,SF,,-0.5047,-0.286
0.625,5,0.5,SF,,-0.5084,-0.2878
0.63,5,0.5,SF,,-0.5121,-0.2895
0.635,5,0.5,SF,,-0.5157,-0.2913
0.64,5,0.5,SF,,-0.5193,-0.293
0.645,5,0.5,SF,,-0.5229,-0.2948
0.65,5,0.5,SF,,-0.5265,-0.2965
0.655,5,0.5,SF,,-0.5301,-0.2982
0.66,5,0.5,SF,,-0.5336,-0.2999
0.665,5,0.5,SF,,-0.5371,-0.3016
0.67,5,0.5,SF,,-0.5406,-0.3033
0.675,5,0.5,SF,,-0.5441,-0.305
0.68,5,0.5,SF,,-0.5476,-0.3067
0.685,5,0.5,SF,,-0.551,-0.3083
0.69,5,0.5,SF,,-0.5544,-0.31
0.695,5,0.5,SF,,-0.5578,-0.3116
0.7,5,0.5,SF,,-0.5612,-0.3132
0.705,5,0.5,SF,,-0.5645,-0.3148
0.71,5,0.5,SF,,-0.5679,-0.3165
0.715,5,0.5,SF,,-0.5712,-0.318
0.72,5,0.5,SF,,-0.5745,-0.3196
0.725,5,0.5,SF,,-0.5777,-0.3212
0.73,5,0.5,SF,,-0.581,-0.3228
0.735,5,0.5,SF,,-0.5842,-0.3243
0.74,5,0.5,SF,,-0.5874,-0.3259
0.745,5,0.5,SF,,-0.5906,-0.3274
0.75,5,0.5,SF,,-0.5938,-0.3289
0.755,5,0.5,SF,,-0.597,-0.3305
0.76,5,0.5,SF,,-0.6001,-0.332
0.765,5,0.5,SF,,-0.6032,-0.3335
0.77,5,0.5,SF,,-0.6063,-0.3349
0.775,5,0.5,SF,,-0.6094,-0.3364
0.78,5,0.5,SF,,-0.6124,-0.3379
0.785,5,0.5,SF,,-0.6155,-0.3393
0.79,5,0.5,SF,,-0.6185,-0.3408
0.795,5,0.5,SF,,-0.6215,-0.3422
0.8,5,0.5,SF,,-0.6245,-0.3437
0.805,5,0.5,SF,,-0.6274,-0.3451
0.81,5,0.5,SF,,-0.6304,-0.3465
0.815,5,0.5,SF,,-0.6333,-0.3479
0.82,5,0.5,SF,,-0.6362,-0.3493
0.825,5,0.5,SF,,-0.6391,-0.3507
0.83,5,0.5,SF,,-0.6419,-0.352
0.835,5,0.5,SF,,-0.6448,-0.3534
0.84,5,0.5,SF,,-0.6476,-0.3547
0.845,5,0.5,SF,,-0.6504,-0.3561
0.85,5,0.5,SF,,-0.6532,-0.3574
0.855,5,0.5,SF,,-0.6559,-0.3587
0.86,5,0.5,SF,,-0.6587,-0.36
0.865,5,0.5,SF,,-0.6614,-0.3614
0.87,5,0.5,SF,,-0.6641,-0.3626
0.875,5,0.5,SF,,-0.6668,-0.3639
0.88,5,0.5,SF,,-0.6695,-0.3652
0.885,5,0.5,SF,,-0.6721,-0.3665
0.89,5,0.5,SF,,-0.6748,-0.3677
0.895,5,0.5,SF,,-0.6774,-0.369
0.9,5,0.5,SF,,-0.68,-0.3702
0.905,5,0.5,SF,,-0.6825,-0.3714
0.91,5,0.5,SF,,-0.6851,-0.3727
0.915,5,0.5,SF,,-0.6876,-0.3739
0.92,5,0.5,SF,,-0.6902,-0.3751
0.925,5,0.5,SF,,-0.6927,-0.3763
0.93,5,0.5,SF,,-0.6951,-0.3774
0.935,5,0.5,SF,,-0.6976,-0.3786
0.94,5,0.5,SF,,-0.7001,-0.3798
0.945,5,0.5,SF,,-0.7025,-0.3809
0.95,5,0.5,SF,,-0.7049,-0.3821
0.955,5,0.5,SF,,-0.7073,-0.3832
0.96,5,0.5,SF,,-0.7097,-0.3843
0.965,5,0.5,SF,,-0.712,-0.3855
0.97,5,0.5,SF,,-0.7144,-0.3866
0.975,5,0.5,SF,,-0.7167,-0.3877
0.98,5,0.5,SF,,-0.719,-0.3888
0.985,5,0.5,SF,,-0.7213,-0.3898
0.99,5,0.5,SF,,-0.7235,-0.3909
0.995,5,0.5,SF,,-0.7258,-0.392
1,5,0.5,SF,,-0.728,-0.393
1.005,5,0.5,SF,,-0.7302,-0.3941
1.01,5,0.5,SF,,-0.7324,-0.3951
1.015,5,0.5,SF,,-0.7346,-0.3962
1.02,5,0.5,SF,,-0.7367,-0.3972
1.025,5,0.5,SF,,-0.7389,-0.3982
1.03,5,0.5,SF,,-0.741,-0.3992
1.035,5,0.5,SF,,-0.7431,-0.4002
1.04,5,0.5,SF,,-0.7452,-0.4012
1.045,5,0.5,SF,,-0.7473,-0.4021
1.05,5,0.5,SF,,-0.7493,-0.4031
1.055,5,0.5,SF,,-0.7513,-0.4041
1.06,5,0.5,SF,,-0.7534,-0.405
1.065,5,0.5,SF,,-0.7554,-0.4059
1.07,5,0.5,SF,,-0.7573,-0.4069
1.075,5,0.5,SF,,-0.7593,-0.4078
1.08,5,0.5,SF,,-0.7613,-0.4087
1.085,5,0.5,SF,,-0.7632,-0.4096
1.09,5,0.5,SF,,-0.7651,-0.4105
1.095,5,0.5,SF,,-0.767,-0.4114
1.1,5,0.5,SF,,-0.7689,-0.4123
1.105,5,0.5,SF,,-0.7707,-0.4132
1.11,5,0.5,SF,,-0.7726,-0.414
1.115,5,0.5,SF,,-0.7744,-0.4149
1.12,5,0.5,SF,,-0.7762,-0.4157
1.125,5,0.5,SF,,-0.778,-0.4166
1.13,5,0.5,SF,,-0.7798,-0.4174
1.135,5,0.5,SF,,-0.7815,-0.4182
1.14,5,0.5,SF,,-0.7833,-0.419
1.145,5,0.5,SF,,-0.785,-0.4198
1.15,5,0.5,SF,,-0.7867,-0.4206
1.155,5,0.5,SF,,-0.7884,-0.4214
1.16,5,0.5,SF,,-0.7901,-0.4222
1.165,5,0.5,SF,,-0.7917,-0.423
1.17,5,0.5,SF,,-0.7934,-0.4237
1.175,5,0.5,SF,,-0.795,-0.4245
1.18,5,0.5,SF,,-0.7966,-0.4252
1.185,5,0.5,SF,,-0.7982,-0.426
1.19,5,0.5,SF,,-0.7998,-0.4267
1.195,5,0.5,SF,,-0.8013,-0.4274
1.2,5,0.5,SF,,-0.8029,-0.4281
1.205,5,0.5,SF,,-0.8044,-0.4288
1.21,5,0.5,SF,,-0.8059,-0.4295
1.215,5,0.5,SF,,-0.8074,-0.4302
1.22,5,0.5,SF,,-0.8089,-0.4309
1.225,5,0.5,SF,,-0.8103,-0.4316
1.23,5,0.5,SF,,-0.8118,-0.4322
1.235,5,0.5,SF,,-0.8132,-0.4329
1.24,5,0.5,SF,,-0.8146,-0.4335
1.245,5,0.5,SF,,-0.816,-0.4342
1.25,5,0.5,SF,,-0.8174,-0.4348
1.255,5,0.5,SF,,-0.8187,-0.4354
1.26,5,0.5,SF,,-0.8201,-0.436
1.265,5,0.5,SF,,-0.8214,-0.4366
1.27,5,0.5,SF,,-0.8227,-0.4372
1.275,5,0.5,SF,,-0.824,-0.4378
1.28,5,0.5,SF,,-0.8253,-0.4384
1.285,5,0.5,SF,,-0.8266,-0.439
1.29,5,0.5,SF,,-0.8278,-0.4396
1.295,5,0.5,SF,,-0.8291,-0.4401
1.3,5,0.5,SF,,-0.8303,-0.4407
1.305,5,0.5,SF,,-0.8315,-0.4412
1.31,5,0.5,SF,,-0.8327,-0.4418
1.315,5,0.5,SF,,-0.8339,-0.4423
1.32,5,0.5,SF,,-0.835,-0.4428
1.325,5,0.5,SF,,-0.8362,-0.4433
1.33,5,0.5,SF,,-0.8373,-0.4438
1.335,5,0.5,SF,,-0.8384,-0.4443
1.34,5,0.5,SF,,-0.8395,-0.4448
1.345,5,0.5,SF,,-0.8406,-0.4453
1.35,5,0.5,SF,,-0.8416,-0.4458
1.355,5,0.5,SF,,-0.8427,-0.4462
1.36,5,0.5,SF,,-0.8437,-0.4467
1.365,5,0.5,SF,,-0.8448,-0.4472
1.37,5,0.5,SF,,-0.8458,-0.4476
1.375,5,0.5,SF,,-0.8467,-0.448
1.38,5,0.5,SF,,-0.8477,-0.4485
1.385,5,0.5,SF,,-0.8487,-0.4489
1.39,5,0.5,SF,,-0.8496,-0.4493
1.395,5,0.5,SF,,-0.8506,-0.4497
1.4,5,0.5,SF,,-0.8515,-0.4501
1.405,5,0.5,SF,,-0.8524,-0.4505
1.41,5,0.5,SF,,-0.8533,-0.4509
1.415,5,0.5,SF,,-0.8541,-0.4513
1.42,5,0.5,SF,,-0.855,-0.4516
1.425,5,0.5,SF,,-0.8558,-0.452
1.43,5,0.5,SF,,-0.8566,-0.4524
1.435,5,0.5,SF,,-0.8575,-0.4527
1.44,5,0.5,SF,,-0.8583,-0.4531
1.445,5,0.5,SF,,-0.859,-0.4534
1.45,5,0.5,SF,,-0.8598,-0.4537
1.455,5,0.5,SF,,-0.8606,-0.454
1.46,5,0.5,SF,,-0.8613,-0.4543
1.465,5,0.5,SF,,-0.862,-0.4546
1.47,5,0.5,SF,,-0.8627,-0.4549
1.475,5,0.5,SF,,-0.8634,-0.4552
1.48,5,0.5,SF,,-0.8641,-0.4555
1.485,5,0.5,SF,,-0.8648,-0.4558
1.49,5,0.5,SF,,-0.8654,-0.4561
1.495,5,0.5,SF,,-0.8661,-0.4563
1.5,5,0.5,SF,,-0.8667,-0.4566
1.505,5,0.5,SF,,-0.8673,-0.4568
1.51,5,0.5,SF,,-0.8679,-0.4571
1.515,5,0.5,SF,,-0.8685,-0.4573
1.52,5,0.5,SF,,-0.869,-0.4575
1.525,5,0.5,SF,,-0.8696,-0.4578
1.53,5,0.5,SF,,-0.8701,-0.458
1.535,5,0.5,SF,,-0.8707,-0.4582
1.54,5,0.5,SF,,-0.8712,-0.4584
1.545,5,0.5,SF,,-0.8717,-0.4586
1.55,5,0.5,SF,,-0.8722,-0.4588
1.555,5,0.5,SF,,-0.8726,-0.4589
1.56,5,0.5,SF,,-0.8731,-0.4591
1.565,5,0.5,SF,,-0.8735,-0.4593
1.57,5,0.5,SF,,-0.874,-0.4594
1.575,5,0.5,SF,,-0.8744,-0.4596
1.58,5,0.5,SF,,-0.8748,-0.4597
1.585,5,0.5,SF,,-0.8752,-0.4599
1.59,5,0.5,SF,,-0.8755,-0.46
1.595,5,0.5,SF,,-0.8759,-0.4601
1.6,5,0.5,SF,,-0.8762,-0.4602
1.605,5,0.5,SF,,-0.8766,-0.4604
1.61,5,0.5,SF,,-0.8769,-0.4605
1.615,5,0.5,SF,,-0.8772,-0.4606
1.62,5,0.5,SF,,-0.8775,-0.4607
1.625,5,0.5,SF,,-0.8778,-0.4607
1.63,5,0.5,SF,,-0.8781,-0.4608
1.635,5,0.5,SF,,-0.8783,-0.4609
1.64,5,0.5,SF,,-0.8786,-0.461
1.645,5,0.5,SF,,-0.8788,-0.461
1.65,5,0.5,SF,,-0.879,-0.4611
1.655,5,0.5,SF,,-0.8792,-0.4611
1.66,5,0.5,SF,,-0.8794,-0.4612
1.665,5,0.5,SF,,-0.8796,-0.4612
1.67,5,0.5,SF,,-0.8797,-0.4612
1.675,5,0.5,SF,,-0.8799,-0.4612
1.68,5,0.5,SF,,-0.88,-0.4613
1.685,5,0.5,SF,,-0.8802,-0.4613
1.69,5,0.5,SF,,-0.8803,-0.4613
1.695,5,0.5,SF,,-0.8804,-0.4613
1.7,5,0.5,SF,,-0.8805,-0.4613
1.705,5,0.5,SF,,-0.8805,-0.4612
1.71,5,0.5,SF,,-0.8806,-0.4612
1.715,5,0.5,SF,,-0.8806,-0.4612
1.72,5,0.5,SF,,-0.8807,-0.4611
1.725,5,0.5,SF,,-0.8807,-0.4611
1.73,5,0.5,SF,,-0.8807,-0.4611
1.735,5,0.5,SF,,-0.8807,-0.461
1.74,5,0.5,SF,,-0.8807,-0.4609
1.745,5,0.5,SF,,-0.8807,-0.4609
1.75,5,0.5,SF,,-0.8806,-0.4608
1.755,5,0.5,SF,,-0.8806,-0.4607
1.76,5,0.5,SF,,-0.8805,-0.4606
1.765,5,0.5,SF,,-0.8805,-0.4605
1.77,5,0.5,SF,,-0.8804,-0.4605
1.775,5,0.5,SF,,-0.8803,-0.4603
1.78,5,0.5,SF,,-0.8802,-0.4602
1.785,5,0.5,SF,,-0.8801,-0.4601
1.79,5,0.5,SF,,-0.8799,-0.46
1.795,5,0.5,SF,,-0.8798,-0.4599
1.8,5,0.5,SF,,-0.8796,-0.4597
1.805,5,0.5,SF,,-0.8794,-0.4596
1.81,5,0.5,SF,,-0.8793,-0.4595
1.815,5,0.5,SF,,-0.8791,-0.4593
1.82,5,0.5,SF,,-0.8789,-0.4592
1.825,5,0.5,SF,,-0.8787,-0.459
1.83,5,0.5,SF,,-0.8784,-0.4588
1.835,5,0.5,SF,,-0.8782,-0.4587
1.84,5,0.5,SF,,-0.8779,-0.4585
1.845,5,0.5,SF,,-0.8777,-0.4583
1.85,5,0.5,SF,,-0.8774,-0.4581
1.855,5,0.5,SF,,-0.8771,-0.4579
1.86,5,0.5,SF,,-0.8768,-0.4577
1.865,5,0.5,SF,,-0.8765,-0.4575
1.87,5,0.5,SF,,-0.8762,-0.4573
1.875,5,0.5,SF,,-0.8759,-0.4571
1.88,5,0.5,SF,,-0.8755,-0.4568
1.885,5,0.5,SF,,-0.8752,-0.4566
1.89,5,0.5,SF,,-0.8748,-0.4564
1.895,5,0.5,SF,,-0.8744,-0.4561
1.9,5,0.5,SF,,-0.874,-0.4559
1.905,5,0.5,SF,,-0.8736,-0.4556
1.91,5,0.5,SF,,-0.8732,-0.4554
1.915,5,0.5,SF,,-0.8728,-0.4551
1.92,5,0.5,SF,,-0.8724,-0.4548
1.925,5,0.5,SF,,-0.8719,-0.4546
1.93,5,0.5,SF,,-0.8715,-0.4543
1.935,5,0.5,SF,,-0.871,-0.454
1.94,5,0.5,SF,,-0.8705,-0.4537
1.945,5,0.5,SF,,-0.87,-0.4534
1.95,5,0.5,SF,,-0.8696,-0.4531
1.955,5,0.5,SF,,-0.869,-0.4528
1.96,5,0.5,SF,,-0.8685,-0.4525
1.965,5,0.5,SF,,-0.868,-0.4522
1.97,5,0.5,SF,,-0.8675,-0.4519
1.975,5,0.5,SF,,-0.8669,-0.4515
1.98,5,0.5,SF,,-0.8663,-0.4512
1.985,5,0.5,SF,,-0.8658,-0.4509
1.99,5,0.5,SF,,-0.8652,-0.4505
1.995,5,0.5,SF,,-0.8646,-0.4502
2,5,0.5,SF,,-0.864,-0.4498
2.005,5,0.5,SF,,-0.8634,-0.4495
2.01,5,0.5,SF,,-0.8628,-0.4491
2.015,5,0.5,SF,,-0.8621,-0.4487
2.02,5,0.5,SF,,-0.8615,-0.4484
2.025,5,0.5,SF,,-0.8608,-0.448
2.03,5,0.5,SF,,-0.8602,-0.4476
2.035,5,0.5,SF,,-0.8595,-0.4472
2.04,5,0.5,SF,,-0.8588,-0.4468
2.045,5,0.5,SF,,-0.8581,-0.4464
2.05,5,0.5,SF,,-0.8574,-0.446
2.055,5,0.5,SF,,-0.8567,-0.4456
2.06,5,0.5,SF,,-0.856,-0.4452
2.065,5,0.5,SF,,-0.8552,-0.4448
2.07,5,0.5,SF,,-0.8545,-0.4443
2.075,5,0.5,SF,,-0.8537,-0.4439
2.08,5,0.5,SF,,-0.853,-0.4435
2.085,5,0.5,SF,,-0.8522,-0.443
2.09,5,0.5,SF,,-0.8514,-0.4426
2.095,5,0.5,SF,,-0.8506,-0.4422
2.1,5,0.5,SF,,-0.8498,-0.4417
2.105,5,0.5,SF,,-0.849,-0.4412
2.11,5,0.5,SF,,-0.8482,-0.4408
2.115,5,0.5,SF,,-0.8474,-0.4403
2.12,5,0.5,SF,,-0.8465,-0.4399
2.125,5,0.5,SF,,-0.8457,-0.4394
2.13,5,0.5,SF,,-0.8448,-0.4389
2.135,5,0.5,SF,,-0.8439,-0.4384
2.14,5,0.5,SF,,-0.8431,-0.4379
2.145,5,0.5,SF,,-0.8422,-0.4374
2.15,5,0.5,SF,,-0.8413,-0.4369
2.155,5,0.5,SF,,-0.8404,-0.4364
2.16,5,0.5,SF,,-0.8395,-0.4359
2.165,5,0.5,SF,,-0.8385,-0.4354
2.17,5,0.5,SF,,-0.8376,-0.4349
2.175,5,0.5,SF,,-0.8367,-0.4344
2.18,5,0.5,SF,,-0.8357,-0.4338
2.185,5,0.5,SF,,-0.8348,-0.4333
2.19,5,0.5,SF,,-0.8338,-0.4328
2.195,5,0.5,SF,,-0.8328,-0.4322
2.2,5,0.5,SF,,-0.8318,-0.4317
2.205,5,0.5,SF,,-0.8308,-0.4311
2.21,5,0.5,SF,,-0.8298,-0.4306
2.215,5,0.5,SF,,-0.8288,-0.43
2.22,5,0.5,SF,,-0.8278,-0.4295
2.225,5,0.5,SF,,-0.8268,-0.4289
2.23,5,0.5,SF,,-0.8257,-0.4283
2.235,5,0.5,SF,,-0.8247,-0.4278
2.24,5,0.5,SF,,-0.8236,-0.4272
2.245,5,0.5,SF,,-0.8225,-0.4266
2.25,5,0.5,SF,,-0.8215,-0.426
2.255,5,0.5,SF,,-0.8204,-0.4254
2.26,5,0.5,SF,,-0.8193,-0.4248
2.265,5,0.5,SF,,-0.8182,-0.4242
2.27,5,0.5,SF,,-0.8171,-0.4236
2.275,5,0.5,SF,,-0.816,-0.423
2.28,5,0.5,SF,,-0.8149,-0.4224
2.285,5,0.5,SF,,-0.8137,-0.4218
2.29,5,0.5,SF,,-0.8126,-0.4212
2.295,5,0.5,SF,,-0.8114,-0.4206
2.3,5,0.5,SF,,-0.8103,-0.4199
2.305,5,0.5,SF,,-0.8091,-0.4193
2.31,5,0.5,SF,,-0.8079,-0.4187
2.315,5,0.5,SF,,-0.8068,-0.418
2.32,5,0.5,SF,,-0.8056,-0.4174
2.325,5,0.5,SF,,-0.8044,-0.4167
2.33,5,0.5,SF,,-0.8032,-0.4161
2.335,5,0.5,SF,,-0.802,-0.4154
2.34,5,0.5,SF,,-0.8007,-0.4148
2.345,5,0.5,SF,,-0.7995,-0.4141
2.35,5,0.5,SF,,-0.7983,-0.4135
2.355,5,0.5,SF,,-0.797,-0.4128
2.36,5,0.5,SF,,-0.7958,-0.4121
2.365,5,0.5,SF,,-0.7945,-0.4114
2.37,5,0.5,SF,,-0.7933,-0.4108
2.375,5,0.5,SF,,-0.792,-0.4101
2.38,5,0.5,SF,,-0.7907,-0.4094
2.385,5,0.5,SF,,-0.7894,-0.4087
2.39,5,0.5,SF,,-0.7881,-0.408
2.395,5,0.5,SF,,-0.7868,-0.4073
2.4,5,0.5,SF,,-0.7855,-0.4066
2.405,5,0.5,SF,,-0.7842,-0.4059
2.41,5,0.5,SF,,-0.7829,-0.4052
2.415,5,0.5,SF,,-0.7815,-0.4045
2.42,5,0.5,SF,,-0.7802,-0.4037
2.425,5,0.5,SF,,-0.7788,-0.403
2.43,5,0.5,SF,,-0.7775,-0.4023
2.435,5,0.5,SF,,-0.7761,-0.4016
2.44,5,0.5,SF,,-0.7748,-0.4008
2.445,5,0.5,SF,,-0.7734,-0.4001
2.45,5,0.5,SF,,-0.772,-0.3994
2.455,5,0.5,SF,,-0.7706,-0.3986
2.46,5,0.5,SF,,-0.7692,-0.3979
2.465,5,0.5,SF,,-0.7678,-0.3971
2.47,5,0.5,SF,,-0.7664,-0.3964
2.475,5,0.5,SF,,-0.765,-0.3956
2.48,5,0.5,SF,,-0.7636,-0.3949
2.485,5,0.5,SF,,-0.7621,-0.3941
2.49,5,0.5,SF,,-0.7607,-0.3933
2.495,5,0.5,SF,,-0.7593,-0.3926
2.5,5,0.5,SF,,-0.7578,-0.3918
2.505,5,0.5,SF,,-0.7564,-0.391
2.51,5,0.5,SF,,-0.7549,-0.3902
2.515,5,0.5,SF,,-0.7534,-0.3895
2.52,5,0.5,SF,,-0.7519,-0.3887
2.525,5,0.5,SF,,-0.7505,-0.3879
2.53,5,0.5,SF,,-0.749,-0.3871
2.535,5,0.5,SF,,-0.7475,-0.3863
2.54,5,0.5,SF,,-0.746,-0.3855
2.545,5,0.5,SF,,-0.7445,-0.3847
2.55,5,0.5,SF,,-0.743,-0.3839
2.555,5,0.5,SF,,-0.7414,-0.3831
2.56,5,0.5,SF,,-0.7399,-0.3823
2.565,5,0.5,SF,,-0.7384,-0.3815
2.57,5,0.5,SF,,-0.7368,-0.3807
2.575,5,0.5,SF,,-0.7353,-0.3799
2.58,5,0.5,SF,,-0.7337,-0.379
2.585,5,0.5,SF,,-0.7322,-0.3782
2.59,5,0.5,SF,,-0.7306,-0.3774
2.595,5,0.5,SF,,-0.7291,-0.3766
2.6,5,0.5,SF,,-0.7275,-0.3757
2.605,5,0.5,SF,,-0.7259,-0.3749
2.61,5,0.5,SF,,-0.7243,-0.374
2.615,5,0.5,SF,,-0.7227,-0.3732
2.62,5,0.5,SF,,-0.7211,-0.3724
2.625,5,0.5,SF,,-0.7195,-0.3715
2.63,5,0.5,SF,,-0.7179,-0.3707
2.635,5,0.5,SF,,-0.7163,-0.3698
2.64,5,0.5,SF,,-0.7147,-0.369
2.645,5,0.5,SF,,-0.7131,-0.3681
2.65,5,0.5,SF,,-0.7114,-0.3672
2.655,5,0.5,SF,,-0.7098,-0.3664
2.66,5,0.5,SF,,-0.7082,-0.3655
2.665,5,0.5,SF,,-0.7065,-0.3647
2.67,5,0.5,SF,,-0.7049,-0.3638
2.675,5,0.5,SF,,-0.7032,-0.3629
2.68,5,0.5,SF,,-0.7015,-0.362
2.685,5,0.5,SF,,-0.6999,-0.3612
2.69,5,0.5,SF,,-0.6982,-0.3603
2.695,5,0.5,SF,,-0.6965,-0.3594
2.7,5,0.5,SF,,-0.6948,-0.3585
2.705,5,0.5,SF,,-0.6932,-0.3576
2.71,5,0.5,SF,,-0.6915,-0.3567
2.715,5,0.5,SF,,-0.6898,-0.3558
2.72,5,0.5,SF,,-0.6881,-0.3549
2.725,5,0.5,SF,,-0.6864,-0.354
2.73,5,0.5,SF,,-0.6846,-0.3531
2.735,5,0.5,SF,,-0.6829,-0.3522
2.74,5,0.5,SF,,-0.6812,-0.3513
2.745,5,0.5,SF,,-0.6795,-0.3504
2.75,5,0.5,SF,,-0.6777,-0.3495
2.755,5,0.5,SF,,-0.676,-0.3486
2.76,5,0.5,SF,,-0.6743,-0.3477
2.765,5,0.5,SF,,-0.6725,-0.3468
2.77,5,0.5,SF,,-0.6708,-0.3459
2.775,5,0.5,SF,,-0.669,-0.3449
2.78,5,0.5,SF,,-0.6673,-0.344
2.785,5,0.5,SF,,-0.6655,-0.3431
2.79,5,0.5,SF,,-0.6637,-0.3422
2.795,5,0.5,SF,,-0.662,-0.3412
2.8,5,0.5,SF,,-0.6602,-0.3403
2.805,5,0.5,SF,,-0.6584,-0.3394
2.81,5,0.5,SF,,-0.6566,-0.3384
2.815,5,0.5,SF,,-0.6548,-0.3375
2.82,5,0.5,SF,,-0.653,-0.3366
2.825,5,0.5,SF,,-0.6512,-0.3356
2.83,5,0.5,SF,,-0.6494,-0.3347
2.835,5,0.5,SF,,-0.6476,-0.3337
2.84,5,0.5,SF,,-0.6458,-0.3328
2.845,5,0.5,SF,,-0.644,-0.3318
2.85,5,0.5,SF,,-0.6422,-0.3309
2.855,5,0.5,SF,,-0.6404,-0.3299
2.86,5,0.5,SF,,-0.6385,-0.329
2.865,5,0.5,SF,,-0.6367,-0.328
2.87,5,0.5,SF,,-0.6349,-0.3271
2.875,5,0.5,SF,,-0.633,-0.3261
2.88,5,0.5,SF,,-0.6312,-0.3251
2.885,5,0.5,SF,,-0.6293,-0.3242
2.89,5,0.5,SF,,-0.6275,-0.3232
2.895,5,0.5,SF,,-0.6256,-0.3223
2.9,5,0.5,SF,,-0.6238,-0.3213
2.905,5,0.5,SF,,-0.6219,-0.3203
2.91,5,0.5,SF,,-0.6201,-0.3193
2.915,5,0.5,SF,,-0.6182,-0.3184
2.92,5,0.5,SF,,-0.6163,-0.3174
2.925,5,0.5,SF,,-0.6145,-0.3164
2.93,5,0.5,SF,,-0.6126,-0.3154
2.935,5,0.5,SF,,-0.6107,-0.3145
2.94,5,0.5,SF,,-0.6088,-0.3135
2.945,5,0.5,SF,,-0.6069,-0.3125
2.95,5,0.5,SF,,-0.6051,-0.3115
2.955,5,0.5,SF,,-0.6032,-0.3105
2.96,5,0.5,SF,,-0.6013,-0.3095
2.965,5,0.5,SF,,-0.5994,-0.3085
2.97,5,0.5,SF,,-0.5975,-0.3076
2.975,5,0.5,SF,,-0.5956,-0.3066
2.98,5,0.5,SF,,-0.5937,-0.3056
2.985,5,0.5,SF,,-0.5917,-0.3046
2.99,5,0.5,SF,,-0.5898,-0.3036
2.995,5,0.5,SF,,-0.5879,-0.3026
3,5,0.5,SF,,-0.586,-0.3016
3.005,5,0.5,SF,,-0.5841,-0.3006
3.01,5,0.5,SF,,-0.5822,-0.2996
3.015,5,0.5,SF,,-0.5802,-0.2986
3.02,5,0.5,SF,,-0.5783,-0.2976
3.025,5,0.5,SF,,-0.5764,-0.2966
3.03,5,0.5,SF,,-0.5744,-0.2956
3.035,5,0.5,SF,,-0.5725,-0.2946
3.04,5,0.5,SF,,-0.5706,-0.2935
3.045,5,0.5,SF,,-0.5686,-0.2925
3.05,5,0.5,SF,,-0.5667,-0.2915
3.055,5,0.5,SF,,-0.5647,-0.2905
3.06,5,0.5,SF,,-0.5628,-0.2895
3.065,5,0.5,SF,,-0.5608,-0.2885
3.07,5,0.5,SF,,-0.5589,-0.2875
3.075,5,0.5,SF,,-0.5569,-0.2864
3.08,5,0.5,SF,,-0.555,-0.2854
3.085,5,0.5,SF,,-0.553,-0.2844
3.09,5,0.5,SF,,-0.551,-0.2834
3.095,5,0.5,SF,,-0.5491,-0.2824
3.1,5,0.5,SF,,-0.5471,-0.2814
3.105,5,0.5,SF,,-0.5451,-0.2803
3.11,5,0.5,SF,,-0.5432,-0.2793
3.115,5,0.5,SF,,-0.5412,-0.2783
3.12,5,0.5,SF,,-0.5392,-0.2773
3.125,5,0.5,SF,,-0.5372,-0.2762
3.13,5,0.5,SF,,-0.5353,-0.2752
3.135,5,0.5,SF,,-0.5333,-0.2742
3.14,5,0.5,SF,,-0.5313,-0.2731
3.145,5,0.5,SF,,-0.5293,-0.2721
3.15,5,0.5,SF,,-0.5273,-0.2711
3.155,5,0.5,SF,,-0.5253,-0.2701
3.16,5,0.5,SF,,-0.5233,-0.269
3.165,5,0.5,SF,,-0.5214,-0.268
3.17,5,0.5,SF,,-0.5194,-0.267
3.175,5,0.5,SF,,-0.5174,-0.2659
3.18,5,0.5,SF,,-0.5154,-0.2649
3.185,5,0.5,SF,,-0.5134,-0.2639
3.19,5,0.5,SF,,-0.5114,-0.2628
3.195,5,0.5,SF,,-0.5094,-0.2618
3.2,5,0.5,SF,,-0.5074,-0.2607
3.205,5,0.5,SF,,-0.5054,-0.2597
3.21,5,0.5,SF,,-0.5034,-0.2587
3.215,5,0.5,SF,,-0.5014,-0.2576
3.22,5,0.5,SF,,-0.4994,-0.2566
3.225,5,0.5,SF,,-0.4974,-0.2556
3.23,5,0.5,SF,,-0.4954,-0.2545
3.235,5,0.5,SF,,-0.4934,-0.2535
3.24,5,0.5,SF,,-0.4913,-0.2524
3.245,5,0.5,SF,,-0.4893,-0.2514
3.25,5,0.5,SF,,-0.4873,-0.2504
3.255,5,0.5,SF,,-0.4853,-0.2493
3.26,5,0.5,SF,,-0.4833,-0.2483
3.265,5,0.5,SF,,-0.4813,-0.2472
3.27,5,0.5,SF,,-0.4793,-0.2462
3.275,5,0.5,SF,,-0.4773,-0.2451
3.28,5,0.5,SF,,-0.4752,-0.2441
3.285,5,0.5,SF,,-0.4732,-0.2431
3.29,5,0.5,SF,,-0.4712,-0.242
3.295,5,0.5,SF,,-0.4692,-0.241
3.3,5,0.5,SF,,-0.4672,-0.2399
3.305,5,0.5,SF,,-0.4651,-0.2389
3.31,5,0.5,SF,,-0.4631,-0.2378
3.315,5,0.5,SF,,-0.4611,-0.2368
3.32,5,0.5,SF,,-0.4591,-0.2357
3.325,5,0.5,SF,,-0.4571,-0.2347
3.33,5,0.5,SF,,-0.4551,-0.2337
3.335,5,0.5,SF,,-0.453,-0.2326
3.34,5,0.5,SF,,-0.451,-0.2316
3.345,5,0.5,SF,,-0.449,-0.2305
3.35,5,0.5,SF,,-0.447,-0.2295
3.355,5,0.5,SF,,-0.4449,-0.2284
3.36,5,0.5,SF,,-0.4429,-0.2274
3.365,5,0.5,SF,,-0.4409,-0.2263
3.37,5,0.5,SF,,-0.4389,-0.2253
3.375,5,0.5,SF,,-0.4369,-0.2243
3.38,5,0.5,SF,,-0.4348,-0.2232
3.385,5,0.5,SF,,-0.4328,-0.2222
3.39,5,0.5,SF,,-0.4308,-0.2211
3.395,5,0.5,SF,,-0.4288,-0.2201
3.4,5,0.5,SF,,-0.4268,-0.219
3.405,5,0.5,SF,,-0.4247,-0.218
3.41,5,0.5,SF,,-0.4227,-0.2169
3.415,5,0.5,SF,,-0.4207,-0.2159
3.42,5,0.5,SF,,-0.4187,-0.2149
3.425,5,0.5,SF,,-0.4167,-0.2138
3.43,5,0.5,SF,,-0.4146,-0.2128
3.435,5,0.5,SF,,-0.4126,-0.2117
3.44,5,0.5,SF,,-0.4106,-0.2107
3.445,5,0.5,SF,,-0.4086,-0.2097
3.45,5,0.5,SF,,-0.4066,-0.2086
3.455,5,0.5,SF,,-0.4045,-0.2076
3.46,5,0.5,SF,,-0.4025,-0.2065
3.465,5,0.5,SF,,-0.4005,-0.2055
3.47,5,0.5,SF,,-0.3985,-0.2045
3.475,5,0.5,SF,,-0.3965,-0.2034
3.48,5,0.5,SF,,-0.3945,-0.2024
3.485,5,0.5,SF,,-0.3925,-0.2013
3.49,5,0.5,SF,,-0.3905,-0.2003
3.495,5,0.5,SF,,-0.3884,-0.1993
3.5,5,0.5,SF,,-0.3864,-0.1982
3.505,5,0.5,SF,,-0.3844,-0.1972
3.51,5,0.5,SF,,-0.3824,-0.1962
3.515,5,0.5,SF,,-0.3804,-0.1951
3.52,5,0.5,SF,,-0.3784,-0.1941
3.525,5,0.5,SF,,-0.3764,-0.1931
3.53,5,0.5,SF,,-0.3744,-0.192
3.535,5,0.5,SF,,-0.3724,-0.191
3.54,5,0.5,SF,,-0.3704,-0.19
3.545,5,0.5,SF,,-0.3684,-0.1889
3.55,5,0.5,SF,,-0.3664,-0.1879
3.555,5,0.5,SF,,-0.3644,-0.1869
3.56,5,0.5,SF,,-0.3624,-0.1859
3.565,5,0.5,SF,,-0.3604,-0.1848
3.57,5,0.5,SF,,-0.3584,-0.1838
3.575,5,0.5,SF,,-0.3565,-0.1828
3.58,5,0.5,SF,,-0.3545,-0.1817
3.585,5,0.5,SF,,-0.3525,-0.1807
3.59,5,0.5,SF,,-0.3505,-0.1797
3.595,5,0.5,SF,,-0.3485,-0.1787
3.6,5,0.5,SF,,-0.3465,-0.1777
3.605,5,0.5,SF,,-0.3445,-0.1766
3.61,5,0.5,SF,,-0.3426,-0.1756
3.615,5,0.5,SF,,-0.3406,-0.1746
3.62,5,0.5,SF,,-0.3386,-0.1736
3.625,5,0.5,SF,,-0.3366,-0.1726
3.63,5,0.5,SF,,-0.3347,-0.1716
3.635,5,0.5,SF,,-0.3327,-0.1705
3.64,5,0.5,SF,,-0.3307,-0.1695
3.645,5,0.5,SF,,-0.3288,-0.1685
3.65,5,0.5,SF,,-0.3268,-0.1675
3.655,5,0.5,SF,,-0.3249,-0.1665
3.66,5,0.5,SF,,-0.3229,-0.1655
3.665,5,0.5,SF,,-0.3209,-0.1645
3.67,5,0.5,SF,,-0.319,-0.1635
3.675,5,0.5,SF,,-0.317,-0.1625
3.68,5,0.5,SF,,-0.3151,-0.1615
3.685,5,0.5,SF,,-0.3131,-0.1605
3.69,5,0.5,SF,,-0.3112,-0.1595
3.695,5,0.5,SF,,-0.3093,-0.1585
3.7,5,0.5,SF,,-0.3073,-0.1575
3.705,5,0.5,SF,,-0.3054,-0.1565
3.71,5,0.5,SF,,-0.3035,-0.1555
3.715,5,0.5,SF,,-0.3015,-0.1545
3.72,5,0.5,SF,,-0.2996,-0.1535
3.725,5,0.5,SF,,-0.2977,-0.1525
3.73,5,0.5,SF,,-0.2957,-0.1515
3.735,5,0.5,SF,,-0.2938,-0.1505
3.74,5,0.5,SF,,-0.2919,-0.1496
3.745,5,0.5,SF,,-0.29,-0.1486
3.75,5,0.5,SF,,-0.2881,-0.1476
3.755,5,0.5,SF,,-0.2862,-0.1466
3.76,5,0.5,SF,,-0.2843,-0.1456
3.765,5,0.5,SF,,-0.2824,-0.1446
3.77,5,0.5,SF,,-0.2805,-0.1437
3.775,5,0.5,SF,,-0.2786,-0.1427
3.78,5,0.5,SF,,-0.2767,-0.1417
3.785,5,0.5,SF,,-0.2748,-0.1408
3.79,5,0.5,SF,,-0.2729,-0.1398
3.795,5,0.5,SF,,-0.271,-0.1388
3.8,5,0.5,SF,,-0.2691,-0.1378
3.805,5,0.5,SF,,-0.2673,-0.1369
3.81,5,0.5,SF,,-0.2654,-0.1359
3.815,5,0.5,SF,,-0.2635,-0.135
3.82,5,0.5,SF,,-0.2616,-0.134
3.825,5,0.5,SF,,-0.2598,-0.133
3.83,5,0.5,SF,,-0.2579,-0.1321
3.835,5,0.5,SF,,-0.2561,-0.1311
3.84,5,0.5,SF,,-0.2542,-0.1302
3.845,5,0.5,SF,,-0.2524,-0.1292
3.85,5,0.5,SF,,-0.2505,-0.1283
3.855,5,0.5,SF,,-0.2487,-0.1273
3.86,5,0.5,SF,,-0.2468,-0.1264
3.865,5,0.5,SF,,-0.245,-0.1254
3.87,5,0.5,SF,,-0.2432,-0.1245
3.875,5,0.5,SF,,-0.2413,-0.1236
3.88,5,0.5,SF,,-0.2395,-0.1226
3.885,5,0.5,SF,,-0.2377,-0.1217
3.89,5,0.5,SF,,-0.2359,-0.1208
3.895,5,0.5,SF,,-0.2341,-0.1198
3.9,5,0.5,SF,,-0.2323,-0.1189
3.905,5,0.5,SF,,-0.2305,-0.118
3.91,5,0.5,SF,,-0.2287,-0.1171
3.915,5,0.5,SF,,-0.2269,-0.1161
3.92,5,0.5,SF,,-0.2251,-0.1152
3.925,5,0.5,SF,,-0.2233,-0.1143
3.93,5,0.5,SF,,-0.2215,-0.1134
3.935,5,0.5,SF,,-0.2197,-0.1125
3.94,5,0.5,SF,,-0.2179,-0.1116
3.945,5,0.5,SF,,-0.2162,-0.1106
3.95,5,0.5,SF,,-0.2144,-0.1097
3.955,5,0.5,SF,,-0.2126,-0.1088
3.96,5,0.5,SF,,-0.2109,-0.1079
3.965,5,0.5,SF,,-0.2091,-0.107
3.97,5,0.5,SF,,-0.2074,-0.1061
3.975,5,0.5,SF,,-0.2056,-0.1052
3.98,5,0.5,SF,,-0.2039,-0.1044
3.985,5,0.5,SF,,-0.2022,-0.1035
3.99,5,0.5,SF,,-0.2004,-0.1026
3.995,5,0.5,SF,,-0.1987,-0.1017
4,5,0.5,SF,,-0.197,-0.1008
4.005,5,0.5,SF,,-0.1953,-0.0999
4.01,5,0.5,SF,,-0.1936,-0.0991
4.015,5,0.5,SF,,-0.1919,-0.0982
4.02,5,0.5,SF,,-0.1902,-0.0973
4.025,5,0.5,SF,,-0.1885,-0.0964
4.03,5,0.5,SF,,-0.1868,-0.0956
4.035,5,0.5,SF,,-0.1851,-0.0947
4.04,5,0.5,SF,,-0.1834,-0.0938
4.045,5,0.5,SF,,-0.1817,-0.093
4.05,5,0.5,SF,,-0.1801,-0.0921
4.055,5,0.5,SF,,-0.1784,-0.0913
4.06,5,0.5,SF,,-0.1767,-0.0904
4.065,5,0.5,SF,,-0.1751,-0.0896
4.07,5,0.5,SF,,-0.1734,-0.0887
4.075,5,0.5,SF,,-0.1718,-0.0879
4.08,5,0.5,SF,,-0.1702,-0.087
4.085,5,0.5,SF,,-0.1685,-0.0862
4.09,5,0.5,SF,,-0.1669,-0.0854
4.095,5,0.5,SF,,-0.1653,-0.0845
4.1,5,0.5,SF,,-0.1637,-0.0837
4.105,5,0.5,SF,,-0.162,-0.0829
4.11,5,0.5,SF,,-0.1604,-0.0821
4.115,5,0.5,SF,,-0.1588,-0.0812
4.12,5,0.5,SF,,-0.1572,-0.0804
4.125,5,0.5,SF,,-0.1557,-0.0796
4.13,5,0.5,SF,,-0.1541,-0.0788
4.135,5,0.5,SF,,-0.1525,-0.078
4.14,5,0.5,SF,,-0.1509,-0.0772
4.145,5,0.5,SF,,-0.1494,-0.0764
4.15,5,0.5,SF,,-0.1478,-0.0756
4.155,5,0.5,SF,,-0.1463,-0.0748
4.16,5,0.5,SF,,-0.1447,-0.074
4.165,5,0.5,SF,,-0.1432,-0.0732
4.17,5,0.5,SF,,-0.1416,-0.0724
4.175,5,0.5,SF,,-0.1401,-0.0716
4.18,5,0.5,SF,,-0.1386,-0.0709
4.185,5,0.5,SF,,-0.1371,-0.0701
4.19,5,0.5,SF,,-0.1355,-0.0693
4.195,5,0.5,SF,,-0.134,-0.0685
4.2,5,0.5,SF,,-0.1325,-0.0678
4.205,5,0.5,SF,,-0.1311,-0.067
4.21,5,0.5,SF,,-0.1296,-0.0662
4.215,5,0.5,SF,,-0.1281,-0.0655
4.22,5,0.5,SF,,-0.1266,-0.0647
4.225,5,0.5,SF,,-0.1251,-0.064
4.23,5,0.5,SF,,-0.1237,-0.0632
4.235,5,0.5,SF,,-0.1222,-0.0625
4.24,5,0.5,SF,,-0.1208,-0.0618
4.245,5,0.5,SF,,-0.1193,-0.061
4.25,5,0.5,SF,,-0.1179,-0.0603
4.255,5,0.5,SF,,-0.1165,-0.0595
4.26,5,0.5,SF,,-0.1151,-0.0588
4.265,5,0.5,SF,,-0.1137,-0.0581
4.27,5,0.5,SF,,-0.1122,-0.0574
4.275,5,0.5,SF,,-0.1108,-0.0567
4.28,5,0.5,SF,,-0.1095,-0.0559
4.285,5,0.5,SF,,-0.1081,-0.0552
4.29,5,0.5,SF,,-0.1067,-0.0545
4.295,5,0.5,SF,,-0.1053,-0.0538
4.3,5,0.5,SF,,-0.104,-0.0531
4.305,5,0.5,SF,,-0.1026,-0.0524
4.31,5,0.5,SF,,-0.1012,-0.0517
4.315,5,0.5,SF,,-0.0999,-0.0511
4.32,5,0.5,SF,,-0.0986,-0.0504
4.325,5,0.5,SF,,-0.0972,-0.0497
4.33,5,0.5,SF,,-0.0959,-0.049
4.335,5,0.5,SF,,-0.0946,-0.0483
4.34,5,0.5,SF,,-0.0933,-0.0477
4.345,5,0.5,SF,,-0.092,-0.047
4.35,5,0.5,SF,,-0.0907,-0.0464
4.355,5,0.5,SF,,-0.0894,-0.0457
4.36,5,0.5,SF,,-0.0881,-0.045
4.365,5,0.5,SF,,-0.0869,-0.0444
4.37,5,0.5,SF,,-0.0856,-0.0437
4.375,5,0.5,SF,,-0.0844,-0.0431
4.38,5,0.5,SF,,-0.0831,-0.0425
4.385,5,0.5,SF,,-0.0819,-0.0418
4.39,5,0.5,SF,,-0.0806,-0.0412
4.395,5,0.5,SF,,-0.0794,-0.0406
4.4,5,0.5,SF,,-0.0782,-0.04
4.405,5,0.5,SF,,-0.077,-0.0393
4.41,5,0.5,SF,,-0.0758,-0.0387
4.415,5,0.5,SF,,-0.0746,-0.0381
4.42,5,0.5,SF,,-0.0734,-0.0375
4.425,5,0.5,SF,,-0.0722,-0.0369
4.43,5,0.5,SF,,-0.0711,-0.0363
4.435,5,0.5,SF,,-0.0699,-0.0357
4.44,5,0.5,SF,,-0.0687,-0.0351
4.445,5,0.5,SF,,-0.0676,-0.0345
4.45,5,0.5,SF,,-0.0665,-0.034
4.455,5,0.5,SF,,-0.0653,-0.0334
4.46,5,0.5,SF,,-0.0642,-0.0328
4.465,5,0.5,SF,,-0.0631,-0.0322
4.47,5,0.5,SF,,-0.062,-0.0317
4.475,5,0.5,SF,,-0.0609,-0.0311
4.48,5,0.5,SF,,-0.0598,-0.0306
4.485,5,0.5,SF,,-0.0587,-0.03
4.49,5,0.5,SF,,-0.0577,-0.0295
4.495,5,0.5,SF,,-0.0566,-0.0289
4.5,5,0.5,SF,,-0.0556,-0.0284
4.505,5,0.5,SF,,-0.0545,-0.0278
4.51,5,0.5,SF,,-0.0535,-0.0273
4.515,5,0.5,SF,,-0.0525,-0.0268
4.52,5,0.5,SF,,-0.0514,-0.0263
4.525,5,0.5,SF,,-0.0504,-0.0258
4.53,5,0.5,SF,,-0.0494,-0.0252
4.535,5,0.5,SF,,-0.0484,-0.0247
4.54,5,0.5,SF,,-0.0475,-0.0242
4.545,5,0.5,SF,,-0.0465,-0.0237
4.55,5,0.5,SF,,-0.0455,-0.0232
4.555,5,0.5,SF,,-0.0446,-0.0228
4.56,5,0.5,SF,,-0.0436,-0.0223
4.565,5,0.5,SF,,-0.0427,-0.0218
4.57,5,0.5,SF,,-0.0417,-0.0213
4.575,5,0.5,SF,,-0.0408,-0.0208
4.58,5,0.5,SF,,-0.0399,-0.0204
4.585,5,0.5,SF,,-0.039,-0.0199
4.59,5,0.5,SF,,-0.0381,-0.0195
4.595,5,0.5,SF,,-0.0372,-0.019
4.6,5,0.5,SF,,-0.0364,-0.0186
4.605,5,0.5,SF,,-0.0355,-0.0181
4.61,5,0.5,SF,,-0.0346,-0.0177
4.615,5,0.5,SF,,-0.0338,-0.0173
4.62,5,0.5,SF,,-0.033,-0.0168
4.625,5,0.5,SF,,-0.0321,-0.0164
4.63,5,0.5,SF,,-0.0313,-0.016
4.635,5,0.5,SF,,-0.0305,-0.0156
4.64,5,0.5,SF,,-0.0297,-0.0152
4.645,5,0.5,SF,,-0.0289,-0.0148
4.65,5,0.5,SF,,-0.0282,-0.0144
4.655,5,0.5,SF,,-0.0274,-0.014
4.66,5,0.5,SF,,-0.0266,-0.0136
4.665,5,0.5,SF,,-0.0259,-0.0132
4.67,5,0.5,SF,,-0.0251,-0.0128
4.675,5,0.5,SF,,-0.0244,-0.0125
4.68,5,0.5,SF,,-0.0237,-0.0121
4.685,5,0.5,SF,,-0.023,-0.0117
4.69,5,0.5,SF,,-0.0223,-0.0114
4.695,5,0.5,SF,,-0.0216,-0.011
4.7,5,0.5,SF,,-0.0209,-0.0107
4.705,5,0.5,SF,,-0.0202,-0.0103
4.71,5,0.5,SF,,-0.0196,-0.01
4.715,5,0.5,SF,,-0.0189,-0.0097
4.72,5,0.5,SF,,-0.0183,-0.0093
4.725,5,0.5,SF,,-0.0177,-0.009
4.73,5,0.5,SF,,-0.017,-0.0087
4.735,5,0.5,SF,,-0.0164,-0.0084
4.74,5,0.5,SF,,-0.0158,-0.0081
4.745,5,0.5,SF,,-0.0153,-0.0078
4.75,5,0.5,SF,,-0.0147,-0.0075
4.755,5,0.5,SF,,-0.0141,-0.0072
4.76,5,0.5,SF,,-0.0136,-0.0069
4.765,5,0.5,SF,,-0.013,-0.0066
4.77,5,0.5,SF,,-0.0125,-0.0064
4.775,5,0.5,SF,,-0.012,-0.0061
4.78,5,0.5,SF,,-0.0114,-0.0058
4.785,5,0.5,SF,,-0.0109,-0.0056
4.79,5,0.5,SF,,-0.0104,-0.0053
4.795,5,0.5,SF,,-0.01,-0.0051
4.8,5,0.5,SF,,-0.0095,-0.0048
4.805,5,0.5,SF,,-0.009,-0.0046
4.81,5,0.5,SF,,-0.0086,-0.0044
4.815,5,0.5,SF,,-0.0082,-0.0042
4.82,5,0.5,SF,,-0.0077,-0.0039
4.825,5,0.5,SF,,-0.0073,-0.0037
4.83,5,0.5,SF,,-0.0069,-0.0035
4.835,5,0.5,SF,,-0.0065,-0.0033
4.84,5,0.5,SF,,-0.0061,-0.0031
4.845,5,0.5,SF,,-0.0058,-0.0029
4.85,5,0.5,SF,,-0.0054,-0.0028
4.855,5,0.5,SF,,-0.005,-0.0026
4.86,5,0.5,SF,,-0.0047,-0.0024
4.865,5,0.5,SF,,-0.0044,-0.0022
4.87,5,0.5,SF,,-0.0041,-0.0021
4.875,5,0.5,SF,,-0.0038,-0.0019
4.88,5,0.5,SF,,-0.0035,-0.0018
4.885,5,0.5,SF,,-0.0032,-0.0016
4.89,5,0.5,SF,,-0.0029,-0.0015
4.895,5,0.5,SF,,-0.0027,-0.0014
4.9,5,0.5,SF,,-0.0024,-0.0012
4.905,5,0.5,SF,,-0.0022,-0.0011
4.91,5,0.5,SF,,-0.002,-0.001
4.915,5,0.5,SF,,-0.0018,-0.0009
4.92,5,0.5,SF,,-0.0016,-0.0008
4.925,5,0.5,SF,,-0.0014,-0.0007
4.93,5,0.5,SF,,-0.0012,-0.0006
4.935,5,0.5,SF,,-0.001,-0.0005
4.94,5,0.5,SF,,-0.0009,-0.0004
4.945,5,0.5,SF,,-0.0007,-0.0004
4.95,5,0.5,SF,,-0.0006,-0.0003
4.955,5,0.5,SF,,-0.0005,-0.0003
4.96,5,0.5,SF,,-0.0004,-0.0002
4.965,5,0.5,SF,,-0.0003,-0.0002
4.97,5,0.5,SF,,-0.0002,-0.0001
4.975,5,0.5,SF,,-0.0002,-0.0001
4.98,5,0.5,SF,,-0.0001,-0.0001
4.985,5,0.5,SF,,-0.0001,0
4.99,5,0.5,SF,,0,0
4.995,5,0.5,SF,,0,0
5,5,0.5,SF,,0,0
0,5,1,SF,,0,0
0.005,5,1,SF,,-0.0021,-0.0041
0.01,5,1,SF,,-0.0042,-0.0082
0.015,5,1,SF,,-0.0064,-0.0122
0.02,5,1,SF,,-0.0085,-0.0163
0.025,5,1,SF,,-0.0106,-0.0204
0.03,5,1,SF,,-0.0127,-0.0245
0.035,5,1,SF,,-0.0149,-0.0286
0.04,5,1,SF,,-0.017,-0.0326
0.045,5,1,SF,,-0.0191,-0.0367
0.05,5,1,SF,,-0.0212,-0.0408
0.055,5,1,SF,,-0.0234,-0.0449
0.06,5,1,SF,,-0.0255,-0.0489
0.065,5,1,SF,,-0.0276,-0.053
0.07,5,1,SF,,-0.0297,-0.0571
0.075,5,1,SF,,-0.0318,-0.0611
0.08,5,1,SF,,-0.034,-0.0652
0.085,5,1,SF,,-0.0361,-0.0693
0.09,5,1,SF,,-0.0382,-0.0734
0.095,5,1,SF,,-0.0403,-0.0774
0.1,5,1,SF,,-0.0424,-0.0815
0.105,5,1,SF,,-0.0446,-0.0855
0.11,5,1,SF,,-0.0467,-0.0896
0.115,5,1,SF,,-0.0488,-0.0937
0.12,5,1,SF,,-0.0509,-0.0977
0.125,5,1,SF,,-0.0531,-0.1018
0.13,5,1,SF,,-0.0552,-0.1058
0.135,5,1,SF,,-0.0573,-0.1099
0.14,5,1,SF,,-0.0594,-0.1139
0.145,5,1,SF,,-0.0616,-0.118
0.15,5,1,SF,,-0.0637,-0.122
0.155,5,1,SF,,-0.0658,-0.126
0.16,5,1,SF,,-0.0679,-0.1301
0.165,5,1,SF,,-0.0701,-0.1341
0.17,5,1,SF,,-0.0722,-0.1381
0.175,5,1,SF,,-0.0743,-0.1422
0.18,5,1,SF,,-0.0765,-0.1462
0.185,5,1,SF,,-0.0786,-0.1502
0.19,5,1,SF,,-0.0807,-0.1542
0.195,5,1,SF,,-0.0829,-0.1582
0.2,5,1,SF,,-0.085,-0.1622
0.205,5,1,SF,,-0.0871,-0.1662
0.21,5,1,SF,,-0.0893,-0.1703
0.215,5,1,SF,,-0.0914,-0.1743
0.22,5,1,SF,,-0.0935,-0.1782
0.225,5,1,SF,,-0.0957,-0.1822
0.23,5,1,SF,,-0.0978,-0.1862
0.235,5,1,SF,,-0.1,-0.1902
0.24,5,1,SF,,-0.1021,-0.1942
0.245,5,1,SF,,-0.1042,-0.1982
0.25,5,1,SF,,-0.1064,-0.2021
0.255,5,1,SF,,-0.1085,-0.2061
0.26,5,1,SF,,-0.1107,-0.2101
0.265,5,1,SF,,-0.1128,-0.214
0.27,5,1,SF,,-0.115,-0.218
0.275,5,1,SF,,-0.1171,-0.2219
0.28,5,1,SF,,-0.1193,-0.2259
0.285,5,1,SF,,-0.1214,-0.2298
0.29,5,1,SF,,-0.1236,-0.2337
0.295,5,1,SF,,-0.1258,-0.2376
0.3,5,1,SF,,-0.1279,-0.2416
0.305,5,1,SF,,-0.1301,-0.2455
0.31,5,1,SF,,-0.1322,-0.2494
0.315,5,1,SF,,-0.1344,-0.2533
0.32,5,1,SF,,-0.1366,-0.2572
0.325,5,1,SF,,-0.1388,-0.2611
0.33,5,1,SF,,-0.1409,-0.265
0.335,5,1,SF,,-0.1431,-0.2689
0.34,5,1,SF,,-0.1453,-0.2727
0.345,5,1,SF,,-0.1474,-0.2766
0.35,5,1,SF,,-0.1496,-0.2805
0.355,5,1,SF,,-0.1518,-0.2843
0.36,5,1,SF,,-0.154,-0.2882
0.365,5,1,SF,,-0.1562,-0.292
0.37,5,1,SF,,-0.1584,-0.2959
0.375,5,1,SF,,-0.1606,-0.2997
0.38,5,1,SF,,-0.1627,-0.3035
0.385,5,1,SF,,-0.1649,-0.3073
0.39,5,1,SF,,-0.1671,-0.3111
0.395,5,1,SF,,-0.1693,-0.3149
0.4,5,1,SF,,-0.1715,-0.3187
0.405,5,1,SF,,-0.1737,-0.3225
0.41,5,1,SF,,-0.1759,-0.3263
0.415,5,1,SF,,-0.1782,-0.3301
0.42,5,1,SF,,-0.1804,-0.3339
0.425,5,1,SF,,-0.1826,-0.3376
0.43,5,1,SF,,-0.1848,-0.3414
0.435,5,1,SF,,-0.187,-0.3451
0.44,5,1,SF,,-0.1892,-0.3488
0.445,5,1,SF,,-0.1915,-0.3526
0.45,5,1,SF,,-0.1937,-0.3563
0.455,5,1,SF,,-0.1959,-0.36
0.46,5,1,SF,,-0.1982,-0.3637
0.465,5,1,SF,,-0.2004,-0.3674
0.47,5,1,SF,,-0.2026,-0.3711
0.475,5,1,SF,,-0.2049,-0.3748
0.48,5,1,SF,,-0.2071,-0.3784
0.485,5,1,SF,,-0.2094,-0.3821
0.49,5,1,SF,,-0.2116,-0.3858
0.495,5,1,SF,,-0.2139,-0.3894
0.5,5,1,SF,,-0.2161,-0.393
0.505,5,1,SF,,-0.2184,-0.3967
0.51,5,1,SF,,-0.2206,-0.4003
0.515,5,1,SF,,-0.2229,-0.4039
0.52,5,1,SF,,-0.2252,-0.4075
0.525,5,1,SF,,-0.2275,-0.4111
0.53,5,1,SF,,-0.2297,-0.4147
0.535,5,1,SF,,-0.232,-0.4182
0.54,5,1,SF,,-0.2343,-0.4218
0.545,5,1,SF,,-0.2366,-0.4253
0.55,5,1,SF,,-0.2389,-0.4289
0.555,5,1,SF,,-0.2412,-0.4324
0.56,5,1,SF,,-0.2435,-0.4359
0.565,5,1,SF,,-0.2458,-0.4395
0.57,5,1,SF,,-0.2481,-0.443
0.575,5,1,SF,,-0.2504,-0.4464
0.58,5,1,SF,,-0.2527,-0.4499
0.585,5,1,SF,,-0.255,-0.4534
0.59,5,1,SF,,-0.2573,-0.4569
0.595,5,1,SF,,-0.2597,-0.4603
0.6,5,1,SF,,-0.262,-0.4637
0.605,5,1,SF,,-0.2643,-0.4672
0.61,5,1,SF,,-0.2667,-0.4706
0.615,5,1,SF,,-0.269,-0.474
0.62,5,1,SF,,-0.2713,-0.4774
0.625,5,1,SF,,-0.2737,-0.4808
0.63,5,1,SF,,-0.276,-0.4842
0.635,5,1,SF,,-0.2784,-0.4875
0.64,5,1,SF,,-0.2807,-0.4909
0.645,5,1,SF,,-0.2831,-0.4942
0.65,5,1,SF,,-0.2855,-0.4975
0.655,5,1,SF,,-0.2879,-0.5008
0.66,5,1,SF,,-0.2902,-0.5042
0.665,5,1,SF,,-0.2926,-0.5074
0.67,5,1,SF,,-0.295,-0.5107
0.675,5,1,SF,,-0.2974,-0.514
0.68,5,1,SF,,-0.2998,-0.5172
0.685,5,1,SF,,-0.3022,-0.5205
0.69,5,1,SF,,-0.3046,-0.5237
0.695,5,1,SF,,-0.307,-0.5269
0.7,5,1,SF,,-0.3094,-0.5301
0.705,5,1,SF,,-0.3118,-0.5333
0.71,5,1,SF,,-0.3142,-0.5365
0.715,5,1,SF,,-0.3167,-0.5397
0.72,5,1,SF,,-0.3191,-0.5428
0.725,5,1,SF,,-0.3215,-0.546
0.73,5,1,SF,,-0.324,-0.5491
0.735,5,1,SF,,-0.3264,-0.5522
0.74,5,1,SF,,-0.3289,-0.5553
0.745,5,1,SF,,-0.3313,-0.5584
0.75,5,1,SF,,-0.3338,-0.5615
0.755,5,1,SF,,-0.3363,-0.5646
0.76,5,1,SF,,-0.3387,-0.5676
0.765,5,1,SF,,-0.3412,-0.5707
0.77,5,1,SF,,-0.3437,-0.5737
0.775,5,1,SF,,-0.3462,-0.5767
0.78,5,1,SF,,-0.3487,-0.5797
0.785,5,1,SF,,-0.3512,-0.5827
0.79,5,1,SF,,-0.3537,-0.5856
0.795,5,1,SF,,-0.3562,-0.5886
0.8,5,1,SF,,-0.3587,-0.5915
0.805,5,1,SF,,-0.3612,-0.5944
0.81,5,1,SF,,-0.3637,-0.5974
0.815,5,1,SF,,-0.3663,-0.6003
0.82,5,1,SF,,-0.3688,-0.6031
0.825,5,1,SF,,-0.3713,-0.606
0.83,5,1,SF,,-0.3739,-0.6088
0.835,5,1,SF,,-0.3764,-0.6117
0.84,5,1,SF,,-0.379,-0.6145
0.845,5,1,SF,,-0.3815,-0.6173
0.85,5,1,SF,,-0.3841,-0.6201
0.855,5,1,SF,,-0.3867,-0.6229
0.86,5,1,SF,,-0.3893,-0.6256
0.865,5,1,SF,,-0.3919,-0.6284
0.87,5,1,SF,,-0.3944,-0.6311
0.875,5,1,SF,,-0.397,-0.6338
0.88,5,1,SF,,-0.3996,-0.6365
0.885,5,1,SF,,-0.4023,-0.6392
0.89,5,1,SF,,-0.4049,-0.6419
0.895,5,1,SF,,-0.4075,-0.6445
0.9,5,1,SF,,-0.4101,-0.6472
0.905,5,1,SF,,-0.4128,-0.6498
0.91,5,1,SF,,-0.4154,-0.6524
0.915,5,1,SF,,-0.418,-0.655
0.92,5,1,SF,,-0.4207,-0.6575
0.925,5,1,SF,,-0.4233,-0.6601
0.93,5,1,SF,,-0.426,-0.6626
0.935,5,1,SF,,-0.4287,-0.6651
0.94,5,1,SF,,-0.4314,-0.6676
0.945,5,1,SF,,-0.434,-0.6701
0.95,5,1,SF,,-0.4367,-0.6726
0.955,5,1,SF,,-0.4394,-0.675
0.96,5,1,SF,,-0.4421,-0.6775
0.965,5,1,SF,,-0.4448,-0.6799
0.97,5,1,SF,,-0.4476,-0.6823
0.975,5,1,SF,,-0.4503,-0.6847
0.98,5,1,SF,,-0.453,-0.687
0.985,5,1,SF,,-0.4558,-0.6894
0.99,5,1,SF,,-0.4585,-0.6917
0.995,5,1,SF,,-0.4612,-0.694
1,5,1,SF,,-0.464,-0.6963
1.005,5,1,SF,,-0.4668,-0.6986
1.01,5,1,SF,,-0.4695,-0.7009
1.015,5,1,SF,,-0.4722,-0.7031
1.02,5,1,SF,,-0.4749,-0.7053
1.025,5,1,SF,,-0.4776,-0.7075
1.03,5,1,SF,,-0.4802,-0.7097
1.035,5,1,SF,,-0.4829,-0.7119
1.04,5,1,SF,,-0.4855,-0.714
1.045,5,1,SF,,-0.4881,-0.7162
1.05,5,1,SF,,-0.4907,-0.7183
1.055,5,1,SF,,-0.4933,-0.7204
1.06,5,1,SF,,-0.4958,-0.7225
1.065,5,1,SF,,-0.4984,-0.7245
1.07,5,1,SF,,-0.5009,-0.7266
1.075,5,1,SF,,-0.5034,-0.7286
1.08,5,1,SF,,-0.5059,-0.7306
1.085,5,1,SF,,-0.5083,-0.7326
1.09,5,1,SF,,-0.5108,-0.7346
1.095,5,1,SF,,-0.5132,-0.7365
1.1,5,1,SF,,-0.5156,-0.7385
1.105,5,1,SF,,-0.518,-0.7404
1.11,5,1,SF,,-0.5204,-0.7423
1.115,5,1,SF,,-0.5228,-0.7442
1.12,5,1,SF,,-0.5251,-0.7461
1.125,5,1,SF,,-0.5274,-0.7479
1.13,5,1,SF,,-0.5297,-0.7498
1.135,5,1,SF,,-0.532,-0.7516
1.14,5,1,SF,,-0.5343,-0.7534
1.145,5,1,SF,,-0.5366,-0.7552
1.15,5,1,SF,,-0.5388,-0.757
1.155,5,1,SF,,-0.541,-0.7587
1.16,5,1,SF,,-0.5432,-0.7604
1.165,5,1,SF,,-0.5454,-0.7622
1.17,5,1,SF,,-0.5476,-0.7639
1.175,5,1,SF,,-0.5497,-0.7656
1.18,5,1,SF,,-0.5519,-0.7672
1.185,5,1,SF,,-0.554,-0.7689
1.19,5,1,SF,,-0.5561,-0.7705
1.195,5,1,SF,,-0.5582,-0.7721
1.2,5,1,SF,,-0.5603,-0.7738
1.205,5,1,SF,,-0.5623,-0.7753
1.21,5,1,SF,,-0.5644,-0.7769
1.215,5,1,SF,,-0.5664,-0.7785
1.22,5,1,SF,,-0.5684,-0.78
1.225,5,1,SF,,-0.5704,-0.7815
1.23,5,1,SF,,-0.5724,-0.783
1.235,5,1,SF,,-0.5743,-0.7845
1.24,5,1,SF,,-0.5762,-0.786
1.245,5,1,SF,,-0.5782,-0.7875
1.25,5,1,SF,,-0.5801,-0.7889
1.255,5,1,SF,,-0.582,-0.7903
1.26,5,1,SF,,-0.5838,-0.7917
1.265,5,1,SF,,-0.5857,-0.7931
1.27,5,1,SF,,-0.5875,-0.7945
1.275,5,1,SF,,-0.5894,-0.7959
1.28,5,1,SF,,-0.5912,-0.7972
1.285,5,1,SF,,-0.593,-0.7986
1.29,5,1,SF,,-0.5947,-0.7999
1.295,5,1,SF,,-0.5965,-0.8012
1.3,5,1,SF,,-0.5983,-0.8025
1.305,5,1,SF,,-0.6,-0.8037
1.31,5,1,SF,,-0.6017,-0.805
1.315,5,1,SF,,-0.6034,-0.8062
1.32,5,1,SF,,-0.6051,-0.8074
1.325,5,1,SF,,-0.6067,-0.8086
1.33,5,1,SF,,-0.6084,-0.8098
1.335,5,1,SF,,-0.61,-0.811
1.34,5,1,SF,,-0.6116,-0.8122
1.345,5,1,SF,,-0.6132,-0.8133
1.35,5,1,SF,,-0.6148,-0.8144
1.355,5,1,SF,,-0.6164,-0.8155
1.36,5,1,SF,,-0.618,-0.8166
1.365,5,1,SF,,-0.6195,-0.8177
1.37,5,1,SF,,-0.621,-0.8188
1.375,5,1,SF,,-0.6225,-0.8198
1.38,5,1,SF,,-0.624,-0.8209
1.385,5,1,SF,,-0.6255,-0.8219
1.39,5,1,SF,,-0.627,-0.8229
1.395,5,1,SF,,-0.6284,-0.8239
1.4,5,1,SF,,-0.6299,-0.8249
1.405,5,1,SF,,-0.6313,-0.8258
1.41,5,1,SF,,-0.6327,-0.8268
1.415,5,1,SF,,-0.6341,-0.8277
1.42,5,1,SF,,-0.6354,-0.8286
1.425,5,1,SF,,-0.6368,-0.8295
1.43,5,1,SF,,-0.6381,-0.8304
1.435,5,1,SF,,-0.6395,-0.8313
1.44,5,1,SF,,-0.6408,-0.8322
1.445,5,1,SF,,-0.6421,-0.833
1.45,5,1,SF,,-0.6434,-0.8338
1.455,5,1,SF,,-0.6446,-0.8346
1.46,5,1,SF,,-0.6459,-0.8354
1.465,5,1,SF,,-0.6471,-0.8362
1.47,5,1,SF,,-0.6483,-0.837
1.475,5,1,SF,,-0.6495,-0.8378
1.48,5,1,SF,,-0.6507,-0.8385
1.485,5,1,SF,,-0.6519,-0.8392
1.49,5,1,SF,,-0.6531,-0.8399
1.495,5,1,SF,,-0.6542,-0.8406
1.5,5,1,SF,,-0.6554,-0.8413
1.505,5,1,SF,,-0.6565,-0.842
1.51,5,1,SF,,-0.6576,-0.8427
1.515,5,1,SF,,-0.6587,-0.8433
1.52,5,1,SF,,-0.6598,-0.8439
1.525,5,1,SF,,-0.6608,-0.8445
1.53,5,1,SF,,-0.6619,-0.8451
1.535,5,1,SF,,-0.6629,-0.8457
1.54,5,1,SF,,-0.6639,-0.8463
1.545,5,1,SF,,-0.665,-0.8469
1.55,5,1,SF,,-0.6659,-0.8474
1.555,5,1,SF,,-0.6669,-0.8479
1.56,5,1,SF,,-0.6679,-0.8485
1.565,5,1,SF,,-0.6688,-0.849
1.57,5,1,SF,,-0.6698,-0.8495
1.575,5,1,SF,,-0.6707,-0.8499
1.58,5,1,SF,,-0.6716,-0.8504
1.585,5,1,SF,,-0.6725,-0.8508
1.59,5,1,SF,,-0.6734,-0.8513
1.595,5,1,SF,,-0.6743,-0.8517
1.6,5,1,SF,,-0.6751,-0.8521
1.605,5,1,SF,,-0.6759,-0.8525
1.61,5,1,SF,,-0.6768,-0.8529
1.615,5,1,SF,,-0.6776,-0.8533
1.62,5,1,SF,,-0.6784,-0.8536
1.625,5,1,SF,,-0.6792,-0.854
1.63,5,1,SF,,-0.6799,-0.8543
1.635,5,1,SF,,-0.6807,-0.8546
1.64,5,1,SF,,-0.6814,-0.8549
1.645,5,1,SF,,-0.6822,-0.8552
1.65,5,1,SF,,-0.6829,-0.8555
1.655,5,1,SF,,-0.6836,-0.8557
1.66,5,1,SF,,-0.6843,-0.856
1.665,5,1,SF,,-0.685,-0.8562
1.67,5,1,SF,,-0.6856,-0.8564
1.675,5,1,SF,,-0.6863,-0.8567
1.68,5,1,SF,,-0.6869,-0.8569
1.685,5,1,SF,,-0.6875,-0.857
1.69,5,1,SF,,-0.6882,-0.8572
1.695,5,1,SF,,-0.6888,-0.8574
1.7,5,1,SF,,-0.6893,-0.8575
1.705,5,1,SF,,-0.6899,-0.8577
1.71,5,1,SF,,-0.6905,-0.8578
1.715,5,1,SF,,-0.691,-0.8579
1.72,5,1,SF,,-0.6915,-0.858
1.725,5,1,SF,,-0.6921,-0.8581
1.73,5,1,SF,,-0.6926,-0.8581
1.735,5,1,SF,,-0.6931,-0.8582
1.74,5,1,SF,,-0.6936,-0.8583
1.745,5,1,SF,,-0.694,-0.8583
1.75,5,1,SF,,-0.6945,-0.8583
1.755,5,1,SF,,-0.6949,-0.8583
1.76,5,1,SF,,-0.6954,-0.8583
1.765,5,1,SF,,-0.6958,-0.8583
1.77,5,1,SF,,-0.6962,-0.8583
1.775,5,1,SF,,-0.6966,-0.8582
1.78,5,1,SF,,-0.697,-0.8582
1.785,5,1,SF,,-0.6973,-0.8581
1.79,5,1,SF,,-0.6977,-0.8581
1.795,5,1,SF,,-0.698,-0.858
1.8,5,1,SF,,-0.6984,-0.8579
1.805,5,1,SF,,-0.6987,-0.8578
1.81,5,1,SF,,-0.699,-0.8576
1.815,5,1,SF,,-0.6993,-0.8575
1.82,5,1,SF,,-0.6996,-0.8574
1.825,5,1,SF,,-0.6998,-0.8572
1.83,5,1,SF,,-0.7001,-0.857
1.835,5,1,SF,,-0.7004,-0.8568
1.84,5,1,SF,,-0.7006,-0.8567
1.845,5,1,SF,,-0.7008,-0.8564
1.85,5,1,SF,,-0.701,-0.8562
1.855,5,1,SF,,-0.7012,-0.856
1.86,5,1,SF,,-0.7014,-0.8558
1.865,5,1,SF,,-0.7016,-0.8555
1.87,5,1,SF,,-0.7018,-0.8553
1.875,5,1,SF,,-0.7019,-0.855
1.88,5,1,SF,,-0.702,-0.8547
1.885,5,1,SF,,-0.7022,-0.8544
1.89,5,1,SF,,-0.7023,-0.8541
1.895,5,1,SF,,-0.7024,-0.8538
1.9,5,1,SF,,-0.7025,-0.8534
1.905,5,1,SF,,-0.7026,-0.8531
1.91,5,1,SF,,-0.7026,-0.8528
1.915,5,1,SF,,-0.7027,-0.8524
1.92,5,1,SF,,-0.7028,-0.852
1.925,5,1,SF,,-0.7028,-0.8516
1.93,5,1,SF,,-0.7028,-0.8512
1.935,5,1,SF,,-0.7028,-0.8508
1.94,5,1,SF,,-0.7028,-0.8504
1.945,5,1,SF,,-0.7028,-0.85
1.95,5,1,SF,,-0.7028,-0.8495
1.955,5,1,SF,,-0.7028,-0.8491
1.96,5,1,SF,,-0.7027,-0.8486
1.965,5,1,SF,,-0.7027,-0.8482
1.97,5,1,SF,,-0.7026,-0.8477
1.975,5,1,SF,,-0.7025,-0.8472
1.98,5,1,SF,,-0.7025,-0.8467
1.985,5,1,SF,,-0.7024,-0.8462
1.99,5,1,SF,,-0.7022,-0.8456
1.995,5,1,SF,,-0.7021,-0.8451
2,5,1,SF,,-0.702,-0.8446
2.005,5,1,SF,,-0.7019,-0.844
2.01,5,1,SF,,-0.7017,-0.8434
2.015,5,1,SF,,-0.7015,-0.8429
2.02,5,1,SF,,-0.7014,-0.8423
2.025,5,1,SF,,-0.7012,-0.8417
2.03,5,1,SF,,-0.701,-0.8411
2.035,5,1,SF,,-0.7008,-0.8405
2.04,5,1,SF,,-0.7006,-0.8398
2.045,5,1,SF,,-0.7004,-0.8392
2.05,5,1,SF,,-0.7001,-0.8385
2.055,5,1,SF,,-0.6999,-0.8379
2.06,5,1,SF,,-0.6996,-0.8372
2.065,5,1,SF,,-0.6993,-0.8365
2.07,5,1,SF,,-0.6991,-0.8358
2.075,5,1,SF,,-0.6988,-0.8351
2.08,5,1,SF,,-0.6985,-0.8344
2.085,5,1,SF,,-0.6982,-0.8337
2.09,5,1,SF,,-0.6979,-0.833
2.095,5,1,SF,,-0.6975,-0.8323
2.1,5,1,SF,,-0.6972,-0.8315
2.105,5,1,SF,,-0.6968,-0.8308
2.11,5,1,SF,,-0.6965,-0.83
2.115,5,1,SF,,-0.6961,-0.8292
2.12,5,1,SF,,-0.6957,-0.8284
2.125,5,1,SF,,-0.6953,-0.8276
2.13,5,1,SF,,-0.6949,-0.8268
2.135,5,1,SF,,-0.6945,-0.826
2.14,5,1,SF,,-0.6941,-0.8252
2.145,5,1,SF,,-0.6937,-0.8244
2.15,5,1,SF,,-0.6933,-0.8235
2.155,5,1,SF,,-0.6928,-0.8227
2.16,5,1,SF,,-0.6924,-0.8218
2.165,5,1,SF,,-0.6919,-0.8209
2.17,5,1,SF,,-0.6914,-0.8201
2.175,5,1,SF,,-0.6909,-0.8192
2.18,5,1,SF,,-0.6904,-0.8183
2.185,5,1,SF,,-0.6899,-0.8174
2.19,5,1,SF,,-0.6894,-0.8165
2.195,5,1,SF,,-0.6889,-0.8155
2.2,5,1,SF,,-0.6884,-0.8146
2.205,5,1,SF,,-0.6878,-0.8137
2.21,5,1,SF,,-0.6873,-0.8127
2.215,5,1,SF,,-0.6867,-0.8118
2.22,5,1,SF,,-0.6861,-0.8108
2.225,5,1,SF,,-0.6855,-0.8098
2.23,5,1,SF,,-0.685,-0.8088
2.235,5,1,SF,,-0.6844,-0.8078
2.24,5,1,SF,,-0.6838,-0.8068
2.245,5,1,SF,,-0.6831,-0.8058
2.25,5,1,SF,,-0.6825,-0.8048
2.255,5,1,SF,,-0.6819,-0.8038
2.26,5,1,SF,,-0.6812,-0.8027
2.265,5,1,SF,,-0.6806,-0.8017
2.27,5,1,SF,,-0.6799,-0.8006
2.275,5,1,SF,,-0.6793,-0.7996
2.28,5,1,SF,,-0.6786,-0.7985
2.285,5,1,SF,,-0.6779,-0.7974
2.29,5,1,SF,,-0.6772,-0.7963
2.295,5,1,SF,,-0.6765,-0.7952
2.3,5,1,SF,,-0.6758,-0.7941
2.305,5,1,SF,,-0.6751,-0.793
2.31,5,1,SF,,-0.6743,-0.7919
2.315,5,1,SF,,-0.6736,-0.7908
2.32,5,1,SF,,-0.6728,-0.7897
2.325,5,1,SF,,-0.6721,-0.7885
2.33,5,1,SF,,-0.6713,-0.7874
2.335,5,1,SF,,-0.6706,-0.7862
2.34,5,1,SF,,-0.6698,-0.785
2.345,5,1,SF,,-0.669,-0.7839
2.35,5,1,SF,,-0.6682,-0.7827
2.355,5,1,SF,,-0.6674,-0.7815
2.36,5,1,SF,,-0.6666,-0.7803
2.365,5,1,SF,,-0.6658,-0.7791
2.37,5,1,SF,,-0.6649,-0.7779
2.375,5,1,SF,,-0.6641,-0.7766
2.38,5,1,SF,,-0.6632,-0.7754
2.385,5,1,SF,,-0.6624,-0.7742
2.39,5,1,SF,,-0.6615,-0.7729
2.395,5,1,SF,,-0.6607,-0.7717
2.4,5,1,SF,,-0.6598,-0.7704
2.405,5,1,SF,,-0.6589,-0.7692
2.41,5,1,SF,,-0.658,-0.7679
2.415,5,1,SF,,-0.6571,-0.7666
2.42,5,1,SF,,-0.6562,-0.7653
2.425,5,1,SF,,-0.6553,-0.764
2.43,5,1,SF,,-0.6543,-0.7627
2.435,5,1,SF,,-0.6534,-0.7614
2.44,5,1,SF,,-0.6525,-0.7601
2.445,5,1,SF,,-0.6515,-0.7588
2.45,5,1,SF,,-0.6506,-0.7574
2.455,5,1,SF,,-0.6496,-0.7561
2.46,5,1,SF,,-0.6486,-0.7548
2.465,5,1,SF,,-0.6477,-0.7534
2.47,5,1,SF,,-0.6467,-0.752
2.475,5,1,SF,,-0.6457,-0.7507
2.48,5,1,SF,,-0.6447,-0.7493
2.485,5,1,SF,,-0.6437,-0.7479
2.49,5,1,SF,,-0.6427,-0.7465
2.495,5,1,SF,,-0.6417,-0.7451
2.5,5,1,SF,,-0.6406,-0.7438
2.505,5,1,SF,,-0.6396,-0.7423
2.51,5,1,SF,,-0.6385,-0.7409
2.515,5,1,SF,,-0.6375,-0.7395
2.52,5,1,SF,,-0.6364,-0.7381
2.525,5,1,SF,,-0.6354,-0.7367
2.53,5,1,SF,,-0.6343,-0.7352
2.535,5,1,SF,,-0.6332,-0.7338
2.54,5,1,SF,,-0.6322,-0.7323
2.545,5,1,SF,,-0.6311,-0.7309
2.55,5,1,SF,,-0.63,-0.7294
2.555,5,1,SF,,-0.6289,-0.7279
2.56,5,1,SF,,-0.6277,-0.7265
2.565,5,1,SF,,-0.6266,-0.725
2.57,5,1,SF,,-0.6255,-0.7235
2.575,5,1,SF,,-0.6244,-0.722
2.58,5,1,SF,,-0.6232,-0.7205
2.585,5,1,SF,,-0.6221,-0.719
2.59,5,1,SF,,-0.6209,-0.7175
2.595,5,1,SF,,-0.6198,-0.7159
2.6,5,1,SF,,-0.6186,-0.7144
2.605,5,1,SF,,-0.6175,-0.7129
2.61,5,1,SF,,-0.6163,-0.7114
2.615,5,1,SF,,-0.6151,-0.7098
2.62,5,1,SF,,-0.6139,-0.7083
2.625,5,1,SF,,-0.6127,-0.7067
2.63,5,1,SF,,-0.6115,-0.7052
2.635,5,1,SF,,-0.6103,-0.7036
2.64,5,1,SF,,-0.6091,-0.702
2.645,5,1,SF,,-0.6079,-0.7004
2.65,5,1,SF,,-0.6066,-0.6989
2.655,5,1,SF,,-0.6054,-0.6973
2.66,5,1,SF,,-0.6042,-0.6957
2.665,5,1,SF,,-0.6029,-0.6941
2.67,5,1,SF,,-0.6017,-0.6925
2.675,5,1,SF,,-0.6004,-0.6909
2.68,5,1,SF,,-0.5992,-0.6893
2.685,5,1,SF,,-0.5979,-0.6876
2.69,5,1,SF,,-0.5966,-0.686
2.695,5,1,SF,,-0.5954,-0.6844
2.7,5,1,SF,,-0.5941,-0.6827
2.705,5,1,SF,,-0.5928,-0.6811
2.71,5,1,SF,,-0.5915,-0.6795
2.715,5,1,SF,,-0.5902,-0.6778
2.72,5,1,SF,,-0.5889,-0.6762
2.725,5,1,SF,,-0.5876,-0.6745
2.73,5,1,SF,,-0.5862,-0.6728
2.735,5,1,SF,,-0.5849,-0.6712
2.74,5,1,SF,,-0.5836,-0.6695
2.745,5,1,SF,,-0.5823,-0.6678
2.75,5,1,SF,,-0.5809,-0.6661
2.755,5,1,SF,,-0.5796,-0.6644
2.76,5,1,SF,,-0.5782,-0.6627
2.765,5,1,SF,,-0.5769,-0.661
2.77,5,1,SF,,-0.5755,-0.6593
2.775,5,1,SF,,-0.5741,-0.6576
2.78,5,1,SF,,-0.5728,-0.6559
2.785,5,1,SF,,-0.5714,-0.6542
2.79,5,1,SF,,-0.57,-0.6525
2.795,5,1,SF,,-0.5686,-0.6508
2.8,5,1,SF,,-0.5672,-0.649
2.805,5,1,SF,,-0.5659,-0.6473
2.81,5,1,SF,,-0.5645,-0.6456
2.815,5,1,SF,,-0.563,-0.6438
2.82,5,1,SF,,-0.5616,-0.6421
2.825,5,1,SF,,-0.5602,-0.6403
2.83,5,1,SF,,-0.5588,-0.6386
2.835,5,1,SF,,-0.5574,-0.6368
2.84,5,1,SF,,-0.556,-0.635
2.845,5,1,SF,,-0.5545,-0.6333
2.85,5,1,SF,,-0.5531,-0.6315
2.855,5,1,SF,,-0.5516,-0.6297
2.86,5,1,SF,,-0.5502,-0.6279
2.865,5,1,SF,,-0.5487,-0.6261
2.87,5,1,SF,,-0.5473,-0.6244
2.875,5,1,SF,,-0.5458,-0.6226
2.88,5,1,SF,,-0.5444,-0.6208
2.885,5,1,SF,,-0.5429,-0.619
2.89,5,1,SF,,-0.5414,-0.6172
2.895,5,1,SF,,-0.5399,-0.6154
2.9,5,1,SF,,-0.5385,-0.6136
2.905,5,1,SF,,-0.537,-0.6117
2.91,5,1,SF,,-0.5355,-0.6099
2.915,5,1,SF,,-0.534,-0.6081
2.92,5,1,SF,,-0.5325,-0.6063
2.925,5,1,SF,,-0.531,-0.6044
2.93,5,1,SF,,-0.5295,-0.6026
2.935,5,1,SF,,-0.528,-0.6008
2.94,5,1,SF,,-0.5265,-0.5989
2.945,5,1,SF,,-0.5249,-0.5971
2.95,5,1,SF,,-0.5234,-0.5953
2.955,5,1,SF,,-0.5219,-0.5934
2.96,5,1,SF,,-0.5204,-0.5916
2.965,5,1,SF,,-0.5188,-0.5897
2.97,5,1,SF,,-0.5173,-0.5878
2.975,5,1,SF,,-0.5158,-0.586
2.98,5,1,SF,,-0.5142,-0.5841
2.985,5,1,SF,,-0.5127,-0.5823
2.99,5,1,SF,,-0.5111,-0.5804
2.995,5,1,SF,,-0.5096,-0.5785
3,5,1,SF,,-0.508,-0.5766
3.005,5,1,SF,,-0.5064,-0.5748
3.01,5,1,SF,,-0.5049,-0.5729
3.015,5,1,SF,,-0.5033,-0.571
3.02,5,1,SF,,-0.5017,-0.5691
3.025,5,1,SF,,-0.5002,-0.5672
3.03,5,1,SF,,-0.4986,-0.5653
3.035,5,1,SF,,-0.497,-0.5634
3.04,5,1,SF,,-0.4954,-0.5615
3.045,5,1,SF,,-0.4938,-0.5596
3.05,5,1,SF,,-0.4922,-0.5577
3.055,5,1,SF,,-0.4906,-0.5558
3.06,5,1,SF,,-0.489,-0.5539
3.065,5,1,SF,,-0.4874,-0.552
3.07,5,1,SF,,-0.4858,-0.5501
3.075,5,1,SF,,-0.4842,-0.5482
3.08,5,1,SF,,-0.4826,-0.5463
3.085,5,1,SF,,-0.481,-0.5444
3.09,5,1,SF,,-0.4794,-0.5424
3.095,5,1,SF,,-0.4778,-0.5405
3.1,5,1,SF,,-0.4762,-0.5386
3.105,5,1,SF,,-0.4745,-0.5367
3.11,5,1,SF,,-0.4729,-0.5347
3.115,5,1,SF,,-0.4713,-0.5328
3.12,5,1,SF,,-0.4697,-0.5309
3.125,5,1,SF,,-0.468,-0.5289
3.13,5,1,SF,,-0.4664,-0.527
3.135,5,1,SF,,-0.4647,-0.525
3.14,5,1,SF,,-0.4631,-0.5231
3.145,5,1,SF,,-0.4615,-0.5212
3.15,5,1,SF,,-0.4598,-0.5192
3.155,5,1,SF,,-0.4582,-0.5173
3.16,5,1,SF,,-0.4565,-0.5153
3.165,5,1,SF,,-0.4549,-0.5134
3.17,5,1,SF,,-0.4532,-0.5114
3.175,5,1,SF,,-0.4515,-0.5095
3.18,5,1,SF,,-0.4499,-0.5075
3.185,5,1,SF,,-0.4482,-0.5056
3.19,5,1,SF,,-0.4466,-0.5036
3.195,5,1,SF,,-0.4449,-0.5016
3.2,5,1,SF,,-0.4432,-0.4997
3.205,5,1,SF,,-0.4416,-0.4977
3.21,5,1,SF,,-0.4399,-0.4958
3.215,5,1,SF,,-0.4382,-0.4938
3.22,5,1,SF,,-0.4365,-0.4918
3.225,5,1,SF,,-0.4349,-0.4899
3.23,5,1,SF,,-0.4332,-0.4879
3.235,5,1,SF,,-0.4315,-0.4859
3.24,5,1,SF,,-0.4298,-0.484
3.245,5,1,SF,,-0.4281,-0.482
3.25,5,1,SF,,-0.4265,-0.48
3.255,5,1,SF,,-0.4248,-0.478
3.26,5,1,SF,,-0.4231,-0.4761
3.265,5,1,SF,,-0.4214,-0.4741
3.27,5,1,SF,,-0.4197,-0.4721
3.275,5,1,SF,,-0.418,-0.4701
3.28,5,1,SF,,-0.4163,-0.4682
3.285,5,1,SF,,-0.4146,-0.4662
3.29,5,1,SF,,-0.4129,-0.4642
3.295,5,1,SF,,-0.4112,-0.4622
3.3,5,1,SF,,-0.4095,-0.4602
3.305,5,1,SF,,-0.4078,-0.4583
3.31,5,1,SF,,-0.4061,-0.4563
3.315,5,1,SF,,-0.4044,-0.4543
3.32,5,1,SF,,-0.4027,-0.4523
3.325,5,1,SF,,-0.401,-0.4503
3.33,5,1,SF,,-0.3993,-0.4484
3.335,5,1,SF,,-0.3976,-0.4464
3.34,5,1,SF,,-0.3959,-0.4444
3.345,5,1,SF,,-0.3942,-0.4424
3.35,5,1,SF,,-0.3924,-0.4404
3.355,5,1,SF,,-0.3907,-0.4384
3.36,5,1,SF,,-0.389,-0.4365
3.365,5,1,SF,,-0.3873,-0.4345
3.37,5,1,SF,,-0.3856,-0.4325
3.375,5,1,SF,,-0.3839,-0.4305
3.38,5,1,SF,,-0.3822,-0.4285
3.385,5,1,SF,,-0.3804,-0.4265
3.39,5,1,SF,,-0.3787,-0.4245
3.395,5,1,SF,,-0.377,-0.4226
3.4,5,1,SF,,-0.3753,-0.4206
3.405,5,1,SF,,-0.3736,-0.4186
3.41,5,1,SF,,-0.3719,-0.4166
3.415,5,1,SF,,-0.3701,-0.4146
3.42,5,1,SF,,-0.3684,-0.4126
3.425,5,1,SF,,-0.3667,-0.4107
3.43,5,1,SF,,-0.365,-0.4087
3.435,5,1,SF,,-0.3633,-0.4067
3.44,5,1,SF,,-0.3615,-0.4047
3.445,5,1,SF,,-0.3598,-0.4027
3.45,5,1,SF,,-0.3581,-0.4007
3.455,5,1,SF,,-0.3564,-0.3988
3.46,5,1,SF,,-0.3546,-0.3968
3.465,5,1,SF,,-0.3529,-0.3948
3.47,5,1,SF,,-0.3512,-0.3928
3.475,5,1,SF,,-0.3495,-0.3908
3.48,5,1,SF,,-0.3478,-0.3889
3.485,5,1,SF,,-0.346,-0.3869
3.49,5,1,SF,,-0.3443,-0.3849
3.495,5,1,SF,,-0.3426,-0.3829
3.5,5,1,SF,,-0.3409,-0.381
3.505,5,1,SF,,-0.3392,-0.379
3.51,5,1,SF,,-0.3374,-0.377
3.515,5,1,SF,,-0.3357,-0.3751
3.52,5,1,SF,,-0.334,-0.3731
3.525,5,1,SF,,-0.3323,-0.3711
3.53,5,1,SF,,-0.3306,-0.3691
3.535,5,1,SF,,-0.3288,-0.3672
3.54,5,1,SF,,-0.3271,-0.3652
3.545,5,1,SF,,-0.3254,-0.3632
3.55,5,1,SF,,-0.3237,-0.3613
3.555,5,1,SF,,-0.322,-0.3593
3.56,5,1,SF,,-0.3202,-0.3574
3.565,5,1,SF,,-0.3185,-0.3554
3.57,5,1,SF,,-0.3168,-0.3534
3.575,5,1,SF,,-0.3151,-0.3515
3.58,5,1,SF,,-0.3134,-0.3495
3.585,5,1,SF,,-0.3117,-0.3476
3.59,5,1,SF,,-0.31,-0.3456
3.595,5,1,SF,,-0.3083,-0.3437
3.6,5,1,SF,,-0.3065,-0.3417
3.605,5,1,SF,,-0.3048,-0.3398
3.61,5,1,SF,,-0.3031,-0.3378
3.615,5,1,SF,,-0.3014,-0.3359
3.62,5,1,SF,,-0.2997,-0.334
3.625,5,1,SF,,-0.298,-0.332
3.63,5,1,SF,,-0.2963,-0.3301
3.635,5,1,SF,,-0.2946,-0.3281
3.64,5,1,SF,,-0.2929,-0.3262
3.645,5,1,SF,,-0.2912,-0.3243
3.65,5,1,SF,,-0.2895,-0.3223
3.655,5,1,SF,,-0.2878,-0.3204
3.66,5,1,SF,,-0.2861,-0.3185
3.665,5,1,SF,,-0.2844,-0.3166
3.67,5,1,SF,,-0.2827,-0.3146
3.675,5,1,SF,,-0.281,-0.3127
3.68,5,1,SF,,-0.2793,-0.3108
3.685,5,1,SF,,-0.2777,-0.3089
3.69,5,1,SF,,-0.276,-0.307
3.695,5,1,SF,,-0.2743,-0.3051
3.7,5,1,SF,,-0.2726,-0.3032
3.705,5,1,SF,,-0.2709,-0.3013
3.71,5,1,SF,,-0.2692,-0.2994
3.715,5,1,SF,,-0.2676,-0.2974
3.72,5,1,SF,,-0.2659,-0.2956
3.725,5,1,SF,,-0.2642,-0.2937
3.73,5,1,SF,,-0.2625,-0.2918
3.735,5,1,SF,,-0.2609,-0.2899
3.74,5,1,SF,,-0.2592,-0.288
3.745,5,1,SF,,-0.2575,-0.2861
3.75,5,1,SF,,-0.2559,-0.2842
3.755,5,1,SF,,-0.2542,-0.2823
3.76,5,1,SF,,-0.2525,-0.2805
3.765,5,1,SF,,-0.2509,-0.2786
3.77,5,1,SF,,-0.2492,-0.2767
3.775,5,1,SF,,-0.2476,-0.2749
3.78,5,1,SF,,-0.2459,-0.273
3.785,5,1,SF,,-0.2443,-0.2711
3.79,5,1,SF,,-0.2426,-0.2693
3.795,5,1,SF,,-0.241,-0.2674
3.8,5,1,SF,,-0.2393,-0.2656
3.805,5,1,SF,,-0.2377,-0.2637
3.81,5,1,SF,,-0.236,-0.2619
3.815,5,1,SF,,-0.2344,-0.26
3.82,5,1,SF,,-0.2328,-0.2582
3.825,5,1,SF,,-0.2312,-0.2563
3.83,5,1,SF,,-0.2295,-0.2545
3.835,5,1,SF,,-0.2279,-0.2527
3.84,5,1,SF,,-0.2263,-0.2509
3.845,5,1,SF,,-0.2247,-0.249
3.85,5,1,SF,,-0.223,-0.2472
3.855,5,1,SF,,-0.2214,-0.2454
3.86,5,1,SF,,-0.2198,-0.2436
3.865,5,1,SF,,-0.2182,-0.2418
3.87,5,1,SF,,-0.2166,-0.24
3.875,5,1,SF,,-0.215,-0.2382
3.88,5,1,SF,,-0.2134,-0.2364
3.885,5,1,SF,,-0.2118,-0.2346
3.89,5,1,SF,,-0.2102,-0.2328
3.895,5,1,SF,,-0.2086,-0.231
3.9,5,1,SF,,-0.207,-0.2292
3.905,5,1,SF,,-0.2054,-0.2275
3.91,5,1,SF,,-0.2039,-0.2257
3.915,5,1,SF,,-0.2023,-0.2239
3.92,5,1,SF,,-0.2007,-0.2221
3.925,5,1,SF,,-0.1991,-0.2204
3.93,5,1,SF,,-0.1976,-0.2186
3.935,5,1,SF,,-0.196,-0.2169
3.94,5,1,SF,,-0.1945,-0.2151
3.945,5,1,SF,,-0.1929,-0.2134
3.95,5,1,SF,,-0.1913,-0.2116
3.955,5,1,SF,,-0.1898,-0.2099
3.96,5,1,SF,,-0.1882,-0.2082
3.965,5,1,SF,,-0.1867,-0.2064
3.97,5,1,SF,,-0.1852,-0.2047
3.975,5,1,SF,,-0.1836,-0.203
3.98,5,1,SF,,-0.1821,-0.2013
3.985,5,1,SF,,-0.1806,-0.1996
3.99,5,1,SF,,-0.179,-0.1979
3.995,5,1,SF,,-0.1775,-0.1962
4,5,1,SF,,-0.176,-0.1945
4.005,5,1,SF,,-0.1745,-0.1928
4.01,5,1,SF,,-0.173,-0.1911
4.015,5,1,SF,,-0.1715,-0.1894
4.02,5,1,SF,,-0.17,-0.1877
4.025,5,1,SF,,-0.1685,-0.1861
4.03,5,1,SF,,-0.167,-0.1844
4.035,5,1,SF,,-0.1655,-0.1827
4.04,5,1,SF,,-0.164,-0.1811
4.045,5,1,SF,,-0.1625,-0.1794
4.05,5,1,SF,,-0.1611,-0.1778
4.055,5,1,SF,,-0.1596,-0.1761
4.06,5,1,SF,,-0.1581,-0.1745
4.065,5,1,SF,,-0.1566,-0.1729
4.07,5,1,SF,,-0.1552,-0.1713
4.075,5,1,SF,,-0.1537,-0.1696
4.08,5,1,SF,,-0.1523,-0.168
4.085,5,1,SF,,-0.1508,-0.1664
4.09,5,1,SF,,-0.1494,-0.1648
4.095,5,1,SF,,-0.148,-0.1632
4.1,5,1,SF,,-0.1465,-0.1616
4.105,5,1,SF,,-0.1451,-0.16
4.11,5,1,SF,,-0.1437,-0.1584
4.115,5,1,SF,,-0.1423,-0.1569
4.12,5,1,SF,,-0.1408,-0.1553
4.125,5,1,SF,,-0.1394,-0.1537
4.13,5,1,SF,,-0.138,-0.1522
4.135,5,1,SF,,-0.1366,-0.1506
4.14,5,1,SF,,-0.1352,-0.149
4.145,5,1,SF,,-0.1339,-0.1475
4.15,5,1,SF,,-0.1325,-0.146
4.155,5,1,SF,,-0.1311,-0.1444
4.16,5,1,SF,,-0.1297,-0.1429
4.165,5,1,SF,,-0.1283,-0.1414
4.17,5,1,SF,,-0.127,-0.1399
4.175,5,1,SF,,-0.1256,-0.1384
4.18,5,1,SF,,-0.1243,-0.1369
4.185,5,1,SF,,-0.1229,-0.1354
4.19,5,1,SF,,-0.1216,-0.1339
4.195,5,1,SF,,-0.1202,-0.1324
4.2,5,1,SF,,-0.1189,-0.1309
4.205,5,1,SF,,-0.1176,-0.1294
4.21,5,1,SF,,-0.1163,-0.128
4.215,5,1,SF,,-0.1149,-0.1265
4.22,5,1,SF,,-0.1136,-0.1251
4.225,5,1,SF,,-0.1123,-0.1236
4.23,5,1,SF,,-0.111,-0.1222
4.235,5,1,SF,,-0.1097,-0.1207
4.24,5,1,SF,,-0.1085,-0.1193
4.245,5,1,SF,,-0.1072,-0.1179
4.25,5,1,SF,,-0.1059,-0.1165
4.255,5,1,SF,,-0.1046,-0.1151
4.26,5,1,SF,,-0.1034,-0.1137
4.265,5,1,SF,,-0.1021,-0.1123
4.27,5,1,SF,,-0.1008,-0.1109
4.275,5,1,SF,,-0.0996,-0.1095
4.28,5,1,SF,,-0.0984,-0.1081
4.285,5,1,SF,,-0.0971,-0.1068
4.29,5,1,SF,,-0.0959,-0.1054
4.295,5,1,SF,,-0.0947,-0.104
4.3,5,1,SF,,-0.0934,-0.1027
4.305,5,1,SF,,-0.0922,-0.1014
4.31,5,1,SF,,-0.091,-0.1
4.315,5,1,SF,,-0.0898,-0.0987
4.32,5,1,SF,,-0.0886,-0.0974
4.325,5,1,SF,,-0.0874,-0.0961
4.33,5,1,SF,,-0.0863,-0.0948
4.335,5,1,SF,,-0.0851,-0.0935
4.34,5,1,SF,,-0.0839,-0.0922
4.345,5,1,SF,,-0.0828,-0.0909
4.35,5,1,SF,,-0.0816,-0.0896
4.355,5,1,SF,,-0.0805,-0.0883
4.36,5,1,SF,,-0.0793,-0.0871
4.365,5,1,SF,,-0.0782,-0.0858
4.37,5,1,SF,,-0.0771,-0.0846
4.375,5,1,SF,,-0.0759,-0.0833
4.38,5,1,SF,,-0.0748,-0.0821
4.385,5,1,SF,,-0.0737,-0.0809
4.39,5,1,SF,,-0.0726,-0.0797
4.395,5,1,SF,,-0.0715,-0.0785
4.4,5,1,SF,,-0.0704,-0.0773
4.405,5,1,SF,,-0.0693,-0.0761
4.41,5,1,SF,,-0.0683,-0.0749
4.415,5,1,SF,,-0.0672,-0.0737
4.42,5,1,SF,,-0.0661,-0.0725
4.425,5,1,SF,,-0.0651,-0.0714
4.43,5,1,SF,,-0.064,-0.0702
4.435,5,1,SF,,-0.063,-0.0691
4.44,5,1,SF,,-0.062,-0.0679
4.445,5,1,SF,,-0.0609,-0.0668
4.45,5,1,SF,,-0.0599,-0.0657
4.455,5,1,SF,,-0.0589,-0.0646
4.46,5,1,SF,,-0.0579,-0.0635
4.465,5,1,SF,,-0.0569,-0.0624
4.47,5,1,SF,,-0.0559,-0.0613
4.475,5,1,SF,,-0.0549,-0.0602
4.48,5,1,SF,,-0.054,-0.0591
4.485,5,1,SF,,-0.053,-0.0581
4.49,5,1,SF,,-0.052,-0.057
4.495,5,1,SF,,-0.0511,-0.0559
4.5,5,1,SF,,-0.0501,-0.0549
4.505,5,1,SF,,-0.0492,-0.0539
4.51,5,1,SF,,-0.0483,-0.0529
4.515,5,1,SF,,-0.0473,-0.0518
4.52,5,1,SF,,-0.0464,-0.0508
4.525,5,1,SF,,-0.0455,-0.0498
4.53,5,1,SF,,-0.0446,-0.0489
4.535,5,1,SF,,-0.0437,-0.0479
4.54,5,1,SF,,-0.0428,-0.0469
4.545,5,1,SF,,-0.042,-0.0459
4.55,5,1,SF,,-0.0411,-0.045
4.555,5,1,SF,,-0.0402,-0.044
4.56,5,1,SF,,-0.0394,-0.0431
4.565,5,1,SF,,-0.0385,-0.0422
4.57,5,1,SF,,-0.0377,-0.0413
4.575,5,1,SF,,-0.0369,-0.0404
4.58,5,1,SF,,-0.0361,-0.0395
4.585,5,1,SF,,-0.0352,-0.0386
4.59,5,1,SF,,-0.0344,-0.0377
4.595,5,1,SF,,-0.0337,-0.0368
4.6,5,1,SF,,-0.0329,-0.0359
4.605,5,1,SF,,-0.0321,-0.0351
4.61,5,1,SF,,-0.0313,-0.0342
4.615,5,1,SF,,-0.0306,-0.0334
4.62,5,1,SF,,-0.0298,-0.0326
4.625,5,1,SF,,-0.0291,-0.0318
4.63,5,1,SF,,-0.0283,-0.031
4.635,5,1,SF,,-0.0276,-0.0302
4.64,5,1,SF,,-0.0269,-0.0294
4.645,5,1,SF,,-0.0262,-0.0286
4.65,5,1,SF,,-0.0255,-0.0278
4.655,5,1,SF,,-0.0248,-0.0271
4.66,5,1,SF,,-0.0241,-0.0263
4.665,5,1,SF,,-0.0234,-0.0256
4.67,5,1,SF,,-0.0227,-0.0249
4.675,5,1,SF,,-0.0221,-0.0241
4.68,5,1,SF,,-0.0214,-0.0234
4.685,5,1,SF,,-0.0208,-0.0227
4.69,5,1,SF,,-0.0202,-0.022
4.695,5,1,SF,,-0.0195,-0.0213
4.7,5,1,SF,,-0.0189,-0.0207
4.705,5,1,SF,,-0.0183,-0.02
4.71,5,1,SF,,-0.0177,-0.0194
4.715,5,1,SF,,-0.0171,-0.0187
4.72,5,1,SF,,-0.0166,-0.0181
4.725,5,1,SF,,-0.016,-0.0175
4.73,5,1,SF,,-0.0154,-0.0169
4.735,5,1,SF,,-0.0149,-0.0163
4.74,5,1,SF,,-0.0143,-0.0157
4.745,5,1,SF,,-0.0138,-0.0151
4.75,5,1,SF,,-0.0133,-0.0145
4.755,5,1,SF,,-0.0128,-0.014
4.76,5,1,SF,,-0.0123,-0.0134
4.765,5,1,SF,,-0.0118,-0.0129
4.77,5,1,SF,,-0.0113,-0.0123
4.775,5,1,SF,,-0.0108,-0.0118
4.78,5,1,SF,,-0.0104,-0.0113
4.785,5,1,SF,,-0.0099,-0.0108
4.79,5,1,SF,,-0.0095,-0.0103
4.795,5,1,SF,,-0.009,-0.0099
4.8,5,1,SF,,-0.0086,-0.0094
4.805,5,1,SF,,-0.0082,-0.0089
4.81,5,1,SF,,-0.0078,-0.0085
4.815,5,1,SF,,-0.0074,-0.0081
4.82,5,1,SF,,-0.007,-0.0076
4.825,5,1,SF,,-0.0066,-0.0072
4.83,5,1,SF,,-0.0063,-0.0068
4.835,5,1,SF,,-0.0059,-0.0064
4.84,5,1,SF,,-0.0056,-0.0061
4.845,5,1,SF,,-0.0052,-0.0057
4.85,5,1,SF,,-0.0049,-0.0053
4.855,5,1,SF,,-0.0046,-0.005
4.86,5,1,SF,,-0.0043,-0.0047
4.865,5,1,SF,,-0.004,-0.0043
4.87,5,1,SF,,-0.0037,-0.004
4.875,5,1,SF,,-0.0034,-0.0037
4.88,5,1,SF,,-0.0032,-0.0034
4.885,5,1,SF,,-0.0029,-0.0032
4.89,5,1,SF,,-0.0027,-0.0029
4.895,5,1,SF,,-0.0024,-0.0026
4.9,5,1,SF,,-0.0022,-0.0024
4.905,5,1,SF,,-0.002,-0.0022
4.91,5,1,SF,,-0.0018,-0.0019
4.915,5,1,SF,,-0.0016,-0.0017
4.92,5,1,SF,,-0.0014,-0.0015
4.925,5,1,SF,,-0.0012,-0.0014
4.93,5,1,SF,,-0.0011,-0.0012
4.935,5,1,SF,,-0.0009,-0.001
4.94,5,1,SF,,-0.0008,-0.0009
4.945,5,1,SF,,-0.0007,-0.0007
4.95,5,1,SF,,-0.0006,-0.0006
4.955,5,1,SF,,-0.0005,-0.0005
4.96,5,1,SF,,-0.0004,-0.0004
4.965,5,1,SF,,-0.0003,-0.0003
4.97,5,1,SF,,-0.0002,-0.0002
4.975,5,1,SF,,-0.0001,-0.0002
4.98,5,1,SF,,-0.0001,-0.0001
4.985,5,1,SF,,-0.0001,-0.0001
4.99,5,1,SF,,0,0
4.995,5,1,SF,,0,0
5,5,1,SF,,0,0
0,5,1.5,SF,,0,0
0.005,5,1.5,SF,,-0.0006,-0.0047
0.01,5,1.5,SF,,-0.0011,-0.0094
0.015,5,1.5,SF,,-0.0017,-0.0141
0.02,5,1.5,SF,,-0.0022,-0.0187
0.025,5,1.5,SF,,-0.0028,-0.0234
0.03,5,1.5,SF,,-0.0034,-0.0281
0.035,5,1.5,SF,,-0.0039,-0.0328
0.04,5,1.5,SF,,-0.0045,-0.0375
0.045,5,1.5,SF,,-0.005,-0.0422
0.05,5,1.5,SF,,-0.0056,-0.0468
0.055,5,1.5,SF,,-0.0062,-0.0515
0.06,5,1.5,SF,,-0.0067,-0.0562
0.065,5,1.5,SF,,-0.0073,-0.0609
0.07,5,1.5,SF,,-0.0078,-0.0656
0.075,5,1.5,SF,,-0.0084,-0.0702
0.08,5,1.5,SF,,-0.009,-0.0749
0.085,5,1.5,SF,,-0.0095,-0.0796
0.09,5,1.5,SF,,-0.0101,-0.0843
0.095,5,1.5,SF,,-0.0106,-0.0889
0.1,5,1.5,SF,,-0.0112,-0.0936
0.105,5,1.5,SF,,-0.0118,-0.0983
0.11,5,1.5,SF,,-0.0123,-0.103
0.115,5,1.5,SF,,-0.0129,-0.1076
0.12,5,1.5,SF,,-0.0134,-0.1123
0.125,5,1.5,SF,,-0.014,-0.117
0.13,5,1.5,SF,,-0.0146,-0.1216
0.135,5,1.5,SF,,-0.0151,-0.1263
0.14,5,1.5,SF,,-0.0157,-0.1309
0.145,5,1.5,SF,,-0.0162,-0.1356
0.15,5,1.5,SF,,-0.0168,-0.1402
0.155,5,1.5,SF,,-0.0174,-0.1449
0.16,5,1.5,SF,,-0.0179,-0.1495
0.165,5,1.5,SF,,-0.0185,-0.1542
0.17,5,1.5,SF,,-0.0191,-0.1588
0.175,5,1.5,SF,,-0.0196,-0.1635
0.18,5,1.5,SF,,-0.0202,-0.1681
0.185,5,1.5,SF,,-0.0208,-0.1728
0.19,5,1.5,SF,,-0.0213,-0.1774
0.195,5,1.5,SF,,-0.0219,-0.182
0.2,5,1.5,SF,,-0.0225,-0.1867
0.205,5,1.5,SF,,-0.023,-0.1913
0.21,5,1.5,SF,,-0.0236,-0.1959
0.215,5,1.5,SF,,-0.0242,-0.2005
0.22,5,1.5,SF,,-0.0248,-0.2051
0.225,5,1.5,SF,,-0.0253,-0.2098
0.23,5,1.5,SF,,-0.0259,-0.2144
0.235,5,1.5,SF,,-0.0265,-0.219
0.24,5,1.5,SF,,-0.0271,-0.2236
0.245,5,1.5,SF,,-0.0276,-0.2282
0.25,5,1.5,SF,,-0.0282,-0.2328
0.255,5,1.5,SF,,-0.0288,-0.2374
0.26,5,1.5,SF,,-0.0294,-0.242
0.265,5,1.5,SF,,-0.03,-0.2466
0.27,5,1.5,SF,,-0.0306,-0.2511
0.275,5,1.5,SF,,-0.0311,-0.2557
0.28,5,1.5,SF,,-0.0317,-0.2603
0.285,5,1.5,SF,,-0.0323,-0.2649
0.29,5,1.5,SF,,-0.0329,-0.2694
0.295,5,1.5,SF,,-0.0335,-0.274
0.3,5,1.5,SF,,-0.0341,-0.2786
0.305,5,1.5,SF,,-0.0347,-0.2831
0.31,5,1.5,SF,,-0.0353,-0.2877
0.315,5,1.5,SF,,-0.0359,-0.2922
0.32,5,1.5,SF,,-0.0365,-0.2967
0.325,5,1.5,SF,,-0.0371,-0.3013
0.33,5,1.5,SF,,-0.0377,-0.3058
0.335,5,1.5,SF,,-0.0383,-0.3103
0.34,5,1.5,SF,,-0.0389,-0.3149
0.345,5,1.5,SF,,-0.0395,-0.3194
0.35,5,1.5,SF,,-0.0401,-0.3239
0.355,5,1.5,SF,,-0.0408,-0.3284
0.36,5,1.5,SF,,-0.0414,-0.3329
0.365,5,1.5,SF,,-0.042,-0.3374
0.37,5,1.5,SF,,-0.0426,-0.3419
0.375,5,1.5,SF,,-0.0432,-0.3464
0.38,5,1.5,SF,,-0.0439,-0.3509
0.385,5,1.5,SF,,-0.0445,-0.3553
0.39,5,1.5,SF,,-0.0451,-0.3598
0.395,5,1.5,SF,,-0.0457,-0.3643
0.4,5,1.5,SF,,-0.0464,-0.3687
0.405,5,1.5,SF,,-0.047,-0.3732
0.41,5,1.5,SF,,-0.0476,-0.3776
0.415,5,1.5,SF,,-0.0483,-0.3821
0.42,5,1.5,SF,,-0.0489,-0.3865
0.425,5,1.5,SF,,-0.0496,-0.3909
0.43,5,1.5,SF,,-0.0502,-0.3953
0.435,5,1.5,SF,,-0.0509,-0.3998
0.44,5,1.5,SF,,-0.0515,-0.4042
0.445,5,1.5,SF,,-0.0522,-0.4086
0.45,5,1.5,SF,,-0.0528,-0.413
0.455,5,1.5,SF,,-0.0535,-0.4174
0.46,5,1.5,SF,,-0.0542,-0.4218
0.465,5,1.5,SF,,-0.0548,-0.4261
0.47,5,1.5,SF,,-0.0555,-0.4305
0.475,5,1.5,SF,,-0.0562,-0.4349
0.48,5,1.5,SF,,-0.0568,-0.4392
0.485,5,1.5,SF,,-0.0575,-0.4436
0.49,5,1.5,SF,,-0.0582,-0.4479
0.495,5,1.5,SF,,-0.0589,-0.4523
0.5,5,1.5,SF,,-0.0596,-0.4566
0.505,5,1.5,SF,,-0.0603,-0.4609
0.51,5,1.5,SF,,-0.0609,-0.4652
0.515,5,1.5,SF,,-0.0616,-0.4695
0.52,5,1.5,SF,,-0.0623,-0.4738
0.525,5,1.5,SF,,-0.063,-0.4781
0.53,5,1.5,SF,,-0.0637,-0.4824
0.535,5,1.5,SF,,-0.0644,-0.4867
0.54,5,1.5,SF,,-0.0652,-0.491
0.545,5,1.5,SF,,-0.0659,-0.4952
0.55,5,1.5,SF,,-0.0666,-0.4995
0.555,5,1.5,SF,,-0.0673,-0.5037
0.56,5,1.5,SF,,-0.068,-0.508
0.565,5,1.5,SF,,-0.0688,-0.5122
0.57,5,1.5,SF,,-0.0695,-0.5164
0.575,5,1.5,SF,,-0.0702,-0.5206
0.58,5,1.5,SF,,-0.071,-0.5248
0.585,5,1.5,SF,,-0.0717,-0.529
0.59,5,1.5,SF,,-0.0724,-0.5332
0.595,5,1.5,SF,,-0.0732,-0.5374
0.6,5,1.5,SF,,-0.0739,-0.5416
0.605,5,1.5,SF,,-0.0747,-0.5457
0.61,5,1.5,SF,,-0.0755,-0.5499
0.615,5,1.5,SF,,-0.0762,-0.554
0.62,5,1.5,SF,,-0.077,-0.5582
0.625,5,1.5,SF,,-0.0778,-0.5623
0.63,5,1.5,SF,,-0.0785,-0.5664
0.635,5,1.5,SF,,-0.0793,-0.5705
0.64,5,1.5,SF,,-0.0801,-0.5746
0.645,5,1.5,SF,,-0.0809,-0.5787
0.65,5,1.5,SF,,-0.0817,-0.5828
0.655,5,1.5,SF,,-0.0825,-0.5869
0.66,5,1.5,SF,,-0.0833,-0.591
0.665,5,1.5,SF,,-0.0841,-0.595
0.67,5,1.5,SF,,-0.0849,-0.5991
0.675,5,1.5,SF,,-0.0857,-0.6031
0.68,5,1.5,SF,,-0.0865,-0.6071
0.685,5,1.5,SF,,-0.0873,-0.6111
0.69,5,1.5,SF,,-0.0881,-0.6151
0.695,5,1.5,SF,,-0.089,-0.6191
0.7,5,1.5,SF,,-0.0898,-0.6231
0.705,5,1.5,SF,,-0.0906,-0.6271
0.71,5,1.5,SF,,-0.0915,-0.6311
0.715,5,1.5,SF,,-0.0923,-0.635
0.72,5,1.5,SF,,-0.0932,-0.639
0.725,5,1.5,SF,,-0.094,-0.6429
0.73,5,1.5,SF,,-0.0949,-0.6468
0.735,5,1.5,SF,,-0.0957,-0.6507
0.74,5,1.5,SF,,-0.0966,-0.6547
0.745,5,1.5,SF,,-0.0975,-0.6585
0.75,5,1.5,SF,,-0.0984,-0.6624
0.755,5,1.5,SF,,-0.0992,-0.6663
0.76,5,1.5,SF,,-0.1001,-0.6702
0.765,5,1.5,SF,,-0.101,-0.674
0.77,5,1.5,SF,,-0.1019,-0.6779
0.775,5,1.5,SF,,-0.1028,-0.6817
0.78,5,1.5,SF,,-0.1037,-0.6855
0.785,5,1.5,SF,,-0.1046,-0.6893
0.79,5,1.5,SF,,-0.1056,-0.6931
0.795,5,1.5,SF,,-0.1065,-0.6969
0.8,5,1.5,SF,,-0.1074,-0.7007
0.805,5,1.5,SF,,-0.1083,-0.7044
0.81,5,1.5,SF,,-0.1093,-0.7082
0.815,5,1.5,SF,,-0.1102,-0.7119
0.82,5,1.5,SF,,-0.1112,-0.7156
0.825,5,1.5,SF,,-0.1121,-0.7193
0.83,5,1.5,SF,,-0.1131,-0.723
0.835,5,1.5,SF,,-0.114,-0.7267
0.84,5,1.5,SF,,-0.115,-0.7304
0.845,5,1.5,SF,,-0.116,-0.7341
0.85,5,1.5,SF,,-0.117,-0.7377
0.855,5,1.5,SF,,-0.1179,-0.7414
0.86,5,1.5,SF,,-0.1189,-0.745
0.865,5,1.5,SF,,-0.1199,-0.7486
0.87,5,1.5,SF,,-0.1209,-0.7522
0.875,5,1.5,SF,,-0.1219,-0.7558
0.88,5,1.5,SF,,-0.1229,-0.7594
0.885,5,1.5,SF,,-0.124,-0.763
0.89,5,1.5,SF,,-0.125,-0.7665
0.895,5,1.5,SF,,-0.126,-0.77
0.9,5,1.5,SF,,-0.127,-0.7736
0.905,5,1.5,SF,,-0.1281,-0.7771
0.91,5,1.5,SF,,-0.1291,-0.7806
0.915,5,1.5,SF,,-0.1302,-0.7841
0.92,5,1.5,SF,,-0.1312,-0.7876
0.925,5,1.5,SF,,-0.1323,-0.791
0.93,5,1.5,SF,,-0.1334,-0.7945
0.935,5,1.5,SF,,-0.1345,-0.7979
0.94,5,1.5,SF,,-0.1355,-0.8013
0.945,5,1.5,SF,,-0.1366,-0.8047
0.95,5,1.5,SF,,-0.1377,-0.8081
0.955,5,1.5,SF,,-0.1388,-0.8115
0.96,5,1.5,SF,,-0.1399,-0.8149
0.965,5,1.5,SF,,-0.141,-0.8182
0.97,5,1.5,SF,,-0.1422,-0.8216
0.975,5,1.5,SF,,-0.1433,-0.8249
0.98,5,1.5,SF,,-0.1444,-0.8282
0.985,5,1.5,SF,,-0.1455,-0.8315
0.99,5,1.5,SF,,-0.1467,-0.8348
0.995,5,1.5,SF,,-0.1478,-0.8381
1,5,1.5,SF,,-0.149,-0.8413
1.005,5,1.5,SF,,-0.1502,-0.8446
1.01,5,1.5,SF,,-0.1513,-0.8478
1.015,5,1.5,SF,,-0.1525,-0.851
1.02,5,1.5,SF,,-0.1537,-0.8542
1.025,5,1.5,SF,,-0.1549,-0.8574
1.03,5,1.5,SF,,-0.1561,-0.8606
1.035,5,1.5,SF,,-0.1573,-0.8637
1.04,5,1.5,SF,,-0.1585,-0.8669
1.045,5,1.5,SF,,-0.1597,-0.87
1.05,5,1.5,SF,,-0.1609,-0.8731
1.055,5,1.5,SF,,-0.1622,-0.8762
1.06,5,1.5,SF,,-0.1634,-0.8793
1.065,5,1.5,SF,,-0.1646,-0.8823
1.07,5,1.5,SF,,-0.1659,-0.8854
1.075,5,1.5,SF,,-0.1671,-0.8884
1.08,5,1.5,SF,,-0.1684,-0.8914
1.085,5,1.5,SF,,-0.1697,-0.8944
1.09,5,1.5,SF,,-0.171,-0.8974
1.095,5,1.5,SF,,-0.1722,-0.9004
1.1,5,1.5,SF,,-0.1735,-0.9033
1.105,5,1.5,SF,,-0.1748,-0.9063
1.11,5,1.5,SF,,-0.1761,-0.9092
1.115,5,1.5,SF,,-0.1775,-0.9121
1.12,5,1.5,SF,,-0.1788,-0.915
1.125,5,1.5,SF,,-0.1801,-0.9179
1.13,5,1.5,SF,,-0.1815,-0.9207
1.135,5,1.5,SF,,-0.1828,-0.9236
1.14,5,1.5,SF,,-0.1841,-0.9264
1.145,5,1.5,SF,,-0.1855,-0.9292
1.15,5,1.5,SF,,-0.1869,-0.932
1.155,5,1.5,SF,,-0.1882,-0.9348
1.16,5,1.5,SF,,-0.1896,-0.9375
1.165,5,1.5,SF,,-0.191,-0.9403
1.17,5,1.5,SF,,-0.1924,-0.943
1.175,5,1.5,SF,,-0.1938,-0.9457
1.18,5,1.5,SF,,-0.1952,-0.9484
1.185,5,1.5,SF,,-0.1966,-0.9511
1.19,5,1.5,SF,,-0.1981,-0.9537
1.195,5,1.5,SF,,-0.1995,-0.9564
1.2,5,1.5,SF,,-0.201,-0.959
1.205,5,1.5,SF,,-0.2024,-0.9616
1.21,5,1.5,SF,,-0.2039,-0.9642
1.215,5,1.5,SF,,-0.2053,-0.9668
1.22,5,1.5,SF,,-0.2068,-0.9693
1.225,5,1.5,SF,,-0.2083,-0.9719
1.23,5,1.5,SF,,-0.2098,-0.9744
1.235,5,1.5,SF,,-0.2113,-0.9769
1.24,5,1.5,SF,,-0.2128,-0.9794
1.245,5,1.5,SF,,-0.2143,-0.9819
1.25,5,1.5,SF,,-0.2158,-0.9843
1.255,5,1.5,SF,,-0.2174,-0.9867
1.26,5,1.5,SF,,-0.2189,-0.9892
1.265,5,1.5,SF,,-0.2204,-0.9915
1.27,5,1.5,SF,,-0.222,-0.9939
1.275,5,1.5,SF,,-0.2236,-0.9963
1.28,5,1.5,SF,,-0.2251,-0.9986
1.285,5,1.5,SF,,-0.2267,-1.0009
1.29,5,1.5,SF,,-0.2283,-1.0032
1.295,5,1.5,SF,,-0.2299,-1.0055
1.3,5,1.5,SF,,-0.2315,-1.0078
1.305,5,1.5,SF,,-0.2331,-1.01
1.31,5,1.5,SF,,-0.2348,-1.0123
1.315,5,1.5,SF,,-0.2364,-1.0145
1.32,5,1.5,SF,,-0.238,-1.0167
1.325,5,1.5,SF,,-0.2397,-1.0189
1.33,5,1.5,SF,,-0.2413,-1.021
1.335,5,1.5,SF,,-0.243,-1.0231
1.34,5,1.5,SF,,-0.2447,-1.0253
1.345,5,1.5,SF,,-0.2464,-1.0274
1.35,5,1.5,SF,,-0.2481,-1.0294
1.355,5,1.5,SF,,-0.2498,-1.0315
1.36,5,1.5,SF,,-0.2515,-1.0335
1.365,5,1.5,SF,,-0.2532,-1.0355
1.37,5,1.5,SF,,-0.2549,-1.0375
1.375,5,1.5,SF,,-0.2567,-1.0395
1.38,5,1.5,SF,,-0.2584,-1.0415
1.385,5,1.5,SF,,-0.2602,-1.0434
1.39,5,1.5,SF,,-0.2619,-1.0453
1.395,5,1.5,SF,,-0.2637,-1.0472
1.4,5,1.5,SF,,-0.2655,-1.0491
1.405,5,1.5,SF,,-0.2673,-1.051
1.41,5,1.5,SF,,-0.2691,-1.0528
1.415,5,1.5,SF,,-0.2709,-1.0546
1.42,5,1.5,SF,,-0.2727,-1.0564
1.425,5,1.5,SF,,-0.2746,-1.0582
1.43,5,1.5,SF,,-0.2764,-1.06
1.435,5,1.5,SF,,-0.2783,-1.0617
1.44,5,1.5,SF,,-0.2801,-1.0634
1.445,5,1.5,SF,,-0.282,-1.0651
1.45,5,1.5,SF,,-0.2839,-1.0668
1.455,5,1.5,SF,,-0.2857,-1.0684
1.46,5,1.5,SF,,-0.2876,-1.0701
1.465,5,1.5,SF,,-0.2896,-1.0717
1.47,5,1.5,SF,,-0.2915,-1.0733
1.475,5,1.5,SF,,-0.2934,-1.0748
1.48,5,1.5,SF,,-0.2953,-1.0764
1.485,5,1.5,SF,,-0.2973,-1.0779
1.49,5,1.5,SF,,-0.2992,-1.0794
1.495,5,1.5,SF,,-0.3012,-1.0809
1.5,5,1.5,SF,,-0.3032,-1.0824
1.505,5,1.5,SF,,-0.3052,-1.0838
1.51,5,1.5,SF,,-0.3071,-1.0852
1.515,5,1.5,SF,,-0.3091,-1.0866
1.52,5,1.5,SF,,-0.311,-1.088
1.525,5,1.5,SF,,-0.3129,-1.0894
1.53,5,1.5,SF,,-0.3148,-1.0907
1.535,5,1.5,SF,,-0.3167,-1.092
1.54,5,1.5,SF,,-0.3186,-1.0933
1.545,5,1.5,SF,,-0.3204,-1.0946
1.55,5,1.5,SF,,-0.3223,-1.0958
1.555,5,1.5,SF,,-0.3241,-1.0971
1.56,5,1.5,SF,,-0.3259,-1.0983
1.565,5,1.5,SF,,-0.3277,-1.0995
1.57,5,1.5,SF,,-0.3295,-1.1006
1.575,5,1.5,SF,,-0.3312,-1.1018
1.58,5,1.5,SF,,-0.333,-1.1029
1.585,5,1.5,SF,,-0.3347,-1.104
1.59,5,1.5,SF,,-0.3365,-1.1051
1.595,5,1.5,SF,,-0.3382,-1.1062
1.6,5,1.5,SF,,-0.3399,-1.1072
1.605,5,1.5,SF,,-0.3415,-1.1082
1.61,5,1.5,SF,,-0.3432,-1.1092
1.615,5,1.5,SF,,-0.3449,-1.1102
1.62,5,1.5,SF,,-0.3465,-1.1112
1.625,5,1.5,SF,,-0.3481,-1.1121
1.63,5,1.5,SF,,-0.3497,-1.113
1.635,5,1.5,SF,,-0.3513,-1.1139
1.64,5,1.5,SF,,-0.3529,-1.1148
1.645,5,1.5,SF,,-0.3545,-1.1157
1.65,5,1.5,SF,,-0.356,-1.1165
1.655,5,1.5,SF,,-0.3576,-1.1173
1.66,5,1.5,SF,,-0.3591,-1.1181
1.665,5,1.5,SF,,-0.3606,-1.1189
1.67,5,1.5,SF,,-0.3621,-1.1197
1.675,5,1.5,SF,,-0.3636,-1.1204
1.68,5,1.5,SF,,-0.3651,-1.1211
1.685,5,1.5,SF,,-0.3665,-1.1218
1.69,5,1.5,SF,,-0.368,-1.1225
1.695,5,1.5,SF,,-0.3694,-1.1232
1.7,5,1.5,SF,,-0.3708,-1.1238
1.705,5,1.5,SF,,-0.3722,-1.1245
1.71,5,1.5,SF,,-0.3736,-1.1251
1.715,5,1.5,SF,,-0.375,-1.1256
1.72,5,1.5,SF,,-0.3763,-1.1262
1.725,5,1.5,SF,,-0.3777,-1.1268
1.73,5,1.5,SF,,-0.379,-1.1273
1.735,5,1.5,SF,,-0.3803,-1.1278
1.74,5,1.5,SF,,-0.3816,-1.1283
1.745,5,1.5,SF,,-0.3829,-1.1288
1.75,5,1.5,SF,,-0.3842,-1.1292
1.755,5,1.5,SF,,-0.3855,-1.1297
1.76,5,1.5,SF,,-0.3867,-1.1301
1.765,5,1.5,SF,,-0.388,-1.1305
1.77,5,1.5,SF,,-0.3892,-1.1309
1.775,5,1.5,SF,,-0.3904,-1.1312
1.78,5,1.5,SF,,-0.3916,-1.1316
1.785,5,1.5,SF,,-0.3928,-1.1319
1.79,5,1.5,SF,,-0.394,-1.1322
1.795,5,1.5,SF,,-0.3951,-1.1325
1.8,5,1.5,SF,,-0.3963,-1.1327
1.805,5,1.5,SF,,-0.3974,-1.133
1.81,5,1.5,SF,,-0.3985,-1.1332
1.815,5,1.5,SF,,-0.3997,-1.1334
1.82,5,1.5,SF,,-0.4008,-1.1336
1.825,5,1.5,SF,,-0.4018,-1.1338
1.83,5,1.5,SF,,-0.4029,-1.134
1.835,5,1.5,SF,,-0.404,-1.1341
1.84,5,1.5,SF,,-0.405,-1.1342
1.845,5,1.5,SF,,-0.406,-1.1343
1.85,5,1.5,SF,,-0.4071,-1.1344
1.855,5,1.5,SF,,-0.4081,-1.1345
1.86,5,1.5,SF,,-0.4091,-1.1346
1.865,5,1.5,SF,,-0.4101,-1.1346
1.87,5,1.5,SF,,-0.411,-1.1346
1.875,5,1.5,SF,,-0.412,-1.1346
1.88,5,1.5,SF,,-0.4129,-1.1346
1.885,5,1.5,SF,,-0.4139,-1.1346
1.89,5,1.5,SF,,-0.4148,-1.1345
1.895,5,1.5,SF,,-0.4157,-1.1344
1.9,5,1.5,SF,,-0.4166,-1.1344
1.905,5,1.5,SF,,-0.4175,-1.1343
1.91,5,1.5,SF,,-0.4184,-1.1341
1.915,5,1.5,SF,,-0.4192,-1.134
1.92,5,1.5,SF,,-0.4201,-1.1338
1.925,5,1.5,SF,,-0.4209,-1.1337
1.93,5,1.5,SF,,-0.4217,-1.1335
1.935,5,1.5,SF,,-0.4225,-1.1333
1.94,5,1.5,SF,,-0.4233,-1.1331
1.945,5,1.5,SF,,-0.4241,-1.1328
1.95,5,1.5,SF,,-0.4249,-1.1326
1.955,5,1.5,SF,,-0.4257,-1.1323
1.96,5,1.5,SF,,-0.4264,-1.132
1.965,5,1.5,SF,,-0.4271,-1.1317
1.97,5,1.5,SF,,-0.4279,-1.1314
1.975,5,1.5,SF,,-0.4286,-1.1311
1.98,5,1.5,SF,,-0.4293,-1.1307
1.985,5,1.5,SF,,-0.43,-1.1303
1.99,5,1.5,SF,,-0.4307,-1.13
1.995,5,1.5,SF,,-0.4313,-1.1296
2,5,1.5,SF,,-0.432,-1.1291
2.005,5,1.5,SF,,-0.4326,-1.1287
2.01,5,1.5,SF,,-0.4333,-1.1283
2.015,5,1.5,SF,,-0.4339,-1.1278
2.02,5,1.5,SF,,-0.4345,-1.1273
2.025,5,1.5,SF,,-0.4351,-1.1268
2.03,5,1.5,SF,,-0.4357,-1.1263
2.035,5,1.5,SF,,-0.4363,-1.1258
2.04,5,1.5,SF,,-0.4369,-1.1252
2.045,5,1.5,SF,,-0.4374,-1.1247
2.05,5,1.5,SF,,-0.438,-1.1241
2.055,5,1.5,SF,,-0.4385,-1.1235
2.06,5,1.5,SF,,-0.439,-1.1229
2.065,5,1.5,SF,,-0.4395,-1.1223
2.07,5,1.5,SF,,-0.44,-1.1217
2.075,5,1.5,SF,,-0.4405,-1.121
2.08,5,1.5,SF,,-0.441,-1.1203
2.085,5,1.5,SF,,-0.4415,-1.1197
2.09,5,1.5,SF,,-0.4419,-1.119
2.095,5,1.5,SF,,-0.4424,-1.1183
2.1,5,1.5,SF,,-0.4428,-1.1175
2.105,5,1.5,SF,,-0.4432,-1.1168
2.11,5,1.5,SF,,-0.4436,-1.116
2.115,5,1.5,SF,,-0.444,-1.1153
2.12,5,1.5,SF,,-0.4444,-1.1145
2.125,5,1.5,SF,,-0.4448,-1.1137
2.13,5,1.5,SF,,-0.4452,-1.1129
2.135,5,1.5,SF,,-0.4455,-1.112
2.14,5,1.5,SF,,-0.4459,-1.1112
2.145,5,1.5,SF,,-0.4462,-1.1103
2.15,5,1.5,SF,,-0.4465,-1.1095
2.155,5,1.5,SF,,-0.4469,-1.1086
2.16,5,1.5,SF,,-0.4472,-1.1077
2.165,5,1.5,SF,,-0.4475,-1.1068
2.17,5,1.5,SF,,-0.4477,-1.1058
2.175,5,1.5,SF,,-0.448,-1.1049
2.18,5,1.5,SF,,-0.4483,-1.1039
2.185,5,1.5,SF,,-0.4485,-1.103
2.19,5,1.5,SF,,-0.4488,-1.102
2.195,5,1.5,SF,,-0.449,-1.101
2.2,5,1.5,SF,,-0.4492,-1.1
2.205,5,1.5,SF,,-0.4494,-1.0989
2.21,5,1.5,SF,,-0.4496,-1.0979
2.215,5,1.5,SF,,-0.4498,-1.0968
2.22,5,1.5,SF,,-0.45,-1.0958
2.225,5,1.5,SF,,-0.4502,-1.0947
2.23,5,1.5,SF,,-0.4504,-1.0936
2.235,5,1.5,SF,,-0.4505,-1.0925
2.24,5,1.5,SF,,-0.4507,-1.0914
2.245,5,1.5,SF,,-0.4508,-1.0902
2.25,5,1.5,SF,,-0.4509,-1.0891
2.255,5,1.5,SF,,-0.451,-1.0879
2.26,5,1.5,SF,,-0.4511,-1.0867
2.265,5,1.5,SF,,-0.4512,-1.0856
2.27,5,1.5,SF,,-0.4513,-1.0844
2.275,5,1.5,SF,,-0.4514,-1.0831
2.28,5,1.5,SF,,-0.4515,-1.0819
2.285,5,1.5,SF,,-0.4515,-1.0807
2.29,5,1.5,SF,,-0.4516,-1.0794
2.295,5,1.5,SF,,-0.4516,-1.0782
2.3,5,1.5,SF,,-0.4516,-1.0769
2.305,5,1.5,SF,,-0.4516,-1.0756
2.31,5,1.5,SF,,-0.4516,-1.0743
2.315,5,1.5,SF,,-0.4516,-1.073
2.32,5,1.5,SF,,-0.4516,-1.0717
2.325,5,1.5,SF,,-0.4516,-1.0703
2.33,5,1.5,SF,,-0.4516,-1.069
2.335,5,1.5,SF,,-0.4515,-1.0676
2.34,5,1.5,SF,,-0.4515,-1.0662
2.345,5,1.5,SF,,-0.4514,-1.0648
2.35,5,1.5,SF,,-0.4514,-1.0634
2.355,5,1.5,SF,,-0.4513,-1.062
2.36,5,1.5,SF,,-0.4512,-1.0606
2.365,5,1.5,SF,,-0.4511,-1.0592
2.37,5,1.5,SF,,-0.451,-1.0577
2.375,5,1.5,SF,,-0.4509,-1.0562
2.38,5,1.5,SF,,-0.4508,-1.0548
2.385,5,1.5,SF,,-0.4507,-1.0533
2.39,5,1.5,SF,,-0.4505,-1.0518
2.395,5,1.5,SF,,-0.4504,-1.0503
2.4,5,1.5,SF,,-0.4502,-1.0488
2.405,5,1.5,SF,,-0.4501,-1.0472
2.41,5,1.5,SF,,-0.4499,-1.0457
2.415,5,1.5,SF,,-0.4497,-1.0441
2.42,5,1.5,SF,,-0.4495,-1.0426
2.425,5,1.5,SF,,-0.4493,-1.041
2.43,5,1.5,SF,,-0.4491,-1.0394
2.435,5,1.5,SF,,-0.4489,-1.0378
2.44,5,1.5,SF,,-0.4487,-1.0362
2.445,5,1.5,SF,,-0.4484,-1.0346
2.45,5,1.5,SF,,-0.4482,-1.0329
2.455,5,1.5,SF,,-0.4479,-1.0313
2.46,5,1.5,SF,,-0.4477,-1.0296
2.465,5,1.5,SF,,-0.4474,-1.028
2.47,5,1.5,SF,,-0.4471,-1.0263
2.475,5,1.5,SF,,-0.4469,-1.0246
2.48,5,1.5,SF,,-0.4466,-1.0229
2.485,5,1.5,SF,,-0.4463,-1.0212
2.49,5,1.5,SF,,-0.446,-1.0195
2.495,5,1.5,SF,,-0.4456,-1.0178
2.5,5,1.5,SF,,-0.4453,-1.016
2.505,5,1.5,SF,,-0.445,-1.0143
2.51,5,1.5,SF,,-0.4446,-1.0125
2.515,5,1.5,SF,,-0.4443,-1.0107
2.52,5,1.5,SF,,-0.4439,-1.009
2.525,5,1.5,SF,,-0.4436,-1.0072
2.53,5,1.5,SF,,-0.4432,-1.0054
2.535,5,1.5,SF,,-0.4428,-1.0035
2.54,5,1.5,SF,,-0.4424,-1.0017
2.545,5,1.5,SF,,-0.442,-0.9999
2.55,5,1.5,SF,,-0.4416,-0.9981
2.555,5,1.5,SF,,-0.4412,-0.9962
2.56,5,1.5,SF,,-0.4408,-0.9943
2.565,5,1.5,SF,,-0.4404,-0.9925
2.57,5,1.5,SF,,-0.4399,-0.9906
2.575,5,1.5,SF,,-0.4395,-0.9887
2.58,5,1.5,SF,,-0.4391,-0.9868
2.585,5,1.5,SF,,-0.4386,-0.9849
2.59,5,1.5,SF,,-0.4381,-0.983
2.595,5,1.5,SF,,-0.4377,-0.981
2.6,5,1.5,SF,,-0.4372,-0.9791
2.605,5,1.5,SF,,-0.4367,-0.9772
2.61,5,1.5,SF,,-0.4362,-0.9752
2.615,5,1.5,SF,,-0.4357,-0.9732
2.62,5,1.5,SF,,-0.4352,-0.9713
2.625,5,1.5,SF,,-0.4347,-0.9693
2.63,5,1.5,SF,,-0.4342,-0.9673
2.635,5,1.5,SF,,-0.4336,-0.9653
2.64,5,1.5,SF,,-0.4331,-0.9633
2.645,5,1.5,SF,,-0.4325,-0.9612
2.65,5,1.5,SF,,-0.432,-0.9592
2.655,5,1.5,SF,,-0.4314,-0.9572
2.66,5,1.5,SF,,-0.4309,-0.9551
2.665,5,1.5,SF,,-0.4303,-0.9531
2.67,5,1.5,SF,,-0.4297,-0.951
2.675,5,1.5,SF,,-0.4291,-0.9489
2.68,5,1.5,SF,,-0.4285,-0.9469
2.685,5,1.5,SF,,-0.4279,-0.9448
2.69,5,1.5,SF,,-0.4273,-0.9427
2.695,5,1.5,SF,,-0.4267,-0.9406
2.7,5,1.5,SF,,-0.4261,-0.9385
2.705,5,1.5,SF,,-0.4255,-0.9363
2.71,5,1.5,SF,,-0.4249,-0.9342
2.715,5,1.5,SF,,-0.4242,-0.9321
2.72,5,1.5,SF,,-0.4236,-0.9299
2.725,5,1.5,SF,,-0.4229,-0.9278
2.73,5,1.5,SF,,-0.4223,-0.9256
2.735,5,1.5,SF,,-0.4216,-0.9234
2.74,5,1.5,SF,,-0.4209,-0.9213
2.745,5,1.5,SF,,-0.4202,-0.9191
2.75,5,1.5,SF,,-0.4196,-0.9169
2.755,5,1.5,SF,,-0.4189,-0.9147
2.76,5,1.5,SF,,-0.4182,-0.9125
2.765,5,1.5,SF,,-0.4175,-0.9103
2.77,5,1.5,SF,,-0.4168,-0.908
2.775,5,1.5,SF,,-0.416,-0.9058
2.78,5,1.5,SF,,-0.4153,-0.9036
2.785,5,1.5,SF,,-0.4146,-0.9013
2.79,5,1.5,SF,,-0.4139,-0.8991
2.795,5,1.5,SF,,-0.4131,-0.8968
2.8,5,1.5,SF,,-0.4124,-0.8945
2.805,5,1.5,SF,,-0.4116,-0.8923
2.81,5,1.5,SF,,-0.4109,-0.89
2.815,5,1.5,SF,,-0.4101,-0.8877
2.82,5,1.5,SF,,-0.4093,-0.8854
2.825,5,1.5,SF,,-0.4085,-0.8831
2.83,5,1.5,SF,,-0.4078,-0.8808
2.835,5,1.5,SF,,-0.407,-0.8785
2.84,5,1.5,SF,,-0.4062,-0.8762
2.845,5,1.5,SF,,-0.4054,-0.8738
2.85,5,1.5,SF,,-0.4046,-0.8715
2.855,5,1.5,SF,,-0.4038,-0.8692
2.86,5,1.5,SF,,-0.403,-0.8668
2.865,5,1.5,SF,,-0.4021,-0.8645
2.87,5,1.5,SF,,-0.4013,-0.8621
2.875,5,1.5,SF,,-0.4005,-0.8597
2.88,5,1.5,SF,,-0.3996,-0.8574
2.885,5,1.5,SF,,-0.3988,-0.855
2.89,5,1.5,SF,,-0.398,-0.8526
2.895,5,1.5,SF,,-0.3971,-0.8502
2.9,5,1.5,SF,,-0.3962,-0.8478
2.905,5,1.5,SF,,-0.3954,-0.8454
2.91,5,1.5,SF,,-0.3945,-0.843
2.915,5,1.5,SF,,-0.3936,-0.8406
2.92,5,1.5,SF,,-0.3928,-0.8381
2.925,5,1.5,SF,,-0.3919,-0.8357
2.93,5,1.5,SF,,-0.391,-0.8333
2.935,5,1.5,SF,,-0.3901,-0.8308
2.94,5,1.5,SF,,-0.3892,-0.8284
2.945,5,1.5,SF,,-0.3883,-0.826
2.95,5,1.5,SF,,-0.3874,-0.8235
2.955,5,1.5,SF,,-0.3865,-0.821
2.96,5,1.5,SF,,-0.3855,-0.8186
2.965,5,1.5,SF,,-0.3846,-0.8161
2.97,5,1.5,SF,,-0.3837,-0.8136
2.975,5,1.5,SF,,-0.3827,-0.8111
2.98,5,1.5,SF,,-0.3818,-0.8087
2.985,5,1.5,SF,,-0.3809,-0.8062
2.99,5,1.5,SF,,-0.3799,-0.8037
2.995,5,1.5,SF,,-0.379,-0.8012
3,5,1.5,SF,,-0.378,-0.7987
3.005,5,1.5,SF,,-0.377,-0.7961
3.01,5,1.5,SF,,-0.3761,-0.7936
3.015,5,1.5,SF,,-0.3751,-0.7911
3.02,5,1.5,SF,,-0.3741,-0.7886
3.025,5,1.5,SF,,-0.3731,-0.7861
3.03,5,1.5,SF,,-0.3722,-0.7835
3.035,5,1.5,SF,,-0.3712,-0.781
3.04,5,1.5,SF,,-0.3702,-0.7784
3.045,5,1.5,SF,,-0.3692,-0.7759
3.05,5,1.5,SF,,-0.3682,-0.7733
3.055,5,1.5,SF,,-0.3672,-0.7708
3.06,5,1.5,SF,,-0.3662,-0.7682
3.065,5,1.5,SF,,-0.3651,-0.7657
3.07,5,1.5,SF,,-0.3641,-0.7631
3.075,5,1.5,SF,,-0.3631,-0.7605
3.08,5,1.5,SF,,-0.3621,-0.7579
3.085,5,1.5,SF,,-0.361,-0.7553
3.09,5,1.5,SF,,-0.36,-0.7528
3.095,5,1.5,SF,,-0.359,-0.7502
3.1,5,1.5,SF,,-0.3579,-0.7476
3.105,5,1.5,SF,,-0.3569,-0.745
3.11,5,1.5,SF,,-0.3558,-0.7424
3.115,5,1.5,SF,,-0.3548,-0.7398
3.12,5,1.5,SF,,-0.3537,-0.7372
3.125,5,1.5,SF,,-0.3527,-0.7346
3.13,5,1.5,SF,,-0.3516,-0.7319
3.135,5,1.5,SF,,-0.3505,-0.7293
3.14,5,1.5,SF,,-0.3495,-0.7267
3.145,5,1.5,SF,,-0.3484,-0.7241
3.15,5,1.5,SF,,-0.3473,-0.7214
3.155,5,1.5,SF,,-0.3462,-0.7188
3.16,5,1.5,SF,,-0.3451,-0.7162
3.165,5,1.5,SF,,-0.344,-0.7135
3.17,5,1.5,SF,,-0.3429,-0.7109
3.175,5,1.5,SF,,-0.3418,-0.7083
3.18,5,1.5,SF,,-0.3407,-0.7056
3.185,5,1.5,SF,,-0.3396,-0.703
3.19,5,1.5,SF,,-0.3385,-0.7003
3.195,5,1.5,SF,,-0.3374,-0.6977
3.2,5,1.5,SF,,-0.3363,-0.695
3.205,5,1.5,SF,,-0.3352,-0.6923
3.21,5,1.5,SF,,-0.3341,-0.6897
3.215,5,1.5,SF,,-0.333,-0.687
3.22,5,1.5,SF,,-0.3318,-0.6843
3.225,5,1.5,SF,,-0.3307,-0.6817
3.23,5,1.5,SF,,-0.3296,-0.679
3.235,5,1.5,SF,,-0.3284,-0.6763
3.24,5,1.5,SF,,-0.3273,-0.6736
3.245,5,1.5,SF,,-0.3262,-0.671
3.25,5,1.5,SF,,-0.325,-0.6683
3.255,5,1.5,SF,,-0.3239,-0.6656
3.26,5,1.5,SF,,-0.3227,-0.6629
3.265,5,1.5,SF,,-0.3216,-0.6602
3.27,5,1.5,SF,,-0.3204,-0.6575
3.275,5,1.5,SF,,-0.3192,-0.6548
3.28,5,1.5,SF,,-0.3181,-0.6522
3.285,5,1.5,SF,,-0.3169,-0.6495
3.29,5,1.5,SF,,-0.3158,-0.6468
3.295,5,1.5,SF,,-0.3146,-0.6441
3.3,5,1.5,SF,,-0.3134,-0.6414
3.305,5,1.5,SF,,-0.3122,-0.6387
3.31,5,1.5,SF,,-0.3111,-0.636
3.315,5,1.5,SF,,-0.3099,-0.6333
3.32,5,1.5,SF,,-0.3087,-0.6306
3.325,5,1.5,SF,,-0.3075,-0.6278
3.33,5,1.5,SF,,-0.3063,-0.6251
3.335,5,1.5,SF,,-0.3052,-0.6224
3.34,5,1.5,SF,,-0.304,-0.6197
3.345,5,1.5,SF,,-0.3028,-0.617
3.35,5,1.5,SF,,-0.3016,-0.6143
3.355,5,1.5,SF,,-0.3004,-0.6116
3.36,5,1.5,SF,,-0.2992,-0.6089
3.365,5,1.5,SF,,-0.298,-0.6062
3.37,5,1.5,SF,,-0.2968,-0.6034
3.375,5,1.5,SF,,-0.2956,-0.6007
3.38,5,1.5,SF,,-0.2944,-0.598
3.385,5,1.5,SF,,-0.2932,-0.5953
3.39,5,1.5,SF,,-0.292,-0.5926
3.395,5,1.5,SF,,-0.2907,-0.5898
3.4,5,1.5,SF,,-0.2895,-0.5871
3.405,5,1.5,SF,,-0.2883,-0.5844
3.41,5,1.5,SF,,-0.2871,-0.5817
3.415,5,1.5,SF,,-0.2859,-0.579
3.42,5,1.5,SF,,-0.2847,-0.5762
3.425,5,1.5,SF,,-0.2834,-0.5735
3.43,5,1.5,SF,,-0.2822,-0.5708
3.435,5,1.5,SF,,-0.281,-0.5681
3.44,5,1.5,SF,,-0.2798,-0.5654
3.445,5,1.5,SF,,-0.2785,-0.5626
3.45,5,1.5,SF,,-0.2773,-0.5599
3.455,5,1.5,SF,,-0.2761,-0.5572
3.46,5,1.5,SF,,-0.2748,-0.5545
3.465,5,1.5,SF,,-0.2736,-0.5518
3.47,5,1.5,SF,,-0.2724,-0.549
3.475,5,1.5,SF,,-0.2711,-0.5463
3.48,5,1.5,SF,,-0.2699,-0.5436
3.485,5,1.5,SF,,-0.2687,-0.5409
3.49,5,1.5,SF,,-0.2674,-0.5382
3.495,5,1.5,SF,,-0.2662,-0.5354
3.5,5,1.5,SF,,-0.2649,-0.5327
3.505,5,1.5,SF,,-0.2637,-0.53
3.51,5,1.5,SF,,-0.2624,-0.5273
3.515,5,1.5,SF,,-0.2612,-0.5246
3.52,5,1.5,SF,,-0.26,-0.5219
3.525,5,1.5,SF,,-0.2587,-0.5192
3.53,5,1.5,SF,,-0.2575,-0.5164
3.535,5,1.5,SF,,-0.2562,-0.5137
3.54,5,1.5,SF,,-0.255,-0.511
3.545,5,1.5,SF,,-0.2537,-0.5083
3.55,5,1.5,SF,,-0.2525,-0.5056
3.555,5,1.5,SF,,-0.2512,-0.5029
3.56,5,1.5,SF,,-0.25,-0.5002
3.565,5,1.5,SF,,-0.2487,-0.4975
3.57,5,1.5,SF,,-0.2474,-0.4948
3.575,5,1.5,SF,,-0.2462,-0.4921
3.58,5,1.5,SF,,-0.2449,-0.4894
3.585,5,1.5,SF,,-0.2437,-0.4867
3.59,5,1.5,SF,,-0.2424,-0.484
3.595,5,1.5,SF,,-0.2412,-0.4813
3.6,5,1.5,SF,,-0.2399,-0.4786
3.605,5,1.5,SF,,-0.2386,-0.4759
3.61,5,1.5,SF,,-0.2374,-0.4732
3.615,5,1.5,SF,,-0.2361,-0.4705
3.62,5,1.5,SF,,-0.2349,-0.4679
3.625,5,1.5,SF,,-0.2336,-0.4652
3.63,5,1.5,SF,,-0.2324,-0.4625
3.635,5,1.5,SF,,-0.2311,-0.4598
3.64,5,1.5,SF,,-0.2298,-0.4571
3.645,5,1.5,SF,,-0.2286,-0.4545
3.65,5,1.5,SF,,-0.2273,-0.4518
3.655,5,1.5,SF,,-0.2261,-0.4491
3.66,5,1.5,SF,,-0.2248,-0.4465
3.665,5,1.5,SF,,-0.2235,-0.4438
3.67,5,1.5,SF,,-0.2223,-0.4411
3.675,5,1.5,SF,,-0.221,-0.4385
3.68,5,1.5,SF,,-0.2198,-0.4358
3.685,5,1.5,SF,,-0.2185,-0.4332
3.69,5,1.5,SF,,-0.2172,-0.4305
3.695,5,1.5,SF,,-0.216,-0.4279
3.7,5,1.5,SF,,-0.2147,-0.4252
3.705,5,1.5,SF,,-0.2135,-0.4226
3.71,5,1.5,SF,,-0.2122,-0.4199
3.715,5,1.5,SF,,-0.2109,-0.4173
3.72,5,1.5,SF,,-0.2097,-0.4147
3.725,5,1.5,SF,,-0.2084,-0.412
3.73,5,1.5,SF,,-0.2072,-0.4094
3.735,5,1.5,SF,,-0.2059,-0.4068
3.74,5,1.5,SF,,-0.2047,-0.4042
3.745,5,1.5,SF,,-0.2034,-0.4015
3.75,5,1.5,SF,,-0.2021,-0.3989
3.755,5,1.5,SF,,-0.2009,-0.3963
3.76,5,1.5,SF,,-0.1996,-0.3937
3.765,5,1.5,SF,,-0.1984,-0.3911
3.77,5,1.5,SF,,-0.1971,-0.3885
3.775,5,1.5,SF,,-0.1959,-0.3859
3.78,5,1.5,SF,,-0.1946,-0.3833
3.785,5,1.5,SF,,-0.1934,-0.3807
3.79,5,1.5,SF,,-0.1921,-0.3782
3.795,5,1.5,SF,,-0.1909,-0.3756
3.8,5,1.5,SF,,-0.1896,-0.373
3.805,5,1.5,SF,,-0.1884,-0.3704
3.81,5,1.5,SF,,-0.1872,-0.3679
3.815,5,1.5,SF,,-0.1859,-0.3653
3.82,5,1.5,SF,,-0.1847,-0.3627
3.825,5,1.5,SF,,-0.1834,-0.3602
3.83,5,1.5,SF,,-0.1822,-0.3576
3.835,5,1.5,SF,,-0.181,-0.3551
3.84,5,1.5,SF,,-0.1797,-0.3525
3.845,5,1.5,SF,,-0.1785,-0.35
3.85,5,1.5,SF,,-0.1772,-0.3475
3.855,5,1.5,SF,,-0.176,-0.3449
3.86,5,1.5,SF,,-0.1748,-0.3424
3.865,5,1.5,SF,,-0.1736,-0.3399
3.87,5,1.5,SF,,-0.1723,-0.3374
3.875,5,1.5,SF,,-0.1711,-0.3349
3.88,5,1.5,SF,,-0.1699,-0.3324
3.885,5,1.5,SF,,-0.1686,-0.3299
3.89,5,1.5,SF,,-0.1674,-0.3274
3.895,5,1.5,SF,,-0.1662,-0.3249
3.9,5,1.5,SF,,-0.165,-0.3224
3.905,5,1.5,SF,,-0.1638,-0.3199
3.91,5,1.5,SF,,-0.1625,-0.3175
3.915,5,1.5,SF,,-0.1613,-0.315
3.92,5,1.5,SF,,-0.1601,-0.3125
3.925,5,1.5,SF,,-0.1589,-0.3101
3.93,5,1.5,SF,,-0.1577,-0.3076
3.935,5,1.5,SF,,-0.1565,-0.3052
3.94,5,1.5,SF,,-0.1553,-0.3027
3.945,5,1.5,SF,,-0.1541,-0.3003
3.95,5,1.5,SF,,-0.1529,-0.2979
3.955,5,1.5,SF,,-0.1517,-0.2954
3.96,5,1.5,SF,,-0.1505,-0.293
3.965,5,1.5,SF,,-0.1493,-0.2906
3.97,5,1.5,SF,,-0.1481,-0.2882
3.975,5,1.5,SF,,-0.1469,-0.2858
3.98,5,1.5,SF,,-0.1457,-0.2834
3.985,5,1.5,SF,,-0.1445,-0.281
3.99,5,1.5,SF,,-0.1434,-0.2786
3.995,5,1.5,SF,,-0.1422,-0.2762
4,5,1.5,SF,,-0.141,-0.2739
4.005,5,1.5,SF,,-0.1398,-0.2715
4.01,5,1.5,SF,,-0.1386,-0.2691
4.015,5,1.5,SF,,-0.1375,-0.2668
4.02,5,1.5,SF,,-0.1363,-0.2645
4.025,5,1.5,SF,,-0.1351,-0.2621
4.03,5,1.5,SF,,-0.134,-0.2598
4.035,5,1.5,SF,,-0.1328,-0.2575
4.04,5,1.5,SF,,-0.1317,-0.2551
4.045,5,1.5,SF,,-0.1305,-0.2528
4.05,5,1.5,SF,,-0.1294,-0.2505
4.055,5,1.5,SF,,-0.1282,-0.2482
4.06,5,1.5,SF,,-0.1271,-0.2459
4.065,5,1.5,SF,,-0.1259,-0.2436
4.07,5,1.5,SF,,-0.1248,-0.2414
4.075,5,1.5,SF,,-0.1236,-0.2391
4.08,5,1.5,SF,,-0.1225,-0.2368
4.085,5,1.5,SF,,-0.1214,-0.2346
4.09,5,1.5,SF,,-0.1202,-0.2323
4.095,5,1.5,SF,,-0.1191,-0.2301
4.1,5,1.5,SF,,-0.118,-0.2278
4.105,5,1.5,SF,,-0.1169,-0.2256
4.11,5,1.5,SF,,-0.1157,-0.2234
4.115,5,1.5,SF,,-0.1146,-0.2212
4.12,5,1.5,SF,,-0.1135,-0.219
4.125,5,1.5,SF,,-0.1124,-0.2168
4.13,5,1.5,SF,,-0.1113,-0.2146
4.135,5,1.5,SF,,-0.1102,-0.2124
4.14,5,1.5,SF,,-0.1091,-0.2102
4.145,5,1.5,SF,,-0.108,-0.2081
4.15,5,1.5,SF,,-0.1069,-0.2059
4.155,5,1.5,SF,,-0.1058,-0.2038
4.16,5,1.5,SF,,-0.1047,-0.2016
4.165,5,1.5,SF,,-0.1037,-0.1995
4.17,5,1.5,SF,,-0.1026,-0.1974
4.175,5,1.5,SF,,-0.1015,-0.1952
4.18,5,1.5,SF,,-0.1004,-0.1931
4.185,5,1.5,SF,,-0.0994,-0.191
4.19,5,1.5,SF,,-0.0983,-0.1889
4.195,5,1.5,SF,,-0.0972,-0.1869
4.2,5,1.5,SF,,-0.0962,-0.1848
4.205,5,1.5,SF,,-0.0951,-0.1827
4.21,5,1.5,SF,,-0.0941,-0.1806
4.215,5,1.5,SF,,-0.093,-0.1786
4.22,5,1.5,SF,,-0.092,-0.1766
4.225,5,1.5,SF,,-0.091,-0.1745
4.23,5,1.5,SF,,-0.0899,-0.1725
4.235,5,1.5,SF,,-0.0889,-0.1705
4.24,5,1.5,SF,,-0.0879,-0.1685
4.245,5,1.5,SF,,-0.0869,-0.1665
4.25,5,1.5,SF,,-0.0859,-0.1645
4.255,5,1.5,SF,,-0.0848,-0.1625
4.26,5,1.5,SF,,-0.0838,-0.1605
4.265,5,1.5,SF,,-0.0828,-0.1586
4.27,5,1.5,SF,,-0.0818,-0.1566
4.275,5,1.5,SF,,-0.0808,-0.1547
4.28,5,1.5,SF,,-0.0798,-0.1527
4.285,5,1.5,SF,,-0.0789,-0.1508
4.29,5,1.5,SF,,-0.0779,-0.1489
4.295,5,1.5,SF,,-0.0769,-0.147
4.3,5,1.5,SF,,-0.0759,-0.1451
4.305,5,1.5,SF,,-0.075,-0.1432
4.31,5,1.5,SF,,-0.074,-0.1413
4.315,5,1.5,SF,,-0.073,-0.1395
4.32,5,1.5,SF,,-0.0721,-0.1376
4.325,5,1.5,SF,,-0.0711,-0.1358
4.33,5,1.5,SF,,-0.0702,-0.1339
4.335,5,1.5,SF,,-0.0692,-0.1321
4.34,5,1.5,SF,,-0.0683,-0.1303
4.345,5,1.5,SF,,-0.0674,-0.1285
4.35,5,1.5,SF,,-0.0664,-0.1267
4.355,5,1.5,SF,,-0.0655,-0.1249
4.36,5,1.5,SF,,-0.0646,-0.1231
4.365,5,1.5,SF,,-0.0637,-0.1214
4.37,5,1.5,SF,,-0.0628,-0.1196
4.375,5,1.5,SF,,-0.0619,-0.1179
4.38,5,1.5,SF,,-0.061,-0.1161
4.385,5,1.5,SF,,-0.0601,-0.1144
4.39,5,1.5,SF,,-0.0592,-0.1127
4.395,5,1.5,SF,,-0.0583,-0.111
4.4,5,1.5,SF,,-0.0575,-0.1093
4.405,5,1.5,SF,,-0.0566,-0.1076
4.41,5,1.5,SF,,-0.0557,-0.1059
4.415,5,1.5,SF,,-0.0549,-0.1043
4.42,5,1.5,SF,,-0.054,-0.1026
4.425,5,1.5,SF,,-0.0532,-0.101
4.43,5,1.5,SF,,-0.0523,-0.0993
4.435,5,1.5,SF,,-0.0515,-0.0977
4.44,5,1.5,SF,,-0.0506,-0.0961
4.445,5,1.5,SF,,-0.0498,-0.0945
4.45,5,1.5,SF,,-0.049,-0.0929
4.455,5,1.5,SF,,-0.0482,-0.0914
4.46,5,1.5,SF,,-0.0474,-0.0898
4.465,5,1.5,SF,,-0.0465,-0.0883
4.47,5,1.5,SF,,-0.0457,-0.0867
4.475,5,1.5,SF,,-0.045,-0.0852
4.48,5,1.5,SF,,-0.0442,-0.0837
4.485,5,1.5,SF,,-0.0434,-0.0822
4.49,5,1.5,SF,,-0.0426,-0.0807
4.495,5,1.5,SF,,-0.0418,-0.0792
4.5,5,1.5,SF,,-0.0411,-0.0777
4.505,5,1.5,SF,,-0.0403,-0.0763
4.51,5,1.5,SF,,-0.0395,-0.0748
4.515,5,1.5,SF,,-0.0388,-0.0734
4.52,5,1.5,SF,,-0.0381,-0.072
4.525,5,1.5,SF,,-0.0373,-0.0706
4.53,5,1.5,SF,,-0.0366,-0.0692
4.535,5,1.5,SF,,-0.0359,-0.0678
4.54,5,1.5,SF,,-0.0351,-0.0664
4.545,5,1.5,SF,,-0.0344,-0.0651
4.55,5,1.5,SF,,-0.0337,-0.0637
4.555,5,1.5,SF,,-0.033,-0.0624
4.56,5,1.5,SF,,-0.0323,-0.0611
4.565,5,1.5,SF,,-0.0317,-0.0598
4.57,5,1.5,SF,,-0.031,-0.0585
4.575,5,1.5,SF,,-0.0303,-0.0572
4.58,5,1.5,SF,,-0.0296,-0.0559
4.585,5,1.5,SF,,-0.029,-0.0546
4.59,5,1.5,SF,,-0.0283,-0.0534
4.595,5,1.5,SF,,-0.0277,-0.0522
4.6,5,1.5,SF,,-0.027,-0.0509
4.605,5,1.5,SF,,-0.0264,-0.0497
4.61,5,1.5,SF,,-0.0258,-0.0485
4.615,5,1.5,SF,,-0.0251,-0.0474
4.62,5,1.5,SF,,-0.0245,-0.0462
4.625,5,1.5,SF,,-0.0239,-0.045
4.63,5,1.5,SF,,-0.0233,-0.0439
4.635,5,1.5,SF,,-0.0227,-0.0428
4.64,5,1.5,SF,,-0.0221,-0.0416
4.645,5,1.5,SF,,-0.0215,-0.0405
4.65,5,1.5,SF,,-0.021,-0.0395
4.655,5,1.5,SF,,-0.0204,-0.0384
4.66,5,1.5,SF,,-0.0198,-0.0373
4.665,5,1.5,SF,,-0.0193,-0.0363
4.67,5,1.5,SF,,-0.0187,-0.0352
4.675,5,1.5,SF,,-0.0182,-0.0342
4.68,5,1.5,SF,,-0.0177,-0.0332
4.685,5,1.5,SF,,-0.0172,-0.0322
4.69,5,1.5,SF,,-0.0166,-0.0312
4.695,5,1.5,SF,,-0.0161,-0.0303
4.7,5,1.5,SF,,-0.0156,-0.0293
4.705,5,1.5,SF,,-0.0151,-0.0284
4.71,5,1.5,SF,,-0.0146,-0.0275
4.715,5,1.5,SF,,-0.0142,-0.0266
4.72,5,1.5,SF,,-0.0137,-0.0257
4.725,5,1.5,SF,,-0.0132,-0.0248
4.73,5,1.5,SF,,-0.0128,-0.0239
4.735,5,1.5,SF,,-0.0123,-0.0231
4.74,5,1.5,SF,,-0.0119,-0.0222
4.745,5,1.5,SF,,-0.0114,-0.0214
4.75,5,1.5,SF,,-0.011,-0.0206
4.755,5,1.5,SF,,-0.0106,-0.0198
4.76,5,1.5,SF,,-0.0102,-0.019
4.765,5,1.5,SF,,-0.0098,-0.0183
4.77,5,1.5,SF,,-0.0094,-0.0175
4.775,5,1.5,SF,,-0.009,-0.0168
4.78,5,1.5,SF,,-0.0086,-0.0161
4.785,5,1.5,SF,,-0.0082,-0.0154
4.79,5,1.5,SF,,-0.0078,-0.0147
4.795,5,1.5,SF,,-0.0075,-0.014
4.8,5,1.5,SF,,-0.0071,-0.0133
4.805,5,1.5,SF,,-0.0068,-0.0127
4.81,5,1.5,SF,,-0.0064,-0.0121
4.815,5,1.5,SF,,-0.0061,-0.0114
4.82,5,1.5,SF,,-0.0058,-0.0108
4.825,5,1.5,SF,,-0.0055,-0.0103
4.83,5,1.5,SF,,-0.0052,-0.0097
4.835,5,1.5,SF,,-0.0049,-0.0091
4.84,5,1.5,SF,,-0.0046,-0.0086
4.845,5,1.5,SF,,-0.0043,-0.0081
4.85,5,1.5,SF,,-0.0041,-0.0076
4.855,5,1.5,SF,,-0.0038,-0.0071
4.86,5,1.5,SF,,-0.0035,-0.0066
4.865,5,1.5,SF,,-0.0033,-0.0062
4.87,5,1.5,SF,,-0.0031,-0.0057
4.875,5,1.5,SF,,-0.0028,-0.0053
4.88,5,1.5,SF,,-0.0026,-0.0049
4.885,5,1.5,SF,,-0.0024,-0.0045
4.89,5,1.5,SF,,-0.0022,-0.0041
4.895,5,1.5,SF,,-0.002,-0.0038
4.9,5,1.5,SF,,-0.0018,-0.0034
4.905,5,1.5,SF,,-0.0017,-0.0031
4.91,5,1.5,SF,,-0.0015,-0.0028
4.915,5,1.5,SF,,-0.0013,-0.0025
4.92,5,1.5,SF,,-0.0012,-0.0022
4.925,5,1.5,SF,,-0.001,-0.0019
4.93,5,1.5,SF,,-0.0009,-0.0017
4.935,5,1.5,SF,,-0.0008,-0.0015
4.94,5,1.5,SF,,-0.0007,-0.0012
4.945,5,1.5,SF,,-0.0006,-0.001
4.95,5,1.5,SF,,-0.0005,-0.0009
4.955,5,1.5,SF,,-0.0004,-0.0007
4.96,5,1.5,SF,,-0.0003,-0.0006
4.965,5,1.5,SF,,-0.0002,-0.0004
4.97,5,1.5,SF,,-0.0002,-0.0003
4.975,5,1.5,SF,,-0.0001,-0.0002
4.98,5,1.5,SF,,-0.0001,-0.0001
4.985,5,1.5,SF,,0,-0.0001
4.99,5,1.5,SF,,0,0
4.995,5,1.5,SF,,0,0
5,5,1.5,SF,,0,0
0,5,2,SF,,0,0
0.005,5,2,SF,,0.0006,-0.0046
0.01,5,2,SF,,0.0013,-0.0092
0.015,5,2,SF,,0.0019,-0.0138
0.02,5,2,SF,,0.0025,-0.0184
0.025,5,2,SF,,0.0031,-0.0229
0.03,5,2,SF,,0.0038,-0.0275
0.035,5,2,SF,,0.0044,-0.0321
0.04,5,2,SF,,0.005,-0.0367
0.045,5,2,SF,,0.0056,-0.0413
0.05,5,2,SF,,0.0063,-0.0459
0.055,5,2,SF,,0.0069,-0.0505
0.06,5,2,SF,,0.0075,-0.0551
0.065,5,2,SF,,0.0082,-0.0596
0.07,5,2,SF,,0.0088,-0.0642
0.075,5,2,SF,,0.0094,-0.0688
0.08,5,2,SF,,0.01,-0.0734
0.085,5,2,SF,,0.0107,-0.078
0.09,5,2,SF,,0.0113,-0.0826
0.095,5,2,SF,,0.0119,-0.0871
0.1,5,2,SF,,0.0126,-0.0917
0.105,5,2,SF,,0.0132,-0.0963
0.11,5,2,SF,,0.0138,-0.1009
0.115,5,2,SF,,0.0144,-0.1055
0.12,5,2,SF,,0.0151,-0.11
0.125,5,2,SF,,0.0157,-0.1146
0.13,5,2,SF,,0.0163,-0.1192
0.135,5,2,SF,,0.017,-0.1237
0.14,5,2,SF,,0.0176,-0.1283
0.145,5,2,SF,,0.0182,-0.1329
0.15,5,2,SF,,0.0188,-0.1375
0.155,5,2,SF,,0.0195,-0.142
0.16,5,2,SF,,0.0201,-0.1466
0.165,5,2,SF,,0.0207,-0.1511
0.17,5,2,SF,,0.0213,-0.1557
0.175,5,2,SF,,0.022,-0.1603
0.18,5,2,SF,,0.0226,-0.1648
0.185,5,2,SF,,0.0232,-0.1694
0.19,5,2,SF,,0.0238,-0.1739
0.195,5,2,SF,,0.0244,-0.1785
0.2,5,2,SF,,0.0251,-0.183
0.205,5,2,SF,,0.0257,-0.1876
0.21,5,2,SF,,0.0263,-0.1921
0.215,5,2,SF,,0.0269,-0.1966
0.22,5,2,SF,,0.0275,-0.2012
0.225,5,2,SF,,0.0281,-0.2057
0.23,5,2,SF,,0.0288,-0.2102
0.235,5,2,SF,,0.0294,-0.2148
0.24,5,2,SF,,0.03,-0.2193
0.245,5,2,SF,,0.0306,-0.2238
0.25,5,2,SF,,0.0312,-0.2284
0.255,5,2,SF,,0.0318,-0.2329
0.26,5,2,SF,,0.0324,-0.2374
0.265,5,2,SF,,0.033,-0.2419
0.27,5,2,SF,,0.0336,-0.2464
0.275,5,2,SF,,0.0342,-0.2509
0.28,5,2,SF,,0.0348,-0.2554
0.285,5,2,SF,,0.0354,-0.2599
0.29,5,2,SF,,0.036,-0.2644
0.295,5,2,SF,,0.0366,-0.2689
0.3,5,2,SF,,0.0372,-0.2734
0.305,5,2,SF,,0.0378,-0.2779
0.31,5,2,SF,,0.0384,-0.2824
0.315,5,2,SF,,0.039,-0.2869
0.32,5,2,SF,,0.0396,-0.2914
0.325,5,2,SF,,0.0402,-0.2958
0.33,5,2,SF,,0.0408,-0.3003
0.335,5,2,SF,,0.0414,-0.3048
0.34,5,2,SF,,0.042,-0.3092
0.345,5,2,SF,,0.0425,-0.3137
0.35,5,2,SF,,0.0431,-0.3182
0.355,5,2,SF,,0.0437,-0.3226
0.36,5,2,SF,,0.0443,-0.3271
0.365,5,2,SF,,0.0449,-0.3315
0.37,5,2,SF,,0.0454,-0.3359
0.375,5,2,SF,,0.046,-0.3404
0.38,5,2,SF,,0.0466,-0.3448
0.385,5,2,SF,,0.0472,-0.3492
0.39,5,2,SF,,0.0477,-0.3537
0.395,5,2,SF,,0.0483,-0.3581
0.4,5,2,SF,,0.0488,-0.3625
0.405,5,2,SF,,0.0494,-0.3669
0.41,5,2,SF,,0.05,-0.3713
0.415,5,2,SF,,0.0505,-0.3757
0.42,5,2,SF,,0.0511,-0.3801
0.425,5,2,SF,,0.0516,-0.3845
0.43,5,2,SF,,0.0522,-0.3889
0.435,5,2,SF,,0.0527,-0.3933
0.44,5,2,SF,,0.0533,-0.3977
0.445,5,2,SF,,0.0538,-0.402
0.45,5,2,SF,,0.0544,-0.4064
0.455,5,2,SF,,0.0549,-0.4108
0.46,5,2,SF,,0.0554,-0.4151
0.465,5,2,SF,,0.056,-0.4195
0.47,5,2,SF,,0.0565,-0.4238
0.475,5,2,SF,,0.057,-0.4282
0.48,5,2,SF,,0.0575,-0.4325
0.485,5,2,SF,,0.0581,-0.4369
0.49,5,2,SF,,0.0586,-0.4412
0.495,5,2,SF,,0.0591,-0.4455
0.5,5,2,SF,,0.0596,-0.4498
0.505,5,2,SF,,0.0601,-0.4541
0.51,5,2,SF,,0.0606,-0.4584
0.515,5,2,SF,,0.0612,-0.4627
0.52,5,2,SF,,0.0617,-0.467
0.525,5,2,SF,,0.0622,-0.4713
0.53,5,2,SF,,0.0627,-0.4756
0.535,5,2,SF,,0.0632,-0.4799
0.54,5,2,SF,,0.0636,-0.4842
0.545,5,2,SF,,0.0641,-0.4884
0.55,5,2,SF,,0.0646,-0.4927
0.555,5,2,SF,,0.0651,-0.4969
0.56,5,2,SF,,0.0656,-0.5012
0.565,5,2,SF,,0.0661,-0.5054
0.57,5,2,SF,,0.0665,-0.5097
0.575,5,2,SF,,0.067,-0.5139
0.58,5,2,SF,,0.0675,-0.5181
0.585,5,2,SF,,0.0679,-0.5223
0.59,5,2,SF,,0.0684,-0.5265
0.595,5,2,SF,,0.0689,-0.5307
0.6,5,2,SF,,0.0693,-0.5349
0.605,5,2,SF,,0.0698,-0.5391
0.61,5,2,SF,,0.0702,-0.5433
0.615,5,2,SF,,0.0707,-0.5475
0.62,5,2,SF,,0.0711,-0.5517
0.625,5,2,SF,,0.0715,-0.5558
0.63,5,2,SF,,0.072,-0.56
0.635,5,2,SF,,0.0724,-0.5641
0.64,5,2,SF,,0.0728,-0.5683
0.645,5,2,SF,,0.0732,-0.5724
0.65,5,2,SF,,0.0737,-0.5765
0.655,5,2,SF,,0.0741,-0.5807
0.66,5,2,SF,,0.0745,-0.5848
0.665,5,2,SF,,0.0749,-0.5889
0.67,5,2,SF,,0.0753,-0.593
0.675,5,2,SF,,0.0757,-0.5971
0.68,5,2,SF,,0.0761,-0.6011
0.685,5,2,SF,,0.0765,-0.6052
0.69,5,2,SF,,0.0769,-0.6093
0.695,5,2,SF,,0.0773,-0.6134
0.7,5,2,SF,,0.0777,-0.6174
0.705,5,2,SF,,0.078,-0.6215
0.71,5,2,SF,,0.0784,-0.6255
0.715,5,2,SF,,0.0788,-0.6295
0.72,5,2,SF,,0.0791,-0.6335
0.725,5,2,SF,,0.0795,-0.6376
0.73,5,2,SF,,0.0799,-0.6416
0.735,5,2,SF,,0.0802,-0.6456
0.74,5,2,SF,,0.0806,-0.6496
0.745,5,2,SF,,0.0809,-0.6535
0.75,5,2,SF,,0.0812,-0.6575
0.755,5,2,SF,,0.0816,-0.6615
0.76,5,2,SF,,0.0819,-0.6654
0.765,5,2,SF,,0.0822,-0.6694
0.77,5,2,SF,,0.0825,-0.6733
0.775,5,2,SF,,0.0829,-0.6773
0.78,5,2,SF,,0.0832,-0.6812
0.785,5,2,SF,,0.0835,-0.6851
0.79,5,2,SF,,0.0838,-0.689
0.795,5,2,SF,,0.0841,-0.6929
0.8,5,2,SF,,0.0844,-0.6968
0.805,5,2,SF,,0.0847,-0.7007
0.81,5,2,SF,,0.085,-0.7046
0.815,5,2,SF,,0.0852,-0.7084
0.82,5,2,SF,,0.0855,-0.7123
0.825,5,2,SF,,0.0858,-0.7161
0.83,5,2,SF,,0.0861,-0.7199
0.835,5,2,SF,,0.0863,-0.7238
0.84,5,2,SF,,0.0866,-0.7276
0.845,5,2,SF,,0.0868,-0.7314
0.85,5,2,SF,,0.0871,-0.7352
0.855,5,2,SF,,0.0873,-0.739
0.86,5,2,SF,,0.0875,-0.7428
0.865,5,2,SF,,0.0878,-0.7465
0.87,5,2,SF,,0.088,-0.7503
0.875,5,2,SF,,0.0882,-0.7541
0.88,5,2,SF,,0.0884,-0.7578
0.885,5,2,SF,,0.0887,-0.7615
0.89,5,2,SF,,0.0889,-0.7652
0.895,5,2,SF,,0.0891,-0.769
0.9,5,2,SF,,0.0893,-0.7727
0.905,5,2,SF,,0.0894,-0.7764
0.91,5,2,SF,,0.0896,-0.78
0.915,5,2,SF,,0.0898,-0.7837
0.92,5,2,SF,,0.09,-0.7874
0.925,5,2,SF,,0.0901,-0.791
0.93,5,2,SF,,0.0903,-0.7947
0.935,5,2,SF,,0.0905,-0.7983
0.94,5,2,SF,,0.0906,-0.8019
0.945,5,2,SF,,0.0908,-0.8055
0.95,5,2,SF,,0.0909,-0.8091
0.955,5,2,SF,,0.091,-0.8127
0.96,5,2,SF,,0.0912,-0.8163
0.965,5,2,SF,,0.0913,-0.8199
0.97,5,2,SF,,0.0914,-0.8234
0.975,5,2,SF,,0.0915,-0.827
0.98,5,2,SF,,0.0916,-0.8305
0.985,5,2,SF,,0.0917,-0.834
0.99,5,2,SF,,0.0918,-0.8376
0.995,5,2,SF,,0.0919,-0.8411
1,5,2,SF,,0.092,-0.8446
1.005,5,2,SF,,0.0921,-0.848
1.01,5,2,SF,,0.0921,-0.8515
1.015,5,2,SF,,0.0922,-0.855
1.02,5,2,SF,,0.0923,-0.8584
1.025,5,2,SF,,0.0923,-0.8619
1.03,5,2,SF,,0.0924,-0.8653
1.035,5,2,SF,,0.0924,-0.8687
1.04,5,2,SF,,0.0924,-0.8721
1.045,5,2,SF,,0.0925,-0.8755
1.05,5,2,SF,,0.0925,-0.8789
1.055,5,2,SF,,0.0925,-0.8823
1.06,5,2,SF,,0.0925,-0.8856
1.065,5,2,SF,,0.0925,-0.889
1.07,5,2,SF,,0.0925,-0.8923
1.075,5,2,SF,,0.0925,-0.8956
1.08,5,2,SF,,0.0925,-0.8989
1.085,5,2,SF,,0.0925,-0.9022
1.09,5,2,SF,,0.0924,-0.9055
1.095,5,2,SF,,0.0924,-0.9088
1.1,5,2,SF,,0.0924,-0.9121
1.105,5,2,SF,,0.0923,-0.9153
1.11,5,2,SF,,0.0923,-0.9185
1.115,5,2,SF,,0.0922,-0.9218
1.12,5,2,SF,,0.0921,-0.925
1.125,5,2,SF,,0.0921,-0.9282
1.13,5,2,SF,,0.092,-0.9314
1.135,5,2,SF,,0.0919,-0.9346
1.14,5,2,SF,,0.0918,-0.9377
1.145,5,2,SF,,0.0917,-0.9409
1.15,5,2,SF,,0.0916,-0.944
1.155,5,2,SF,,0.0915,-0.9471
1.16,5,2,SF,,0.0913,-0.9502
1.165,5,2,SF,,0.0912,-0.9533
1.17,5,2,SF,,0.0911,-0.9564
1.175,5,2,SF,,0.0909,-0.9595
1.18,5,2,SF,,0.0908,-0.9626
1.185,5,2,SF,,0.0906,-0.9656
1.19,5,2,SF,,0.0904,-0.9687
1.195,5,2,SF,,0.0903,-0.9717
1.2,5,2,SF,,0.0901,-0.9747
1.205,5,2,SF,,0.0899,-0.9777
1.21,5,2,SF,,0.0897,-0.9807
1.215,5,2,SF,,0.0895,-0.9836
1.22,5,2,SF,,0.0893,-0.9866
1.225,5,2,SF,,0.0891,-0.9895
1.23,5,2,SF,,0.0889,-0.9925
1.235,5,2,SF,,0.0886,-0.9954
1.24,5,2,SF,,0.0884,-0.9983
1.245,5,2,SF,,0.0881,-1.0012
1.25,5,2,SF,,0.0879,-1.0041
1.255,5,2,SF,,0.0876,-1.0069
1.26,5,2,SF,,0.0874,-1.0098
1.265,5,2,SF,,0.0871,-1.0126
1.27,5,2,SF,,0.0868,-1.0154
1.275,5,2,SF,,0.0865,-1.0182
1.28,5,2,SF,,0.0862,-1.021
1.285,5,2,SF,,0.0859,-1.0238
1.29,5,2,SF,,0.0856,-1.0266
1.295,5,2,SF,,0.0853,-1.0293
1.3,5,2,SF,,0.0849,-1.0321
1.305,5,2,SF,,0.0846,-1.0348
1.31,5,2,SF,,0.0842,-1.0375
1.315,5,2,SF,,0.0839,-1.0402
1.32,5,2,SF,,0.0835,-1.0429
1.325,5,2,SF,,0.0832,-1.0455
1.33,5,2,SF,,0.0828,-1.0482
1.335,5,2,SF,,0.0824,-1.0508
1.34,5,2,SF,,0.082,-1.0534
1.345,5,2,SF,,0.0816,-1.056
1.35,5,2,SF,,0.0812,-1.0586
1.355,5,2,SF,,0.0808,-1.0612
1.36,5,2,SF,,0.0803,-1.0637
1.365,5,2,SF,,0.0799,-1.0663
1.37,5,2,SF,,0.0795,-1.0688
1.375,5,2,SF,,0.079,-1.0713
1.38,5,2,SF,,0.0785,-1.0738
1.385,5,2,SF,,0.0781,-1.0763
1.39,5,2,SF,,0.0776,-1.0788
1.395,5,2,SF,,0.0771,-1.0812
1.4,5,2,SF,,0.0766,-1.0837
1.405,5,2,SF,,0.0761,-1.0861
1.41,5,2,SF,,0.0756,-1.0885
1.415,5,2,SF,,0.0751,-1.0909
1.42,5,2,SF,,0.0745,-1.0933
1.425,5,2,SF,,0.074,-1.0956
1.43,5,2,SF,,0.0735,-1.098
1.435,5,2,SF,,0.0729,-1.1003
1.44,5,2,SF,,0.0723,-1.1026
1.445,5,2,SF,,0.0718,-1.1049
1.45,5,2,SF,,0.0712,-1.1072
1.455,5,2,SF,,0.0706,-1.1095
1.46,5,2,SF,,0.07,-1.1117
1.465,5,2,SF,,0.0694,-1.114
1.47,5,2,SF,,0.0688,-1.1162
1.475,5,2,SF,,0.0681,-1.1184
1.48,5,2,SF,,0.0675,-1.1206
1.485,5,2,SF,,0.0669,-1.1227
1.49,5,2,SF,,0.0662,-1.1249
1.495,5,2,SF,,0.0655,-1.127
1.5,5,2,SF,,0.0649,-1.1291
1.505,5,2,SF,,0.0642,-1.1312
1.51,5,2,SF,,0.0635,-1.1333
1.515,5,2,SF,,0.0628,-1.1354
1.52,5,2,SF,,0.0621,-1.1375
1.525,5,2,SF,,0.0614,-1.1395
1.53,5,2,SF,,0.0607,-1.1415
1.535,5,2,SF,,0.0599,-1.1435
1.54,5,2,SF,,0.0592,-1.1455
1.545,5,2,SF,,0.0584,-1.1475
1.55,5,2,SF,,0.0576,-1.1494
1.555,5,2,SF,,0.0569,-1.1514
1.56,5,2,SF,,0.0561,-1.1533
1.565,5,2,SF,,0.0553,-1.1552
1.57,5,2,SF,,0.0545,-1.1571
1.575,5,2,SF,,0.0537,-1.1589
1.58,5,2,SF,,0.0529,-1.1608
1.585,5,2,SF,,0.052,-1.1626
1.59,5,2,SF,,0.0512,-1.1644
1.595,5,2,SF,,0.0503,-1.1662
1.6,5,2,SF,,0.0495,-1.168
1.605,5,2,SF,,0.0486,-1.1698
1.61,5,2,SF,,0.0477,-1.1715
1.615,5,2,SF,,0.0468,-1.1732
1.62,5,2,SF,,0.0459,-1.1749
1.625,5,2,SF,,0.045,-1.1766
1.63,5,2,SF,,0.0441,-1.1783
1.635,5,2,SF,,0.0432,-1.1799
1.64,5,2,SF,,0.0422,-1.1816
1.645,5,2,SF,,0.0413,-1.1832
1.65,5,2,SF,,0.0403,-1.1848
1.655,5,2,SF,,0.0393,-1.1864
1.66,5,2,SF,,0.0384,-1.1879
1.665,5,2,SF,,0.0374,-1.1895
1.67,5,2,SF,,0.0364,-1.191
1.675,5,2,SF,,0.0354,-1.1925
1.68,5,2,SF,,0.0343,-1.194
1.685,5,2,SF,,0.0333,-1.1955
1.69,5,2,SF,,0.0323,-1.1969
1.695,5,2,SF,,0.0312,-1.1984
1.7,5,2,SF,,0.0301,-1.1998
1.705,5,2,SF,,0.0291,-1.2012
1.71,5,2,SF,,0.028,-1.2026
1.715,5,2,SF,,0.0269,-1.2039
1.72,5,2,SF,,0.0258,-1.2053
1.725,5,2,SF,,0.0247,-1.2066
1.73,5,2,SF,,0.0235,-1.2079
1.735,5,2,SF,,0.0224,-1.2092
1.74,5,2,SF,,0.0213,-1.2104
1.745,5,2,SF,,0.0201,-1.2117
1.75,5,2,SF,,0.0189,-1.2129
1.755,5,2,SF,,0.0177,-1.2141
1.76,5,2,SF,,0.0165,-1.2153
1.765,5,2,SF,,0.0153,-1.2165
1.77,5,2,SF,,0.0141,-1.2176
1.775,5,2,SF,,0.0129,-1.2187
1.78,5,2,SF,,0.0117,-1.2199
1.785,5,2,SF,,0.0104,-1.2209
1.79,5,2,SF,,0.0092,-1.222
1.795,5,2,SF,,0.0079,-1.2231
1.8,5,2,SF,,0.0066,-1.2241
1.805,5,2,SF,,0.0053,-1.2251
1.81,5,2,SF,,0.004,-1.2261
1.815,5,2,SF,,0.0027,-1.2271
1.82,5,2,SF,,0.0014,-1.228
1.825,5,2,SF,,0.0001,-1.229
1.83,5,2,SF,,-0.0013,-1.2299
1.835,5,2,SF,,-0.0026,-1.2308
1.84,5,2,SF,,-0.004,-1.2316
1.845,5,2,SF,,-0.0054,-1.2325
1.85,5,2,SF,,-0.0068,-1.2333
1.855,5,2,SF,,-0.0082,-1.2341
1.86,5,2,SF,,-0.0096,-1.2349
1.865,5,2,SF,,-0.011,-1.2357
1.87,5,2,SF,,-0.0125,-1.2364
1.875,5,2,SF,,-0.0139,-1.2371
1.88,5,2,SF,,-0.0154,-1.2379
1.885,5,2,SF,,-0.0168,-1.2385
1.89,5,2,SF,,-0.0183,-1.2392
1.895,5,2,SF,,-0.0198,-1.2399
1.9,5,2,SF,,-0.0213,-1.2405
1.905,5,2,SF,,-0.0229,-1.2411
1.91,5,2,SF,,-0.0244,-1.2417
1.915,5,2,SF,,-0.0259,-1.2422
1.92,5,2,SF,,-0.0275,-1.2428
1.925,5,2,SF,,-0.0291,-1.2433
1.93,5,2,SF,,-0.0306,-1.2438
1.935,5,2,SF,,-0.0322,-1.2443
1.94,5,2,SF,,-0.0338,-1.2447
1.945,5,2,SF,,-0.0354,-1.2451
1.95,5,2,SF,,-0.0371,-1.2456
1.955,5,2,SF,,-0.0387,-1.2459
1.96,5,2,SF,,-0.0404,-1.2463
1.965,5,2,SF,,-0.042,-1.2467
1.97,5,2,SF,,-0.0437,-1.247
1.975,5,2,SF,,-0.0454,-1.2473
1.98,5,2,SF,,-0.0471,-1.2476
1.985,5,2,SF,,-0.0488,-1.2478
1.99,5,2,SF,,-0.0505,-1.2481
1.995,5,2,SF,,-0.0523,-1.2483
2,5,2,SF,,-0.054,-1.2485
2.005,5,2,SF,,-0.0557,-1.2487
2.01,5,2,SF,,-0.0575,-1.2488
2.015,5,2,SF,,-0.0592,-1.2489
2.02,5,2,SF,,-0.0609,-1.249
2.025,5,2,SF,,-0.0626,-1.2491
2.03,5,2,SF,,-0.0643,-1.2492
2.035,5,2,SF,,-0.066,-1.2492
2.04,5,2,SF,,-0.0676,-1.2492
2.045,5,2,SF,,-0.0693,-1.2492
2.05,5,2,SF,,-0.0709,-1.2492
2.055,5,2,SF,,-0.0725,-1.2492
2.06,5,2,SF,,-0.0742,-1.2491
2.065,5,2,SF,,-0.0758,-1.249
2.07,5,2,SF,,-0.0773,-1.2489
2.075,5,2,SF,,-0.0789,-1.2488
2.08,5,2,SF,,-0.0805,-1.2486
2.085,5,2,SF,,-0.082,-1.2485
2.09,5,2,SF,,-0.0836,-1.2483
2.095,5,2,SF,,-0.0851,-1.2481
2.1,5,2,SF,,-0.0866,-1.2478
2.105,5,2,SF,,-0.0881,-1.2476
2.11,5,2,SF,,-0.0896,-1.2473
2.115,5,2,SF,,-0.0911,-1.247
2.12,5,2,SF,,-0.0926,-1.2467
2.125,5,2,SF,,-0.094,-1.2464
2.13,5,2,SF,,-0.0955,-1.246
2.135,5,2,SF,,-0.0969,-1.2456
2.14,5,2,SF,,-0.0983,-1.2452
2.145,5,2,SF,,-0.0997,-1.2448
2.15,5,2,SF,,-0.1011,-1.2444
2.155,5,2,SF,,-0.1025,-1.2439
2.16,5,2,SF,,-0.1039,-1.2435
2.165,5,2,SF,,-0.1052,-1.243
2.17,5,2,SF,,-0.1066,-1.2425
2.175,5,2,SF,,-0.1079,-1.2419
2.18,5,2,SF,,-0.1093,-1.2414
2.185,5,2,SF,,-0.1106,-1.2408
2.19,5,2,SF,,-0.1119,-1.2402
2.195,5,2,SF,,-0.1132,-1.2396
2.2,5,2,SF,,-0.1145,-1.239
2.205,5,2,SF,,-0.1157,-1.2383
2.21,5,2,SF,,-0.117,-1.2377
2.215,5,2,SF,,-0.1182,-1.237
2.22,5,2,SF,,-0.1195,-1.2363
2.225,5,2,SF,,-0.1207,-1.2355
2.23,5,2,SF,,-0.1219,-1.2348
2.235,5,2,SF,,-0.1231,-1.234
2.24,5,2,SF,,-0.1243,-1.2332
2.245,5,2,SF,,-0.1255,-1.2324
2.25,5,2,SF,,-0.1267,-1.2316
2.255,5,2,SF,,-0.1278,-1.2308
2.26,5,2,SF,,-0.129,-1.2299
2.265,5,2,SF,,-0.1301,-1.2291
2.27,5,2,SF,,-0.1312,-1.2282
2.275,5,2,SF,,-0.1324,-1.2273
2.28,5,2,SF,,-0.1335,-1.2263
2.285,5,2,SF,,-0.1346,-1.2254
2.29,5,2,SF,,-0.1356,-1.2244
2.295,5,2,SF,,-0.1367,-1.2234
2.3,5,2,SF,,-0.1378,-1.2224
2.305,5,2,SF,,-0.1388,-1.2214
2.31,5,2,SF,,-0.1399,-1.2204
2.315,5,2,SF,,-0.1409,-1.2193
2.32,5,2,SF,,-0.1419,-1.2183
2.325,5,2,SF,,-0.1429,-1.2172
2.33,5,2,SF,,-0.1439,-1.2161
2.335,5,2,SF,,-0.1449,-1.215
2.34,5,2,SF,,-0.1459,-1.2138
2.345,5,2,SF,,-0.1469,-1.2127
2.35,5,2,SF,,-0.1478,-1.2115
2.355,5,2,SF,,-0.1488,-1.2103
2.36,5,2,SF,,-0.1497,-1.2091
2.365,5,2,SF,,-0.1506,-1.2079
2.37,5,2,SF,,-0.1515,-1.2066
2.375,5,2,SF,,-0.1525,-1.2054
2.38,5,2,SF,,-0.1534,-1.2041
2.385,5,2,SF,,-0.1542,-1.2028
2.39,5,2,SF,,-0.1551,-1.2015
2.395,5,2,SF,,-0.156,-1.2002
2.4,5,2,SF,,-0.1568,-1.1988
2.405,5,2,SF,,-0.1577,-1.1975
2.41,5,2,SF,,-0.1585,-1.1961
2.415,5,2,SF,,-0.1593,-1.1947
2.42,5,2,SF,,-0.1602,-1.1933
2.425,5,2,SF,,-0.161,-1.1919
2.43,5,2,SF,,-0.1618,-1.1905
2.435,5,2,SF,,-0.1625,-1.189
2.44,5,2,SF,,-0.1633,-1.1876
2.445,5,2,SF,,-0.1641,-1.1861
2.45,5,2,SF,,-0.1648,-1.1846
2.455,5,2,SF,,-0.1656,-1.1831
2.46,5,2,SF,,-0.1663,-1.1815
2.465,5,2,SF,,-0.167,-1.18
2.47,5,2,SF,,-0.1678,-1.1784
2.475,5,2,SF,,-0.1685,-1.1769
2.48,5,2,SF,,-0.1692,-1.1753
2.485,5,2,SF,,-0.1699,-1.1737
2.49,5,2,SF,,-0.1705,-1.172
2.495,5,2,SF,,-0.1712,-1.1704
2.5,5,2,SF,,-0.1719,-1.1688
2.505,5,2,SF,,-0.1725,-1.1671
2.51,5,2,SF,,-0.1732,-1.1654
2.515,5,2,SF,,-0.1738,-1.1637
2.52,5,2,SF,,-0.1744,-1.162
2.525,5,2,SF,,-0.175,-1.1603
2.53,5,2,SF,,-0.1756,-1.1585
2.535,5,2,SF,,-0.1762,-1.1568
2.54,5,2,SF,,-0.1768,-1.155
2.545,5,2,SF,,-0.1774,-1.1532
2.55,5,2,SF,,-0.178,-1.1514
2.555,5,2,SF,,-0.1785,-1.1496
2.56,5,2,SF,,-0.1791,-1.1478
2.565,5,2,SF,,-0.1796,-1.146
2.57,5,2,SF,,-0.1802,-1.1441
2.575,5,2,SF,,-0.1807,-1.1423
2.58,5,2,SF,,-0.1812,-1.1404
2.585,5,2,SF,,-0.1817,-1.1385
2.59,5,2,SF,,-0.1822,-1.1366
2.595,5,2,SF,,-0.1827,-1.1347
2.6,5,2,SF,,-0.1832,-1.1327
2.605,5,2,SF,,-0.1836,-1.1308
2.61,5,2,SF,,-0.1841,-1.1288
2.615,5,2,SF,,-0.1846,-1.1269
2.62,5,2,SF,,-0.185,-1.1249
2.625,5,2,SF,,-0.1854,-1.1229
2.63,5,2,SF,,-0.1859,-1.1209
2.635,5,2,SF,,-0.1863,-1.1188
2.64,5,2,SF,,-0.1867,-1.1168
2.645,5,2,SF,,-0.1871,-1.1148
2.65,5,2,SF,,-0.1875,-1.1127
2.655,5,2,SF,,-0.1879,-1.1106
2.66,5,2,SF,,-0.1883,-1.1085
2.665,5,2,SF,,-0.1886,-1.1064
2.67,5,2,SF,,-0.189,-1.1043
2.675,5,2,SF,,-0.1893,-1.1022
2.68,5,2,SF,,-0.1897,-1.1001
2.685,5,2,SF,,-0.19,-1.0979
2.69,5,2,SF,,-0.1903,-1.0957
2.695,5,2,SF,,-0.1907,-1.0936
2.7,5,2,SF,,-0.191,-1.0914
2.705,5,2,SF,,-0.1913,-1.0892
2.71,5,2,SF,,-0.1916,-1.087
2.715,5,2,SF,,-0.1919,-1.0848
2.72,5,2,SF,,-0.1921,-1.0825
2.725,5,2,SF,,-0.1924,-1.0803
2.73,5,2,SF,,-0.1927,-1.078
2.735,5,2,SF,,-0.1929,-1.0758
2.74,5,2,SF,,-0.1932,-1.0735
2.745,5,2,SF,,-0.1934,-1.0712
2.75,5,2,SF,,-0.1936,-1.0689
2.755,5,2,SF,,-0.1939,-1.0666
2.76,5,2,SF,,-0.1941,-1.0643
2.765,5,2,SF,,-0.1943,-1.0619
2.77,5,2,SF,,-0.1945,-1.0596
2.775,5,2,SF,,-0.1947,-1.0572
2.78,5,2,SF,,-0.1949,-1.0549
2.785,5,2,SF,,-0.195,-1.0525
2.79,5,2,SF,,-0.1952,-1.0501
2.795,5,2,SF,,-0.1954,-1.0477
2.8,5,2,SF,,-0.1955,-1.0453
2.805,5,2,SF,,-0.1957,-1.0429
2.81,5,2,SF,,-0.1958,-1.0404
2.815,5,2,SF,,-0.196,-1.038
2.82,5,2,SF,,-0.1961,-1.0355
2.825,5,2,SF,,-0.1962,-1.0331
2.83,5,2,SF,,-0.1963,-1.0306
2.835,5,2,SF,,-0.1964,-1.0281
2.84,5,2,SF,,-0.1965,-1.0256
2.845,5,2,SF,,-0.1966,-1.0231
2.85,5,2,SF,,-0.1967,-1.0206
2.855,5,2,SF,,-0.1968,-1.0181
2.86,5,2,SF,,-0.1968,-1.0156
2.865,5,2,SF,,-0.1969,-1.013
2.87,5,2,SF,,-0.1969,-1.0105
2.875,5,2,SF,,-0.197,-1.0079
2.88,5,2,SF,,-0.197,-1.0054
2.885,5,2,SF,,-0.1971,-1.0028
2.89,5,2,SF,,-0.1971,-1.0002
2.895,5,2,SF,,-0.1971,-0.9976
2.9,5,2,SF,,-0.1971,-0.995
2.905,5,2,SF,,-0.1971,-0.9924
2.91,5,2,SF,,-0.1971,-0.9898
2.915,5,2,SF,,-0.1971,-0.9871
2.92,5,2,SF,,-0.1971,-0.9845
2.925,5,2,SF,,-0.1971,-0.9818
2.93,5,2,SF,,-0.1971,-0.9792
2.935,5,2,SF,,-0.197,-0.9765
2.94,5,2,SF,,-0.197,-0.9738
2.945,5,2,SF,,-0.1969,-0.9712
2.95,5,2,SF,,-0.1969,-0.9685
2.955,5,2,SF,,-0.1968,-0.9658
2.96,5,2,SF,,-0.1968,-0.9631
2.965,5,2,SF,,-0.1967,-0.9604
2.97,5,2,SF,,-0.1966,-0.9576
2.975,5,2,SF,,-0.1965,-0.9549
2.98,5,2,SF,,-0.1964,-0.9522
2.985,5,2,SF,,-0.1963,-0.9494
2.99,5,2,SF,,-0.1962,-0.9467
2.995,5,2,SF,,-0.1961,-0.9439
3,5,2,SF,,-0.196,-0.9411
3.005,5,2,SF,,-0.1959,-0.9383
3.01,5,2,SF,,-0.1957,-0.9356
3.015,5,2,SF,,-0.1956,-0.9328
3.02,5,2,SF,,-0.1955,-0.93
3.025,5,2,SF,,-0.1953,-0.9272
3.03,5,2,SF,,-0.1952,-0.9243
3.035,5,2,SF,,-0.195,-0.9215
3.04,5,2,SF,,-0.1948,-0.9187
3.045,5,2,SF,,-0.1947,-0.9159
3.05,5,2,SF,,-0.1945,-0.913
3.055,5,2,SF,,-0.1943,-0.9102
3.06,5,2,SF,,-0.1941,-0.9073
3.065,5,2,SF,,-0.1939,-0.9044
3.07,5,2,SF,,-0.1937,-0.9016
3.075,5,2,SF,,-0.1935,-0.8987
3.08,5,2,SF,,-0.1933,-0.8958
3.085,5,2,SF,,-0.1931,-0.8929
3.09,5,2,SF,,-0.1929,-0.89
3.095,5,2,SF,,-0.1926,-0.8871
3.1,5,2,SF,,-0.1924,-0.8842
3.105,5,2,SF,,-0.1922,-0.8813
3.11,5,2,SF,,-0.1919,-0.8784
3.115,5,2,SF,,-0.1917,-0.8755
3.12,5,2,SF,,-0.1914,-0.8725
3.125,5,2,SF,,-0.1912,-0.8696
3.13,5,2,SF,,-0.1909,-0.8666
3.135,5,2,SF,,-0.1906,-0.8637
3.14,5,2,SF,,-0.1903,-0.8607
3.145,5,2,SF,,-0.1901,-0.8578
3.15,5,2,SF,,-0.1898,-0.8548
3.155,5,2,SF,,-0.1895,-0.8518
3.16,5,2,SF,,-0.1892,-0.8489
3.165,5,2,SF,,-0.1889,-0.8459
3.17,5,2,SF,,-0.1886,-0.8429
3.175,5,2,SF,,-0.1883,-0.8399
3.18,5,2,SF,,-0.1879,-0.8369
3.185,5,2,SF,,-0.1876,-0.8339
3.19,5,2,SF,,-0.1873,-0.8309
3.195,5,2,SF,,-0.187,-0.8279
3.2,5,2,SF,,-0.1866,-0.8249
3.205,5,2,SF,,-0.1863,-0.8219
3.21,5,2,SF,,-0.1859,-0.8188
3.215,5,2,SF,,-0.1856,-0.8158
3.22,5,2,SF,,-0.1852,-0.8128
3.225,5,2,SF,,-0.1849,-0.8097
3.23,5,2,SF,,-0.1845,-0.8067
3.235,5,2,SF,,-0.1841,-0.8036
3.24,5,2,SF,,-0.1837,-0.8006
3.245,5,2,SF,,-0.1834,-0.7975
3.25,5,2,SF,,-0.183,-0.7945
3.255,5,2,SF,,-0.1826,-0.7914
3.26,5,2,SF,,-0.1822,-0.7883
3.265,5,2,SF,,-0.1818,-0.7853
3.27,5,2,SF,,-0.1814,-0.7822
3.275,5,2,SF,,-0.181,-0.7791
3.28,5,2,SF,,-0.1806,-0.776
3.285,5,2,SF,,-0.1802,-0.773
3.29,5,2,SF,,-0.1797,-0.7699
3.295,5,2,SF,,-0.1793,-0.7668
3.3,5,2,SF,,-0.1789,-0.7637
3.305,5,2,SF,,-0.1785,-0.7606
3.31,5,2,SF,,-0.178,-0.7575
3.315,5,2,SF,,-0.1776,-0.7544
3.32,5,2,SF,,-0.1771,-0.7513
3.325,5,2,SF,,-0.1767,-0.7482
3.33,5,2,SF,,-0.1762,-0.745
3.335,5,2,SF,,-0.1758,-0.7419
3.34,5,2,SF,,-0.1753,-0.7388
3.345,5,2,SF,,-0.1748,-0.7357
3.35,5,2,SF,,-0.1744,-0.7326
3.355,5,2,SF,,-0.1739,-0.7294
3.36,5,2,SF,,-0.1734,-0.7263
3.365,5,2,SF,,-0.1729,-0.7232
3.37,5,2,SF,,-0.1725,-0.72
3.375,5,2,SF,,-0.172,-0.7169
3.38,5,2,SF,,-0.1715,-0.7138
3.385,5,2,SF,,-0.171,-0.7106
3.39,5,2,SF,,-0.1705,-0.7075
3.395,5,2,SF,,-0.17,-0.7043
3.4,5,2,SF,,-0.1695,-0.7012
3.405,5,2,SF,,-0.169,-0.698
3.41,5,2,SF,,-0.1684,-0.6949
3.415,5,2,SF,,-0.1679,-0.6917
3.42,5,2,SF,,-0.1674,-0.6886
3.425,5,2,SF,,-0.1669,-0.6854
3.43,5,2,SF,,-0.1664,-0.6823
3.435,5,2,SF,,-0.1658,-0.6791
3.44,5,2,SF,,-0.1653,-0.676
3.445,5,2,SF,,-0.1648,-0.6728
3.45,5,2,SF,,-0.1642,-0.6697
3.455,5,2,SF,,-0.1637,-0.6665
3.46,5,2,SF,,-0.1631,-0.6633
3.465,5,2,SF,,-0.1626,-0.6602
3.47,5,2,SF,,-0.162,-0.657
3.475,5,2,SF,,-0.1615,-0.6538
3.48,5,2,SF,,-0.1609,-0.6507
3.485,5,2,SF,,-0.1603,-0.6475
3.49,5,2,SF,,-0.1598,-0.6443
3.495,5,2,SF,,-0.1592,-0.6412
3.5,5,2,SF,,-0.1586,-0.638
3.505,5,2,SF,,-0.158,-0.6348
3.51,5,2,SF,,-0.1575,-0.6317
3.515,5,2,SF,,-0.1569,-0.6285
3.52,5,2,SF,,-0.1563,-0.6253
3.525,5,2,SF,,-0.1557,-0.6222
3.53,5,2,SF,,-0.1551,-0.619
3.535,5,2,SF,,-0.1545,-0.6158
3.54,5,2,SF,,-0.1539,-0.6127
3.545,5,2,SF,,-0.1533,-0.6095
3.55,5,2,SF,,-0.1527,-0.6063
3.555,5,2,SF,,-0.1521,-0.6032
3.56,5,2,SF,,-0.1515,-0.6
3.565,5,2,SF,,-0.1509,-0.5968
3.57,5,2,SF,,-0.1503,-0.5937
3.575,5,2,SF,,-0.1497,-0.5905
3.58,5,2,SF,,-0.1491,-0.5873
3.585,5,2,SF,,-0.1485,-0.5842
3.59,5,2,SF,,-0.1479,-0.581
3.595,5,2,SF,,-0.1472,-0.5779
3.6,5,2,SF,,-0.1466,-0.5747
3.605,5,2,SF,,-0.146,-0.5715
3.61,5,2,SF,,-0.1454,-0.5684
3.615,5,2,SF,,-0.1447,-0.5652
3.62,5,2,SF,,-0.1441,-0.5621
3.625,5,2,SF,,-0.1435,-0.5589
3.63,5,2,SF,,-0.1428,-0.5558
3.635,5,2,SF,,-0.1422,-0.5526
3.64,5,2,SF,,-0.1415,-0.5495
3.645,5,2,SF,,-0.1409,-0.5463
3.65,5,2,SF,,-0.1402,-0.5432
3.655,5,2,SF,,-0.1396,-0.54
3.66,5,2,SF,,-0.1389,-0.5369
3.665,5,2,SF,,-0.1383,-0.5338
3.67,5,2,SF,,-0.1376,-0.5306
3.675,5,2,SF,,-0.137,-0.5275
3.68,5,2,SF,,-0.1363,-0.5244
3.685,5,2,SF,,-0.1357,-0.5212
3.69,5,2,SF,,-0.135,-0.5181
3.695,5,2,SF,,-0.1343,-0.515
3.7,5,2,SF,,-0.1337,-0.5119
3.705,5,2,SF,,-0.133,-0.5087
3.71,5,2,SF,,-0.1323,-0.5056
3.715,5,2,SF,,-0.1317,-0.5025
3.72,5,2,SF,,-0.131,-0.4994
3.725,5,2,SF,,-0.1303,-0.4963
3.73,5,2,SF,,-0.1297,-0.4932
3.735,5,2,SF,,-0.129,-0.4901
3.74,5,2,SF,,-0.1283,-0.487
3.745,5,2,SF,,-0.1276,-0.4839
3.75,5,2,SF,,-0.127,-0.4808
3.755,5,2,SF,,-0.1263,-0.4777
3.76,5,2,SF,,-0.1256,-0.4746
3.765,5,2,SF,,-0.1249,-0.4715
3.77,5,2,SF,,-0.1242,-0.4684
3.775,5,2,SF,,-0.1235,-0.4654
3.78,5,2,SF,,-0.1229,-0.4623
3.785,5,2,SF,,-0.1222,-0.4592
3.79,5,2,SF,,-0.1215,-0.4562
3.795,5,2,SF,,-0.1208,-0.4531
3.8,5,2,SF,,-0.1201,-0.45
3.805,5,2,SF,,-0.1194,-0.447
3.81,5,2,SF,,-0.1187,-0.4439
3.815,5,2,SF,,-0.118,-0.4409
3.82,5,2,SF,,-0.1173,-0.4379
3.825,5,2,SF,,-0.1166,-0.4348
3.83,5,2,SF,,-0.1159,-0.4318
3.835,5,2,SF,,-0.1152,-0.4288
3.84,5,2,SF,,-0.1145,-0.4257
3.845,5,2,SF,,-0.1138,-0.4227
3.85,5,2,SF,,-0.1131,-0.4197
3.855,5,2,SF,,-0.1124,-0.4167
3.86,5,2,SF,,-0.1117,-0.4137
3.865,5,2,SF,,-0.111,-0.4107
3.87,5,2,SF,,-0.1103,-0.4077
3.875,5,2,SF,,-0.1096,-0.4047
3.88,5,2,SF,,-0.1089,-0.4017
3.885,5,2,SF,,-0.1082,-0.3987
3.89,5,2,SF,,-0.1075,-0.3958
3.895,5,2,SF,,-0.1068,-0.3928
3.9,5,2,SF,,-0.1061,-0.3898
3.905,5,2,SF,,-0.1054,-0.3869
3.91,5,2,SF,,-0.1047,-0.3839
3.915,5,2,SF,,-0.104,-0.381
3.92,5,2,SF,,-0.1033,-0.378
3.925,5,2,SF,,-0.1026,-0.3751
3.93,5,2,SF,,-0.1019,-0.3722
3.935,5,2,SF,,-0.1012,-0.3693
3.94,5,2,SF,,-0.1005,-0.3663
3.945,5,2,SF,,-0.0998,-0.3634
3.95,5,2,SF,,-0.0991,-0.3605
3.955,5,2,SF,,-0.0984,-0.3576
3.96,5,2,SF,,-0.0976,-0.3547
3.965,5,2,SF,,-0.0969,-0.3519
3.97,5,2,SF,,-0.0962,-0.349
3.975,5,2,SF,,-0.0955,-0.3461
3.98,5,2,SF,,-0.0948,-0.3432
3.985,5,2,SF,,-0.0941,-0.3404
3.99,5,2,SF,,-0.0934,-0.3375
3.995,5,2,SF,,-0.0927,-0.3347
4,5,2,SF,,-0.092,-0.3318
4.005,5,2,SF,,-0.0913,-0.329
4.01,5,2,SF,,-0.0906,-0.3262
4.015,5,2,SF,,-0.0899,-0.3234
4.02,5,2,SF,,-0.0892,-0.3206
4.025,5,2,SF,,-0.0885,-0.3178
4.03,5,2,SF,,-0.0878,-0.315
4.035,5,2,SF,,-0.0871,-0.3122
4.04,5,2,SF,,-0.0864,-0.3094
4.045,5,2,SF,,-0.0857,-0.3066
4.05,5,2,SF,,-0.085,-0.3038
4.055,5,2,SF,,-0.0843,-0.3011
4.06,5,2,SF,,-0.0836,-0.2983
4.065,5,2,SF,,-0.0829,-0.2956
4.07,5,2,SF,,-0.0822,-0.2929
4.075,5,2,SF,,-0.0815,-0.2901
4.08,5,2,SF,,-0.0808,-0.2874
4.085,5,2,SF,,-0.0801,-0.2847
4.09,5,2,SF,,-0.0794,-0.282
4.095,5,2,SF,,-0.0787,-0.2793
4.1,5,2,SF,,-0.078,-0.2766
4.105,5,2,SF,,-0.0773,-0.2739
4.11,5,2,SF,,-0.0766,-0.2713
4.115,5,2,SF,,-0.0759,-0.2686
4.12,5,2,SF,,-0.0752,-0.266
4.125,5,2,SF,,-0.0746,-0.2633
4.13,5,2,SF,,-0.0739,-0.2607
4.135,5,2,SF,,-0.0732,-0.258
4.14,5,2,SF,,-0.0725,-0.2554
4.145,5,2,SF,,-0.0718,-0.2528
4.15,5,2,SF,,-0.0711,-0.2502
4.155,5,2,SF,,-0.0704,-0.2476
4.16,5,2,SF,,-0.0698,-0.245
4.165,5,2,SF,,-0.0691,-0.2425
4.17,5,2,SF,,-0.0684,-0.2399
4.175,5,2,SF,,-0.0677,-0.2374
4.18,5,2,SF,,-0.0671,-0.2348
4.185,5,2,SF,,-0.0664,-0.2323
4.19,5,2,SF,,-0.0657,-0.2298
4.195,5,2,SF,,-0.0651,-0.2272
4.2,5,2,SF,,-0.0644,-0.2247
4.205,5,2,SF,,-0.0637,-0.2222
4.21,5,2,SF,,-0.0631,-0.2198
4.215,5,2,SF,,-0.0624,-0.2173
4.22,5,2,SF,,-0.0617,-0.2148
4.225,5,2,SF,,-0.0611,-0.2124
4.23,5,2,SF,,-0.0604,-0.2099
4.235,5,2,SF,,-0.0598,-0.2075
4.24,5,2,SF,,-0.0591,-0.2051
4.245,5,2,SF,,-0.0584,-0.2026
4.25,5,2,SF,,-0.0578,-0.2002
4.255,5,2,SF,,-0.0571,-0.1978
4.26,5,2,SF,,-0.0565,-0.1955
4.265,5,2,SF,,-0.0559,-0.1931
4.27,5,2,SF,,-0.0552,-0.1907
4.275,5,2,SF,,-0.0546,-0.1884
4.28,5,2,SF,,-0.0539,-0.186
4.285,5,2,SF,,-0.0533,-0.1837
4.29,5,2,SF,,-0.0527,-0.1814
4.295,5,2,SF,,-0.052,-0.1791
4.3,5,2,SF,,-0.0514,-0.1768
4.305,5,2,SF,,-0.0508,-0.1745
4.31,5,2,SF,,-0.0501,-0.1722
4.315,5,2,SF,,-0.0495,-0.17
4.32,5,2,SF,,-0.0489,-0.1677
4.325,5,2,SF,,-0.0483,-0.1655
4.33,5,2,SF,,-0.0477,-0.1633
4.335,5,2,SF,,-0.0471,-0.1611
4.34,5,2,SF,,-0.0464,-0.1589
4.345,5,2,SF,,-0.0458,-0.1567
4.35,5,2,SF,,-0.0452,-0.1545
4.355,5,2,SF,,-0.0446,-0.1523
4.36,5,2,SF,,-0.044,-0.1502
4.365,5,2,SF,,-0.0434,-0.148
4.37,5,2,SF,,-0.0428,-0.1459
4.375,5,2,SF,,-0.0422,-0.1438
4.38,5,2,SF,,-0.0416,-0.1417
4.385,5,2,SF,,-0.0411,-0.1396
4.39,5,2,SF,,-0.0405,-0.1375
4.395,5,2,SF,,-0.0399,-0.1354
4.4,5,2,SF,,-0.0393,-0.1334
4.405,5,2,SF,,-0.0387,-0.1313
4.41,5,2,SF,,-0.0382,-0.1293
4.415,5,2,SF,,-0.0376,-0.1273
4.42,5,2,SF,,-0.037,-0.1253
4.425,5,2,SF,,-0.0365,-0.1233
4.43,5,2,SF,,-0.0359,-0.1213
4.435,5,2,SF,,-0.0353,-0.1193
4.44,5,2,SF,,-0.0348,-0.1174
4.445,5,2,SF,,-0.0342,-0.1155
4.45,5,2,SF,,-0.0337,-0.1135
4.455,5,2,SF,,-0.0331,-0.1116
4.46,5,2,SF,,-0.0326,-0.1097
4.465,5,2,SF,,-0.0321,-0.1078
4.47,5,2,SF,,-0.0315,-0.106
4.475,5,2,SF,,-0.031,-0.1041
4.48,5,2,SF,,-0.0305,-0.1023
4.485,5,2,SF,,-0.0299,-0.1004
4.49,5,2,SF,,-0.0294,-0.0986
4.495,5,2,SF,,-0.0289,-0.0968
4.5,5,2,SF,,-0.0284,-0.095
4.505,5,2,SF,,-0.0279,-0.0933
4.51,5,2,SF,,-0.0274,-0.0915
4.515,5,2,SF,,-0.0268,-0.0898
4.52,5,2,SF,,-0.0263,-0.088
4.525,5,2,SF,,-0.0259,-0.0863
4.53,5,2,SF,,-0.0254,-0.0846
4.535,5,2,SF,,-0.0249,-0.0829
4.54,5,2,SF,,-0.0244,-0.0813
4.545,5,2,SF,,-0.0239,-0.0796
4.55,5,2,SF,,-0.0234,-0.078
4.555,5,2,SF,,-0.0229,-0.0763
4.56,5,2,SF,,-0.0225,-0.0747
4.565,5,2,SF,,-0.022,-0.0731
4.57,5,2,SF,,-0.0215,-0.0715
4.575,5,2,SF,,-0.0211,-0.07
4.58,5,2,SF,,-0.0206,-0.0684
4.585,5,2,SF,,-0.0202,-0.0669
4.59,5,2,SF,,-0.0197,-0.0654
4.595,5,2,SF,,-0.0193,-0.0639
4.6,5,2,SF,,-0.0188,-0.0624
4.605,5,2,SF,,-0.0184,-0.0609
4.61,5,2,SF,,-0.018,-0.0594
4.615,5,2,SF,,-0.0176,-0.058
4.62,5,2,SF,,-0.0171,-0.0566
4.625,5,2,SF,,-0.0167,-0.0552
4.63,5,2,SF,,-0.0163,-0.0538
4.635,5,2,SF,,-0.0159,-0.0524
4.64,5,2,SF,,-0.0155,-0.051
4.645,5,2,SF,,-0.0151,-0.0497
4.65,5,2,SF,,-0.0147,-0.0483
4.655,5,2,SF,,-0.0143,-0.047
4.66,5,2,SF,,-0.0139,-0.0457
4.665,5,2,SF,,-0.0135,-0.0444
4.67,5,2,SF,,-0.0132,-0.0432
4.675,5,2,SF,,-0.0128,-0.0419
4.68,5,2,SF,,-0.0124,-0.0407
4.685,5,2,SF,,-0.0121,-0.0395
4.69,5,2,SF,,-0.0117,-0.0383
4.695,5,2,SF,,-0.0113,-0.0371
4.7,5,2,SF,,-0.011,-0.0359
4.705,5,2,SF,,-0.0106,-0.0348
4.71,5,2,SF,,-0.0103,-0.0337
4.715,5,2,SF,,-0.01,-0.0326
4.72,5,2,SF,,-0.0096,-0.0315
4.725,5,2,SF,,-0.0093,-0.0304
4.73,5,2,SF,,-0.009,-0.0293
4.735,5,2,SF,,-0.0087,-0.0283
4.74,5,2,SF,,-0.0084,-0.0273
4.745,5,2,SF,,-0.0081,-0.0263
4.75,5,2,SF,,-0.0078,-0.0253
4.755,5,2,SF,,-0.0075,-0.0243
4.76,5,2,SF,,-0.0072,-0.0233
4.765,5,2,SF,,-0.0069,-0.0224
4.77,5,2,SF,,-0.0066,-0.0215
4.775,5,2,SF,,-0.0063,-0.0206
4.78,5,2,SF,,-0.0061,-0.0197
4.785,5,2,SF,,-0.0058,-0.0188
4.79,5,2,SF,,-0.0056,-0.018
4.795,5,2,SF,,-0.0053,-0.0172
4.8,5,2,SF,,-0.0051,-0.0164
4.805,5,2,SF,,-0.0048,-0.0156
4.81,5,2,SF,,-0.0046,-0.0148
4.815,5,2,SF,,-0.0043,-0.0141
4.82,5,2,SF,,-0.0041,-0.0133
4.825,5,2,SF,,-0.0039,-0.0126
4.83,5,2,SF,,-0.0037,-0.0119
4.835,5,2,SF,,-0.0035,-0.0112
4.84,5,2,SF,,-0.0033,-0.0106
4.845,5,2,SF,,-0.0031,-0.0099
4.85,5,2,SF,,-0.0029,-0.0093
4.855,5,2,SF,,-0.0027,-0.0087
4.86,5,2,SF,,-0.0025,-0.0081
4.865,5,2,SF,,-0.0024,-0.0076
4.87,5,2,SF,,-0.0022,-0.007
4.875,5,2,SF,,-0.002,-0.0065
4.88,5,2,SF,,-0.0019,-0.006
4.885,5,2,SF,,-0.0017,-0.0055
4.89,5,2,SF,,-0.0016,-0.0051
4.895,5,2,SF,,-0.0014,-0.0046
4.9,5,2,SF,,-0.0013,-0.0042
4.905,5,2,SF,,-0.0012,-0.0038
4.91,5,2,SF,,-0.0011,-0.0034
4.915,5,2,SF,,-0.0009,-0.003
4.92,5,2,SF,,-0.0008,-0.0027
4.925,5,2,SF,,-0.0007,-0.0024
4.93,5,2,SF,,-0.0006,-0.0021
4.935,5,2,SF,,-0.0006,-0.0018
4.94,5,2,SF,,-0.0005,-0.0015
4.945,5,2,SF,,-0.0004,-0.0013
4.95,5,2,SF,,-0.0003,-0.0011
4.955,5,2,SF,,-0.0003,-0.0009
4.96,5,2,SF,,-0.0002,-0.0007
4.965,5,2,SF,,-0.0002,-0.0005
4.97,5,2,SF,,-0.0001,-0.0004
4.975,5,2,SF,,-0.0001,-0.0003
4.98,5,2,SF,,-0.0001,-0.0002
4.985,5,2,SF,,0,-0.0001
4.99,5,2,SF,,0,0
4.995,5,2,SF,,0,0
5,5,2,SF,,0,0
0,5,2.5,SF,,0,0
0.005,5,2.5,SF,,0.0014,-0.004
0.01,5,2.5,SF,,0.0029,-0.008
0.015,5,2.5,SF,,0.0043,-0.012
0.02,5,2.5,SF,,0.0058,-0.0159
0.025,5,2.5,SF,,0.0072,-0.0199
0.03,5,2.5,SF,,0.0086,-0.0239
0.035,5,2.5,SF,,0.0101,-0.0279
0.04,5,2.5,SF,,0.0115,-0.0319
0.045,5,2.5,SF,,0.013,-0.0359
0.05,5,2.5,SF,,0.0144,-0.0398
0.055,5,2.5,SF,,0.0158,-0.0438
0.06,5,2.5,SF,,0.0173,-0.0478
0.065,5,2.5,SF,,0.0187,-0.0518
0.07,5,2.5,SF,,0.0202,-0.0558
0.075,5,2.5,SF,,0.0216,-0.0597
0.08,5,2.5,SF,,0.023,-0.0637
0.085,5,2.5,SF,,0.0245,-0.0677
0.09,5,2.5,SF,,0.0259,-0.0717
0.095,5,2.5,SF,,0.0274,-0.0757
0.1,5,2.5,SF,,0.0288,-0.0796
0.105,5,2.5,SF,,0.0303,-0.0836
0.11,5,2.5,SF,,0.0317,-0.0876
0.115,5,2.5,SF,,0.0331,-0.0916
0.12,5,2.5,SF,,0.0346,-0.0955
0.125,5,2.5,SF,,0.036,-0.0995
0.13,5,2.5,SF,,0.0375,-0.1035
0.135,5,2.5,SF,,0.0389,-0.1074
0.14,5,2.5,SF,,0.0403,-0.1114
0.145,5,2.5,SF,,0.0418,-0.1154
0.15,5,2.5,SF,,0.0432,-0.1194
0.155,5,2.5,SF,,0.0447,-0.1233
0.16,5,2.5,SF,,0.0461,-0.1273
0.165,5,2.5,SF,,0.0475,-0.1312
0.17,5,2.5,SF,,0.049,-0.1352
0.175,5,2.5,SF,,0.0504,-0.1392
0.18,5,2.5,SF,,0.0518,-0.1431
0.185,5,2.5,SF,,0.0533,-0.1471
0.19,5,2.5,SF,,0.0547,-0.151
0.195,5,2.5,SF,,0.0562,-0.155
0.2,5,2.5,SF,,0.0576,-0.1589
0.205,5,2.5,SF,,0.059,-0.1629
0.21,5,2.5,SF,,0.0605,-0.1669
0.215,5,2.5,SF,,0.0619,-0.1708
0.22,5,2.5,SF,,0.0633,-0.1747
0.225,5,2.5,SF,,0.0648,-0.1787
0.23,5,2.5,SF,,0.0662,-0.1826
0.235,5,2.5,SF,,0.0676,-0.1866
0.24,5,2.5,SF,,0.069,-0.1905
0.245,5,2.5,SF,,0.0705,-0.1945
0.25,5,2.5,SF,,0.0719,-0.1984
0.255,5,2.5,SF,,0.0733,-0.2023
0.26,5,2.5,SF,,0.0747,-0.2063
0.265,5,2.5,SF,,0.0762,-0.2102
0.27,5,2.5,SF,,0.0776,-0.2141
0.275,5,2.5,SF,,0.079,-0.218
0.28,5,2.5,SF,,0.0804,-0.222
0.285,5,2.5,SF,,0.0819,-0.2259
0.29,5,2.5,SF,,0.0833,-0.2298
0.295,5,2.5,SF,,0.0847,-0.2337
0.3,5,2.5,SF,,0.0861,-0.2376
0.305,5,2.5,SF,,0.0875,-0.2415
0.31,5,2.5,SF,,0.0889,-0.2454
0.315,5,2.5,SF,,0.0904,-0.2494
0.32,5,2.5,SF,,0.0918,-0.2533
0.325,5,2.5,SF,,0.0932,-0.2572
0.33,5,2.5,SF,,0.0946,-0.2611
0.335,5,2.5,SF,,0.096,-0.265
0.34,5,2.5,SF,,0.0974,-0.2688
0.345,5,2.5,SF,,0.0988,-0.2727
0.35,5,2.5,SF,,0.1002,-0.2766
0.355,5,2.5,SF,,0.1016,-0.2805
0.36,5,2.5,SF,,0.103,-0.2844
0.365,5,2.5,SF,,0.1044,-0.2883
0.37,5,2.5,SF,,0.1058,-0.2922
0.375,5,2.5,SF,,0.1072,-0.296
0.38,5,2.5,SF,,0.1086,-0.2999
0.385,5,2.5,SF,,0.11,-0.3038
0.39,5,2.5,SF,,0.1114,-0.3076
0.395,5,2.5,SF,,0.1127,-0.3115
0.4,5,2.5,SF,,0.1141,-0.3154
0.405,5,2.5,SF,,0.1155,-0.3192
0.41,5,2.5,SF,,0.1169,-0.3231
0.415,5,2.5,SF,,0.1183,-0.3269
0.42,5,2.5,SF,,0.1197,-0.3308
0.425,5,2.5,SF,,0.121,-0.3346
0.43,5,2.5,SF,,0.1224,-0.3384
0.435,5,2.5,SF,,0.1238,-0.3423
0.44,5,2.5,SF,,0.1252,-0.3461
0.445,5,2.5,SF,,0.1265,-0.3499
0.45,5,2.5,SF,,0.1279,-0.3538
0.455,5,2.5,SF,,0.1293,-0.3576
0.46,5,2.5,SF,,0.1306,-0.3614
0.465,5,2.5,SF,,0.132,-0.3652
0.47,5,2.5,SF,,0.1333,-0.369
0.475,5,2.5,SF,,0.1347,-0.3728
0.48,5,2.5,SF,,0.136,-0.3766
0.485,5,2.5,SF,,0.1374,-0.3804
0.49,5,2.5,SF,,0.1387,-0.3842
0.495,5,2.5,SF,,0.1401,-0.388
0.5,5,2.5,SF,,0.1414,-0.3918
0.505,5,2.5,SF,,0.1428,-0.3956
0.51,5,2.5,SF,,0.1441,-0.3994
0.515,5,2.5,SF,,0.1455,-0.4031
0.52,5,2.5,SF,,0.1468,-0.4069
0.525,5,2.5,SF,,0.1481,-0.4107
0.53,5,2.5,SF,,0.1495,-0.4144
0.535,5,2.5,SF,,0.1508,-0.4182
0.54,5,2.5,SF,,0.1521,-0.4219
0.545,5,2.5,SF,,0.1534,-0.4257
0.55,5,2.5,SF,,0.1547,-0.4294
0.555,5,2.5,SF,,0.1561,-0.4332
0.56,5,2.5,SF,,0.1574,-0.4369
0.565,5,2.5,SF,,0.1587,-0.4407
0.57,5,2.5,SF,,0.16,-0.4444
0.575,5,2.5,SF,,0.1613,-0.4481
0.58,5,2.5,SF,,0.1626,-0.4518
0.585,5,2.5,SF,,0.1639,-0.4555
0.59,5,2.5,SF,,0.1652,-0.4592
0.595,5,2.5,SF,,0.1665,-0.463
0.6,5,2.5,SF,,0.1678,-0.4666
0.605,5,2.5,SF,,0.1691,-0.4703
0.61,5,2.5,SF,,0.1704,-0.474
0.615,5,2.5,SF,,0.1716,-0.4777
0.62,5,2.5,SF,,0.1729,-0.4814
0.625,5,2.5,SF,,0.1742,-0.4851
0.63,5,2.5,SF,,0.1755,-0.4887
0.635,5,2.5,SF,,0.1767,-0.4924
0.64,5,2.5,SF,,0.178,-0.4961
0.645,5,2.5,SF,,0.1793,-0.4997
0.65,5,2.5,SF,,0.1805,-0.5034
0.655,5,2.5,SF,,0.1818,-0.507
0.66,5,2.5,SF,,0.183,-0.5107
0.665,5,2.5,SF,,0.1843,-0.5143
0.67,5,2.5,SF,,0.1855,-0.5179
0.675,5,2.5,SF,,0.1868,-0.5216
0.68,5,2.5,SF,,0.188,-0.5252
0.685,5,2.5,SF,,0.1893,-0.5288
0.69,5,2.5,SF,,0.1905,-0.5324
0.695,5,2.5,SF,,0.1917,-0.536
0.7,5,2.5,SF,,0.1929,-0.5396
0.705,5,2.5,SF,,0.1942,-0.5432
0.71,5,2.5,SF,,0.1954,-0.5468
0.715,5,2.5,SF,,0.1966,-0.5503
0.72,5,2.5,SF,,0.1978,-0.5539
0.725,5,2.5,SF,,0.199,-0.5575
0.73,5,2.5,SF,,0.2002,-0.5611
0.735,5,2.5,SF,,0.2014,-0.5646
0.74,5,2.5,SF,,0.2026,-0.5682
0.745,5,2.5,SF,,0.2038,-0.5717
0.75,5,2.5,SF,,0.205,-0.5752
0.755,5,2.5,SF,,0.2062,-0.5788
0.76,5,2.5,SF,,0.2074,-0.5823
0.765,5,2.5,SF,,0.2086,-0.5858
0.77,5,2.5,SF,,0.2097,-0.5893
0.775,5,2.5,SF,,0.2109,-0.5928
0.78,5,2.5,SF,,0.2121,-0.5964
0.785,5,2.5,SF,,0.2132,-0.5998
0.79,5,2.5,SF,,0.2144,-0.6033
0.795,5,2.5,SF,,0.2155,-0.6068
0.8,5,2.5,SF,,0.2167,-0.6103
0.805,5,2.5,SF,,0.2178,-0.6138
0.81,5,2.5,SF,,0.219,-0.6172
0.815,5,2.5,SF,,0.2201,-0.6207
0.82,5,2.5,SF,,0.2212,-0.6241
0.825,5,2.5,SF,,0.2224,-0.6276
0.83,5,2.5,SF,,0.2235,-0.631
0.835,5,2.5,SF,,0.2246,-0.6345
0.84,5,2.5,SF,,0.2257,-0.6379
0.845,5,2.5,SF,,0.2268,-0.6413
0.85,5,2.5,SF,,0.228,-0.6447
0.855,5,2.5,SF,,0.2291,-0.6481
0.86,5,2.5,SF,,0.2302,-0.6515
0.865,5,2.5,SF,,0.2313,-0.6549
0.87,5,2.5,SF,,0.2323,-0.6583
0.875,5,2.5,SF,,0.2334,-0.6617
0.88,5,2.5,SF,,0.2345,-0.665
0.885,5,2.5,SF,,0.2356,-0.6684
0.89,5,2.5,SF,,0.2367,-0.6718
0.895,5,2.5,SF,,0.2377,-0.6751
0.9,5,2.5,SF,,0.2388,-0.6785
0.905,5,2.5,SF,,0.2398,-0.6818
0.91,5,2.5,SF,,0.2409,-0.6851
0.915,5,2.5,SF,,0.2419,-0.6884
0.92,5,2.5,SF,,0.243,-0.6918
0.925,5,2.5,SF,,0.244,-0.6951
0.93,5,2.5,SF,,0.2451,-0.6984
0.935,5,2.5,SF,,0.2461,-0.7017
0.94,5,2.5,SF,,0.2471,-0.7049
0.945,5,2.5,SF,,0.2481,-0.7082
0.95,5,2.5,SF,,0.2491,-0.7115
0.955,5,2.5,SF,,0.2501,-0.7147
0.96,5,2.5,SF,,0.2512,-0.718
0.965,5,2.5,SF,,0.2522,-0.7212
0.97,5,2.5,SF,,0.2531,-0.7245
0.975,5,2.5,SF,,0.2541,-0.7277
0.98,5,2.5,SF,,0.2551,-0.7309
0.985,5,2.5,SF,,0.2561,-0.7342
0.99,5,2.5,SF,,0.2571,-0.7374
0.995,5,2.5,SF,,0.258,-0.7406
1,5,2.5,SF,,0.259,-0.7438
1.005,5,2.5,SF,,0.26,-0.7469
1.01,5,2.5,SF,,0.2609,-0.7501
1.015,5,2.5,SF,,0.2619,-0.7533
1.02,5,2.5,SF,,0.2628,-0.7564
1.025,5,2.5,SF,,0.2637,-0.7596
1.03,5,2.5,SF,,0.2647,-0.7627
1.035,5,2.5,SF,,0.2656,-0.7659
1.04,5,2.5,SF,,0.2665,-0.769
1.045,5,2.5,SF,,0.2674,-0.7721
1.05,5,2.5,SF,,0.2683,-0.7752
1.055,5,2.5,SF,,0.2692,-0.7783
1.06,5,2.5,SF,,0.2701,-0.7814
1.065,5,2.5,SF,,0.271,-0.7845
1.07,5,2.5,SF,,0.2719,-0.7876
1.075,5,2.5,SF,,0.2728,-0.7906
1.08,5,2.5,SF,,0.2737,-0.7937
1.085,5,2.5,SF,,0.2745,-0.7968
1.09,5,2.5,SF,,0.2754,-0.7998
1.095,5,2.5,SF,,0.2763,-0.8028
1.1,5,2.5,SF,,0.2771,-0.8059
1.105,5,2.5,SF,,0.278,-0.8089
1.11,5,2.5,SF,,0.2788,-0.8119
1.115,5,2.5,SF,,0.2796,-0.8149
1.12,5,2.5,SF,,0.2805,-0.8179
1.125,5,2.5,SF,,0.2813,-0.8208
1.13,5,2.5,SF,,0.2821,-0.8238
1.135,5,2.5,SF,,0.2829,-0.8268
1.14,5,2.5,SF,,0.2837,-0.8297
1.145,5,2.5,SF,,0.2845,-0.8327
1.15,5,2.5,SF,,0.2853,-0.8356
1.155,5,2.5,SF,,0.2861,-0.8385
1.16,5,2.5,SF,,0.2869,-0.8415
1.165,5,2.5,SF,,0.2876,-0.8444
1.17,5,2.5,SF,,0.2884,-0.8473
1.175,5,2.5,SF,,0.2892,-0.8501
1.18,5,2.5,SF,,0.2899,-0.853
1.185,5,2.5,SF,,0.2907,-0.8559
1.19,5,2.5,SF,,0.2914,-0.8588
1.195,5,2.5,SF,,0.2921,-0.8616
1.2,5,2.5,SF,,0.2929,-0.8645
1.205,5,2.5,SF,,0.2936,-0.8673
1.21,5,2.5,SF,,0.2943,-0.8701
1.215,5,2.5,SF,,0.295,-0.8729
1.22,5,2.5,SF,,0.2957,-0.8757
1.225,5,2.5,SF,,0.2964,-0.8785
1.23,5,2.5,SF,,0.2971,-0.8813
1.235,5,2.5,SF,,0.2978,-0.8841
1.24,5,2.5,SF,,0.2985,-0.8868
1.245,5,2.5,SF,,0.2991,-0.8896
1.25,5,2.5,SF,,0.2998,-0.8923
1.255,5,2.5,SF,,0.3005,-0.8951
1.26,5,2.5,SF,,0.3011,-0.8978
1.265,5,2.5,SF,,0.3018,-0.9005
1.27,5,2.5,SF,,0.3024,-0.9032
1.275,5,2.5,SF,,0.303,-0.9059
1.28,5,2.5,SF,,0.3036,-0.9086
1.285,5,2.5,SF,,0.3043,-0.9113
1.29,5,2.5,SF,,0.3049,-0.9139
1.295,5,2.5,SF,,0.3055,-0.9166
1.3,5,2.5,SF,,0.3061,-0.9192
1.305,5,2.5,SF,,0.3067,-0.9219
1.31,5,2.5,SF,,0.3072,-0.9245
1.315,5,2.5,SF,,0.3078,-0.9271
1.32,5,2.5,SF,,0.3084,-0.9297
1.325,5,2.5,SF,,0.3089,-0.9323
1.33,5,2.5,SF,,0.3095,-0.9349
1.335,5,2.5,SF,,0.31,-0.9374
1.34,5,2.5,SF,,0.3106,-0.94
1.345,5,2.5,SF,,0.3111,-0.9425
1.35,5,2.5,SF,,0.3116,-0.9451
1.355,5,2.5,SF,,0.3121,-0.9476
1.36,5,2.5,SF,,0.3127,-0.9501
1.365,5,2.5,SF,,0.3132,-0.9526
1.37,5,2.5,SF,,0.3136,-0.9551
1.375,5,2.5,SF,,0.3141,-0.9576
1.38,5,2.5,SF,,0.3146,-0.9601
1.385,5,2.5,SF,,0.3151,-0.9625
1.39,5,2.5,SF,,0.3155,-0.965
1.395,5,2.5,SF,,0.316,-0.9674
1.4,5,2.5,SF,,0.3165,-0.9699
1.405,5,2.5,SF,,0.3169,-0.9723
1.41,5,2.5,SF,,0.3173,-0.9747
1.415,5,2.5,SF,,0.3178,-0.9771
1.42,5,2.5,SF,,0.3182,-0.9795
1.425,5,2.5,SF,,0.3186,-0.9818
1.43,5,2.5,SF,,0.319,-0.9842
1.435,5,2.5,SF,,0.3194,-0.9865
1.44,5,2.5,SF,,0.3198,-0.9889
1.445,5,2.5,SF,,0.3202,-0.9912
1.45,5,2.5,SF,,0.3205,-0.9935
1.455,5,2.5,SF,,0.3209,-0.9958
1.46,5,2.5,SF,,0.3212,-0.9981
1.465,5,2.5,SF,,0.3216,-1.0004
1.47,5,2.5,SF,,0.3219,-1.0027
1.475,5,2.5,SF,,0.3223,-1.0049
1.48,5,2.5,SF,,0.3226,-1.0072
1.485,5,2.5,SF,,0.3229,-1.0094
1.49,5,2.5,SF,,0.3232,-1.0116
1.495,5,2.5,SF,,0.3235,-1.0138
1.5,5,2.5,SF,,0.3238,-1.016
1.505,5,2.5,SF,,0.3241,-1.0182
1.51,5,2.5,SF,,0.3244,-1.0204
1.515,5,2.5,SF,,0.3246,-1.0225
1.52,5,2.5,SF,,0.3249,-1.0247
1.525,5,2.5,SF,,0.3252,-1.0268
1.53,5,2.5,SF,,0.3254,-1.0289
1.535,5,2.5,SF,,0.3256,-1.0311
1.54,5,2.5,SF,,0.3259,-1.0332
1.545,5,2.5,SF,,0.3261,-1.0352
1.55,5,2.5,SF,,0.3263,-1.0373
1.555,5,2.5,SF,,0.3265,-1.0394
1.56,5,2.5,SF,,0.3267,-1.0414
1.565,5,2.5,SF,,0.3269,-1.0435
1.57,5,2.5,SF,,0.327,-1.0455
1.575,5,2.5,SF,,0.3272,-1.0475
1.58,5,2.5,SF,,0.3274,-1.0495
1.585,5,2.5,SF,,0.3275,-1.0515
1.59,5,2.5,SF,,0.3276,-1.0535
1.595,5,2.5,SF,,0.3278,-1.0554
1.6,5,2.5,SF,,0.3279,-1.0574
1.605,5,2.5,SF,,0.328,-1.0593
1.61,5,2.5,SF,,0.3281,-1.0613
1.615,5,2.5,SF,,0.3282,-1.0632
1.62,5,2.5,SF,,0.3283,-1.0651
1.625,5,2.5,SF,,0.3284,-1.067
1.63,5,2.5,SF,,0.3285,-1.0688
1.635,5,2.5,SF,,0.3285,-1.0707
1.64,5,2.5,SF,,0.3286,-1.0725
1.645,5,2.5,SF,,0.3286,-1.0744
1.65,5,2.5,SF,,0.3287,-1.0762
1.655,5,2.5,SF,,0.3287,-1.078
1.66,5,2.5,SF,,0.3287,-1.0798
1.665,5,2.5,SF,,0.3287,-1.0816
1.67,5,2.5,SF,,0.3287,-1.0834
1.675,5,2.5,SF,,0.3287,-1.0851
1.68,5,2.5,SF,,0.3287,-1.0869
1.685,5,2.5,SF,,0.3286,-1.0886
1.69,5,2.5,SF,,0.3286,-1.0903
1.695,5,2.5,SF,,0.3286,-1.092
1.7,5,2.5,SF,,0.3285,-1.0937
1.705,5,2.5,SF,,0.3284,-1.0954
1.71,5,2.5,SF,,0.3284,-1.097
1.715,5,2.5,SF,,0.3283,-1.0987
1.72,5,2.5,SF,,0.3282,-1.1003
1.725,5,2.5,SF,,0.3281,-1.1019
1.73,5,2.5,SF,,0.328,-1.1035
1.735,5,2.5,SF,,0.3278,-1.1051
1.74,5,2.5,SF,,0.3277,-1.1067
1.745,5,2.5,SF,,0.3276,-1.1083
1.75,5,2.5,SF,,0.3274,-1.1098
1.755,5,2.5,SF,,0.3273,-1.1114
1.76,5,2.5,SF,,0.3271,-1.1129
1.765,5,2.5,SF,,0.3269,-1.1144
1.77,5,2.5,SF,,0.3267,-1.1159
1.775,5,2.5,SF,,0.3265,-1.1174
1.78,5,2.5,SF,,0.3263,-1.1188
1.785,5,2.5,SF,,0.3261,-1.1203
1.79,5,2.5,SF,,0.3259,-1.1217
1.795,5,2.5,SF,,0.3256,-1.1231
1.8,5,2.5,SF,,0.3254,-1.1246
1.805,5,2.5,SF,,0.3251,-1.1259
1.81,5,2.5,SF,,0.3248,-1.1273
1.815,5,2.5,SF,,0.3246,-1.1287
1.82,5,2.5,SF,,0.3243,-1.13
1.825,5,2.5,SF,,0.324,-1.1314
1.83,5,2.5,SF,,0.3237,-1.1327
1.835,5,2.5,SF,,0.3233,-1.134
1.84,5,2.5,SF,,0.323,-1.1353
1.845,5,2.5,SF,,0.3227,-1.1366
1.85,5,2.5,SF,,0.3223,-1.1379
1.855,5,2.5,SF,,0.322,-1.1391
1.86,5,2.5,SF,,0.3216,-1.1403
1.865,5,2.5,SF,,0.3212,-1.1416
1.87,5,2.5,SF,,0.3208,-1.1428
1.875,5,2.5,SF,,0.3204,-1.144
1.88,5,2.5,SF,,0.32,-1.1451
1.885,5,2.5,SF,,0.3196,-1.1463
1.89,5,2.5,SF,,0.3192,-1.1474
1.895,5,2.5,SF,,0.3187,-1.1486
1.9,5,2.5,SF,,0.3183,-1.1497
1.905,5,2.5,SF,,0.3178,-1.1508
1.91,5,2.5,SF,,0.3173,-1.1519
1.915,5,2.5,SF,,0.3169,-1.1529
1.92,5,2.5,SF,,0.3164,-1.154
1.925,5,2.5,SF,,0.3159,-1.155
1.93,5,2.5,SF,,0.3153,-1.1561
1.935,5,2.5,SF,,0.3148,-1.1571
1.94,5,2.5,SF,,0.3143,-1.1581
1.945,5,2.5,SF,,0.3137,-1.159
1.95,5,2.5,SF,,0.3132,-1.16
1.955,5,2.5,SF,,0.3126,-1.1609
1.96,5,2.5,SF,,0.312,-1.1619
1.965,5,2.5,SF,,0.3114,-1.1628
1.97,5,2.5,SF,,0.3108,-1.1637
1.975,5,2.5,SF,,0.3102,-1.1646
1.98,5,2.5,SF,,0.3096,-1.1654
1.985,5,2.5,SF,,0.309,-1.1663
1.99,5,2.5,SF,,0.3083,-1.1671
1.995,5,2.5,SF,,0.3077,-1.1679
2,5,2.5,SF,,0.307,-1.1688
2.005,5,2.5,SF,,0.3063,-1.1695
2.01,5,2.5,SF,,0.3056,-1.1703
2.015,5,2.5,SF,,0.3049,-1.1711
2.02,5,2.5,SF,,0.3042,-1.1718
2.025,5,2.5,SF,,0.3035,-1.1725
2.03,5,2.5,SF,,0.3028,-1.1732
2.035,5,2.5,SF,,0.302,-1.1739
2.04,5,2.5,SF,,0.3013,-1.1746
2.045,5,2.5,SF,,0.3005,-1.1753
2.05,5,2.5,SF,,0.2997,-1.1759
2.055,5,2.5,SF,,0.2989,-1.1765
2.06,5,2.5,SF,,0.2981,-1.1772
2.065,5,2.5,SF,,0.2973,-1.1777
2.07,5,2.5,SF,,0.2965,-1.1783
2.075,5,2.5,SF,,0.2957,-1.1789
2.08,5,2.5,SF,,0.2948,-1.1794
2.085,5,2.5,SF,,0.2939,-1.18
2.09,5,2.5,SF,,0.2931,-1.1805
2.095,5,2.5,SF,,0.2922,-1.181
2.1,5,2.5,SF,,0.2913,-1.1814
2.105,5,2.5,SF,,0.2904,-1.1819
2.11,5,2.5,SF,,0.2895,-1.1824
2.115,5,2.5,SF,,0.2886,-1.1828
2.12,5,2.5,SF,,0.2876,-1.1832
2.125,5,2.5,SF,,0.2867,-1.1836
2.13,5,2.5,SF,,0.2857,-1.184
2.135,5,2.5,SF,,0.2847,-1.1843
2.14,5,2.5,SF,,0.2837,-1.1847
2.145,5,2.5,SF,,0.2827,-1.185
2.15,5,2.5,SF,,0.2817,-1.1853
2.155,5,2.5,SF,,0.2807,-1.1856
2.16,5,2.5,SF,,0.2797,-1.1859
2.165,5,2.5,SF,,0.2786,-1.1861
2.17,5,2.5,SF,,0.2776,-1.1864
2.175,5,2.5,SF,,0.2765,-1.1866
2.18,5,2.5,SF,,0.2754,-1.1868
2.185,5,2.5,SF,,0.2743,-1.187
2.19,5,2.5,SF,,0.2732,-1.1872
2.195,5,2.5,SF,,0.2721,-1.1873
2.2,5,2.5,SF,,0.271,-1.1875
2.205,5,2.5,SF,,0.2698,-1.1876
2.21,5,2.5,SF,,0.2687,-1.1877
2.215,5,2.5,SF,,0.2675,-1.1878
2.22,5,2.5,SF,,0.2663,-1.1878
2.225,5,2.5,SF,,0.2651,-1.1879
2.23,5,2.5,SF,,0.2639,-1.1879
2.235,5,2.5,SF,,0.2627,-1.1879
2.24,5,2.5,SF,,0.2615,-1.1879
2.245,5,2.5,SF,,0.2602,-1.1879
2.25,5,2.5,SF,,0.259,-1.1878
2.255,5,2.5,SF,,0.2577,-1.1878
2.26,5,2.5,SF,,0.2564,-1.1877
2.265,5,2.5,SF,,0.2551,-1.1876
2.27,5,2.5,SF,,0.2538,-1.1875
2.275,5,2.5,SF,,0.2525,-1.1874
2.28,5,2.5,SF,,0.2512,-1.1872
2.285,5,2.5,SF,,0.2498,-1.1871
2.29,5,2.5,SF,,0.2485,-1.1869
2.295,5,2.5,SF,,0.2471,-1.1867
2.3,5,2.5,SF,,0.2457,-1.1864
2.305,5,2.5,SF,,0.2443,-1.1862
2.31,5,2.5,SF,,0.2429,-1.1859
2.315,5,2.5,SF,,0.2415,-1.1857
2.32,5,2.5,SF,,0.2401,-1.1854
2.325,5,2.5,SF,,0.2386,-1.1851
2.33,5,2.5,SF,,0.2372,-1.1847
2.335,5,2.5,SF,,0.2357,-1.1844
2.34,5,2.5,SF,,0.2342,-1.184
2.345,5,2.5,SF,,0.2327,-1.1836
2.35,5,2.5,SF,,0.2312,-1.1832
2.355,5,2.5,SF,,0.2297,-1.1828
2.36,5,2.5,SF,,0.2281,-1.1823
2.365,5,2.5,SF,,0.2266,-1.1819
2.37,5,2.5,SF,,0.225,-1.1814
2.375,5,2.5,SF,,0.2235,-1.1809
2.38,5,2.5,SF,,0.2219,-1.1804
2.385,5,2.5,SF,,0.2203,-1.1798
2.39,5,2.5,SF,,0.2186,-1.1793
2.395,5,2.5,SF,,0.217,-1.1787
2.4,5,2.5,SF,,0.2154,-1.1781
2.405,5,2.5,SF,,0.2137,-1.1775
2.41,5,2.5,SF,,0.2121,-1.1769
2.415,5,2.5,SF,,0.2104,-1.1762
2.42,5,2.5,SF,,0.2087,-1.1755
2.425,5,2.5,SF,,0.207,-1.1748
2.43,5,2.5,SF,,0.2052,-1.1741
2.435,5,2.5,SF,,0.2035,-1.1734
2.44,5,2.5,SF,,0.2018,-1.1726
2.445,5,2.5,SF,,0.2,-1.1719
2.45,5,2.5,SF,,0.1982,-1.1711
2.455,5,2.5,SF,,0.1964,-1.1703
2.46,5,2.5,SF,,0.1946,-1.1694
2.465,5,2.5,SF,,0.1928,-1.1686
2.47,5,2.5,SF,,0.191,-1.1677
2.475,5,2.5,SF,,0.1891,-1.1668
2.48,5,2.5,SF,,0.1873,-1.1659
2.485,5,2.5,SF,,0.1854,-1.165
2.49,5,2.5,SF,,0.1835,-1.1641
2.495,5,2.5,SF,,0.1816,-1.1631
2.5,5,2.5,SF,,0.1797,-1.1621
2.505,5,2.5,SF,,0.1778,-1.1611
2.51,5,2.5,SF,,0.1759,-1.1601
2.515,5,2.5,SF,,0.174,-1.159
2.52,5,2.5,SF,,0.1721,-1.158
2.525,5,2.5,SF,,0.1702,-1.1569
2.53,5,2.5,SF,,0.1684,-1.1558
2.535,5,2.5,SF,,0.1665,-1.1547
2.54,5,2.5,SF,,0.1647,-1.1535
2.545,5,2.5,SF,,0.1628,-1.1523
2.55,5,2.5,SF,,0.161,-1.1512
2.555,5,2.5,SF,,0.1592,-1.15
2.56,5,2.5,SF,,0.1574,-1.1487
2.565,5,2.5,SF,,0.1556,-1.1475
2.57,5,2.5,SF,,0.1539,-1.1463
2.575,5,2.5,SF,,0.1521,-1.145
2.58,5,2.5,SF,,0.1503,-1.1437
2.585,5,2.5,SF,,0.1486,-1.1424
2.59,5,2.5,SF,,0.1469,-1.141
2.595,5,2.5,SF,,0.1451,-1.1397
2.6,5,2.5,SF,,0.1434,-1.1383
2.605,5,2.5,SF,,0.1417,-1.1369
2.61,5,2.5,SF,,0.14,-1.1355
2.615,5,2.5,SF,,0.1384,-1.1341
2.62,5,2.5,SF,,0.1367,-1.1327
2.625,5,2.5,SF,,0.135,-1.1312
2.63,5,2.5,SF,,0.1334,-1.1297
2.635,5,2.5,SF,,0.1317,-1.1282
2.64,5,2.5,SF,,0.1301,-1.1267
2.645,5,2.5,SF,,0.1285,-1.1252
2.65,5,2.5,SF,,0.1269,-1.1237
2.655,5,2.5,SF,,0.1253,-1.1221
2.66,5,2.5,SF,,0.1237,-1.1205
2.665,5,2.5,SF,,0.1221,-1.1189
2.67,5,2.5,SF,,0.1205,-1.1173
2.675,5,2.5,SF,,0.119,-1.1157
2.68,5,2.5,SF,,0.1174,-1.114
2.685,5,2.5,SF,,0.1159,-1.1124
2.69,5,2.5,SF,,0.1144,-1.1107
2.695,5,2.5,SF,,0.1129,-1.109
2.7,5,2.5,SF,,0.1114,-1.1073
2.705,5,2.5,SF,,0.1099,-1.1055
2.71,5,2.5,SF,,0.1084,-1.1038
2.715,5,2.5,SF,,0.1069,-1.102
2.72,5,2.5,SF,,0.1054,-1.1002
2.725,5,2.5,SF,,0.104,-1.0984
2.73,5,2.5,SF,,0.1025,-1.0966
2.735,5,2.5,SF,,0.1011,-1.0948
2.74,5,2.5,SF,,0.0996,-1.093
2.745,5,2.5,SF,,0.0982,-1.0911
2.75,5,2.5,SF,,0.0968,-1.0892
2.755,5,2.5,SF,,0.0954,-1.0873
2.76,5,2.5,SF,,0.094,-1.0854
2.765,5,2.5,SF,,0.0926,-1.0835
2.77,5,2.5,SF,,0.0913,-1.0816
2.775,5,2.5,SF,,0.0899,-1.0796
2.78,5,2.5,SF,,0.0886,-1.0777
2.785,5,2.5,SF,,0.0872,-1.0757
2.79,5,2.5,SF,,0.0859,-1.0737
2.795,5,2.5,SF,,0.0846,-1.0717
2.8,5,2.5,SF,,0.0832,-1.0696
2.805,5,2.5,SF,,0.0819,-1.0676
2.81,5,2.5,SF,,0.0806,-1.0655
2.815,5,2.5,SF,,0.0794,-1.0635
2.82,5,2.5,SF,,0.0781,-1.0614
2.825,5,2.5,SF,,0.0768,-1.0593
2.83,5,2.5,SF,,0.0756,-1.0572
2.835,5,2.5,SF,,0.0743,-1.0551
2.84,5,2.5,SF,,0.0731,-1.0529
2.845,5,2.5,SF,,0.0718,-1.0508
2.85,5,2.5,SF,,0.0706,-1.0486
2.855,5,2.5,SF,,0.0694,-1.0464
2.86,5,2.5,SF,,0.0682,-1.0442
2.865,5,2.5,SF,,0.067,-1.042
2.87,5,2.5,SF,,0.0658,-1.0398
2.875,5,2.5,SF,,0.0646,-1.0375
2.88,5,2.5,SF,,0.0635,-1.0353
2.885,5,2.5,SF,,0.0623,-1.033
2.89,5,2.5,SF,,0.0611,-1.0307
2.895,5,2.5,SF,,0.06,-1.0285
2.9,5,2.5,SF,,0.0589,-1.0262
2.905,5,2.5,SF,,0.0577,-1.0238
2.91,5,2.5,SF,,0.0566,-1.0215
2.915,5,2.5,SF,,0.0555,-1.0192
2.92,5,2.5,SF,,0.0544,-1.0168
2.925,5,2.5,SF,,0.0533,-1.0144
2.93,5,2.5,SF,,0.0523,-1.0121
2.935,5,2.5,SF,,0.0512,-1.0097
2.94,5,2.5,SF,,0.0501,-1.0073
2.945,5,2.5,SF,,0.0491,-1.0049
2.95,5,2.5,SF,,0.048,-1.0024
2.955,5,2.5,SF,,0.047,-1
2.96,5,2.5,SF,,0.0459,-0.9975
2.965,5,2.5,SF,,0.0449,-0.9951
2.97,5,2.5,SF,,0.0439,-0.9926
2.975,5,2.5,SF,,0.0429,-0.9901
2.98,5,2.5,SF,,0.0419,-0.9876
2.985,5,2.5,SF,,0.0409,-0.9851
2.99,5,2.5,SF,,0.0399,-0.9826
2.995,5,2.5,SF,,0.039,-0.98
3,5,2.5,SF,,0.038,-0.9775
3.005,5,2.5,SF,,0.037,-0.9749
3.01,5,2.5,SF,,0.0361,-0.9724
3.015,5,2.5,SF,,0.0352,-0.9698
3.02,5,2.5,SF,,0.0342,-0.9672
3.025,5,2.5,SF,,0.0333,-0.9646
3.03,5,2.5,SF,,0.0324,-0.962
3.035,5,2.5,SF,,0.0315,-0.9594
3.04,5,2.5,SF,,0.0306,-0.9568
3.045,5,2.5,SF,,0.0297,-0.9541
3.05,5,2.5,SF,,0.0288,-0.9515
3.055,5,2.5,SF,,0.0279,-0.9488
3.06,5,2.5,SF,,0.0271,-0.9461
3.065,5,2.5,SF,,0.0262,-0.9434
3.07,5,2.5,SF,,0.0253,-0.9407
3.075,5,2.5,SF,,0.0245,-0.938
3.08,5,2.5,SF,,0.0237,-0.9353
3.085,5,2.5,SF,,0.0228,-0.9326
3.09,5,2.5,SF,,0.022,-0.9299
3.095,5,2.5,SF,,0.0212,-0.9271
3.1,5,2.5,SF,,0.0204,-0.9244
3.105,5,2.5,SF,,0.0196,-0.9216
3.11,5,2.5,SF,,0.0188,-0.9189
3.115,5,2.5,SF,,0.018,-0.9161
3.12,5,2.5,SF,,0.0172,-0.9133
3.125,5,2.5,SF,,0.0165,-0.9105
3.13,5,2.5,SF,,0.0157,-0.9077
3.135,5,2.5,SF,,0.015,-0.9049
3.14,5,2.5,SF,,0.0142,-0.902
3.145,5,2.5,SF,,0.0135,-0.8992
3.15,5,2.5,SF,,0.0127,-0.8964
3.155,5,2.5,SF,,0.012,-0.8935
3.16,5,2.5,SF,,0.0113,-0.8907
3.165,5,2.5,SF,,0.0106,-0.8878
3.17,5,2.5,SF,,0.0099,-0.8849
3.175,5,2.5,SF,,0.0092,-0.882
3.18,5,2.5,SF,,0.0085,-0.8792
3.185,5,2.5,SF,,0.0078,-0.8763
3.19,5,2.5,SF,,0.0072,-0.8733
3.195,5,2.5,SF,,0.0065,-0.8704
3.2,5,2.5,SF,,0.0058,-0.8675
3.205,5,2.5,SF,,0.0052,-0.8646
3.21,5,2.5,SF,,0.0045,-0.8616
3.215,5,2.5,SF,,0.0039,-0.8587
3.22,5,2.5,SF,,0.0033,-0.8557
3.225,5,2.5,SF,,0.0026,-0.8528
3.23,5,2.5,SF,,0.002,-0.8498
3.235,5,2.5,SF,,0.0014,-0.8468
3.24,5,2.5,SF,,0.0008,-0.8439
3.245,5,2.5,SF,,0.0002,-0.8409
3.25,5,2.5,SF,,-0.0004,-0.8379
3.255,5,2.5,SF,,-0.001,-0.8349
3.26,5,2.5,SF,,-0.0015,-0.8319
3.265,5,2.5,SF,,-0.0021,-0.8289
3.27,5,2.5,SF,,-0.0027,-0.8258
3.275,5,2.5,SF,,-0.0032,-0.8228
3.28,5,2.5,SF,,-0.0038,-0.8198
3.285,5,2.5,SF,,-0.0043,-0.8167
3.29,5,2.5,SF,,-0.0049,-0.8137
3.295,5,2.5,SF,,-0.0054,-0.8106
3.3,5,2.5,SF,,-0.0059,-0.8076
3.305,5,2.5,SF,,-0.0064,-0.8045
3.31,5,2.5,SF,,-0.007,-0.8014
3.315,5,2.5,SF,,-0.0075,-0.7984
3.32,5,2.5,SF,,-0.008,-0.7953
3.325,5,2.5,SF,,-0.0085,-0.7922
3.33,5,2.5,SF,,-0.0089,-0.7891
3.335,5,2.5,SF,,-0.0094,-0.786
3.34,5,2.5,SF,,-0.0099,-0.7829
3.345,5,2.5,SF,,-0.0104,-0.7798
3.35,5,2.5,SF,,-0.0108,-0.7767
3.355,5,2.5,SF,,-0.0113,-0.7736
3.36,5,2.5,SF,,-0.0117,-0.7704
3.365,5,2.5,SF,,-0.0122,-0.7673
3.37,5,2.5,SF,,-0.0126,-0.7642
3.375,5,2.5,SF,,-0.013,-0.761
3.38,5,2.5,SF,,-0.0135,-0.7579
3.385,5,2.5,SF,,-0.0139,-0.7547
3.39,5,2.5,SF,,-0.0143,-0.7516
3.395,5,2.5,SF,,-0.0147,-0.7484
3.4,5,2.5,SF,,-0.0151,-0.7453
3.405,5,2.5,SF,,-0.0155,-0.7421
3.41,5,2.5,SF,,-0.0159,-0.7389
3.415,5,2.5,SF,,-0.0163,-0.7358
3.42,5,2.5,SF,,-0.0167,-0.7326
3.425,5,2.5,SF,,-0.017,-0.7294
3.43,5,2.5,SF,,-0.0174,-0.7262
3.435,5,2.5,SF,,-0.0178,-0.723
3.44,5,2.5,SF,,-0.0181,-0.7199
3.445,5,2.5,SF,,-0.0185,-0.7167
3.45,5,2.5,SF,,-0.0188,-0.7135
3.455,5,2.5,SF,,-0.0191,-0.7103
3.46,5,2.5,SF,,-0.0195,-0.7071
3.465,5,2.5,SF,,-0.0198,-0.7039
3.47,5,2.5,SF,,-0.0201,-0.7006
3.475,5,2.5,SF,,-0.0204,-0.6974
3.48,5,2.5,SF,,-0.0207,-0.6942
3.485,5,2.5,SF,,-0.0211,-0.691
3.49,5,2.5,SF,,-0.0214,-0.6878
3.495,5,2.5,SF,,-0.0216,-0.6846
3.5,5,2.5,SF,,-0.0219,-0.6813
3.505,5,2.5,SF,,-0.0222,-0.6781
3.51,5,2.5,SF,,-0.0225,-0.6749
3.515,5,2.5,SF,,-0.0228,-0.6716
3.52,5,2.5,SF,,-0.023,-0.6684
3.525,5,2.5,SF,,-0.0233,-0.6652
3.53,5,2.5,SF,,-0.0236,-0.6619
3.535,5,2.5,SF,,-0.0238,-0.6587
3.54,5,2.5,SF,,-0.0241,-0.6554
3.545,5,2.5,SF,,-0.0243,-0.6522
3.55,5,2.5,SF,,-0.0245,-0.6489
3.555,5,2.5,SF,,-0.0248,-0.6457
3.56,5,2.5,SF,,-0.025,-0.6425
3.565,5,2.5,SF,,-0.0252,-0.6392
3.57,5,2.5,SF,,-0.0254,-0.636
3.575,5,2.5,SF,,-0.0257,-0.6327
3.58,5,2.5,SF,,-0.0259,-0.6294
3.585,5,2.5,SF,,-0.0261,-0.6262
3.59,5,2.5,SF,,-0.0263,-0.6229
3.595,5,2.5,SF,,-0.0265,-0.6197
3.6,5,2.5,SF,,-0.0267,-0.6164
3.605,5,2.5,SF,,-0.0268,-0.6132
3.61,5,2.5,SF,,-0.027,-0.6099
3.615,5,2.5,SF,,-0.0272,-0.6066
3.62,5,2.5,SF,,-0.0274,-0.6034
3.625,5,2.5,SF,,-0.0275,-0.6001
3.63,5,2.5,SF,,-0.0277,-0.5969
3.635,5,2.5,SF,,-0.0279,-0.5936
3.64,5,2.5,SF,,-0.028,-0.5903
3.645,5,2.5,SF,,-0.0282,-0.5871
3.65,5,2.5,SF,,-0.0283,-0.5838
3.655,5,2.5,SF,,-0.0284,-0.5806
3.66,5,2.5,SF,,-0.0286,-0.5773
3.665,5,2.5,SF,,-0.0287,-0.574
3.67,5,2.5,SF,,-0.0288,-0.5708
3.675,5,2.5,SF,,-0.0289,-0.5675
3.68,5,2.5,SF,,-0.0291,-0.5643
3.685,5,2.5,SF,,-0.0292,-0.561
3.69,5,2.5,SF,,-0.0293,-0.5578
3.695,5,2.5,SF,,-0.0294,-0.5545
3.7,5,2.5,SF,,-0.0295,-0.5513
3.705,5,2.5,SF,,-0.0296,-0.548
3.71,5,2.5,SF,,-0.0297,-0.5448
3.715,5,2.5,SF,,-0.0298,-0.5415
3.72,5,2.5,SF,,-0.0299,-0.5383
3.725,5,2.5,SF,,-0.0299,-0.535
3.73,5,2.5,SF,,-0.03,-0.5318
3.735,5,2.5,SF,,-0.0301,-0.5285
3.74,5,2.5,SF,,-0.0301,-0.5253
3.745,5,2.5,SF,,-0.0302,-0.522
3.75,5,2.5,SF,,-0.0303,-0.5188
3.755,5,2.5,SF,,-0.0303,-0.5156
3.76,5,2.5,SF,,-0.0304,-0.5123
3.765,5,2.5,SF,,-0.0304,-0.5091
3.77,5,2.5,SF,,-0.0305,-0.5059
3.775,5,2.5,SF,,-0.0305,-0.5026
3.78,5,2.5,SF,,-0.0306,-0.4994
3.785,5,2.5,SF,,-0.0306,-0.4962
3.79,5,2.5,SF,,-0.0306,-0.493
3.795,5,2.5,SF,,-0.0306,-0.4898
3.8,5,2.5,SF,,-0.0307,-0.4865
3.805,5,2.5,SF,,-0.0307,-0.4833
3.81,5,2.5,SF,,-0.0307,-0.4801
3.815,5,2.5,SF,,-0.0307,-0.4769
3.82,5,2.5,SF,,-0.0307,-0.4737
3.825,5,2.5,SF,,-0.0307,-0.4705
3.83,5,2.5,SF,,-0.0307,-0.4673
3.835,5,2.5,SF,,-0.0307,-0.4641
3.84,5,2.5,SF,,-0.0307,-0.4609
3.845,5,2.5,SF,,-0.0307,-0.4577
3.85,5,2.5,SF,,-0.0307,-0.4546
3.855,5,2.5,SF,,-0.0307,-0.4514
3.86,5,2.5,SF,,-0.0307,-0.4482
3.865,5,2.5,SF,,-0.0307,-0.445
3.87,5,2.5,SF,,-0.0306,-0.4419
3.875,5,2.5,SF,,-0.0306,-0.4387
3.88,5,2.5,SF,,-0.0306,-0.4356
3.885,5,2.5,SF,,-0.0305,-0.4324
3.89,5,2.5,SF,,-0.0305,-0.4293
3.895,5,2.5,SF,,-0.0305,-0.4261
3.9,5,2.5,SF,,-0.0304,-0.423
3.905,5,2.5,SF,,-0.0304,-0.4198
3.91,5,2.5,SF,,-0.0303,-0.4167
3.915,5,2.5,SF,,-0.0303,-0.4136
3.92,5,2.5,SF,,-0.0302,-0.4105
3.925,5,2.5,SF,,-0.0302,-0.4073
3.93,5,2.5,SF,,-0.0301,-0.4042
3.935,5,2.5,SF,,-0.0301,-0.4011
3.94,5,2.5,SF,,-0.03,-0.398
3.945,5,2.5,SF,,-0.0299,-0.3949
3.95,5,2.5,SF,,-0.0299,-0.3918
3.955,5,2.5,SF,,-0.0298,-0.3888
3.96,5,2.5,SF,,-0.0297,-0.3857
3.965,5,2.5,SF,,-0.0296,-0.3826
3.97,5,2.5,SF,,-0.0295,-0.3795
3.975,5,2.5,SF,,-0.0295,-0.3765
3.98,5,2.5,SF,,-0.0294,-0.3734
3.985,5,2.5,SF,,-0.0293,-0.3704
3.99,5,2.5,SF,,-0.0292,-0.3673
3.995,5,2.5,SF,,-0.0291,-0.3643
4,5,2.5,SF,,-0.029,-0.3613
4.005,5,2.5,SF,,-0.0289,-0.3582
4.01,5,2.5,SF,,-0.0288,-0.3552
4.015,5,2.5,SF,,-0.0287,-0.3522
4.02,5,2.5,SF,,-0.0286,-0.3492
4.025,5,2.5,SF,,-0.0285,-0.3462
4.03,5,2.5,SF,,-0.0284,-0.3432
4.035,5,2.5,SF,,-0.0283,-0.3402
4.04,5,2.5,SF,,-0.0281,-0.3372
4.045,5,2.5,SF,,-0.028,-0.3343
4.05,5,2.5,SF,,-0.0279,-0.3313
4.055,5,2.5,SF,,-0.0278,-0.3283
4.06,5,2.5,SF,,-0.0277,-0.3254
4.065,5,2.5,SF,,-0.0275,-0.3225
4.07,5,2.5,SF,,-0.0274,-0.3195
4.075,5,2.5,SF,,-0.0273,-0.3166
4.08,5,2.5,SF,,-0.0272,-0.3137
4.085,5,2.5,SF,,-0.027,-0.3108
4.09,5,2.5,SF,,-0.0269,-0.3079
4.095,5,2.5,SF,,-0.0267,-0.305
4.1,5,2.5,SF,,-0.0266,-0.3021
4.105,5,2.5,SF,,-0.0265,-0.2992
4.11,5,2.5,SF,,-0.0263,-0.2963
4.115,5,2.5,SF,,-0.0262,-0.2935
4.12,5,2.5,SF,,-0.026,-0.2906
4.125,5,2.5,SF,,-0.0259,-0.2878
4.13,5,2.5,SF,,-0.0257,-0.2849
4.135,5,2.5,SF,,-0.0256,-0.2821
4.14,5,2.5,SF,,-0.0254,-0.2793
4.145,5,2.5,SF,,-0.0253,-0.2765
4.15,5,2.5,SF,,-0.0251,-0.2737
4.155,5,2.5,SF,,-0.025,-0.2709
4.16,5,2.5,SF,,-0.0248,-0.2681
4.165,5,2.5,SF,,-0.0246,-0.2653
4.17,5,2.5,SF,,-0.0245,-0.2626
4.175,5,2.5,SF,,-0.0243,-0.2598
4.18,5,2.5,SF,,-0.0242,-0.2571
4.185,5,2.5,SF,,-0.024,-0.2543
4.19,5,2.5,SF,,-0.0238,-0.2516
4.195,5,2.5,SF,,-0.0237,-0.2489
4.2,5,2.5,SF,,-0.0235,-0.2462
4.205,5,2.5,SF,,-0.0233,-0.2435
4.21,5,2.5,SF,,-0.0231,-0.2408
4.215,5,2.5,SF,,-0.023,-0.2381
4.22,5,2.5,SF,,-0.0228,-0.2354
4.225,5,2.5,SF,,-0.0226,-0.2328
4.23,5,2.5,SF,,-0.0224,-0.2301
4.235,5,2.5,SF,,-0.0223,-0.2275
4.24,5,2.5,SF,,-0.0221,-0.2249
4.245,5,2.5,SF,,-0.0219,-0.2222
4.25,5,2.5,SF,,-0.0217,-0.2196
4.255,5,2.5,SF,,-0.0215,-0.217
4.26,5,2.5,SF,,-0.0214,-0.2145
4.265,5,2.5,SF,,-0.0212,-0.2119
4.27,5,2.5,SF,,-0.021,-0.2093
4.275,5,2.5,SF,,-0.0208,-0.2068
4.28,5,2.5,SF,,-0.0206,-0.2042
4.285,5,2.5,SF,,-0.0204,-0.2017
4.29,5,2.5,SF,,-0.0202,-0.1992
4.295,5,2.5,SF,,-0.0201,-0.1967
4.3,5,2.5,SF,,-0.0199,-0.1942
4.305,5,2.5,SF,,-0.0197,-0.1917
4.31,5,2.5,SF,,-0.0195,-0.1892
4.315,5,2.5,SF,,-0.0193,-0.1868
4.32,5,2.5,SF,,-0.0191,-0.1843
4.325,5,2.5,SF,,-0.0189,-0.1819
4.33,5,2.5,SF,,-0.0187,-0.1795
4.335,5,2.5,SF,,-0.0185,-0.1771
4.34,5,2.5,SF,,-0.0183,-0.1747
4.345,5,2.5,SF,,-0.0181,-0.1723
4.35,5,2.5,SF,,-0.0179,-0.1699
4.355,5,2.5,SF,,-0.0178,-0.1676
4.36,5,2.5,SF,,-0.0176,-0.1652
4.365,5,2.5,SF,,-0.0174,-0.1629
4.37,5,2.5,SF,,-0.0172,-0.1605
4.375,5,2.5,SF,,-0.017,-0.1582
4.38,5,2.5,SF,,-0.0168,-0.1559
4.385,5,2.5,SF,,-0.0166,-0.1537
4.39,5,2.5,SF,,-0.0164,-0.1514
4.395,5,2.5,SF,,-0.0162,-0.1491
4.4,5,2.5,SF,,-0.016,-0.1469
4.405,5,2.5,SF,,-0.0158,-0.1446
4.41,5,2.5,SF,,-0.0156,-0.1424
4.415,5,2.5,SF,,-0.0154,-0.1402
4.42,5,2.5,SF,,-0.0152,-0.138
4.425,5,2.5,SF,,-0.015,-0.1359
4.43,5,2.5,SF,,-0.0148,-0.1337
4.435,5,2.5,SF,,-0.0146,-0.1315
4.44,5,2.5,SF,,-0.0144,-0.1294
4.445,5,2.5,SF,,-0.0142,-0.1273
4.45,5,2.5,SF,,-0.014,-0.1252
4.455,5,2.5,SF,,-0.0138,-0.1231
4.46,5,2.5,SF,,-0.0136,-0.121
4.465,5,2.5,SF,,-0.0134,-0.119
4.47,5,2.5,SF,,-0.0132,-0.1169
4.475,5,2.5,SF,,-0.013,-0.1149
4.48,5,2.5,SF,,-0.0128,-0.1129
4.485,5,2.5,SF,,-0.0126,-0.1108
4.49,5,2.5,SF,,-0.0124,-0.1089
4.495,5,2.5,SF,,-0.0123,-0.1069
4.5,5,2.5,SF,,-0.0121,-0.1049
4.505,5,2.5,SF,,-0.0119,-0.103
4.51,5,2.5,SF,,-0.0117,-0.101
4.515,5,2.5,SF,,-0.0115,-0.0991
4.52,5,2.5,SF,,-0.0113,-0.0972
4.525,5,2.5,SF,,-0.0111,-0.0954
4.53,5,2.5,SF,,-0.0109,-0.0935
4.535,5,2.5,SF,,-0.0107,-0.0916
4.54,5,2.5,SF,,-0.0105,-0.0898
4.545,5,2.5,SF,,-0.0103,-0.088
4.55,5,2.5,SF,,-0.0102,-0.0862
4.555,5,2.5,SF,,-0.01,-0.0844
4.56,5,2.5,SF,,-0.0098,-0.0826
4.565,5,2.5,SF,,-0.0096,-0.0809
4.57,5,2.5,SF,,-0.0094,-0.0791
4.575,5,2.5,SF,,-0.0092,-0.0774
4.58,5,2.5,SF,,-0.0091,-0.0757
4.585,5,2.5,SF,,-0.0089,-0.074
4.59,5,2.5,SF,,-0.0087,-0.0723
4.595,5,2.5,SF,,-0.0085,-0.0707
4.6,5,2.5,SF,,-0.0083,-0.069
4.605,5,2.5,SF,,-0.0082,-0.0674
4.61,5,2.5,SF,,-0.008,-0.0658
4.615,5,2.5,SF,,-0.0078,-0.0642
4.62,5,2.5,SF,,-0.0076,-0.0626
4.625,5,2.5,SF,,-0.0075,-0.0611
4.63,5,2.5,SF,,-0.0073,-0.0595
4.635,5,2.5,SF,,-0.0071,-0.058
4.64,5,2.5,SF,,-0.007,-0.0565
4.645,5,2.5,SF,,-0.0068,-0.055
4.65,5,2.5,SF,,-0.0066,-0.0536
4.655,5,2.5,SF,,-0.0065,-0.0521
4.66,5,2.5,SF,,-0.0063,-0.0507
4.665,5,2.5,SF,,-0.0061,-0.0493
4.67,5,2.5,SF,,-0.006,-0.0479
4.675,5,2.5,SF,,-0.0058,-0.0465
4.68,5,2.5,SF,,-0.0057,-0.0451
4.685,5,2.5,SF,,-0.0055,-0.0438
4.69,5,2.5,SF,,-0.0053,-0.0425
4.695,5,2.5,SF,,-0.0052,-0.0412
4.7,5,2.5,SF,,-0.005,-0.0399
4.705,5,2.5,SF,,-0.0049,-0.0386
4.71,5,2.5,SF,,-0.0047,-0.0374
4.715,5,2.5,SF,,-0.0046,-0.0361
4.72,5,2.5,SF,,-0.0044,-0.0349
4.725,5,2.5,SF,,-0.0043,-0.0337
4.73,5,2.5,SF,,-0.0042,-0.0326
4.735,5,2.5,SF,,-0.004,-0.0314
4.74,5,2.5,SF,,-0.0039,-0.0303
4.745,5,2.5,SF,,-0.0038,-0.0292
4.75,5,2.5,SF,,-0.0036,-0.0281
4.755,5,2.5,SF,,-0.0035,-0.027
4.76,5,2.5,SF,,-0.0034,-0.0259
4.765,5,2.5,SF,,-0.0032,-0.0249
4.77,5,2.5,SF,,-0.0031,-0.0239
4.775,5,2.5,SF,,-0.003,-0.0229
4.78,5,2.5,SF,,-0.0029,-0.0219
4.785,5,2.5,SF,,-0.0027,-0.0209
4.79,5,2.5,SF,,-0.0026,-0.02
4.795,5,2.5,SF,,-0.0025,-0.0191
4.8,5,2.5,SF,,-0.0024,-0.0182
4.805,5,2.5,SF,,-0.0023,-0.0173
4.81,5,2.5,SF,,-0.0022,-0.0165
4.815,5,2.5,SF,,-0.0021,-0.0156
4.82,5,2.5,SF,,-0.002,-0.0148
4.825,5,2.5,SF,,-0.0019,-0.014
4.83,5,2.5,SF,,-0.0018,-0.0132
4.835,5,2.5,SF,,-0.0017,-0.0125
4.84,5,2.5,SF,,-0.0016,-0.0118
4.845,5,2.5,SF,,-0.0015,-0.0111
4.85,5,2.5,SF,,-0.0014,-0.0104
4.855,5,2.5,SF,,-0.0013,-0.0097
4.86,5,2.5,SF,,-0.0012,-0.0091
4.865,5,2.5,SF,,-0.0011,-0.0084
4.87,5,2.5,SF,,-0.0011,-0.0078
4.875,5,2.5,SF,,-0.001,-0.0072
4.88,5,2.5,SF,,-0.0009,-0.0067
4.885,5,2.5,SF,,-0.0008,-0.0061
4.89,5,2.5,SF,,-0.0008,-0.0056
4.895,5,2.5,SF,,-0.0007,-0.0051
4.9,5,2.5,SF,,-0.0006,-0.0047
4.905,5,2.5,SF,,-0.0006,-0.0042
4.91,5,2.5,SF,,-0.0005,-0.0038
4.915,5,2.5,SF,,-0.0005,-0.0034
4.92,5,2.5,SF,,-0.0004,-0.003
4.925,5,2.5,SF,,-0.0004,-0.0026
4.93,5,2.5,SF,,-0.0003,-0.0023
4.935,5,2.5,SF,,-0.0003,-0.002
4.94,5,2.5,SF,,-0.0002,-0.0017
4.945,5,2.5,SF,,-0.0002,-0.0014
4.95,5,2.5,SF,,-0.0002,-0.0012
4.955,5,2.5,SF,,-0.0001,-0.001
4.96,5,2.5,SF,,-0.0001,-0.0008
4.965,5,2.5,SF,,-0.0001,-0.0006
4.97,5,2.5,SF,,-0.0001,-0.0004
4.975,5,2.5,SF,,0,-0.0003
4.98,5,2.5,SF,,0,-0.0002
4.985,5,2.5,SF,,0,-0.0001
4.99,5,2.5,SF,,0,0
4.995,5,2.5,SF,,0,0
5,5,2.5,SF,,0,0
0,5,3,SF,,0,0
0.005,5,3,SF,,0.0019,-0.0031
0.01,5,3,SF,,0.0038,-0.0061
0.015,5,3,SF,,0.0056,-0.0092
0.02,5,3,SF,,0.0075,-0.0122
0.025,5,3,SF,,0.0094,-0.0153
0.03,5,3,SF,,0.0113,-0.0184
0.035,5,3,SF,,0.0131,-0.0214
0.04,5,3,SF,,0.015,-0.0245
0.045,5,3,SF,,0.0169,-0.0275
0.05,5,3,SF,,0.0188,-0.0306
0.055,5,3,SF,,0.0206,-0.0337
0.06,5,3,SF,,0.0225,-0.0367
0.065,5,3,SF,,0.0244,-0.0398
0.07,5,3,SF,,0.0263,-0.0428
0.075,5,3,SF,,0.0282,-0.0459
0.08,5,3,SF,,0.03,-0.0489
0.085,5,3,SF,,0.0319,-0.052
0.09,5,3,SF,,0.0338,-0.0551
0.095,5,3,SF,,0.0357,-0.0581
0.1,5,3,SF,,0.0376,-0.0612
0.105,5,3,SF,,0.0394,-0.0642
0.11,5,3,SF,,0.0413,-0.0673
0.115,5,3,SF,,0.0432,-0.0703
0.12,5,3,SF,,0.0451,-0.0734
0.125,5,3,SF,,0.047,-0.0764
0.13,5,3,SF,,0.0488,-0.0795
0.135,5,3,SF,,0.0507,-0.0825
0.14,5,3,SF,,0.0526,-0.0856
0.145,5,3,SF,,0.0545,-0.0886
0.15,5,3,SF,,0.0564,-0.0917
0.155,5,3,SF,,0.0582,-0.0947
0.16,5,3,SF,,0.0601,-0.0978
0.165,5,3,SF,,0.062,-0.1008
0.17,5,3,SF,,0.0639,-0.1039
0.175,5,3,SF,,0.0658,-0.1069
0.18,5,3,SF,,0.0676,-0.11
0.185,5,3,SF,,0.0695,-0.113
0.19,5,3,SF,,0.0714,-0.116
0.195,5,3,SF,,0.0733,-0.1191
0.2,5,3,SF,,0.0751,-0.1221
0.205,5,3,SF,,0.077,-0.1252
0.21,5,3,SF,,0.0789,-0.1282
0.215,5,3,SF,,0.0808,-0.1312
0.22,5,3,SF,,0.0826,-0.1343
0.225,5,3,SF,,0.0845,-0.1373
0.23,5,3,SF,,0.0864,-0.1403
0.235,5,3,SF,,0.0882,-0.1434
0.24,5,3,SF,,0.0901,-0.1464
0.245,5,3,SF,,0.092,-0.1494
0.25,5,3,SF,,0.0939,-0.1524
0.255,5,3,SF,,0.0957,-0.1555
0.26,5,3,SF,,0.0976,-0.1585
0.265,5,3,SF,,0.0995,-0.1615
0.27,5,3,SF,,0.1013,-0.1645
0.275,5,3,SF,,0.1032,-0.1676
0.28,5,3,SF,,0.1051,-0.1706
0.285,5,3,SF,,0.1069,-0.1736
0.29,5,3,SF,,0.1088,-0.1766
0.295,5,3,SF,,0.1106,-0.1796
0.3,5,3,SF,,0.1125,-0.1826
0.305,5,3,SF,,0.1144,-0.1857
0.31,5,3,SF,,0.1162,-0.1887
0.315,5,3,SF,,0.1181,-0.1917
0.32,5,3,SF,,0.1199,-0.1947
0.325,5,3,SF,,0.1218,-0.1977
0.33,5,3,SF,,0.1237,-0.2007
0.335,5,3,SF,,0.1255,-0.2037
0.34,5,3,SF,,0.1274,-0.2067
0.345,5,3,SF,,0.1292,-0.2097
0.35,5,3,SF,,0.1311,-0.2127
0.355,5,3,SF,,0.1329,-0.2157
0.36,5,3,SF,,0.1348,-0.2187
0.365,5,3,SF,,0.1366,-0.2217
0.37,5,3,SF,,0.1384,-0.2246
0.375,5,3,SF,,0.1403,-0.2276
0.38,5,3,SF,,0.1421,-0.2306
0.385,5,3,SF,,0.144,-0.2336
0.39,5,3,SF,,0.1458,-0.2366
0.395,5,3,SF,,0.1477,-0.2396
0.4,5,3,SF,,0.1495,-0.2425
0.405,5,3,SF,,0.1513,-0.2455
0.41,5,3,SF,,0.1532,-0.2485
0.415,5,3,SF,,0.155,-0.2515
0.42,5,3,SF,,0.1568,-0.2544
0.425,5,3,SF,,0.1586,-0.2574
0.43,5,3,SF,,0.1605,-0.2603
0.435,5,3,SF,,0.1623,-0.2633
0.44,5,3,SF,,0.1641,-0.2663
0.445,5,3,SF,,0.1659,-0.2692
0.45,5,3,SF,,0.1678,-0.2722
0.455,5,3,SF,,0.1696,-0.2751
0.46,5,3,SF,,0.1714,-0.2781
0.465,5,3,SF,,0.1732,-0.281
0.47,5,3,SF,,0.175,-0.284
0.475,5,3,SF,,0.1768,-0.2869
0.48,5,3,SF,,0.1787,-0.2898
0.485,5,3,SF,,0.1805,-0.2928
0.49,5,3,SF,,0.1823,-0.2957
0.495,5,3,SF,,0.1841,-0.2987
0.5,5,3,SF,,0.1859,-0.3016
0.505,5,3,SF,,0.1877,-0.3045
0.51,5,3,SF,,0.1895,-0.3074
0.515,5,3,SF,,0.1913,-0.3104
0.52,5,3,SF,,0.1931,-0.3133
0.525,5,3,SF,,0.1949,-0.3162
0.53,5,3,SF,,0.1966,-0.3191
0.535,5,3,SF,,0.1984,-0.322
0.54,5,3,SF,,0.2002,-0.3249
0.545,5,3,SF,,0.202,-0.3278
0.55,5,3,SF,,0.2038,-0.3307
0.555,5,3,SF,,0.2056,-0.3336
0.56,5,3,SF,,0.2073,-0.3365
0.565,5,3,SF,,0.2091,-0.3394
0.57,5,3,SF,,0.2109,-0.3423
0.575,5,3,SF,,0.2127,-0.3452
0.58,5,3,SF,,0.2144,-0.3481
0.585,5,3,SF,,0.2162,-0.3509
0.59,5,3,SF,,0.218,-0.3538
0.595,5,3,SF,,0.2197,-0.3567
0.6,5,3,SF,,0.2215,-0.3596
0.605,5,3,SF,,0.2232,-0.3624
0.61,5,3,SF,,0.225,-0.3653
0.615,5,3,SF,,0.2267,-0.3682
0.62,5,3,SF,,0.2285,-0.371
0.625,5,3,SF,,0.2302,-0.3739
0.63,5,3,SF,,0.232,-0.3767
0.635,5,3,SF,,0.2337,-0.3796
0.64,5,3,SF,,0.2354,-0.3824
0.645,5,3,SF,,0.2372,-0.3853
0.65,5,3,SF,,0.2389,-0.3881
0.655,5,3,SF,,0.2406,-0.3909
0.66,5,3,SF,,0.2424,-0.3938
0.665,5,3,SF,,0.2441,-0.3966
0.67,5,3,SF,,0.2458,-0.3994
0.675,5,3,SF,,0.2475,-0.4022
0.68,5,3,SF,,0.2492,-0.405
0.685,5,3,SF,,0.251,-0.4079
0.69,5,3,SF,,0.2527,-0.4107
0.695,5,3,SF,,0.2544,-0.4135
0.7,5,3,SF,,0.2561,-0.4163
0.705,5,3,SF,,0.2578,-0.4191
0.71,5,3,SF,,0.2595,-0.4219
0.715,5,3,SF,,0.2612,-0.4247
0.72,5,3,SF,,0.2629,-0.4274
0.725,5,3,SF,,0.2646,-0.4302
0.73,5,3,SF,,0.2662,-0.433
0.735,5,3,SF,,0.2679,-0.4358
0.74,5,3,SF,,0.2696,-0.4386
0.745,5,3,SF,,0.2713,-0.4413
0.75,5,3,SF,,0.273,-0.4441
0.755,5,3,SF,,0.2746,-0.4468
0.76,5,3,SF,,0.2763,-0.4496
0.765,5,3,SF,,0.278,-0.4523
0.77,5,3,SF,,0.2796,-0.4551
0.775,5,3,SF,,0.2813,-0.4578
0.78,5,3,SF,,0.2829,-0.4606
0.785,5,3,SF,,0.2846,-0.4633
0.79,5,3,SF,,0.2862,-0.466
0.795,5,3,SF,,0.2879,-0.4688
0.8,5,3,SF,,0.2895,-0.4715
0.805,5,3,SF,,0.2911,-0.4742
0.81,5,3,SF,,0.2928,-0.4769
0.815,5,3,SF,,0.2944,-0.4796
0.82,5,3,SF,,0.296,-0.4823
0.825,5,3,SF,,0.2977,-0.485
0.83,5,3,SF,,0.2993,-0.4877
0.835,5,3,SF,,0.3009,-0.4904
0.84,5,3,SF,,0.3025,-0.4931
0.845,5,3,SF,,0.3041,-0.4958
0.85,5,3,SF,,0.3057,-0.4985
0.855,5,3,SF,,0.3073,-0.5012
0.86,5,3,SF,,0.3089,-0.5038
0.865,5,3,SF,,0.3105,-0.5065
0.87,5,3,SF,,0.3121,-0.5092
0.875,5,3,SF,,0.3137,-0.5118
0.88,5,3,SF,,0.3153,-0.5145
0.885,5,3,SF,,0.3168,-0.5171
0.89,5,3,SF,,0.3184,-0.5198
0.895,5,3,SF,,0.32,-0.5224
0.9,5,3,SF,,0.3215,-0.525
0.905,5,3,SF,,0.3231,-0.5277
0.91,5,3,SF,,0.3247,-0.5303
0.915,5,3,SF,,0.3262,-0.5329
0.92,5,3,SF,,0.3278,-0.5355
0.925,5,3,SF,,0.3293,-0.5381
0.93,5,3,SF,,0.3309,-0.5407
0.935,5,3,SF,,0.3324,-0.5433
0.94,5,3,SF,,0.3339,-0.5459
0.945,5,3,SF,,0.3355,-0.5485
0.95,5,3,SF,,0.337,-0.5511
0.955,5,3,SF,,0.3385,-0.5537
0.96,5,3,SF,,0.34,-0.5562
0.965,5,3,SF,,0.3415,-0.5588
0.97,5,3,SF,,0.343,-0.5614
0.975,5,3,SF,,0.3445,-0.5639
0.98,5,3,SF,,0.346,-0.5665
0.985,5,3,SF,,0.3475,-0.569
0.99,5,3,SF,,0.349,-0.5716
0.995,5,3,SF,,0.3505,-0.5741
1,5,3,SF,,0.352,-0.5766
1.005,5,3,SF,,0.3535,-0.5792
1.01,5,3,SF,,0.355,-0.5817
1.015,5,3,SF,,0.3564,-0.5842
1.02,5,3,SF,,0.3579,-0.5867
1.025,5,3,SF,,0.3593,-0.5892
1.03,5,3,SF,,0.3608,-0.5917
1.035,5,3,SF,,0.3622,-0.5942
1.04,5,3,SF,,0.3637,-0.5967
1.045,5,3,SF,,0.3651,-0.5992
1.05,5,3,SF,,0.3666,-0.6017
1.055,5,3,SF,,0.368,-0.6041
1.06,5,3,SF,,0.3694,-0.6066
1.065,5,3,SF,,0.3709,-0.6091
1.07,5,3,SF,,0.3723,-0.6115
1.075,5,3,SF,,0.3737,-0.614
1.08,5,3,SF,,0.3751,-0.6164
1.085,5,3,SF,,0.3765,-0.6189
1.09,5,3,SF,,0.3779,-0.6213
1.095,5,3,SF,,0.3793,-0.6237
1.1,5,3,SF,,0.3807,-0.6261
1.105,5,3,SF,,0.3821,-0.6286
1.11,5,3,SF,,0.3834,-0.631
1.115,5,3,SF,,0.3848,-0.6334
1.12,5,3,SF,,0.3862,-0.6358
1.125,5,3,SF,,0.3875,-0.6382
1.13,5,3,SF,,0.3889,-0.6405
1.135,5,3,SF,,0.3903,-0.6429
1.14,5,3,SF,,0.3916,-0.6453
1.145,5,3,SF,,0.3929,-0.6477
1.15,5,3,SF,,0.3943,-0.65
1.155,5,3,SF,,0.3956,-0.6524
1.16,5,3,SF,,0.3969,-0.6547
1.165,5,3,SF,,0.3983,-0.6571
1.17,5,3,SF,,0.3996,-0.6594
1.175,5,3,SF,,0.4009,-0.6617
1.18,5,3,SF,,0.4022,-0.6641
1.185,5,3,SF,,0.4035,-0.6664
1.19,5,3,SF,,0.4048,-0.6687
1.195,5,3,SF,,0.4061,-0.671
1.2,5,3,SF,,0.4074,-0.6733
1.205,5,3,SF,,0.4087,-0.6756
1.21,5,3,SF,,0.4099,-0.6779
1.215,5,3,SF,,0.4112,-0.6802
1.22,5,3,SF,,0.4125,-0.6824
1.225,5,3,SF,,0.4137,-0.6847
1.23,5,3,SF,,0.415,-0.687
1.235,5,3,SF,,0.4162,-0.6892
1.24,5,3,SF,,0.4175,-0.6915
1.245,5,3,SF,,0.4187,-0.6937
1.25,5,3,SF,,0.4199,-0.6959
1.255,5,3,SF,,0.4211,-0.6982
1.26,5,3,SF,,0.4224,-0.7004
1.265,5,3,SF,,0.4236,-0.7026
1.27,5,3,SF,,0.4248,-0.7048
1.275,5,3,SF,,0.426,-0.707
1.28,5,3,SF,,0.4272,-0.7092
1.285,5,3,SF,,0.4284,-0.7114
1.29,5,3,SF,,0.4296,-0.7136
1.295,5,3,SF,,0.4307,-0.7157
1.3,5,3,SF,,0.4319,-0.7179
1.305,5,3,SF,,0.4331,-0.7201
1.31,5,3,SF,,0.4342,-0.7222
1.315,5,3,SF,,0.4354,-0.7244
1.32,5,3,SF,,0.4365,-0.7265
1.325,5,3,SF,,0.4377,-0.7286
1.33,5,3,SF,,0.4388,-0.7308
1.335,5,3,SF,,0.4399,-0.7329
1.34,5,3,SF,,0.4411,-0.735
1.345,5,3,SF,,0.4422,-0.7371
1.35,5,3,SF,,0.4433,-0.7392
1.355,5,3,SF,,0.4444,-0.7413
1.36,5,3,SF,,0.4455,-0.7434
1.365,5,3,SF,,0.4466,-0.7454
1.37,5,3,SF,,0.4477,-0.7475
1.375,5,3,SF,,0.4487,-0.7496
1.38,5,3,SF,,0.4498,-0.7516
1.385,5,3,SF,,0.4509,-0.7537
1.39,5,3,SF,,0.4519,-0.7557
1.395,5,3,SF,,0.453,-0.7577
1.4,5,3,SF,,0.454,-0.7598
1.405,5,3,SF,,0.4551,-0.7618
1.41,5,3,SF,,0.4561,-0.7638
1.415,5,3,SF,,0.4572,-0.7658
1.42,5,3,SF,,0.4582,-0.7678
1.425,5,3,SF,,0.4592,-0.7698
1.43,5,3,SF,,0.4602,-0.7718
1.435,5,3,SF,,0.4612,-0.7737
1.44,5,3,SF,,0.4622,-0.7757
1.445,5,3,SF,,0.4632,-0.7777
1.45,5,3,SF,,0.4642,-0.7796
1.455,5,3,SF,,0.4651,-0.7815
1.46,5,3,SF,,0.4661,-0.7835
1.465,5,3,SF,,0.4671,-0.7854
1.47,5,3,SF,,0.468,-0.7873
1.475,5,3,SF,,0.469,-0.7892
1.48,5,3,SF,,0.4699,-0.7911
1.485,5,3,SF,,0.4709,-0.793
1.49,5,3,SF,,0.4718,-0.7949
1.495,5,3,SF,,0.4727,-0.7968
1.5,5,3,SF,,0.4736,-0.7987
1.505,5,3,SF,,0.4745,-0.8005
1.51,5,3,SF,,0.4754,-0.8024
1.515,5,3,SF,,0.4763,-0.8042
1.52,5,3,SF,,0.4772,-0.8061
1.525,5,3,SF,,0.4781,-0.8079
1.53,5,3,SF,,0.479,-0.8097
1.535,5,3,SF,,0.4798,-0.8115
1.54,5,3,SF,,0.4807,-0.8133
1.545,5,3,SF,,0.4815,-0.8151
1.55,5,3,SF,,0.4824,-0.8169
1.555,5,3,SF,,0.4832,-0.8187
1.56,5,3,SF,,0.4841,-0.8205
1.565,5,3,SF,,0.4849,-0.8222
1.57,5,3,SF,,0.4857,-0.824
1.575,5,3,SF,,0.4865,-0.8257
1.58,5,3,SF,,0.4873,-0.8275
1.585,5,3,SF,,0.4881,-0.8292
1.59,5,3,SF,,0.4889,-0.8309
1.595,5,3,SF,,0.4897,-0.8327
1.6,5,3,SF,,0.4904,-0.8344
1.605,5,3,SF,,0.4912,-0.8361
1.61,5,3,SF,,0.492,-0.8378
1.615,5,3,SF,,0.4927,-0.8394
1.62,5,3,SF,,0.4934,-0.8411
1.625,5,3,SF,,0.4942,-0.8428
1.63,5,3,SF,,0.4949,-0.8444
1.635,5,3,SF,,0.4956,-0.8461
1.64,5,3,SF,,0.4963,-0.8477
1.645,5,3,SF,,0.497,-0.8493
1.65,5,3,SF,,0.4977,-0.851
1.655,5,3,SF,,0.4984,-0.8526
1.66,5,3,SF,,0.4991,-0.8542
1.665,5,3,SF,,0.4998,-0.8558
1.67,5,3,SF,,0.5004,-0.8574
1.675,5,3,SF,,0.5011,-0.8589
1.68,5,3,SF,,0.5018,-0.8605
1.685,5,3,SF,,0.5024,-0.8621
1.69,5,3,SF,,0.503,-0.8636
1.695,5,3,SF,,0.5037,-0.8651
1.7,5,3,SF,,0.5043,-0.8667
1.705,5,3,SF,,0.5049,-0.8682
1.71,5,3,SF,,0.5055,-0.8697
1.715,5,3,SF,,0.5061,-0.8712
1.72,5,3,SF,,0.5067,-0.8727
1.725,5,3,SF,,0.5072,-0.8742
1.73,5,3,SF,,0.5078,-0.8757
1.735,5,3,SF,,0.5084,-0.8771
1.74,5,3,SF,,0.5089,-0.8786
1.745,5,3,SF,,0.5095,-0.8801
1.75,5,3,SF,,0.51,-0.8815
1.755,5,3,SF,,0.5105,-0.8829
1.76,5,3,SF,,0.5111,-0.8843
1.765,5,3,SF,,0.5116,-0.8858
1.77,5,3,SF,,0.5121,-0.8872
1.775,5,3,SF,,0.5126,-0.8886
1.78,5,3,SF,,0.5131,-0.8899
1.785,5,3,SF,,0.5136,-0.8913
1.79,5,3,SF,,0.514,-0.8927
1.795,5,3,SF,,0.5145,-0.894
1.8,5,3,SF,,0.5149,-0.8954
1.805,5,3,SF,,0.5154,-0.8967
1.81,5,3,SF,,0.5158,-0.898
1.815,5,3,SF,,0.5163,-0.8994
1.82,5,3,SF,,0.5167,-0.9007
1.825,5,3,SF,,0.5171,-0.902
1.83,5,3,SF,,0.5175,-0.9033
1.835,5,3,SF,,0.5179,-0.9045
1.84,5,3,SF,,0.5183,-0.9058
1.845,5,3,SF,,0.5187,-0.9071
1.85,5,3,SF,,0.519,-0.9083
1.855,5,3,SF,,0.5194,-0.9096
1.86,5,3,SF,,0.5197,-0.9108
1.865,5,3,SF,,0.5201,-0.912
1.87,5,3,SF,,0.5204,-0.9132
1.875,5,3,SF,,0.5208,-0.9144
1.88,5,3,SF,,0.5211,-0.9156
1.885,5,3,SF,,0.5214,-0.9168
1.89,5,3,SF,,0.5217,-0.918
1.895,5,3,SF,,0.522,-0.9191
1.9,5,3,SF,,0.5223,-0.9203
1.905,5,3,SF,,0.5225,-0.9214
1.91,5,3,SF,,0.5228,-0.9225
1.915,5,3,SF,,0.523,-0.9237
1.92,5,3,SF,,0.5233,-0.9248
1.925,5,3,SF,,0.5235,-0.9259
1.93,5,3,SF,,0.5238,-0.927
1.935,5,3,SF,,0.524,-0.928
1.94,5,3,SF,,0.5242,-0.9291
1.945,5,3,SF,,0.5244,-0.9302
1.95,5,3,SF,,0.5246,-0.9312
1.955,5,3,SF,,0.5248,-0.9322
1.96,5,3,SF,,0.5249,-0.9333
1.965,5,3,SF,,0.5251,-0.9343
1.97,5,3,SF,,0.5253,-0.9353
1.975,5,3,SF,,0.5254,-0.9363
1.98,5,3,SF,,0.5255,-0.9373
1.985,5,3,SF,,0.5257,-0.9383
1.99,5,3,SF,,0.5258,-0.9392
1.995,5,3,SF,,0.5259,-0.9402
2,5,3,SF,,0.526,-0.9411
2.005,5,3,SF,,0.5261,-0.9421
2.01,5,3,SF,,0.5262,-0.943
2.015,5,3,SF,,0.5262,-0.9439
2.02,5,3,SF,,0.5263,-0.9448
2.025,5,3,SF,,0.5264,-0.9457
2.03,5,3,SF,,0.5264,-0.9466
2.035,5,3,SF,,0.5264,-0.9474
2.04,5,3,SF,,0.5265,-0.9483
2.045,5,3,SF,,0.5265,-0.9491
2.05,5,3,SF,,0.5265,-0.95
2.055,5,3,SF,,0.5265,-0.9508
2.06,5,3,SF,,0.5265,-0.9516
2.065,5,3,SF,,0.5264,-0.9524
2.07,5,3,SF,,0.5264,-0.9532
2.075,5,3,SF,,0.5264,-0.954
2.08,5,3,SF,,0.5263,-0.9548
2.085,5,3,SF,,0.5262,-0.9555
2.09,5,3,SF,,0.5262,-0.9563
2.095,5,3,SF,,0.5261,-0.957
2.1,5,3,SF,,0.526,-0.9577
2.105,5,3,SF,,0.5259,-0.9584
2.11,5,3,SF,,0.5258,-0.9592
2.115,5,3,SF,,0.5256,-0.9598
2.12,5,3,SF,,0.5255,-0.9605
2.125,5,3,SF,,0.5254,-0.9612
2.13,5,3,SF,,0.5252,-0.9619
2.135,5,3,SF,,0.5251,-0.9625
2.14,5,3,SF,,0.5249,-0.9631
2.145,5,3,SF,,0.5247,-0.9638
2.15,5,3,SF,,0.5245,-0.9644
2.155,5,3,SF,,0.5243,-0.965
2.16,5,3,SF,,0.5241,-0.9656
2.165,5,3,SF,,0.5239,-0.9662
2.17,5,3,SF,,0.5236,-0.9667
2.175,5,3,SF,,0.5234,-0.9673
2.18,5,3,SF,,0.5231,-0.9678
2.185,5,3,SF,,0.5229,-0.9684
2.19,5,3,SF,,0.5226,-0.9689
2.195,5,3,SF,,0.5223,-0.9694
2.2,5,3,SF,,0.522,-0.9699
2.205,5,3,SF,,0.5217,-0.9704
2.21,5,3,SF,,0.5214,-0.9708
2.215,5,3,SF,,0.5211,-0.9713
2.22,5,3,SF,,0.5207,-0.9718
2.225,5,3,SF,,0.5204,-0.9722
2.23,5,3,SF,,0.52,-0.9726
2.235,5,3,SF,,0.5197,-0.973
2.24,5,3,SF,,0.5193,-0.9735
2.245,5,3,SF,,0.5189,-0.9738
2.25,5,3,SF,,0.5185,-0.9742
2.255,5,3,SF,,0.5181,-0.9746
2.26,5,3,SF,,0.5177,-0.975
2.265,5,3,SF,,0.5172,-0.9753
2.27,5,3,SF,,0.5168,-0.9756
2.275,5,3,SF,,0.5163,-0.976
2.28,5,3,SF,,0.5159,-0.9763
2.285,5,3,SF,,0.5154,-0.9766
2.29,5,3,SF,,0.5149,-0.9768
2.295,5,3,SF,,0.5144,-0.9771
2.3,5,3,SF,,0.5139,-0.9774
2.305,5,3,SF,,0.5134,-0.9776
2.31,5,3,SF,,0.5128,-0.9779
2.315,5,3,SF,,0.5123,-0.9781
2.32,5,3,SF,,0.5117,-0.9783
2.325,5,3,SF,,0.5112,-0.9785
2.33,5,3,SF,,0.5106,-0.9787
2.335,5,3,SF,,0.51,-0.9789
2.34,5,3,SF,,0.5094,-0.979
2.345,5,3,SF,,0.5088,-0.9792
2.35,5,3,SF,,0.5082,-0.9793
2.355,5,3,SF,,0.5076,-0.9794
2.36,5,3,SF,,0.5069,-0.9795
2.365,5,3,SF,,0.5063,-0.9796
2.37,5,3,SF,,0.5056,-0.9797
2.375,5,3,SF,,0.5049,-0.9798
2.38,5,3,SF,,0.5043,-0.9799
2.385,5,3,SF,,0.5036,-0.9799
2.39,5,3,SF,,0.5029,-0.9799
2.395,5,3,SF,,0.5021,-0.98
2.4,5,3,SF,,0.5014,-0.98
2.405,5,3,SF,,0.5007,-0.98
2.41,5,3,SF,,0.4999,-0.98
2.415,5,3,SF,,0.4991,-0.9799
2.42,5,3,SF,,0.4984,-0.9799
2.425,5,3,SF,,0.4976,-0.9798
2.43,5,3,SF,,0.4968,-0.9798
2.435,5,3,SF,,0.496,-0.9797
2.44,5,3,SF,,0.4952,-0.9796
2.445,5,3,SF,,0.4943,-0.9795
2.45,5,3,SF,,0.4935,-0.9794
2.455,5,3,SF,,0.4926,-0.9793
2.46,5,3,SF,,0.4917,-0.9791
2.465,5,3,SF,,0.4909,-0.979
2.47,5,3,SF,,0.49,-0.9788
2.475,5,3,SF,,0.4891,-0.9786
2.48,5,3,SF,,0.4882,-0.9784
2.485,5,3,SF,,0.4872,-0.9782
2.49,5,3,SF,,0.4863,-0.978
2.495,5,3,SF,,0.4853,-0.9777
2.5,5,3,SF,,0.4844,-0.9775
2.505,5,3,SF,,0.4834,-0.9772
2.51,5,3,SF,,0.4824,-0.977
2.515,5,3,SF,,0.4814,-0.9767
2.52,5,3,SF,,0.4804,-0.9764
2.525,5,3,SF,,0.4794,-0.9761
2.53,5,3,SF,,0.4783,-0.9757
2.535,5,3,SF,,0.4773,-0.9754
2.54,5,3,SF,,0.4762,-0.975
2.545,5,3,SF,,0.4752,-0.9747
2.55,5,3,SF,,0.4741,-0.9743
2.555,5,3,SF,,0.473,-0.9739
2.56,5,3,SF,,0.4719,-0.9735
2.565,5,3,SF,,0.4708,-0.9731
2.57,5,3,SF,,0.4696,-0.9726
2.575,5,3,SF,,0.4685,-0.9722
2.58,5,3,SF,,0.4673,-0.9717
2.585,5,3,SF,,0.4662,-0.9712
2.59,5,3,SF,,0.465,-0.9707
2.595,5,3,SF,,0.4638,-0.9702
2.6,5,3,SF,,0.4626,-0.9697
2.605,5,3,SF,,0.4614,-0.9692
2.61,5,3,SF,,0.4601,-0.9686
2.615,5,3,SF,,0.4589,-0.9681
2.62,5,3,SF,,0.4576,-0.9675
2.625,5,3,SF,,0.4564,-0.9669
2.63,5,3,SF,,0.4551,-0.9663
2.635,5,3,SF,,0.4538,-0.9657
2.64,5,3,SF,,0.4525,-0.9651
2.645,5,3,SF,,0.4512,-0.9644
2.65,5,3,SF,,0.4499,-0.9638
2.655,5,3,SF,,0.4485,-0.9631
2.66,5,3,SF,,0.4472,-0.9624
2.665,5,3,SF,,0.4458,-0.9617
2.67,5,3,SF,,0.4444,-0.961
2.675,5,3,SF,,0.443,-0.9603
2.68,5,3,SF,,0.4416,-0.9595
2.685,5,3,SF,,0.4402,-0.9588
2.69,5,3,SF,,0.4388,-0.958
2.695,5,3,SF,,0.4373,-0.9572
2.7,5,3,SF,,0.4359,-0.9564
2.705,5,3,SF,,0.4344,-0.9556
2.71,5,3,SF,,0.4329,-0.9548
2.715,5,3,SF,,0.4314,-0.9539
2.72,5,3,SF,,0.4299,-0.9531
2.725,5,3,SF,,0.4284,-0.9522
2.73,5,3,SF,,0.4268,-0.9513
2.735,5,3,SF,,0.4253,-0.9504
2.74,5,3,SF,,0.4237,-0.9495
2.745,5,3,SF,,0.4222,-0.9486
2.75,5,3,SF,,0.4206,-0.9476
2.755,5,3,SF,,0.419,-0.9467
2.76,5,3,SF,,0.4174,-0.9457
2.765,5,3,SF,,0.4157,-0.9447
2.77,5,3,SF,,0.4141,-0.9437
2.775,5,3,SF,,0.4124,-0.9427
2.78,5,3,SF,,0.4108,-0.9417
2.785,5,3,SF,,0.4091,-0.9406
2.79,5,3,SF,,0.4074,-0.9395
2.795,5,3,SF,,0.4057,-0.9385
2.8,5,3,SF,,0.404,-0.9374
2.805,5,3,SF,,0.4023,-0.9363
2.81,5,3,SF,,0.4005,-0.9352
2.815,5,3,SF,,0.3987,-0.934
2.82,5,3,SF,,0.397,-0.9329
2.825,5,3,SF,,0.3952,-0.9317
2.83,5,3,SF,,0.3934,-0.9305
2.835,5,3,SF,,0.3916,-0.9293
2.84,5,3,SF,,0.3897,-0.9281
2.845,5,3,SF,,0.3879,-0.9269
2.85,5,3,SF,,0.3861,-0.9256
2.855,5,3,SF,,0.3842,-0.9244
2.86,5,3,SF,,0.3823,-0.9231
2.865,5,3,SF,,0.3804,-0.9218
2.87,5,3,SF,,0.3785,-0.9205
2.875,5,3,SF,,0.3766,-0.9192
2.88,5,3,SF,,0.3746,-0.9179
2.885,5,3,SF,,0.3727,-0.9165
2.89,5,3,SF,,0.3707,-0.9152
2.895,5,3,SF,,0.3688,-0.9138
2.9,5,3,SF,,0.3668,-0.9124
2.905,5,3,SF,,0.3648,-0.911
2.91,5,3,SF,,0.3627,-0.9096
2.915,5,3,SF,,0.3607,-0.9081
2.92,5,3,SF,,0.3587,-0.9067
2.925,5,3,SF,,0.3566,-0.9052
2.93,5,3,SF,,0.3545,-0.9037
2.935,5,3,SF,,0.3524,-0.9022
2.94,5,3,SF,,0.3503,-0.9007
2.945,5,3,SF,,0.3482,-0.8992
2.95,5,3,SF,,0.3461,-0.8976
2.955,5,3,SF,,0.3439,-0.8961
2.96,5,3,SF,,0.3418,-0.8945
2.965,5,3,SF,,0.3396,-0.8929
2.97,5,3,SF,,0.3374,-0.8913
2.975,5,3,SF,,0.3352,-0.8896
2.98,5,3,SF,,0.333,-0.888
2.985,5,3,SF,,0.3308,-0.8863
2.99,5,3,SF,,0.3285,-0.8847
2.995,5,3,SF,,0.3263,-0.883
3,5,3,SF,,0.324,-0.8813
3.005,5,3,SF,,0.3217,-0.8796
3.01,5,3,SF,,0.3195,-0.8778
3.015,5,3,SF,,0.3172,-0.8761
3.02,5,3,SF,,0.315,-0.8743
3.025,5,3,SF,,0.3127,-0.8725
3.03,5,3,SF,,0.3105,-0.8707
3.035,5,3,SF,,0.3083,-0.8689
3.04,5,3,SF,,0.3061,-0.8671
3.045,5,3,SF,,0.3039,-0.8652
3.05,5,3,SF,,0.3017,-0.8634
3.055,5,3,SF,,0.2996,-0.8615
3.06,5,3,SF,,0.2974,-0.8596
3.065,5,3,SF,,0.2953,-0.8577
3.07,5,3,SF,,0.2931,-0.8558
3.075,5,3,SF,,0.291,-0.8538
3.08,5,3,SF,,0.2889,-0.8519
3.085,5,3,SF,,0.2868,-0.8499
3.09,5,3,SF,,0.2847,-0.848
3.095,5,3,SF,,0.2826,-0.846
3.1,5,3,SF,,0.2805,-0.844
3.105,5,3,SF,,0.2784,-0.8419
3.11,5,3,SF,,0.2764,-0.8399
3.115,5,3,SF,,0.2743,-0.8379
3.12,5,3,SF,,0.2723,-0.8358
3.125,5,3,SF,,0.2703,-0.8337
3.13,5,3,SF,,0.2682,-0.8316
3.135,5,3,SF,,0.2662,-0.8295
3.14,5,3,SF,,0.2642,-0.8274
3.145,5,3,SF,,0.2623,-0.8253
3.15,5,3,SF,,0.2603,-0.8232
3.155,5,3,SF,,0.2583,-0.821
3.16,5,3,SF,,0.2564,-0.8188
3.165,5,3,SF,,0.2544,-0.8167
3.17,5,3,SF,,0.2525,-0.8145
3.175,5,3,SF,,0.2505,-0.8123
3.18,5,3,SF,,0.2486,-0.8101
3.185,5,3,SF,,0.2467,-0.8078
3.19,5,3,SF,,0.2448,-0.8056
3.195,5,3,SF,,0.2429,-0.8033
3.2,5,3,SF,,0.2411,-0.8011
3.205,5,3,SF,,0.2392,-0.7988
3.21,5,3,SF,,0.2373,-0.7965
3.215,5,3,SF,,0.2355,-0.7942
3.22,5,3,SF,,0.2336,-0.7919
3.225,5,3,SF,,0.2318,-0.7896
3.23,5,3,SF,,0.23,-0.7873
3.235,5,3,SF,,0.2282,-0.7849
3.24,5,3,SF,,0.2264,-0.7826
3.245,5,3,SF,,0.2246,-0.7802
3.25,5,3,SF,,0.2228,-0.7778
3.255,5,3,SF,,0.221,-0.7754
3.26,5,3,SF,,0.2193,-0.773
3.265,5,3,SF,,0.2175,-0.7706
3.27,5,3,SF,,0.2158,-0.7682
3.275,5,3,SF,,0.214,-0.7658
3.28,5,3,SF,,0.2123,-0.7633
3.285,5,3,SF,,0.2106,-0.7609
3.29,5,3,SF,,0.2089,-0.7584
3.295,5,3,SF,,0.2072,-0.7559
3.3,5,3,SF,,0.2055,-0.7535
3.305,5,3,SF,,0.2038,-0.751
3.31,5,3,SF,,0.2021,-0.7485
3.315,5,3,SF,,0.2005,-0.746
3.32,5,3,SF,,0.1988,-0.7434
3.325,5,3,SF,,0.1972,-0.7409
3.33,5,3,SF,,0.1955,-0.7384
3.335,5,3,SF,,0.1939,-0.7358
3.34,5,3,SF,,0.1923,-0.7333
3.345,5,3,SF,,0.1907,-0.7307
3.35,5,3,SF,,0.1891,-0.7281
3.355,5,3,SF,,0.1875,-0.7255
3.36,5,3,SF,,0.1859,-0.7229
3.365,5,3,SF,,0.1843,-0.7203
3.37,5,3,SF,,0.1828,-0.7177
3.375,5,3,SF,,0.1812,-0.7151
3.38,5,3,SF,,0.1797,-0.7125
3.385,5,3,SF,,0.1781,-0.7098
3.39,5,3,SF,,0.1766,-0.7072
3.395,5,3,SF,,0.1751,-0.7046
3.4,5,3,SF,,0.1736,-0.7019
3.405,5,3,SF,,0.1721,-0.6992
3.41,5,3,SF,,0.1706,-0.6965
3.415,5,3,SF,,0.1691,-0.6939
3.42,5,3,SF,,0.1676,-0.6912
3.425,5,3,SF,,0.1661,-0.6885
3.43,5,3,SF,,0.1647,-0.6858
3.435,5,3,SF,,0.1632,-0.6831
3.44,5,3,SF,,0.1618,-0.6803
3.445,5,3,SF,,0.1604,-0.6776
3.45,5,3,SF,,0.1589,-0.6749
3.455,5,3,SF,,0.1575,-0.6721
3.46,5,3,SF,,0.1561,-0.6694
3.465,5,3,SF,,0.1547,-0.6666
3.47,5,3,SF,,0.1533,-0.6639
3.475,5,3,SF,,0.1519,-0.6611
3.48,5,3,SF,,0.1505,-0.6583
3.485,5,3,SF,,0.1492,-0.6556
3.49,5,3,SF,,0.1478,-0.6528
3.495,5,3,SF,,0.1465,-0.65
3.5,5,3,SF,,0.1451,-0.6472
3.505,5,3,SF,,0.1438,-0.6444
3.51,5,3,SF,,0.1425,-0.6416
3.515,5,3,SF,,0.1411,-0.6388
3.52,5,3,SF,,0.1398,-0.6359
3.525,5,3,SF,,0.1385,-0.6331
3.53,5,3,SF,,0.1372,-0.6303
3.535,5,3,SF,,0.136,-0.6275
3.54,5,3,SF,,0.1347,-0.6246
3.545,5,3,SF,,0.1334,-0.6218
3.55,5,3,SF,,0.1321,-0.6189
3.555,5,3,SF,,0.1309,-0.6161
3.56,5,3,SF,,0.1296,-0.6132
3.565,5,3,SF,,0.1284,-0.6103
3.57,5,3,SF,,0.1272,-0.6075
3.575,5,3,SF,,0.1259,-0.6046
3.58,5,3,SF,,0.1247,-0.6017
3.585,5,3,SF,,0.1235,-0.5988
3.59,5,3,SF,,0.1223,-0.5959
3.595,5,3,SF,,0.1211,-0.5931
3.6,5,3,SF,,0.12,-0.5902
3.605,5,3,SF,,0.1188,-0.5873
3.61,5,3,SF,,0.1176,-0.5844
3.615,5,3,SF,,0.1164,-0.5815
3.62,5,3,SF,,0.1153,-0.5786
3.625,5,3,SF,,0.1141,-0.5756
3.63,5,3,SF,,0.113,-0.5727
3.635,5,3,SF,,0.1119,-0.5698
3.64,5,3,SF,,0.1108,-0.5669
3.645,5,3,SF,,0.1096,-0.564
3.65,5,3,SF,,0.1085,-0.561
3.655,5,3,SF,,0.1074,-0.5581
3.66,5,3,SF,,0.1063,-0.5552
3.665,5,3,SF,,0.1052,-0.5522
3.67,5,3,SF,,0.1042,-0.5493
3.675,5,3,SF,,0.1031,-0.5464
3.68,5,3,SF,,0.102,-0.5434
3.685,5,3,SF,,0.101,-0.5405
3.69,5,3,SF,,0.0999,-0.5375
3.695,5,3,SF,,0.0989,-0.5346
3.7,5,3,SF,,0.0979,-0.5316
3.705,5,3,SF,,0.0968,-0.5287
3.71,5,3,SF,,0.0958,-0.5257
3.715,5,3,SF,,0.0948,-0.5228
3.72,5,3,SF,,0.0938,-0.5198
3.725,5,3,SF,,0.0928,-0.5168
3.73,5,3,SF,,0.0918,-0.5139
3.735,5,3,SF,,0.0908,-0.5109
3.74,5,3,SF,,0.0898,-0.508
3.745,5,3,SF,,0.0889,-0.505
3.75,5,3,SF,,0.0879,-0.502
3.755,5,3,SF,,0.0869,-0.4991
3.76,5,3,SF,,0.086,-0.4961
3.765,5,3,SF,,0.085,-0.4931
3.77,5,3,SF,,0.0841,-0.4902
3.775,5,3,SF,,0.0832,-0.4872
3.78,5,3,SF,,0.0822,-0.4842
3.785,5,3,SF,,0.0813,-0.4813
3.79,5,3,SF,,0.0804,-0.4783
3.795,5,3,SF,,0.0795,-0.4753
3.8,5,3,SF,,0.0786,-0.4724
3.805,5,3,SF,,0.0777,-0.4694
3.81,5,3,SF,,0.0769,-0.4664
3.815,5,3,SF,,0.076,-0.4635
3.82,5,3,SF,,0.0751,-0.4605
3.825,5,3,SF,,0.0742,-0.4575
3.83,5,3,SF,,0.0734,-0.4546
3.835,5,3,SF,,0.0725,-0.4516
3.84,5,3,SF,,0.0717,-0.4486
3.845,5,3,SF,,0.0709,-0.4457
3.85,5,3,SF,,0.07,-0.4427
3.855,5,3,SF,,0.0692,-0.4398
3.86,5,3,SF,,0.0684,-0.4368
3.865,5,3,SF,,0.0676,-0.4339
3.87,5,3,SF,,0.0668,-0.4309
3.875,5,3,SF,,0.066,-0.4279
3.88,5,3,SF,,0.0652,-0.425
3.885,5,3,SF,,0.0644,-0.422
3.89,5,3,SF,,0.0636,-0.4191
3.895,5,3,SF,,0.0628,-0.4162
3.9,5,3,SF,,0.0621,-0.4132
3.905,5,3,SF,,0.0613,-0.4103
3.91,5,3,SF,,0.0606,-0.4073
3.915,5,3,SF,,0.0598,-0.4044
3.92,5,3,SF,,0.0591,-0.4015
3.925,5,3,SF,,0.0583,-0.3985
3.93,5,3,SF,,0.0576,-0.3956
3.935,5,3,SF,,0.0569,-0.3927
3.94,5,3,SF,,0.0562,-0.3898
3.945,5,3,SF,,0.0554,-0.3868
3.95,5,3,SF,,0.0547,-0.3839
3.955,5,3,SF,,0.054,-0.381
3.96,5,3,SF,,0.0533,-0.3781
3.965,5,3,SF,,0.0527,-0.3752
3.97,5,3,SF,,0.052,-0.3723
3.975,5,3,SF,,0.0513,-0.3694
3.98,5,3,SF,,0.0506,-0.3665
3.985,5,3,SF,,0.05,-0.3636
3.99,5,3,SF,,0.0493,-0.3607
3.995,5,3,SF,,0.0486,-0.3578
4,5,3,SF,,0.048,-0.355
4.005,5,3,SF,,0.0474,-0.3521
4.01,5,3,SF,,0.0467,-0.3492
4.015,5,3,SF,,0.0461,-0.3464
4.02,5,3,SF,,0.0455,-0.3435
4.025,5,3,SF,,0.0448,-0.3406
4.03,5,3,SF,,0.0442,-0.3378
4.035,5,3,SF,,0.0436,-0.3349
4.04,5,3,SF,,0.043,-0.3321
4.045,5,3,SF,,0.0424,-0.3293
4.05,5,3,SF,,0.0418,-0.3264
4.055,5,3,SF,,0.0412,-0.3236
4.06,5,3,SF,,0.0407,-0.3208
4.065,5,3,SF,,0.0401,-0.318
4.07,5,3,SF,,0.0395,-0.3152
4.075,5,3,SF,,0.039,-0.3124
4.08,5,3,SF,,0.0384,-0.3096
4.085,5,3,SF,,0.0378,-0.3068
4.09,5,3,SF,,0.0373,-0.304
4.095,5,3,SF,,0.0367,-0.3012
4.1,5,3,SF,,0.0362,-0.2984
4.105,5,3,SF,,0.0357,-0.2957
4.11,5,3,SF,,0.0351,-0.2929
4.115,5,3,SF,,0.0346,-0.2901
4.12,5,3,SF,,0.0341,-0.2874
4.125,5,3,SF,,0.0336,-0.2847
4.13,5,3,SF,,0.0331,-0.2819
4.135,5,3,SF,,0.0326,-0.2792
4.14,5,3,SF,,0.0321,-0.2765
4.145,5,3,SF,,0.0316,-0.2738
4.15,5,3,SF,,0.0311,-0.2711
4.155,5,3,SF,,0.0306,-0.2684
4.16,5,3,SF,,0.0301,-0.2657
4.165,5,3,SF,,0.0297,-0.263
4.17,5,3,SF,,0.0292,-0.2603
4.175,5,3,SF,,0.0287,-0.2576
4.18,5,3,SF,,0.0283,-0.255
4.185,5,3,SF,,0.0278,-0.2523
4.19,5,3,SF,,0.0274,-0.2497
4.195,5,3,SF,,0.0269,-0.247
4.2,5,3,SF,,0.0265,-0.2444
4.205,5,3,SF,,0.0261,-0.2418
4.21,5,3,SF,,0.0256,-0.2392
4.215,5,3,SF,,0.0252,-0.2366
4.22,5,3,SF,,0.0248,-0.234
4.225,5,3,SF,,0.0244,-0.2314
4.23,5,3,SF,,0.024,-0.2288
4.235,5,3,SF,,0.0236,-0.2262
4.24,5,3,SF,,0.0232,-0.2237
4.245,5,3,SF,,0.0228,-0.2211
4.25,5,3,SF,,0.0224,-0.2186
4.255,5,3,SF,,0.022,-0.2161
4.26,5,3,SF,,0.0216,-0.2135
4.265,5,3,SF,,0.0212,-0.211
4.27,5,3,SF,,0.0208,-0.2085
4.275,5,3,SF,,0.0205,-0.206
4.28,5,3,SF,,0.0201,-0.2036
4.285,5,3,SF,,0.0197,-0.2011
4.29,5,3,SF,,0.0194,-0.1986
4.295,5,3,SF,,0.019,-0.1962
4.3,5,3,SF,,0.0187,-0.1937
4.305,5,3,SF,,0.0183,-0.1913
4.31,5,3,SF,,0.018,-0.1889
4.315,5,3,SF,,0.0176,-0.1865
4.32,5,3,SF,,0.0173,-0.1841
4.325,5,3,SF,,0.017,-0.1817
4.33,5,3,SF,,0.0167,-0.1793
4.335,5,3,SF,,0.0163,-0.1769
4.34,5,3,SF,,0.016,-0.1746
4.345,5,3,SF,,0.0157,-0.1722
4.35,5,3,SF,,0.0154,-0.1699
4.355,5,3,SF,,0.0151,-0.1676
4.36,5,3,SF,,0.0148,-0.1652
4.365,5,3,SF,,0.0145,-0.1629
4.37,5,3,SF,,0.0142,-0.1607
4.375,5,3,SF,,0.0139,-0.1584
4.38,5,3,SF,,0.0136,-0.1561
4.385,5,3,SF,,0.0133,-0.1539
4.39,5,3,SF,,0.0131,-0.1516
4.395,5,3,SF,,0.0128,-0.1494
4.4,5,3,SF,,0.0125,-0.1472
4.405,5,3,SF,,0.0123,-0.145
4.41,5,3,SF,,0.012,-0.1428
4.415,5,3,SF,,0.0117,-0.1406
4.42,5,3,SF,,0.0115,-0.1384
4.425,5,3,SF,,0.0112,-0.1363
4.43,5,3,SF,,0.011,-0.1341
4.435,5,3,SF,,0.0107,-0.132
4.44,5,3,SF,,0.0105,-0.1299
4.445,5,3,SF,,0.0103,-0.1278
4.45,5,3,SF,,0.01,-0.1257
4.455,5,3,SF,,0.0098,-0.1236
4.46,5,3,SF,,0.0096,-0.1216
4.465,5,3,SF,,0.0093,-0.1195
4.47,5,3,SF,,0.0091,-0.1175
4.475,5,3,SF,,0.0089,-0.1155
4.48,5,3,SF,,0.0087,-0.1135
4.485,5,3,SF,,0.0085,-0.1115
4.49,5,3,SF,,0.0083,-0.1095
4.495,5,3,SF,,0.0081,-0.1075
4.5,5,3,SF,,0.0079,-0.1056
4.505,5,3,SF,,0.0077,-0.1036
4.51,5,3,SF,,0.0075,-0.1017
4.515,5,3,SF,,0.0073,-0.0998
4.52,5,3,SF,,0.0071,-0.0979
4.525,5,3,SF,,0.0069,-0.096
4.53,5,3,SF,,0.0067,-0.0942
4.535,5,3,SF,,0.0066,-0.0923
4.54,5,3,SF,,0.0064,-0.0905
4.545,5,3,SF,,0.0062,-0.0887
4.55,5,3,SF,,0.006,-0.0869
4.555,5,3,SF,,0.0059,-0.0851
4.56,5,3,SF,,0.0057,-0.0833
4.565,5,3,SF,,0.0056,-0.0816
4.57,5,3,SF,,0.0054,-0.0798
4.575,5,3,SF,,0.0052,-0.0781
4.58,5,3,SF,,0.0051,-0.0764
4.585,5,3,SF,,0.0049,-0.0747
4.59,5,3,SF,,0.0048,-0.073
4.595,5,3,SF,,0.0047,-0.0714
4.6,5,3,SF,,0.0045,-0.0697
4.605,5,3,SF,,0.0044,-0.0681
4.61,5,3,SF,,0.0042,-0.0665
4.615,5,3,SF,,0.0041,-0.0649
4.62,5,3,SF,,0.004,-0.0633
4.625,5,3,SF,,0.0038,-0.0617
4.63,5,3,SF,,0.0037,-0.0602
4.635,5,3,SF,,0.0036,-0.0587
4.64,5,3,SF,,0.0035,-0.0572
4.645,5,3,SF,,0.0034,-0.0557
4.65,5,3,SF,,0.0033,-0.0542
4.655,5,3,SF,,0.0031,-0.0527
4.66,5,3,SF,,0.003,-0.0513
4.665,5,3,SF,,0.0029,-0.0499
4.67,5,3,SF,,0.0028,-0.0485
4.675,5,3,SF,,0.0027,-0.0471
4.68,5,3,SF,,0.0026,-0.0457
4.685,5,3,SF,,0.0025,-0.0444
4.69,5,3,SF,,0.0024,-0.043
4.695,5,3,SF,,0.0023,-0.0417
4.7,5,3,SF,,0.0022,-0.0404
4.705,5,3,SF,,0.0022,-0.0392
4.71,5,3,SF,,0.0021,-0.0379
4.715,5,3,SF,,0.002,-0.0367
4.72,5,3,SF,,0.0019,-0.0354
4.725,5,3,SF,,0.0018,-0.0342
4.73,5,3,SF,,0.0017,-0.033
4.735,5,3,SF,,0.0017,-0.0319
4.74,5,3,SF,,0.0016,-0.0307
4.745,5,3,SF,,0.0015,-0.0296
4.75,5,3,SF,,0.0015,-0.0285
4.755,5,3,SF,,0.0014,-0.0274
4.76,5,3,SF,,0.0013,-0.0263
4.765,5,3,SF,,0.0013,-0.0253
4.77,5,3,SF,,0.0012,-0.0243
4.775,5,3,SF,,0.0011,-0.0233
4.78,5,3,SF,,0.0011,-0.0223
4.785,5,3,SF,,0.001,-0.0213
4.79,5,3,SF,,0.001,-0.0203
4.795,5,3,SF,,0.0009,-0.0194
4.8,5,3,SF,,0.0009,-0.0185
4.805,5,3,SF,,0.0008,-0.0176
4.81,5,3,SF,,0.0008,-0.0168
4.815,5,3,SF,,0.0007,-0.0159
4.82,5,3,SF,,0.0007,-0.0151
4.825,5,3,SF,,0.0006,-0.0143
4.83,5,3,SF,,0.0006,-0.0135
4.835,5,3,SF,,0.0006,-0.0127
4.84,5,3,SF,,0.0005,-0.012
4.845,5,3,SF,,0.0005,-0.0113
4.85,5,3,SF,,0.0004,-0.0106
4.855,5,3,SF,,0.0004,-0.0099
4.86,5,3,SF,,0.0004,-0.0092
4.865,5,3,SF,,0.0004,-0.0086
4.87,5,3,SF,,0.0003,-0.008
4.875,5,3,SF,,0.0003,-0.0074
4.88,5,3,SF,,0.0003,-0.0068
4.885,5,3,SF,,0.0002,-0.0063
4.89,5,3,SF,,0.0002,-0.0057
4.895,5,3,SF,,0.0002,-0.0052
4.9,5,3,SF,,0.0002,-0.0048
4.905,5,3,SF,,0.0002,-0.0043
4.91,5,3,SF,,0.0001,-0.0039
4.915,5,3,SF,,0.0001,-0.0035
4.92,5,3,SF,,0.0001,-0.0031
4.925,5,3,SF,,0.0001,-0.0027
4.93,5,3,SF,,0.0001,-0.0024
4.935,5,3,SF,,0.0001,-0.002
4.94,5,3,SF,,0.0001,-0.0017
4.945,5,3,SF,,0.0001,-0.0015
4.95,5,3,SF,,0,-0.0012
4.955,5,3,SF,,0,-0.001
4.96,5,3,SF,,0,-0.0008
4.965,5,3,SF,,0,-0.0006
4.97,5,3,SF,,0,-0.0004
4.975,5,3,SF,,0,-0.0003
4.98,5,3,SF,,0,-0.0002
4.985,5,3,SF,,0,-0.0001
4.99,5,3,SF,,0,0
4.995,5,3,SF,,0,0
5,5,3,SF,,0,0
0,5,3.5,SF,,0,0
0.005,5,3.5,SF,,0.0019,-0.002
0.01,5,3.5,SF,,0.0039,-0.004
0.015,5,3.5,SF,,0.0058,-0.006
0.02,5,3.5,SF,,0.0078,-0.008
0.025,5,3.5,SF,,0.0097,-0.01
0.03,5,3.5,SF,,0.0116,-0.012
0.035,5,3.5,SF,,0.0136,-0.0141
0.04,5,3.5,SF,,0.0155,-0.0161
0.045,5,3.5,SF,,0.0175,-0.0181
0.05,5,3.5,SF,,0.0194,-0.0201
0.055,5,3.5,SF,,0.0213,-0.0221
0.06,5,3.5,SF,,0.0233,-0.0241
0.065,5,3.5,SF,,0.0252,-0.0261
0.07,5,3.5,SF,,0.0272,-0.0281
0.075,5,3.5,SF,,0.0291,-0.0301
0.08,5,3.5,SF,,0.0311,-0.0321
0.085,5,3.5,SF,,0.033,-0.0341
0.09,5,3.5,SF,,0.0349,-0.0361
0.095,5,3.5,SF,,0.0369,-0.0381
0.1,5,3.5,SF,,0.0388,-0.0401
0.105,5,3.5,SF,,0.0408,-0.0421
0.11,5,3.5,SF,,0.0427,-0.0442
0.115,5,3.5,SF,,0.0447,-0.0462
0.12,5,3.5,SF,,0.0466,-0.0482
0.125,5,3.5,SF,,0.0485,-0.0502
0.13,5,3.5,SF,,0.0505,-0.0522
0.135,5,3.5,SF,,0.0524,-0.0542
0.14,5,3.5,SF,,0.0544,-0.0562
0.145,5,3.5,SF,,0.0563,-0.0582
0.15,5,3.5,SF,,0.0583,-0.0602
0.155,5,3.5,SF,,0.0602,-0.0622
0.16,5,3.5,SF,,0.0621,-0.0642
0.165,5,3.5,SF,,0.0641,-0.0662
0.17,5,3.5,SF,,0.066,-0.0682
0.175,5,3.5,SF,,0.068,-0.0702
0.18,5,3.5,SF,,0.0699,-0.0722
0.185,5,3.5,SF,,0.0719,-0.0742
0.19,5,3.5,SF,,0.0738,-0.0762
0.195,5,3.5,SF,,0.0757,-0.0782
0.2,5,3.5,SF,,0.0777,-0.0802
0.205,5,3.5,SF,,0.0796,-0.0822
0.21,5,3.5,SF,,0.0816,-0.0841
0.215,5,3.5,SF,,0.0835,-0.0861
0.22,5,3.5,SF,,0.0855,-0.0881
0.225,5,3.5,SF,,0.0874,-0.0901
0.23,5,3.5,SF,,0.0893,-0.0921
0.235,5,3.5,SF,,0.0913,-0.0941
0.24,5,3.5,SF,,0.0932,-0.0961
0.245,5,3.5,SF,,0.0951,-0.0981
0.25,5,3.5,SF,,0.0971,-0.1001
0.255,5,3.5,SF,,0.099,-0.1021
0.26,5,3.5,SF,,0.101,-0.1041
0.265,5,3.5,SF,,0.1029,-0.106
0.27,5,3.5,SF,,0.1048,-0.108
0.275,5,3.5,SF,,0.1068,-0.11
0.28,5,3.5,SF,,0.1087,-0.112
0.285,5,3.5,SF,,0.1106,-0.114
0.29,5,3.5,SF,,0.1126,-0.116
0.295,5,3.5,SF,,0.1145,-0.1179
0.3,5,3.5,SF,,0.1164,-0.1199
0.305,5,3.5,SF,,0.1184,-0.1219
0.31,5,3.5,SF,,0.1203,-0.1239
0.315,5,3.5,SF,,0.1222,-0.1259
0.32,5,3.5,SF,,0.1242,-0.1278
0.325,5,3.5,SF,,0.1261,-0.1298
0.33,5,3.5,SF,,0.128,-0.1318
0.335,5,3.5,SF,,0.1299,-0.1338
0.34,5,3.5,SF,,0.1319,-0.1357
0.345,5,3.5,SF,,0.1338,-0.1377
0.35,5,3.5,SF,,0.1357,-0.1397
0.355,5,3.5,SF,,0.1376,-0.1417
0.36,5,3.5,SF,,0.1396,-0.1436
0.365,5,3.5,SF,,0.1415,-0.1456
0.37,5,3.5,SF,,0.1434,-0.1476
0.375,5,3.5,SF,,0.1453,-0.1495
0.38,5,3.5,SF,,0.1472,-0.1515
0.385,5,3.5,SF,,0.1492,-0.1534
0.39,5,3.5,SF,,0.1511,-0.1554
0.395,5,3.5,SF,,0.153,-0.1574
0.4,5,3.5,SF,,0.1549,-0.1593
0.405,5,3.5,SF,,0.1568,-0.1613
0.41,5,3.5,SF,,0.1587,-0.1632
0.415,5,3.5,SF,,0.1606,-0.1652
0.42,5,3.5,SF,,0.1626,-0.1672
0.425,5,3.5,SF,,0.1645,-0.1691
0.43,5,3.5,SF,,0.1664,-0.1711
0.435,5,3.5,SF,,0.1683,-0.173
0.44,5,3.5,SF,,0.1702,-0.175
0.445,5,3.5,SF,,0.1721,-0.1769
0.45,5,3.5,SF,,0.174,-0.1788
0.455,5,3.5,SF,,0.1759,-0.1808
0.46,5,3.5,SF,,0.1778,-0.1827
0.465,5,3.5,SF,,0.1797,-0.1847
0.47,5,3.5,SF,,0.1816,-0.1866
0.475,5,3.5,SF,,0.1835,-0.1886
0.48,5,3.5,SF,,0.1854,-0.1905
0.485,5,3.5,SF,,0.1873,-0.1924
0.49,5,3.5,SF,,0.1892,-0.1944
0.495,5,3.5,SF,,0.191,-0.1963
0.5,5,3.5,SF,,0.1929,-0.1982
0.505,5,3.5,SF,,0.1948,-0.2002
0.51,5,3.5,SF,,0.1967,-0.2021
0.515,5,3.5,SF,,0.1986,-0.204
0.52,5,3.5,SF,,0.2005,-0.2059
0.525,5,3.5,SF,,0.2024,-0.2079
0.53,5,3.5,SF,,0.2042,-0.2098
0.535,5,3.5,SF,,0.2061,-0.2117
0.54,5,3.5,SF,,0.208,-0.2136
0.545,5,3.5,SF,,0.2099,-0.2155
0.55,5,3.5,SF,,0.2117,-0.2175
0.555,5,3.5,SF,,0.2136,-0.2194
0.56,5,3.5,SF,,0.2155,-0.2213
0.565,5,3.5,SF,,0.2174,-0.2232
0.57,5,3.5,SF,,0.2192,-0.2251
0.575,5,3.5,SF,,0.2211,-0.227
0.58,5,3.5,SF,,0.2229,-0.2289
0.585,5,3.5,SF,,0.2248,-0.2308
0.59,5,3.5,SF,,0.2267,-0.2327
0.595,5,3.5,SF,,0.2285,-0.2346
0.6,5,3.5,SF,,0.2304,-0.2365
0.605,5,3.5,SF,,0.2322,-0.2384
0.61,5,3.5,SF,,0.2341,-0.2403
0.615,5,3.5,SF,,0.2359,-0.2422
0.62,5,3.5,SF,,0.2378,-0.2441
0.625,5,3.5,SF,,0.2396,-0.246
0.63,5,3.5,SF,,0.2415,-0.2479
0.635,5,3.5,SF,,0.2433,-0.2497
0.64,5,3.5,SF,,0.2451,-0.2516
0.645,5,3.5,SF,,0.247,-0.2535
0.65,5,3.5,SF,,0.2488,-0.2554
0.655,5,3.5,SF,,0.2507,-0.2573
0.66,5,3.5,SF,,0.2525,-0.2591
0.665,5,3.5,SF,,0.2543,-0.261
0.67,5,3.5,SF,,0.2561,-0.2629
0.675,5,3.5,SF,,0.258,-0.2647
0.68,5,3.5,SF,,0.2598,-0.2666
0.685,5,3.5,SF,,0.2616,-0.2685
0.69,5,3.5,SF,,0.2634,-0.2703
0.695,5,3.5,SF,,0.2652,-0.2722
0.7,5,3.5,SF,,0.2671,-0.2741
0.705,5,3.5,SF,,0.2689,-0.2759
0.71,5,3.5,SF,,0.2707,-0.2778
0.715,5,3.5,SF,,0.2725,-0.2796
0.72,5,3.5,SF,,0.2743,-0.2815
0.725,5,3.5,SF,,0.2761,-0.2833
0.73,5,3.5,SF,,0.2779,-0.2852
0.735,5,3.5,SF,,0.2797,-0.287
0.74,5,3.5,SF,,0.2815,-0.2888
0.745,5,3.5,SF,,0.2833,-0.2907
0.75,5,3.5,SF,,0.2851,-0.2925
0.755,5,3.5,SF,,0.2869,-0.2943
0.76,5,3.5,SF,,0.2886,-0.2962
0.765,5,3.5,SF,,0.2904,-0.298
0.77,5,3.5,SF,,0.2922,-0.2998
0.775,5,3.5,SF,,0.294,-0.3016
0.78,5,3.5,SF,,0.2958,-0.3035
0.785,5,3.5,SF,,0.2975,-0.3053
0.79,5,3.5,SF,,0.2993,-0.3071
0.795,5,3.5,SF,,0.3011,-0.3089
0.8,5,3.5,SF,,0.3028,-0.3107
0.805,5,3.5,SF,,0.3046,-0.3125
0.81,5,3.5,SF,,0.3064,-0.3143
0.815,5,3.5,SF,,0.3081,-0.3161
0.82,5,3.5,SF,,0.3099,-0.3179
0.825,5,3.5,SF,,0.3116,-0.3197
0.83,5,3.5,SF,,0.3134,-0.3215
0.835,5,3.5,SF,,0.3151,-0.3233
0.84,5,3.5,SF,,0.3168,-0.3251
0.845,5,3.5,SF,,0.3186,-0.3269
0.85,5,3.5,SF,,0.3203,-0.3287
0.855,5,3.5,SF,,0.3221,-0.3305
0.86,5,3.5,SF,,0.3238,-0.3323
0.865,5,3.5,SF,,0.3255,-0.334
0.87,5,3.5,SF,,0.3272,-0.3358
0.875,5,3.5,SF,,0.329,-0.3376
0.88,5,3.5,SF,,0.3307,-0.3394
0.885,5,3.5,SF,,0.3324,-0.3411
0.89,5,3.5,SF,,0.3341,-0.3429
0.895,5,3.5,SF,,0.3358,-0.3446
0.9,5,3.5,SF,,0.3375,-0.3464
0.905,5,3.5,SF,,0.3392,-0.3482
0.91,5,3.5,SF,,0.3409,-0.3499
0.915,5,3.5,SF,,0.3426,-0.3517
0.92,5,3.5,SF,,0.3443,-0.3534
0.925,5,3.5,SF,,0.346,-0.3552
0.93,5,3.5,SF,,0.3477,-0.3569
0.935,5,3.5,SF,,0.3494,-0.3586
0.94,5,3.5,SF,,0.3511,-0.3604
0.945,5,3.5,SF,,0.3528,-0.3621
0.95,5,3.5,SF,,0.3544,-0.3638
0.955,5,3.5,SF,,0.3561,-0.3656
0.96,5,3.5,SF,,0.3578,-0.3673
0.965,5,3.5,SF,,0.3594,-0.369
0.97,5,3.5,SF,,0.3611,-0.3707
0.975,5,3.5,SF,,0.3628,-0.3724
0.98,5,3.5,SF,,0.3644,-0.3742
0.985,5,3.5,SF,,0.3661,-0.3759
0.99,5,3.5,SF,,0.3677,-0.3776
0.995,5,3.5,SF,,0.3694,-0.3793
1,5,3.5,SF,,0.371,-0.381
1.005,5,3.5,SF,,0.3726,-0.3827
1.01,5,3.5,SF,,0.3743,-0.3844
1.015,5,3.5,SF,,0.3759,-0.3861
1.02,5,3.5,SF,,0.3775,-0.3877
1.025,5,3.5,SF,,0.3792,-0.3894
1.03,5,3.5,SF,,0.3808,-0.3911
1.035,5,3.5,SF,,0.3824,-0.3928
1.04,5,3.5,SF,,0.384,-0.3945
1.045,5,3.5,SF,,0.3856,-0.3961
1.05,5,3.5,SF,,0.3872,-0.3978
1.055,5,3.5,SF,,0.3888,-0.3995
1.06,5,3.5,SF,,0.3904,-0.4011
1.065,5,3.5,SF,,0.392,-0.4028
1.07,5,3.5,SF,,0.3936,-0.4044
1.075,5,3.5,SF,,0.3952,-0.4061
1.08,5,3.5,SF,,0.3968,-0.4077
1.085,5,3.5,SF,,0.3984,-0.4094
1.09,5,3.5,SF,,0.3999,-0.411
1.095,5,3.5,SF,,0.4015,-0.4127
1.1,5,3.5,SF,,0.4031,-0.4143
1.105,5,3.5,SF,,0.4046,-0.4159
1.11,5,3.5,SF,,0.4062,-0.4176
1.115,5,3.5,SF,,0.4078,-0.4192
1.12,5,3.5,SF,,0.4093,-0.4208
1.125,5,3.5,SF,,0.4109,-0.4224
1.13,5,3.5,SF,,0.4124,-0.424
1.135,5,3.5,SF,,0.4139,-0.4256
1.14,5,3.5,SF,,0.4155,-0.4273
1.145,5,3.5,SF,,0.417,-0.4289
1.15,5,3.5,SF,,0.4185,-0.4305
1.155,5,3.5,SF,,0.4201,-0.4321
1.16,5,3.5,SF,,0.4216,-0.4336
1.165,5,3.5,SF,,0.4231,-0.4352
1.17,5,3.5,SF,,0.4246,-0.4368
1.175,5,3.5,SF,,0.4261,-0.4384
1.18,5,3.5,SF,,0.4276,-0.44
1.185,5,3.5,SF,,0.4291,-0.4416
1.19,5,3.5,SF,,0.4306,-0.4431
1.195,5,3.5,SF,,0.4321,-0.4447
1.2,5,3.5,SF,,0.4336,-0.4463
1.205,5,3.5,SF,,0.4351,-0.4478
1.21,5,3.5,SF,,0.4366,-0.4494
1.215,5,3.5,SF,,0.438,-0.4509
1.22,5,3.5,SF,,0.4395,-0.4525
1.225,5,3.5,SF,,0.441,-0.454
1.23,5,3.5,SF,,0.4424,-0.4556
1.235,5,3.5,SF,,0.4439,-0.4571
1.24,5,3.5,SF,,0.4454,-0.4586
1.245,5,3.5,SF,,0.4468,-0.4602
1.25,5,3.5,SF,,0.4482,-0.4617
1.255,5,3.5,SF,,0.4497,-0.4632
1.26,5,3.5,SF,,0.4511,-0.4647
1.265,5,3.5,SF,,0.4525,-0.4662
1.27,5,3.5,SF,,0.454,-0.4678
1.275,5,3.5,SF,,0.4554,-0.4693
1.28,5,3.5,SF,,0.4568,-0.4708
1.285,5,3.5,SF,,0.4582,-0.4723
1.29,5,3.5,SF,,0.4596,-0.4738
1.295,5,3.5,SF,,0.461,-0.4752
1.3,5,3.5,SF,,0.4624,-0.4767
1.305,5,3.5,SF,,0.4638,-0.4782
1.31,5,3.5,SF,,0.4652,-0.4797
1.315,5,3.5,SF,,0.4666,-0.4812
1.32,5,3.5,SF,,0.468,-0.4826
1.325,5,3.5,SF,,0.4693,-0.4841
1.33,5,3.5,SF,,0.4707,-0.4856
1.335,5,3.5,SF,,0.4721,-0.487
1.34,5,3.5,SF,,0.4734,-0.4885
1.345,5,3.5,SF,,0.4748,-0.4899
1.35,5,3.5,SF,,0.4762,-0.4914
1.355,5,3.5,SF,,0.4775,-0.4928
1.36,5,3.5,SF,,0.4788,-0.4943
1.365,5,3.5,SF,,0.4802,-0.4957
1.37,5,3.5,SF,,0.4815,-0.4971
1.375,5,3.5,SF,,0.4828,-0.4985
1.38,5,3.5,SF,,0.4842,-0.5
1.385,5,3.5,SF,,0.4855,-0.5014
1.39,5,3.5,SF,,0.4868,-0.5028
1.395,5,3.5,SF,,0.4881,-0.5042
1.4,5,3.5,SF,,0.4894,-0.5056
1.405,5,3.5,SF,,0.4907,-0.507
1.41,5,3.5,SF,,0.492,-0.5084
1.415,5,3.5,SF,,0.4933,-0.5098
1.42,5,3.5,SF,,0.4945,-0.5112
1.425,5,3.5,SF,,0.4958,-0.5125
1.43,5,3.5,SF,,0.4971,-0.5139
1.435,5,3.5,SF,,0.4983,-0.5153
1.44,5,3.5,SF,,0.4996,-0.5167
1.445,5,3.5,SF,,0.5009,-0.518
1.45,5,3.5,SF,,0.5021,-0.5194
1.455,5,3.5,SF,,0.5034,-0.5207
1.46,5,3.5,SF,,0.5046,-0.5221
1.465,5,3.5,SF,,0.5058,-0.5234
1.47,5,3.5,SF,,0.5071,-0.5248
1.475,5,3.5,SF,,0.5083,-0.5261
1.48,5,3.5,SF,,0.5095,-0.5274
1.485,5,3.5,SF,,0.5107,-0.5288
1.49,5,3.5,SF,,0.5119,-0.5301
1.495,5,3.5,SF,,0.5131,-0.5314
1.5,5,3.5,SF,,0.5143,-0.5327
1.505,5,3.5,SF,,0.5155,-0.534
1.51,5,3.5,SF,,0.5167,-0.5353
1.515,5,3.5,SF,,0.5179,-0.5366
1.52,5,3.5,SF,,0.519,-0.5379
1.525,5,3.5,SF,,0.5202,-0.5392
1.53,5,3.5,SF,,0.5214,-0.5405
1.535,5,3.5,SF,,0.5225,-0.5418
1.54,5,3.5,SF,,0.5237,-0.5431
1.545,5,3.5,SF,,0.5248,-0.5443
1.55,5,3.5,SF,,0.526,-0.5456
1.555,5,3.5,SF,,0.5271,-0.5469
1.56,5,3.5,SF,,0.5282,-0.5481
1.565,5,3.5,SF,,0.5294,-0.5494
1.57,5,3.5,SF,,0.5305,-0.5506
1.575,5,3.5,SF,,0.5316,-0.5519
1.58,5,3.5,SF,,0.5327,-0.5531
1.585,5,3.5,SF,,0.5338,-0.5543
1.59,5,3.5,SF,,0.5349,-0.5556
1.595,5,3.5,SF,,0.536,-0.5568
1.6,5,3.5,SF,,0.5371,-0.558
1.605,5,3.5,SF,,0.5381,-0.5592
1.61,5,3.5,SF,,0.5392,-0.5604
1.615,5,3.5,SF,,0.5403,-0.5616
1.62,5,3.5,SF,,0.5413,-0.5628
1.625,5,3.5,SF,,0.5424,-0.564
1.63,5,3.5,SF,,0.5434,-0.5652
1.635,5,3.5,SF,,0.5445,-0.5664
1.64,5,3.5,SF,,0.5455,-0.5676
1.645,5,3.5,SF,,0.5465,-0.5687
1.65,5,3.5,SF,,0.5476,-0.5699
1.655,5,3.5,SF,,0.5486,-0.5711
1.66,5,3.5,SF,,0.5496,-0.5722
1.665,5,3.5,SF,,0.5506,-0.5734
1.67,5,3.5,SF,,0.5516,-0.5745
1.675,5,3.5,SF,,0.5526,-0.5757
1.68,5,3.5,SF,,0.5536,-0.5768
1.685,5,3.5,SF,,0.5546,-0.5779
1.69,5,3.5,SF,,0.5555,-0.579
1.695,5,3.5,SF,,0.5565,-0.5802
1.7,5,3.5,SF,,0.5575,-0.5813
1.705,5,3.5,SF,,0.5584,-0.5824
1.71,5,3.5,SF,,0.5594,-0.5835
1.715,5,3.5,SF,,0.5603,-0.5846
1.72,5,3.5,SF,,0.5612,-0.5857
1.725,5,3.5,SF,,0.5622,-0.5868
1.73,5,3.5,SF,,0.5631,-0.5879
1.735,5,3.5,SF,,0.564,-0.5889
1.74,5,3.5,SF,,0.5649,-0.59
1.745,5,3.5,SF,,0.5658,-0.5911
1.75,5,3.5,SF,,0.5667,-0.5921
1.755,5,3.5,SF,,0.5676,-0.5932
1.76,5,3.5,SF,,0.5685,-0.5943
1.765,5,3.5,SF,,0.5694,-0.5953
1.77,5,3.5,SF,,0.5703,-0.5963
1.775,5,3.5,SF,,0.5711,-0.5974
1.78,5,3.5,SF,,0.572,-0.5984
1.785,5,3.5,SF,,0.5728,-0.5994
1.79,5,3.5,SF,,0.5737,-0.6004
1.795,5,3.5,SF,,0.5745,-0.6015
1.8,5,3.5,SF,,0.5754,-0.6025
1.805,5,3.5,SF,,0.5762,-0.6035
1.81,5,3.5,SF,,0.577,-0.6045
1.815,5,3.5,SF,,0.5778,-0.6055
1.82,5,3.5,SF,,0.5786,-0.6064
1.825,5,3.5,SF,,0.5794,-0.6074
1.83,5,3.5,SF,,0.5802,-0.6084
1.835,5,3.5,SF,,0.581,-0.6094
1.84,5,3.5,SF,,0.5818,-0.6103
1.845,5,3.5,SF,,0.5825,-0.6113
1.85,5,3.5,SF,,0.5833,-0.6122
1.855,5,3.5,SF,,0.5841,-0.6132
1.86,5,3.5,SF,,0.5848,-0.6141
1.865,5,3.5,SF,,0.5856,-0.615
1.87,5,3.5,SF,,0.5863,-0.616
1.875,5,3.5,SF,,0.587,-0.6169
1.88,5,3.5,SF,,0.5878,-0.6178
1.885,5,3.5,SF,,0.5885,-0.6187
1.89,5,3.5,SF,,0.5892,-0.6196
1.895,5,3.5,SF,,0.5899,-0.6205
1.9,5,3.5,SF,,0.5906,-0.6214
1.905,5,3.5,SF,,0.5913,-0.6223
1.91,5,3.5,SF,,0.592,-0.6232
1.915,5,3.5,SF,,0.5926,-0.6241
1.92,5,3.5,SF,,0.5933,-0.6249
1.925,5,3.5,SF,,0.594,-0.6258
1.93,5,3.5,SF,,0.5946,-0.6266
1.935,5,3.5,SF,,0.5953,-0.6275
1.94,5,3.5,SF,,0.5959,-0.6283
1.945,5,3.5,SF,,0.5965,-0.6292
1.95,5,3.5,SF,,0.5972,-0.63
1.955,5,3.5,SF,,0.5978,-0.6308
1.96,5,3.5,SF,,0.5984,-0.6317
1.965,5,3.5,SF,,0.599,-0.6325
1.97,5,3.5,SF,,0.5996,-0.6333
1.975,5,3.5,SF,,0.6002,-0.6341
1.98,5,3.5,SF,,0.6008,-0.6349
1.985,5,3.5,SF,,0.6013,-0.6357
1.99,5,3.5,SF,,0.6019,-0.6365
1.995,5,3.5,SF,,0.6024,-0.6372
2,5,3.5,SF,,0.603,-0.638
2.005,5,3.5,SF,,0.6035,-0.6388
2.01,5,3.5,SF,,0.6041,-0.6395
2.015,5,3.5,SF,,0.6046,-0.6403
2.02,5,3.5,SF,,0.6051,-0.641
2.025,5,3.5,SF,,0.6056,-0.6418
2.03,5,3.5,SF,,0.6062,-0.6425
2.035,5,3.5,SF,,0.6066,-0.6432
2.04,5,3.5,SF,,0.6071,-0.644
2.045,5,3.5,SF,,0.6076,-0.6447
2.05,5,3.5,SF,,0.6081,-0.6454
2.055,5,3.5,SF,,0.6086,-0.6461
2.06,5,3.5,SF,,0.609,-0.6468
2.065,5,3.5,SF,,0.6095,-0.6475
2.07,5,3.5,SF,,0.6099,-0.6482
2.075,5,3.5,SF,,0.6104,-0.6488
2.08,5,3.5,SF,,0.6108,-0.6495
2.085,5,3.5,SF,,0.6112,-0.6502
2.09,5,3.5,SF,,0.6116,-0.6508
2.095,5,3.5,SF,,0.612,-0.6515
2.1,5,3.5,SF,,0.6124,-0.6521
2.105,5,3.5,SF,,0.6128,-0.6528
2.11,5,3.5,SF,,0.6132,-0.6534
2.115,5,3.5,SF,,0.6136,-0.654
2.12,5,3.5,SF,,0.6139,-0.6546
2.125,5,3.5,SF,,0.6143,-0.6553
2.13,5,3.5,SF,,0.6147,-0.6559
2.135,5,3.5,SF,,0.615,-0.6565
2.14,5,3.5,SF,,0.6153,-0.6571
2.145,5,3.5,SF,,0.6157,-0.6576
2.15,5,3.5,SF,,0.616,-0.6582
2.155,5,3.5,SF,,0.6163,-0.6588
2.16,5,3.5,SF,,0.6166,-0.6594
2.165,5,3.5,SF,,0.6169,-0.6599
2.17,5,3.5,SF,,0.6172,-0.6605
2.175,5,3.5,SF,,0.6175,-0.661
2.18,5,3.5,SF,,0.6177,-0.6616
2.185,5,3.5,SF,,0.618,-0.6621
2.19,5,3.5,SF,,0.6182,-0.6626
2.195,5,3.5,SF,,0.6185,-0.6631
2.2,5,3.5,SF,,0.6187,-0.6636
2.205,5,3.5,SF,,0.619,-0.6641
2.21,5,3.5,SF,,0.6192,-0.6646
2.215,5,3.5,SF,,0.6194,-0.6651
2.22,5,3.5,SF,,0.6196,-0.6656
2.225,5,3.5,SF,,0.6198,-0.6661
2.23,5,3.5,SF,,0.62,-0.6666
2.235,5,3.5,SF,,0.6202,-0.667
2.24,5,3.5,SF,,0.6203,-0.6675
2.245,5,3.5,SF,,0.6205,-0.6679
2.25,5,3.5,SF,,0.6206,-0.6684
2.255,5,3.5,SF,,0.6208,-0.6688
2.26,5,3.5,SF,,0.6209,-0.6692
2.265,5,3.5,SF,,0.6211,-0.6697
2.27,5,3.5,SF,,0.6212,-0.6701
2.275,5,3.5,SF,,0.6213,-0.6705
2.28,5,3.5,SF,,0.6214,-0.6709
2.285,5,3.5,SF,,0.6215,-0.6713
2.29,5,3.5,SF,,0.6216,-0.6717
2.295,5,3.5,SF,,0.6217,-0.6721
2.3,5,3.5,SF,,0.6217,-0.6724
2.305,5,3.5,SF,,0.6218,-0.6728
2.31,5,3.5,SF,,0.6218,-0.6732
2.315,5,3.5,SF,,0.6219,-0.6735
2.32,5,3.5,SF,,0.6219,-0.6738
2.325,5,3.5,SF,,0.6219,-0.6742
2.33,5,3.5,SF,,0.622,-0.6745
2.335,5,3.5,SF,,0.622,-0.6748
2.34,5,3.5,SF,,0.622,-0.6752
2.345,5,3.5,SF,,0.622,-0.6755
2.35,5,3.5,SF,,0.6219,-0.6758
2.355,5,3.5,SF,,0.6219,-0.6761
2.36,5,3.5,SF,,0.6219,-0.6763
2.365,5,3.5,SF,,0.6218,-0.6766
2.37,5,3.5,SF,,0.6218,-0.6769
2.375,5,3.5,SF,,0.6217,-0.6772
2.38,5,3.5,SF,,0.6216,-0.6774
2.385,5,3.5,SF,,0.6216,-0.6777
2.39,5,3.5,SF,,0.6215,-0.6779
2.395,5,3.5,SF,,0.6214,-0.6781
2.4,5,3.5,SF,,0.6213,-0.6784
2.405,5,3.5,SF,,0.6211,-0.6786
2.41,5,3.5,SF,,0.621,-0.6788
2.415,5,3.5,SF,,0.6209,-0.679
2.42,5,3.5,SF,,0.6207,-0.6792
2.425,5,3.5,SF,,0.6206,-0.6794
2.43,5,3.5,SF,,0.6204,-0.6796
2.435,5,3.5,SF,,0.6203,-0.6797
2.44,5,3.5,SF,,0.6201,-0.6799
2.445,5,3.5,SF,,0.6199,-0.6801
2.45,5,3.5,SF,,0.6197,-0.6802
2.455,5,3.5,SF,,0.6195,-0.6804
2.46,5,3.5,SF,,0.6193,-0.6805
2.465,5,3.5,SF,,0.619,-0.6806
2.47,5,3.5,SF,,0.6188,-0.6808
2.475,5,3.5,SF,,0.6186,-0.6809
2.48,5,3.5,SF,,0.6183,-0.681
2.485,5,3.5,SF,,0.618,-0.6811
2.49,5,3.5,SF,,0.6178,-0.6812
2.495,5,3.5,SF,,0.6175,-0.6813
2.5,5,3.5,SF,,0.6172,-0.6813
2.505,5,3.5,SF,,0.6169,-0.6814
2.51,5,3.5,SF,,0.6166,-0.6815
2.515,5,3.5,SF,,0.6163,-0.6815
2.52,5,3.5,SF,,0.6159,-0.6816
2.525,5,3.5,SF,,0.6156,-0.6816
2.53,5,3.5,SF,,0.6152,-0.6816
2.535,5,3.5,SF,,0.6149,-0.6816
2.54,5,3.5,SF,,0.6145,-0.6817
2.545,5,3.5,SF,,0.6141,-0.6817
2.55,5,3.5,SF,,0.6137,-0.6817
2.555,5,3.5,SF,,0.6133,-0.6816
2.56,5,3.5,SF,,0.6129,-0.6816
2.565,5,3.5,SF,,0.6125,-0.6816
2.57,5,3.5,SF,,0.6121,-0.6816
2.575,5,3.5,SF,,0.6117,-0.6815
2.58,5,3.5,SF,,0.6112,-0.6815
2.585,5,3.5,SF,,0.6108,-0.6814
2.59,5,3.5,SF,,0.6103,-0.6813
2.595,5,3.5,SF,,0.6098,-0.6813
2.6,5,3.5,SF,,0.6093,-0.6812
2.605,5,3.5,SF,,0.6088,-0.6811
2.61,5,3.5,SF,,0.6083,-0.681
2.615,5,3.5,SF,,0.6078,-0.6809
2.62,5,3.5,SF,,0.6073,-0.6808
2.625,5,3.5,SF,,0.6068,-0.6807
2.63,5,3.5,SF,,0.6062,-0.6805
2.635,5,3.5,SF,,0.6057,-0.6804
2.64,5,3.5,SF,,0.6051,-0.6802
2.645,5,3.5,SF,,0.6045,-0.6801
2.65,5,3.5,SF,,0.6039,-0.6799
2.655,5,3.5,SF,,0.6034,-0.6798
2.66,5,3.5,SF,,0.6027,-0.6796
2.665,5,3.5,SF,,0.6021,-0.6794
2.67,5,3.5,SF,,0.6015,-0.6792
2.675,5,3.5,SF,,0.6009,-0.679
2.68,5,3.5,SF,,0.6002,-0.6788
2.685,5,3.5,SF,,0.5996,-0.6785
2.69,5,3.5,SF,,0.5989,-0.6783
2.695,5,3.5,SF,,0.5982,-0.6781
2.7,5,3.5,SF,,0.5976,-0.6778
2.705,5,3.5,SF,,0.5969,-0.6776
2.71,5,3.5,SF,,0.5961,-0.6773
2.715,5,3.5,SF,,0.5954,-0.677
2.72,5,3.5,SF,,0.5947,-0.6768
2.725,5,3.5,SF,,0.594,-0.6765
2.73,5,3.5,SF,,0.5932,-0.6762
2.735,5,3.5,SF,,0.5925,-0.6759
2.74,5,3.5,SF,,0.5917,-0.6756
2.745,5,3.5,SF,,0.5909,-0.6752
2.75,5,3.5,SF,,0.5901,-0.6749
2.755,5,3.5,SF,,0.5893,-0.6746
2.76,5,3.5,SF,,0.5885,-0.6742
2.765,5,3.5,SF,,0.5877,-0.6739
2.77,5,3.5,SF,,0.5869,-0.6735
2.775,5,3.5,SF,,0.586,-0.6731
2.78,5,3.5,SF,,0.5852,-0.6727
2.785,5,3.5,SF,,0.5843,-0.6724
2.79,5,3.5,SF,,0.5834,-0.672
2.795,5,3.5,SF,,0.5826,-0.6715
2.8,5,3.5,SF,,0.5817,-0.6711
2.805,5,3.5,SF,,0.5808,-0.6707
2.81,5,3.5,SF,,0.5799,-0.6703
2.815,5,3.5,SF,,0.5789,-0.6698
2.82,5,3.5,SF,,0.578,-0.6694
2.825,5,3.5,SF,,0.577,-0.6689
2.83,5,3.5,SF,,0.5761,-0.6684
2.835,5,3.5,SF,,0.5751,-0.668
2.84,5,3.5,SF,,0.5741,-0.6675
2.845,5,3.5,SF,,0.5731,-0.667
2.85,5,3.5,SF,,0.5721,-0.6665
2.855,5,3.5,SF,,0.5711,-0.666
2.86,5,3.5,SF,,0.5701,-0.6655
2.865,5,3.5,SF,,0.5691,-0.6649
2.87,5,3.5,SF,,0.568,-0.6644
2.875,5,3.5,SF,,0.567,-0.6638
2.88,5,3.5,SF,,0.5659,-0.6633
2.885,5,3.5,SF,,0.5648,-0.6627
2.89,5,3.5,SF,,0.5638,-0.6621
2.895,5,3.5,SF,,0.5627,-0.6616
2.9,5,3.5,SF,,0.5615,-0.661
2.905,5,3.5,SF,,0.5604,-0.6604
2.91,5,3.5,SF,,0.5593,-0.6597
2.915,5,3.5,SF,,0.5581,-0.6591
2.92,5,3.5,SF,,0.557,-0.6585
2.925,5,3.5,SF,,0.5558,-0.6579
2.93,5,3.5,SF,,0.5546,-0.6572
2.935,5,3.5,SF,,0.5535,-0.6566
2.94,5,3.5,SF,,0.5523,-0.6559
2.945,5,3.5,SF,,0.5511,-0.6552
2.95,5,3.5,SF,,0.5498,-0.6545
2.955,5,3.5,SF,,0.5486,-0.6538
2.96,5,3.5,SF,,0.5474,-0.6531
2.965,5,3.5,SF,,0.5461,-0.6524
2.97,5,3.5,SF,,0.5448,-0.6517
2.975,5,3.5,SF,,0.5436,-0.651
2.98,5,3.5,SF,,0.5423,-0.6502
2.985,5,3.5,SF,,0.541,-0.6495
2.99,5,3.5,SF,,0.5397,-0.6487
2.995,5,3.5,SF,,0.5383,-0.648
3,5,3.5,SF,,0.537,-0.6472
3.005,5,3.5,SF,,0.5357,-0.6464
3.01,5,3.5,SF,,0.5343,-0.6456
3.015,5,3.5,SF,,0.5329,-0.6448
3.02,5,3.5,SF,,0.5315,-0.644
3.025,5,3.5,SF,,0.5302,-0.6432
3.03,5,3.5,SF,,0.5288,-0.6423
3.035,5,3.5,SF,,0.5273,-0.6415
3.04,5,3.5,SF,,0.5259,-0.6406
3.045,5,3.5,SF,,0.5245,-0.6398
3.05,5,3.5,SF,,0.523,-0.6389
3.055,5,3.5,SF,,0.5216,-0.638
3.06,5,3.5,SF,,0.5201,-0.6372
3.065,5,3.5,SF,,0.5186,-0.6363
3.07,5,3.5,SF,,0.5171,-0.6353
3.075,5,3.5,SF,,0.5156,-0.6344
3.08,5,3.5,SF,,0.5141,-0.6335
3.085,5,3.5,SF,,0.5126,-0.6326
3.09,5,3.5,SF,,0.511,-0.6316
3.095,5,3.5,SF,,0.5095,-0.6307
3.1,5,3.5,SF,,0.5079,-0.6297
3.105,5,3.5,SF,,0.5063,-0.6287
3.11,5,3.5,SF,,0.5047,-0.6277
3.115,5,3.5,SF,,0.5031,-0.6268
3.12,5,3.5,SF,,0.5015,-0.6258
3.125,5,3.5,SF,,0.4999,-0.6247
3.13,5,3.5,SF,,0.4982,-0.6237
3.135,5,3.5,SF,,0.4966,-0.6227
3.14,5,3.5,SF,,0.4949,-0.6216
3.145,5,3.5,SF,,0.4933,-0.6206
3.15,5,3.5,SF,,0.4916,-0.6195
3.155,5,3.5,SF,,0.4899,-0.6185
3.16,5,3.5,SF,,0.4882,-0.6174
3.165,5,3.5,SF,,0.4864,-0.6163
3.17,5,3.5,SF,,0.4847,-0.6152
3.175,5,3.5,SF,,0.483,-0.6141
3.18,5,3.5,SF,,0.4812,-0.613
3.185,5,3.5,SF,,0.4794,-0.6118
3.19,5,3.5,SF,,0.4776,-0.6107
3.195,5,3.5,SF,,0.4759,-0.6095
3.2,5,3.5,SF,,0.474,-0.6084
3.205,5,3.5,SF,,0.4722,-0.6072
3.21,5,3.5,SF,,0.4704,-0.606
3.215,5,3.5,SF,,0.4686,-0.6048
3.22,5,3.5,SF,,0.4667,-0.6036
3.225,5,3.5,SF,,0.4648,-0.6024
3.23,5,3.5,SF,,0.4629,-0.6012
3.235,5,3.5,SF,,0.4611,-0.6
3.24,5,3.5,SF,,0.4592,-0.5987
3.245,5,3.5,SF,,0.4572,-0.5975
3.25,5,3.5,SF,,0.4553,-0.5962
3.255,5,3.5,SF,,0.4534,-0.595
3.26,5,3.5,SF,,0.4514,-0.5937
3.265,5,3.5,SF,,0.4494,-0.5924
3.27,5,3.5,SF,,0.4475,-0.5911
3.275,5,3.5,SF,,0.4455,-0.5898
3.28,5,3.5,SF,,0.4435,-0.5885
3.285,5,3.5,SF,,0.4414,-0.5871
3.29,5,3.5,SF,,0.4394,-0.5858
3.295,5,3.5,SF,,0.4374,-0.5844
3.3,5,3.5,SF,,0.4353,-0.5831
3.305,5,3.5,SF,,0.4333,-0.5817
3.31,5,3.5,SF,,0.4312,-0.5803
3.315,5,3.5,SF,,0.4291,-0.5789
3.32,5,3.5,SF,,0.427,-0.5775
3.325,5,3.5,SF,,0.4249,-0.5761
3.33,5,3.5,SF,,0.4227,-0.5747
3.335,5,3.5,SF,,0.4206,-0.5733
3.34,5,3.5,SF,,0.4184,-0.5718
3.345,5,3.5,SF,,0.4163,-0.5704
3.35,5,3.5,SF,,0.4141,-0.5689
3.355,5,3.5,SF,,0.4119,-0.5674
3.36,5,3.5,SF,,0.4097,-0.566
3.365,5,3.5,SF,,0.4074,-0.5645
3.37,5,3.5,SF,,0.4052,-0.563
3.375,5,3.5,SF,,0.403,-0.5614
3.38,5,3.5,SF,,0.4007,-0.5599
3.385,5,3.5,SF,,0.3984,-0.5584
3.39,5,3.5,SF,,0.3962,-0.5568
3.395,5,3.5,SF,,0.3939,-0.5553
3.4,5,3.5,SF,,0.3915,-0.5537
3.405,5,3.5,SF,,0.3892,-0.5521
3.41,5,3.5,SF,,0.3869,-0.5505
3.415,5,3.5,SF,,0.3845,-0.5489
3.42,5,3.5,SF,,0.3822,-0.5473
3.425,5,3.5,SF,,0.3798,-0.5457
3.43,5,3.5,SF,,0.3774,-0.5441
3.435,5,3.5,SF,,0.375,-0.5424
3.44,5,3.5,SF,,0.3726,-0.5408
3.445,5,3.5,SF,,0.3702,-0.5391
3.45,5,3.5,SF,,0.3677,-0.5374
3.455,5,3.5,SF,,0.3653,-0.5358
3.46,5,3.5,SF,,0.3628,-0.5341
3.465,5,3.5,SF,,0.3603,-0.5324
3.47,5,3.5,SF,,0.3578,-0.5306
3.475,5,3.5,SF,,0.3553,-0.5289
3.48,5,3.5,SF,,0.3528,-0.5272
3.485,5,3.5,SF,,0.3502,-0.5254
3.49,5,3.5,SF,,0.3477,-0.5237
3.495,5,3.5,SF,,0.3451,-0.5219
3.5,5,3.5,SF,,0.3426,-0.5201
3.505,5,3.5,SF,,0.34,-0.5183
3.51,5,3.5,SF,,0.3374,-0.5165
3.515,5,3.5,SF,,0.3349,-0.5147
3.52,5,3.5,SF,,0.3323,-0.5129
3.525,5,3.5,SF,,0.3298,-0.511
3.53,5,3.5,SF,,0.3273,-0.5092
3.535,5,3.5,SF,,0.3248,-0.5073
3.54,5,3.5,SF,,0.3223,-0.5055
3.545,5,3.5,SF,,0.3198,-0.5036
3.55,5,3.5,SF,,0.3173,-0.5017
3.555,5,3.5,SF,,0.3149,-0.4998
3.56,5,3.5,SF,,0.3124,-0.4979
3.565,5,3.5,SF,,0.31,-0.496
3.57,5,3.5,SF,,0.3075,-0.4941
3.575,5,3.5,SF,,0.3051,-0.4921
3.58,5,3.5,SF,,0.3027,-0.4902
3.585,5,3.5,SF,,0.3003,-0.4882
3.59,5,3.5,SF,,0.2979,-0.4863
3.595,5,3.5,SF,,0.2956,-0.4843
3.6,5,3.5,SF,,0.2932,-0.4823
3.605,5,3.5,SF,,0.2909,-0.4804
3.61,5,3.5,SF,,0.2885,-0.4784
3.615,5,3.5,SF,,0.2862,-0.4764
3.62,5,3.5,SF,,0.2839,-0.4743
3.625,5,3.5,SF,,0.2816,-0.4723
3.63,5,3.5,SF,,0.2793,-0.4703
3.635,5,3.5,SF,,0.277,-0.4683
3.64,5,3.5,SF,,0.2747,-0.4662
3.645,5,3.5,SF,,0.2725,-0.4642
3.65,5,3.5,SF,,0.2702,-0.4621
3.655,5,3.5,SF,,0.268,-0.46
3.66,5,3.5,SF,,0.2658,-0.458
3.665,5,3.5,SF,,0.2636,-0.4559
3.67,5,3.5,SF,,0.2613,-0.4538
3.675,5,3.5,SF,,0.2592,-0.4517
3.68,5,3.5,SF,,0.257,-0.4496
3.685,5,3.5,SF,,0.2548,-0.4475
3.69,5,3.5,SF,,0.2526,-0.4454
3.695,5,3.5,SF,,0.2505,-0.4433
3.7,5,3.5,SF,,0.2483,-0.4411
3.705,5,3.5,SF,,0.2462,-0.439
3.71,5,3.5,SF,,0.2441,-0.4369
3.715,5,3.5,SF,,0.242,-0.4347
3.72,5,3.5,SF,,0.2399,-0.4326
3.725,5,3.5,SF,,0.2378,-0.4304
3.73,5,3.5,SF,,0.2357,-0.4282
3.735,5,3.5,SF,,0.2337,-0.4261
3.74,5,3.5,SF,,0.2316,-0.4239
3.745,5,3.5,SF,,0.2296,-0.4217
3.75,5,3.5,SF,,0.2275,-0.4195
3.755,5,3.5,SF,,0.2255,-0.4173
3.76,5,3.5,SF,,0.2235,-0.4151
3.765,5,3.5,SF,,0.2215,-0.4129
3.77,5,3.5,SF,,0.2195,-0.4107
3.775,5,3.5,SF,,0.2175,-0.4085
3.78,5,3.5,SF,,0.2156,-0.4063
3.785,5,3.5,SF,,0.2136,-0.4041
3.79,5,3.5,SF,,0.2117,-0.4018
3.795,5,3.5,SF,,0.2097,-0.3996
3.8,5,3.5,SF,,0.2078,-0.3974
3.805,5,3.5,SF,,0.2059,-0.3951
3.81,5,3.5,SF,,0.204,-0.3929
3.815,5,3.5,SF,,0.2021,-0.3907
3.82,5,3.5,SF,,0.2002,-0.3884
3.825,5,3.5,SF,,0.1983,-0.3862
3.83,5,3.5,SF,,0.1964,-0.3839
3.835,5,3.5,SF,,0.1946,-0.3816
3.84,5,3.5,SF,,0.1927,-0.3794
3.845,5,3.5,SF,,0.1909,-0.3771
3.85,5,3.5,SF,,0.1891,-0.3748
3.855,5,3.5,SF,,0.1873,-0.3726
3.86,5,3.5,SF,,0.1855,-0.3703
3.865,5,3.5,SF,,0.1837,-0.368
3.87,5,3.5,SF,,0.1819,-0.3657
3.875,5,3.5,SF,,0.1801,-0.3634
3.88,5,3.5,SF,,0.1784,-0.3612
3.885,5,3.5,SF,,0.1766,-0.3589
3.89,5,3.5,SF,,0.1749,-0.3566
3.895,5,3.5,SF,,0.1731,-0.3543
3.9,5,3.5,SF,,0.1714,-0.352
3.905,5,3.5,SF,,0.1697,-0.3497
3.91,5,3.5,SF,,0.168,-0.3474
3.915,5,3.5,SF,,0.1663,-0.3451
3.92,5,3.5,SF,,0.1646,-0.3428
3.925,5,3.5,SF,,0.1629,-0.3405
3.93,5,3.5,SF,,0.1613,-0.3382
3.935,5,3.5,SF,,0.1596,-0.3359
3.94,5,3.5,SF,,0.158,-0.3336
3.945,5,3.5,SF,,0.1563,-0.3313
3.95,5,3.5,SF,,0.1547,-0.3289
3.955,5,3.5,SF,,0.1531,-0.3266
3.96,5,3.5,SF,,0.1515,-0.3243
3.965,5,3.5,SF,,0.1499,-0.322
3.97,5,3.5,SF,,0.1483,-0.3197
3.975,5,3.5,SF,,0.1467,-0.3174
3.98,5,3.5,SF,,0.1452,-0.3151
3.985,5,3.5,SF,,0.1436,-0.3128
3.99,5,3.5,SF,,0.1421,-0.3105
3.995,5,3.5,SF,,0.1405,-0.3081
4,5,3.5,SF,,0.139,-0.3058
4.005,5,3.5,SF,,0.1375,-0.3035
4.01,5,3.5,SF,,0.136,-0.3012
4.015,5,3.5,SF,,0.1345,-0.2989
4.02,5,3.5,SF,,0.133,-0.2966
4.025,5,3.5,SF,,0.1315,-0.2943
4.03,5,3.5,SF,,0.13,-0.292
4.035,5,3.5,SF,,0.1286,-0.2897
4.04,5,3.5,SF,,0.1271,-0.2874
4.045,5,3.5,SF,,0.1257,-0.2851
4.05,5,3.5,SF,,0.1243,-0.2828
4.055,5,3.5,SF,,0.1228,-0.2804
4.06,5,3.5,SF,,0.1214,-0.2781
4.065,5,3.5,SF,,0.12,-0.2759
4.07,5,3.5,SF,,0.1186,-0.2736
4.075,5,3.5,SF,,0.1172,-0.2713
4.08,5,3.5,SF,,0.1159,-0.269
4.085,5,3.5,SF,,0.1145,-0.2667
4.09,5,3.5,SF,,0.1131,-0.2644
4.095,5,3.5,SF,,0.1118,-0.2621
4.1,5,3.5,SF,,0.1104,-0.2598
4.105,5,3.5,SF,,0.1091,-0.2575
4.11,5,3.5,SF,,0.1078,-0.2553
4.115,5,3.5,SF,,0.1065,-0.253
4.12,5,3.5,SF,,0.1052,-0.2507
4.125,5,3.5,SF,,0.1039,-0.2484
4.13,5,3.5,SF,,0.1026,-0.2462
4.135,5,3.5,SF,,0.1013,-0.2439
4.14,5,3.5,SF,,0.1001,-0.2417
4.145,5,3.5,SF,,0.0988,-0.2394
4.15,5,3.5,SF,,0.0976,-0.2371
4.155,5,3.5,SF,,0.0963,-0.2349
4.16,5,3.5,SF,,0.0951,-0.2327
4.165,5,3.5,SF,,0.0939,-0.2304
4.17,5,3.5,SF,,0.0927,-0.2282
4.175,5,3.5,SF,,0.0915,-0.2259
4.18,5,3.5,SF,,0.0903,-0.2237
4.185,5,3.5,SF,,0.0891,-0.2215
4.19,5,3.5,SF,,0.0879,-0.2193
4.195,5,3.5,SF,,0.0867,-0.2171
4.2,5,3.5,SF,,0.0856,-0.2148
4.205,5,3.5,SF,,0.0844,-0.2126
4.21,5,3.5,SF,,0.0833,-0.2104
4.215,5,3.5,SF,,0.0821,-0.2082
4.22,5,3.5,SF,,0.081,-0.2061
4.225,5,3.5,SF,,0.0799,-0.2039
4.23,5,3.5,SF,,0.0788,-0.2017
4.235,5,3.5,SF,,0.0777,-0.1995
4.24,5,3.5,SF,,0.0766,-0.1974
4.245,5,3.5,SF,,0.0755,-0.1952
4.25,5,3.5,SF,,0.0745,-0.193
4.255,5,3.5,SF,,0.0734,-0.1909
4.26,5,3.5,SF,,0.0723,-0.1887
4.265,5,3.5,SF,,0.0713,-0.1866
4.27,5,3.5,SF,,0.0703,-0.1845
4.275,5,3.5,SF,,0.0692,-0.1823
4.28,5,3.5,SF,,0.0682,-0.1802
4.285,5,3.5,SF,,0.0672,-0.1781
4.29,5,3.5,SF,,0.0662,-0.176
4.295,5,3.5,SF,,0.0652,-0.1739
4.3,5,3.5,SF,,0.0642,-0.1718
4.305,5,3.5,SF,,0.0632,-0.1697
4.31,5,3.5,SF,,0.0623,-0.1676
4.315,5,3.5,SF,,0.0613,-0.1656
4.32,5,3.5,SF,,0.0604,-0.1635
4.325,5,3.5,SF,,0.0594,-0.1615
4.33,5,3.5,SF,,0.0585,-0.1594
4.335,5,3.5,SF,,0.0575,-0.1574
4.34,5,3.5,SF,,0.0566,-0.1553
4.345,5,3.5,SF,,0.0557,-0.1533
4.35,5,3.5,SF,,0.0548,-0.1513
4.355,5,3.5,SF,,0.0539,-0.1493
4.36,5,3.5,SF,,0.053,-0.1473
4.365,5,3.5,SF,,0.0521,-0.1453
4.37,5,3.5,SF,,0.0513,-0.1433
4.375,5,3.5,SF,,0.0504,-0.1413
4.38,5,3.5,SF,,0.0496,-0.1394
4.385,5,3.5,SF,,0.0487,-0.1374
4.39,5,3.5,SF,,0.0479,-0.1355
4.395,5,3.5,SF,,0.047,-0.1335
4.4,5,3.5,SF,,0.0462,-0.1316
4.405,5,3.5,SF,,0.0454,-0.1297
4.41,5,3.5,SF,,0.0446,-0.1278
4.415,5,3.5,SF,,0.0438,-0.1259
4.42,5,3.5,SF,,0.043,-0.124
4.425,5,3.5,SF,,0.0422,-0.1221
4.43,5,3.5,SF,,0.0415,-0.1202
4.435,5,3.5,SF,,0.0407,-0.1184
4.44,5,3.5,SF,,0.0399,-0.1165
4.445,5,3.5,SF,,0.0392,-0.1147
4.45,5,3.5,SF,,0.0384,-0.1128
4.455,5,3.5,SF,,0.0377,-0.111
4.46,5,3.5,SF,,0.037,-0.1092
4.465,5,3.5,SF,,0.0363,-0.1074
4.47,5,3.5,SF,,0.0355,-0.1056
4.475,5,3.5,SF,,0.0348,-0.1038
4.48,5,3.5,SF,,0.0341,-0.1021
4.485,5,3.5,SF,,0.0335,-0.1003
4.49,5,3.5,SF,,0.0328,-0.0986
4.495,5,3.5,SF,,0.0321,-0.0968
4.5,5,3.5,SF,,0.0314,-0.0951
4.505,5,3.5,SF,,0.0308,-0.0934
4.51,5,3.5,SF,,0.0301,-0.0917
4.515,5,3.5,SF,,0.0295,-0.09
4.52,5,3.5,SF,,0.0289,-0.0884
4.525,5,3.5,SF,,0.0282,-0.0867
4.53,5,3.5,SF,,0.0276,-0.085
4.535,5,3.5,SF,,0.027,-0.0834
4.54,5,3.5,SF,,0.0264,-0.0818
4.545,5,3.5,SF,,0.0258,-0.0802
4.55,5,3.5,SF,,0.0252,-0.0786
4.555,5,3.5,SF,,0.0246,-0.077
4.56,5,3.5,SF,,0.024,-0.0754
4.565,5,3.5,SF,,0.0235,-0.0738
4.57,5,3.5,SF,,0.0229,-0.0723
4.575,5,3.5,SF,,0.0224,-0.0708
4.58,5,3.5,SF,,0.0218,-0.0692
4.585,5,3.5,SF,,0.0213,-0.0677
4.59,5,3.5,SF,,0.0207,-0.0662
4.595,5,3.5,SF,,0.0202,-0.0647
4.6,5,3.5,SF,,0.0197,-0.0633
4.605,5,3.5,SF,,0.0192,-0.0618
4.61,5,3.5,SF,,0.0187,-0.0604
4.615,5,3.5,SF,,0.0182,-0.0589
4.62,5,3.5,SF,,0.0177,-0.0575
4.625,5,3.5,SF,,0.0172,-0.0561
4.63,5,3.5,SF,,0.0167,-0.0547
4.635,5,3.5,SF,,0.0163,-0.0534
4.64,5,3.5,SF,,0.0158,-0.052
4.645,5,3.5,SF,,0.0154,-0.0507
4.65,5,3.5,SF,,0.0149,-0.0494
4.655,5,3.5,SF,,0.0145,-0.048
4.66,5,3.5,SF,,0.014,-0.0467
4.665,5,3.5,SF,,0.0136,-0.0455
4.67,5,3.5,SF,,0.0132,-0.0442
4.675,5,3.5,SF,,0.0128,-0.043
4.68,5,3.5,SF,,0.0124,-0.0417
4.685,5,3.5,SF,,0.012,-0.0405
4.69,5,3.5,SF,,0.0116,-0.0393
4.695,5,3.5,SF,,0.0112,-0.0381
4.7,5,3.5,SF,,0.0108,-0.0369
4.705,5,3.5,SF,,0.0105,-0.0358
4.71,5,3.5,SF,,0.0101,-0.0346
4.715,5,3.5,SF,,0.0098,-0.0335
4.72,5,3.5,SF,,0.0094,-0.0324
4.725,5,3.5,SF,,0.0091,-0.0313
4.73,5,3.5,SF,,0.0087,-0.0302
4.735,5,3.5,SF,,0.0084,-0.0292
4.74,5,3.5,SF,,0.0081,-0.0281
4.745,5,3.5,SF,,0.0078,-0.0271
4.75,5,3.5,SF,,0.0074,-0.0261
4.755,5,3.5,SF,,0.0071,-0.0251
4.76,5,3.5,SF,,0.0068,-0.0242
4.765,5,3.5,SF,,0.0066,-0.0232
4.77,5,3.5,SF,,0.0063,-0.0223
4.775,5,3.5,SF,,0.006,-0.0213
4.78,5,3.5,SF,,0.0057,-0.0204
4.785,5,3.5,SF,,0.0055,-0.0196
4.79,5,3.5,SF,,0.0052,-0.0187
4.795,5,3.5,SF,,0.005,-0.0178
4.8,5,3.5,SF,,0.0047,-0.017
4.805,5,3.5,SF,,0.0045,-0.0162
4.81,5,3.5,SF,,0.0042,-0.0154
4.815,5,3.5,SF,,0.004,-0.0146
4.82,5,3.5,SF,,0.0038,-0.0139
4.825,5,3.5,SF,,0.0036,-0.0131
4.83,5,3.5,SF,,0.0034,-0.0124
4.835,5,3.5,SF,,0.0032,-0.0117
4.84,5,3.5,SF,,0.003,-0.011
4.845,5,3.5,SF,,0.0028,-0.0104
4.85,5,3.5,SF,,0.0026,-0.0097
4.855,5,3.5,SF,,0.0024,-0.0091
4.86,5,3.5,SF,,0.0023,-0.0085
4.865,5,3.5,SF,,0.0021,-0.0079
4.87,5,3.5,SF,,0.002,-0.0074
4.875,5,3.5,SF,,0.0018,-0.0068
4.88,5,3.5,SF,,0.0017,-0.0063
4.885,5,3.5,SF,,0.0015,-0.0058
4.89,5,3.5,SF,,0.0014,-0.0053
4.895,5,3.5,SF,,0.0013,-0.0048
4.9,5,3.5,SF,,0.0012,-0.0044
4.905,5,3.5,SF,,0.001,-0.004
4.91,5,3.5,SF,,0.0009,-0.0036
4.915,5,3.5,SF,,0.0008,-0.0032
4.92,5,3.5,SF,,0.0007,-0.0028
4.925,5,3.5,SF,,0.0006,-0.0025
4.93,5,3.5,SF,,0.0006,-0.0022
4.935,5,3.5,SF,,0.0005,-0.0019
4.94,5,3.5,SF,,0.0004,-0.0016
4.945,5,3.5,SF,,0.0003,-0.0014
4.95,5,3.5,SF,,0.0003,-0.0011
4.955,5,3.5,SF,,0.0002,-0.0009
4.96,5,3.5,SF,,0.0002,-0.0007
4.965,5,3.5,SF,,0.0001,-0.0006
4.97,5,3.5,SF,,0.0001,-0.0004
4.975,5,3.5,SF,,0.0001,-0.0003
4.98,5,3.5,SF,,0,-0.0002
4.985,5,3.5,SF,,0,-0.0001
4.99,5,3.5,SF,,0,0
4.995,5,3.5,SF,,0,0
5,5,3.5,SF,,0,0
0,5,4,SF,,0,0
0.005,5,4,SF,,0.0016,-0.001
0.01,5,4,SF,,0.0033,-0.002
0.015,5,4,SF,,0.0049,-0.0031
0.02,5,4,SF,,0.0065,-0.0041
0.025,5,4,SF,,0.0081,-0.0051
0.03,5,4,SF,,0.0098,-0.0061
0.035,5,4,SF,,0.0114,-0.0071
0.04,5,4,SF,,0.013,-0.0082
0.045,5,4,SF,,0.0146,-0.0092
0.05,5,4,SF,,0.0163,-0.0102
0.055,5,4,SF,,0.0179,-0.0112
0.06,5,4,SF,,0.0195,-0.0122
0.065,5,4,SF,,0.0212,-0.0133
0.07,5,4,SF,,0.0228,-0.0143
0.075,5,4,SF,,0.0244,-0.0153
0.08,5,4,SF,,0.0261,-0.0163
0.085,5,4,SF,,0.0277,-0.0173
0.09,5,4,SF,,0.0293,-0.0184
0.095,5,4,SF,,0.0309,-0.0194
0.1,5,4,SF,,0.0326,-0.0204
0.105,5,4,SF,,0.0342,-0.0214
0.11,5,4,SF,,0.0358,-0.0224
0.115,5,4,SF,,0.0375,-0.0234
0.12,5,4,SF,,0.0391,-0.0245
0.125,5,4,SF,,0.0407,-0.0255
0.13,5,4,SF,,0.0424,-0.0265
0.135,5,4,SF,,0.044,-0.0275
0.14,5,4,SF,,0.0456,-0.0285
0.145,5,4,SF,,0.0473,-0.0296
0.15,5,4,SF,,0.0489,-0.0306
0.155,5,4,SF,,0.0505,-0.0316
0.16,5,4,SF,,0.0522,-0.0326
0.165,5,4,SF,,0.0538,-0.0336
0.17,5,4,SF,,0.0554,-0.0346
0.175,5,4,SF,,0.0571,-0.0356
0.18,5,4,SF,,0.0587,-0.0367
0.185,5,4,SF,,0.0603,-0.0377
0.19,5,4,SF,,0.062,-0.0387
0.195,5,4,SF,,0.0636,-0.0397
0.2,5,4,SF,,0.0652,-0.0407
0.205,5,4,SF,,0.0669,-0.0417
0.21,5,4,SF,,0.0685,-0.0428
0.215,5,4,SF,,0.0701,-0.0438
0.22,5,4,SF,,0.0718,-0.0448
0.225,5,4,SF,,0.0734,-0.0458
0.23,5,4,SF,,0.075,-0.0468
0.235,5,4,SF,,0.0767,-0.0478
0.24,5,4,SF,,0.0783,-0.0488
0.245,5,4,SF,,0.0799,-0.0498
0.25,5,4,SF,,0.0816,-0.0509
0.255,5,4,SF,,0.0832,-0.0519
0.26,5,4,SF,,0.0848,-0.0529
0.265,5,4,SF,,0.0865,-0.0539
0.27,5,4,SF,,0.0881,-0.0549
0.275,5,4,SF,,0.0897,-0.0559
0.28,5,4,SF,,0.0914,-0.0569
0.285,5,4,SF,,0.093,-0.0579
0.29,5,4,SF,,0.0946,-0.0589
0.295,5,4,SF,,0.0963,-0.0599
0.3,5,4,SF,,0.0979,-0.0609
0.305,5,4,SF,,0.0995,-0.0619
0.31,5,4,SF,,0.1011,-0.063
0.315,5,4,SF,,0.1028,-0.064
0.32,5,4,SF,,0.1044,-0.065
0.325,5,4,SF,,0.106,-0.066
0.33,5,4,SF,,0.1077,-0.067
0.335,5,4,SF,,0.1093,-0.068
0.34,5,4,SF,,0.1109,-0.069
0.345,5,4,SF,,0.1125,-0.07
0.35,5,4,SF,,0.1142,-0.071
0.355,5,4,SF,,0.1158,-0.072
0.36,5,4,SF,,0.1174,-0.073
0.365,5,4,SF,,0.119,-0.074
0.37,5,4,SF,,0.1207,-0.075
0.375,5,4,SF,,0.1223,-0.076
0.38,5,4,SF,,0.1239,-0.077
0.385,5,4,SF,,0.1255,-0.078
0.39,5,4,SF,,0.1271,-0.079
0.395,5,4,SF,,0.1288,-0.08
0.4,5,4,SF,,0.1304,-0.081
0.405,5,4,SF,,0.132,-0.082
0.41,5,4,SF,,0.1336,-0.083
0.415,5,4,SF,,0.1352,-0.084
0.42,5,4,SF,,0.1369,-0.085
0.425,5,4,SF,,0.1385,-0.086
0.43,5,4,SF,,0.1401,-0.087
0.435,5,4,SF,,0.1417,-0.088
0.44,5,4,SF,,0.1433,-0.0889
0.445,5,4,SF,,0.1449,-0.0899
0.45,5,4,SF,,0.1465,-0.0909
0.455,5,4,SF,,0.1482,-0.0919
0.46,5,4,SF,,0.1498,-0.0929
0.465,5,4,SF,,0.1514,-0.0939
0.47,5,4,SF,,0.153,-0.0949
0.475,5,4,SF,,0.1546,-0.0959
0.48,5,4,SF,,0.1562,-0.0969
0.485,5,4,SF,,0.1578,-0.0979
0.49,5,4,SF,,0.1594,-0.0988
0.495,5,4,SF,,0.161,-0.0998
0.5,5,4,SF,,0.1626,-0.1008
0.505,5,4,SF,,0.1642,-0.1018
0.51,5,4,SF,,0.1658,-0.1028
0.515,5,4,SF,,0.1674,-0.1038
0.52,5,4,SF,,0.169,-0.1047
0.525,5,4,SF,,0.1706,-0.1057
0.53,5,4,SF,,0.1722,-0.1067
0.535,5,4,SF,,0.1738,-0.1077
0.54,5,4,SF,,0.1754,-0.1087
0.545,5,4,SF,,0.177,-0.1096
0.55,5,4,SF,,0.1786,-0.1106
0.555,5,4,SF,,0.1802,-0.1116
0.56,5,4,SF,,0.1818,-0.1126
0.565,5,4,SF,,0.1834,-0.1135
0.57,5,4,SF,,0.185,-0.1145
0.575,5,4,SF,,0.1866,-0.1155
0.58,5,4,SF,,0.1882,-0.1165
0.585,5,4,SF,,0.1897,-0.1174
0.59,5,4,SF,,0.1913,-0.1184
0.595,5,4,SF,,0.1929,-0.1194
0.6,5,4,SF,,0.1945,-0.1203
0.605,5,4,SF,,0.1961,-0.1213
0.61,5,4,SF,,0.1977,-0.1223
0.615,5,4,SF,,0.1992,-0.1232
0.62,5,4,SF,,0.2008,-0.1242
0.625,5,4,SF,,0.2024,-0.1252
0.63,5,4,SF,,0.204,-0.1261
0.635,5,4,SF,,0.2055,-0.1271
0.64,5,4,SF,,0.2071,-0.1281
0.645,5,4,SF,,0.2087,-0.129
0.65,5,4,SF,,0.2103,-0.13
0.655,5,4,SF,,0.2118,-0.1309
0.66,5,4,SF,,0.2134,-0.1319
0.665,5,4,SF,,0.215,-0.1329
0.67,5,4,SF,,0.2165,-0.1338
0.675,5,4,SF,,0.2181,-0.1348
0.68,5,4,SF,,0.2196,-0.1357
0.685,5,4,SF,,0.2212,-0.1367
0.69,5,4,SF,,0.2228,-0.1376
0.695,5,4,SF,,0.2243,-0.1386
0.7,5,4,SF,,0.2259,-0.1395
0.705,5,4,SF,,0.2274,-0.1405
0.71,5,4,SF,,0.229,-0.1414
0.715,5,4,SF,,0.2305,-0.1424
0.72,5,4,SF,,0.2321,-0.1433
0.725,5,4,SF,,0.2336,-0.1443
0.73,5,4,SF,,0.2352,-0.1452
0.735,5,4,SF,,0.2367,-0.1462
0.74,5,4,SF,,0.2383,-0.1471
0.745,5,4,SF,,0.2398,-0.148
0.75,5,4,SF,,0.2414,-0.149
0.755,5,4,SF,,0.2429,-0.1499
0.76,5,4,SF,,0.2444,-0.1509
0.765,5,4,SF,,0.246,-0.1518
0.77,5,4,SF,,0.2475,-0.1527
0.775,5,4,SF,,0.249,-0.1537
0.78,5,4,SF,,0.2506,-0.1546
0.785,5,4,SF,,0.2521,-0.1555
0.79,5,4,SF,,0.2536,-0.1565
0.795,5,4,SF,,0.2551,-0.1574
0.8,5,4,SF,,0.2567,-0.1583
0.805,5,4,SF,,0.2582,-0.1593
0.81,5,4,SF,,0.2597,-0.1602
0.815,5,4,SF,,0.2612,-0.1611
0.82,5,4,SF,,0.2627,-0.162
0.825,5,4,SF,,0.2643,-0.163
0.83,5,4,SF,,0.2658,-0.1639
0.835,5,4,SF,,0.2673,-0.1648
0.84,5,4,SF,,0.2688,-0.1657
0.845,5,4,SF,,0.2703,-0.1666
0.85,5,4,SF,,0.2718,-0.1676
0.855,5,4,SF,,0.2733,-0.1685
0.86,5,4,SF,,0.2748,-0.1694
0.865,5,4,SF,,0.2763,-0.1703
0.87,5,4,SF,,0.2778,-0.1712
0.875,5,4,SF,,0.2793,-0.1721
0.88,5,4,SF,,0.2808,-0.173
0.885,5,4,SF,,0.2823,-0.1739
0.89,5,4,SF,,0.2838,-0.1748
0.895,5,4,SF,,0.2853,-0.1758
0.9,5,4,SF,,0.2867,-0.1767
0.905,5,4,SF,,0.2882,-0.1776
0.91,5,4,SF,,0.2897,-0.1785
0.915,5,4,SF,,0.2912,-0.1794
0.92,5,4,SF,,0.2927,-0.1803
0.925,5,4,SF,,0.2941,-0.1812
0.93,5,4,SF,,0.2956,-0.1821
0.935,5,4,SF,,0.2971,-0.183
0.94,5,4,SF,,0.2986,-0.1839
0.945,5,4,SF,,0.3,-0.1847
0.95,5,4,SF,,0.3015,-0.1856
0.955,5,4,SF,,0.3029,-0.1865
0.96,5,4,SF,,0.3044,-0.1874
0.965,5,4,SF,,0.3059,-0.1883
0.97,5,4,SF,,0.3073,-0.1892
0.975,5,4,SF,,0.3088,-0.1901
0.98,5,4,SF,,0.3102,-0.191
0.985,5,4,SF,,0.3117,-0.1918
0.99,5,4,SF,,0.3131,-0.1927
0.995,5,4,SF,,0.3146,-0.1936
1,5,4,SF,,0.316,-0.1945
1.005,5,4,SF,,0.3174,-0.1954
1.01,5,4,SF,,0.3189,-0.1962
1.015,5,4,SF,,0.3203,-0.1971
1.02,5,4,SF,,0.3217,-0.198
1.025,5,4,SF,,0.3232,-0.1988
1.03,5,4,SF,,0.3246,-0.1997
1.035,5,4,SF,,0.326,-0.2006
1.04,5,4,SF,,0.3274,-0.2015
1.045,5,4,SF,,0.3289,-0.2023
1.05,5,4,SF,,0.3303,-0.2032
1.055,5,4,SF,,0.3317,-0.204
1.06,5,4,SF,,0.3331,-0.2049
1.065,5,4,SF,,0.3345,-0.2058
1.07,5,4,SF,,0.3359,-0.2066
1.075,5,4,SF,,0.3373,-0.2075
1.08,5,4,SF,,0.3387,-0.2083
1.085,5,4,SF,,0.3401,-0.2092
1.09,5,4,SF,,0.3415,-0.21
1.095,5,4,SF,,0.3429,-0.2109
1.1,5,4,SF,,0.3443,-0.2117
1.105,5,4,SF,,0.3457,-0.2126
1.11,5,4,SF,,0.3471,-0.2134
1.115,5,4,SF,,0.3485,-0.2143
1.12,5,4,SF,,0.3499,-0.2151
1.125,5,4,SF,,0.3512,-0.2159
1.13,5,4,SF,,0.3526,-0.2168
1.135,5,4,SF,,0.354,-0.2176
1.14,5,4,SF,,0.3553,-0.2185
1.145,5,4,SF,,0.3567,-0.2193
1.15,5,4,SF,,0.3581,-0.2201
1.155,5,4,SF,,0.3594,-0.221
1.16,5,4,SF,,0.3608,-0.2218
1.165,5,4,SF,,0.3622,-0.2226
1.17,5,4,SF,,0.3635,-0.2234
1.175,5,4,SF,,0.3649,-0.2243
1.18,5,4,SF,,0.3662,-0.2251
1.185,5,4,SF,,0.3676,-0.2259
1.19,5,4,SF,,0.3689,-0.2267
1.195,5,4,SF,,0.3702,-0.2275
1.2,5,4,SF,,0.3716,-0.2283
1.205,5,4,SF,,0.3729,-0.2292
1.21,5,4,SF,,0.3742,-0.23
1.215,5,4,SF,,0.3756,-0.2308
1.22,5,4,SF,,0.3769,-0.2316
1.225,5,4,SF,,0.3782,-0.2324
1.23,5,4,SF,,0.3795,-0.2332
1.235,5,4,SF,,0.3808,-0.234
1.24,5,4,SF,,0.3822,-0.2348
1.245,5,4,SF,,0.3835,-0.2356
1.25,5,4,SF,,0.3848,-0.2364
1.255,5,4,SF,,0.3861,-0.2372
1.26,5,4,SF,,0.3874,-0.238
1.265,5,4,SF,,0.3887,-0.2388
1.27,5,4,SF,,0.39,-0.2396
1.275,5,4,SF,,0.3913,-0.2404
1.28,5,4,SF,,0.3925,-0.2412
1.285,5,4,SF,,0.3938,-0.2419
1.29,5,4,SF,,0.3951,-0.2427
1.295,5,4,SF,,0.3964,-0.2435
1.3,5,4,SF,,0.3977,-0.2443
1.305,5,4,SF,,0.3989,-0.2451
1.31,5,4,SF,,0.4002,-0.2458
1.315,5,4,SF,,0.4015,-0.2466
1.32,5,4,SF,,0.4027,-0.2474
1.325,5,4,SF,,0.404,-0.2482
1.33,5,4,SF,,0.4052,-0.2489
1.335,5,4,SF,,0.4065,-0.2497
1.34,5,4,SF,,0.4077,-0.2505
1.345,5,4,SF,,0.409,-0.2512
1.35,5,4,SF,,0.4102,-0.252
1.355,5,4,SF,,0.4115,-0.2527
1.36,5,4,SF,,0.4127,-0.2535
1.365,5,4,SF,,0.4139,-0.2542
1.37,5,4,SF,,0.4152,-0.255
1.375,5,4,SF,,0.4164,-0.2558
1.38,5,4,SF,,0.4176,-0.2565
1.385,5,4,SF,,0.4188,-0.2572
1.39,5,4,SF,,0.42,-0.258
1.395,5,4,SF,,0.4213,-0.2587
1.4,5,4,SF,,0.4225,-0.2595
1.405,5,4,SF,,0.4237,-0.2602
1.41,5,4,SF,,0.4249,-0.261
1.415,5,4,SF,,0.4261,-0.2617
1.42,5,4,SF,,0.4273,-0.2624
1.425,5,4,SF,,0.4285,-0.2632
1.43,5,4,SF,,0.4296,-0.2639
1.435,5,4,SF,,0.4308,-0.2646
1.44,5,4,SF,,0.432,-0.2653
1.445,5,4,SF,,0.4332,-0.2661
1.45,5,4,SF,,0.4344,-0.2668
1.455,5,4,SF,,0.4355,-0.2675
1.46,5,4,SF,,0.4367,-0.2682
1.465,5,4,SF,,0.4378,-0.2689
1.47,5,4,SF,,0.439,-0.2696
1.475,5,4,SF,,0.4402,-0.2703
1.48,5,4,SF,,0.4413,-0.2711
1.485,5,4,SF,,0.4425,-0.2718
1.49,5,4,SF,,0.4436,-0.2725
1.495,5,4,SF,,0.4447,-0.2732
1.5,5,4,SF,,0.4459,-0.2739
1.505,5,4,SF,,0.447,-0.2746
1.51,5,4,SF,,0.4481,-0.2753
1.515,5,4,SF,,0.4493,-0.276
1.52,5,4,SF,,0.4504,-0.2766
1.525,5,4,SF,,0.4515,-0.2773
1.53,5,4,SF,,0.4526,-0.278
1.535,5,4,SF,,0.4537,-0.2787
1.54,5,4,SF,,0.4548,-0.2794
1.545,5,4,SF,,0.4559,-0.2801
1.55,5,4,SF,,0.457,-0.2807
1.555,5,4,SF,,0.4581,-0.2814
1.56,5,4,SF,,0.4592,-0.2821
1.565,5,4,SF,,0.4603,-0.2828
1.57,5,4,SF,,0.4614,-0.2834
1.575,5,4,SF,,0.4624,-0.2841
1.58,5,4,SF,,0.4635,-0.2848
1.585,5,4,SF,,0.4646,-0.2854
1.59,5,4,SF,,0.4657,-0.2861
1.595,5,4,SF,,0.4667,-0.2868
1.6,5,4,SF,,0.4678,-0.2874
1.605,5,4,SF,,0.4688,-0.2881
1.61,5,4,SF,,0.4699,-0.2887
1.615,5,4,SF,,0.4709,-0.2894
1.62,5,4,SF,,0.472,-0.29
1.625,5,4,SF,,0.473,-0.2906
1.63,5,4,SF,,0.474,-0.2913
1.635,5,4,SF,,0.4751,-0.2919
1.64,5,4,SF,,0.4761,-0.2926
1.645,5,4,SF,,0.4771,-0.2932
1.65,5,4,SF,,0.4781,-0.2938
1.655,5,4,SF,,0.4791,-0.2945
1.66,5,4,SF,,0.4801,-0.2951
1.665,5,4,SF,,0.4811,-0.2957
1.67,5,4,SF,,0.4821,-0.2963
1.675,5,4,SF,,0.4831,-0.297
1.68,5,4,SF,,0.4841,-0.2976
1.685,5,4,SF,,0.4851,-0.2982
1.69,5,4,SF,,0.4861,-0.2988
1.695,5,4,SF,,0.4871,-0.2994
1.7,5,4,SF,,0.4881,-0.3
1.705,5,4,SF,,0.489,-0.3006
1.71,5,4,SF,,0.49,-0.3012
1.715,5,4,SF,,0.4909,-0.3018
1.72,5,4,SF,,0.4919,-0.3024
1.725,5,4,SF,,0.4929,-0.303
1.73,5,4,SF,,0.4938,-0.3036
1.735,5,4,SF,,0.4947,-0.3042
1.74,5,4,SF,,0.4957,-0.3048
1.745,5,4,SF,,0.4966,-0.3054
1.75,5,4,SF,,0.4975,-0.306
1.755,5,4,SF,,0.4985,-0.3066
1.76,5,4,SF,,0.4994,-0.3071
1.765,5,4,SF,,0.5003,-0.3077
1.77,5,4,SF,,0.5012,-0.3083
1.775,5,4,SF,,0.5021,-0.3089
1.78,5,4,SF,,0.503,-0.3094
1.785,5,4,SF,,0.5039,-0.31
1.79,5,4,SF,,0.5048,-0.3106
1.795,5,4,SF,,0.5057,-0.3111
1.8,5,4,SF,,0.5066,-0.3117
1.805,5,4,SF,,0.5075,-0.3122
1.81,5,4,SF,,0.5083,-0.3128
1.815,5,4,SF,,0.5092,-0.3133
1.82,5,4,SF,,0.5101,-0.3139
1.825,5,4,SF,,0.5109,-0.3144
1.83,5,4,SF,,0.5118,-0.315
1.835,5,4,SF,,0.5126,-0.3155
1.84,5,4,SF,,0.5135,-0.3161
1.845,5,4,SF,,0.5143,-0.3166
1.85,5,4,SF,,0.5152,-0.3171
1.855,5,4,SF,,0.516,-0.3177
1.86,5,4,SF,,0.5168,-0.3182
1.865,5,4,SF,,0.5177,-0.3187
1.87,5,4,SF,,0.5185,-0.3192
1.875,5,4,SF,,0.5193,-0.3197
1.88,5,4,SF,,0.5201,-0.3203
1.885,5,4,SF,,0.5209,-0.3208
1.89,5,4,SF,,0.5217,-0.3213
1.895,5,4,SF,,0.5225,-0.3218
1.9,5,4,SF,,0.5233,-0.3223
1.905,5,4,SF,,0.5241,-0.3228
1.91,5,4,SF,,0.5248,-0.3233
1.915,5,4,SF,,0.5256,-0.3238
1.92,5,4,SF,,0.5264,-0.3243
1.925,5,4,SF,,0.5271,-0.3248
1.93,5,4,SF,,0.5279,-0.3253
1.935,5,4,SF,,0.5287,-0.3258
1.94,5,4,SF,,0.5294,-0.3263
1.945,5,4,SF,,0.5302,-0.3267
1.95,5,4,SF,,0.5309,-0.3272
1.955,5,4,SF,,0.5316,-0.3277
1.96,5,4,SF,,0.5324,-0.3282
1.965,5,4,SF,,0.5331,-0.3286
1.97,5,4,SF,,0.5338,-0.3291
1.975,5,4,SF,,0.5345,-0.3296
1.98,5,4,SF,,0.5352,-0.33
1.985,5,4,SF,,0.5359,-0.3305
1.99,5,4,SF,,0.5366,-0.3309
1.995,5,4,SF,,0.5373,-0.3314
2,5,4,SF,,0.538,-0.3318
2.005,5,4,SF,,0.5387,-0.3323
2.01,5,4,SF,,0.5394,-0.3327
2.015,5,4,SF,,0.54,-0.3332
2.02,5,4,SF,,0.5407,-0.3336
2.025,5,4,SF,,0.5414,-0.334
2.03,5,4,SF,,0.542,-0.3345
2.035,5,4,SF,,0.5427,-0.3349
2.04,5,4,SF,,0.5433,-0.3353
2.045,5,4,SF,,0.544,-0.3358
2.05,5,4,SF,,0.5446,-0.3362
2.055,5,4,SF,,0.5452,-0.3366
2.06,5,4,SF,,0.5458,-0.337
2.065,5,4,SF,,0.5465,-0.3374
2.07,5,4,SF,,0.5471,-0.3378
2.075,5,4,SF,,0.5477,-0.3382
2.08,5,4,SF,,0.5483,-0.3387
2.085,5,4,SF,,0.5489,-0.3391
2.09,5,4,SF,,0.5495,-0.3394
2.095,5,4,SF,,0.5501,-0.3398
2.1,5,4,SF,,0.5506,-0.3402
2.105,5,4,SF,,0.5512,-0.3406
2.11,5,4,SF,,0.5518,-0.341
2.115,5,4,SF,,0.5524,-0.3414
2.12,5,4,SF,,0.5529,-0.3418
2.125,5,4,SF,,0.5535,-0.3421
2.13,5,4,SF,,0.554,-0.3425
2.135,5,4,SF,,0.5546,-0.3429
2.14,5,4,SF,,0.5551,-0.3433
2.145,5,4,SF,,0.5556,-0.3436
2.15,5,4,SF,,0.5561,-0.344
2.155,5,4,SF,,0.5567,-0.3443
2.16,5,4,SF,,0.5572,-0.3447
2.165,5,4,SF,,0.5577,-0.3451
2.17,5,4,SF,,0.5582,-0.3454
2.175,5,4,SF,,0.5587,-0.3457
2.18,5,4,SF,,0.5592,-0.3461
2.185,5,4,SF,,0.5597,-0.3464
2.19,5,4,SF,,0.5601,-0.3468
2.195,5,4,SF,,0.5606,-0.3471
2.2,5,4,SF,,0.5611,-0.3474
2.205,5,4,SF,,0.5616,-0.3478
2.21,5,4,SF,,0.562,-0.3481
2.215,5,4,SF,,0.5625,-0.3484
2.22,5,4,SF,,0.5629,-0.3487
2.225,5,4,SF,,0.5633,-0.349
2.23,5,4,SF,,0.5638,-0.3493
2.235,5,4,SF,,0.5642,-0.3497
2.24,5,4,SF,,0.5646,-0.35
2.245,5,4,SF,,0.565,-0.3503
2.25,5,4,SF,,0.5655,-0.3506
2.255,5,4,SF,,0.5659,-0.3509
2.26,5,4,SF,,0.5663,-0.3511
2.265,5,4,SF,,0.5666,-0.3514
2.27,5,4,SF,,0.567,-0.3517
2.275,5,4,SF,,0.5674,-0.352
2.28,5,4,SF,,0.5678,-0.3523
2.285,5,4,SF,,0.5682,-0.3526
2.29,5,4,SF,,0.5685,-0.3528
2.295,5,4,SF,,0.5689,-0.3531
2.3,5,4,SF,,0.5692,-0.3534
2.305,5,4,SF,,0.5696,-0.3536
2.31,5,4,SF,,0.5699,-0.3539
2.315,5,4,SF,,0.5702,-0.3541
2.32,5,4,SF,,0.5706,-0.3544
2.325,5,4,SF,,0.5709,-0.3547
2.33,5,4,SF,,0.5712,-0.3549
2.335,5,4,SF,,0.5715,-0.3551
2.34,5,4,SF,,0.5718,-0.3554
2.345,5,4,SF,,0.5721,-0.3556
2.35,5,4,SF,,0.5724,-0.3559
2.355,5,4,SF,,0.5727,-0.3561
2.36,5,4,SF,,0.573,-0.3563
2.365,5,4,SF,,0.5732,-0.3565
2.37,5,4,SF,,0.5735,-0.3567
2.375,5,4,SF,,0.5737,-0.357
2.38,5,4,SF,,0.574,-0.3572
2.385,5,4,SF,,0.5742,-0.3574
2.39,5,4,SF,,0.5745,-0.3576
2.395,5,4,SF,,0.5747,-0.3578
2.4,5,4,SF,,0.5749,-0.358
2.405,5,4,SF,,0.5752,-0.3582
2.41,5,4,SF,,0.5754,-0.3584
2.415,5,4,SF,,0.5756,-0.3586
2.42,5,4,SF,,0.5758,-0.3588
2.425,5,4,SF,,0.576,-0.3589
2.43,5,4,SF,,0.5762,-0.3591
2.435,5,4,SF,,0.5764,-0.3593
2.44,5,4,SF,,0.5765,-0.3595
2.445,5,4,SF,,0.5767,-0.3596
2.45,5,4,SF,,0.5769,-0.3598
2.455,5,4,SF,,0.577,-0.36
2.46,5,4,SF,,0.5772,-0.3601
2.465,5,4,SF,,0.5773,-0.3603
2.47,5,4,SF,,0.5774,-0.3604
2.475,5,4,SF,,0.5776,-0.3606
2.48,5,4,SF,,0.5777,-0.3607
2.485,5,4,SF,,0.5778,-0.3609
2.49,5,4,SF,,0.5779,-0.361
2.495,5,4,SF,,0.578,-0.3611
2.5,5,4,SF,,0.5781,-0.3613
2.505,5,4,SF,,0.5782,-0.3614
2.51,5,4,SF,,0.5783,-0.3615
2.515,5,4,SF,,0.5784,-0.3616
2.52,5,4,SF,,0.5784,-0.3617
2.525,5,4,SF,,0.5785,-0.3618
2.53,5,4,SF,,0.5786,-0.362
2.535,5,4,SF,,0.5786,-0.3621
2.54,5,4,SF,,0.5787,-0.3622
2.545,5,4,SF,,0.5787,-0.3623
2.55,5,4,SF,,0.5787,-0.3623
2.555,5,4,SF,,0.5788,-0.3624
2.56,5,4,SF,,0.5788,-0.3625
2.565,5,4,SF,,0.5788,-0.3626
2.57,5,4,SF,,0.5788,-0.3627
2.575,5,4,SF,,0.5788,-0.3628
2.58,5,4,SF,,0.5788,-0.3628
2.585,5,4,SF,,0.5787,-0.3629
2.59,5,4,SF,,0.5787,-0.363
2.595,5,4,SF,,0.5787,-0.363
2.6,5,4,SF,,0.5787,-0.3631
2.605,5,4,SF,,0.5786,-0.3631
2.61,5,4,SF,,0.5786,-0.3632
2.615,5,4,SF,,0.5785,-0.3632
2.62,5,4,SF,,0.5784,-0.3633
2.625,5,4,SF,,0.5784,-0.3633
2.63,5,4,SF,,0.5783,-0.3633
2.635,5,4,SF,,0.5782,-0.3634
2.64,5,4,SF,,0.5781,-0.3634
2.645,5,4,SF,,0.578,-0.3634
2.65,5,4,SF,,0.5779,-0.3634
2.655,5,4,SF,,0.5778,-0.3635
2.66,5,4,SF,,0.5777,-0.3635
2.665,5,4,SF,,0.5775,-0.3635
2.67,5,4,SF,,0.5774,-0.3635
2.675,5,4,SF,,0.5772,-0.3635
2.68,5,4,SF,,0.5771,-0.3635
2.685,5,4,SF,,0.5769,-0.3635
2.69,5,4,SF,,0.5768,-0.3635
2.695,5,4,SF,,0.5766,-0.3634
2.7,5,4,SF,,0.5764,-0.3634
2.705,5,4,SF,,0.5762,-0.3634
2.71,5,4,SF,,0.576,-0.3634
2.715,5,4,SF,,0.5758,-0.3633
2.72,5,4,SF,,0.5756,-0.3633
2.725,5,4,SF,,0.5754,-0.3633
2.73,5,4,SF,,0.5752,-0.3632
2.735,5,4,SF,,0.575,-0.3632
2.74,5,4,SF,,0.5747,-0.3631
2.745,5,4,SF,,0.5745,-0.3631
2.75,5,4,SF,,0.5742,-0.363
2.755,5,4,SF,,0.574,-0.363
2.76,5,4,SF,,0.5737,-0.3629
2.765,5,4,SF,,0.5734,-0.3628
2.77,5,4,SF,,0.5732,-0.3627
2.775,5,4,SF,,0.5729,-0.3627
2.78,5,4,SF,,0.5726,-0.3626
2.785,5,4,SF,,0.5723,-0.3625
2.79,5,4,SF,,0.572,-0.3624
2.795,5,4,SF,,0.5716,-0.3623
2.8,5,4,SF,,0.5713,-0.3622
2.805,5,4,SF,,0.571,-0.3621
2.81,5,4,SF,,0.5706,-0.362
2.815,5,4,SF,,0.5703,-0.3619
2.82,5,4,SF,,0.5699,-0.3618
2.825,5,4,SF,,0.5696,-0.3617
2.83,5,4,SF,,0.5692,-0.3615
2.835,5,4,SF,,0.5688,-0.3614
2.84,5,4,SF,,0.5684,-0.3613
2.845,5,4,SF,,0.568,-0.3612
2.85,5,4,SF,,0.5676,-0.361
2.855,5,4,SF,,0.5672,-0.3609
2.86,5,4,SF,,0.5668,-0.3607
2.865,5,4,SF,,0.5664,-0.3606
2.87,5,4,SF,,0.566,-0.3604
2.875,5,4,SF,,0.5655,-0.3603
2.88,5,4,SF,,0.5651,-0.3601
2.885,5,4,SF,,0.5646,-0.3599
2.89,5,4,SF,,0.5642,-0.3598
2.895,5,4,SF,,0.5637,-0.3596
2.9,5,4,SF,,0.5632,-0.3594
2.905,5,4,SF,,0.5627,-0.3592
2.91,5,4,SF,,0.5622,-0.359
2.915,5,4,SF,,0.5617,-0.3589
2.92,5,4,SF,,0.5612,-0.3587
2.925,5,4,SF,,0.5607,-0.3585
2.93,5,4,SF,,0.5602,-0.3583
2.935,5,4,SF,,0.5596,-0.358
2.94,5,4,SF,,0.5591,-0.3578
2.945,5,4,SF,,0.5586,-0.3576
2.95,5,4,SF,,0.558,-0.3574
2.955,5,4,SF,,0.5574,-0.3572
2.96,5,4,SF,,0.5569,-0.3569
2.965,5,4,SF,,0.5563,-0.3567
2.97,5,4,SF,,0.5557,-0.3565
2.975,5,4,SF,,0.5551,-0.3562
2.98,5,4,SF,,0.5545,-0.356
2.985,5,4,SF,,0.5539,-0.3557
2.99,5,4,SF,,0.5533,-0.3555
2.995,5,4,SF,,0.5526,-0.3552
3,5,4,SF,,0.552,-0.355
3.005,5,4,SF,,0.5514,-0.3547
3.01,5,4,SF,,0.5507,-0.3544
3.015,5,4,SF,,0.55,-0.3541
3.02,5,4,SF,,0.5494,-0.3539
3.025,5,4,SF,,0.5487,-0.3536
3.03,5,4,SF,,0.548,-0.3533
3.035,5,4,SF,,0.5473,-0.353
3.04,5,4,SF,,0.5466,-0.3527
3.045,5,4,SF,,0.5459,-0.3524
3.05,5,4,SF,,0.5452,-0.3521
3.055,5,4,SF,,0.5445,-0.3518
3.06,5,4,SF,,0.5437,-0.3515
3.065,5,4,SF,,0.543,-0.3511
3.07,5,4,SF,,0.5422,-0.3508
3.075,5,4,SF,,0.5415,-0.3505
3.08,5,4,SF,,0.5407,-0.3502
3.085,5,4,SF,,0.5399,-0.3498
3.09,5,4,SF,,0.5392,-0.3495
3.095,5,4,SF,,0.5384,-0.3491
3.1,5,4,SF,,0.5376,-0.3488
3.105,5,4,SF,,0.5368,-0.3484
3.11,5,4,SF,,0.5359,-0.3481
3.115,5,4,SF,,0.5351,-0.3477
3.12,5,4,SF,,0.5343,-0.3473
3.125,5,4,SF,,0.5334,-0.347
3.13,5,4,SF,,0.5326,-0.3466
3.135,5,4,SF,,0.5317,-0.3462
3.14,5,4,SF,,0.5309,-0.3458
3.145,5,4,SF,,0.53,-0.3454
3.15,5,4,SF,,0.5291,-0.345
3.155,5,4,SF,,0.5282,-0.3446
3.16,5,4,SF,,0.5273,-0.3442
3.165,5,4,SF,,0.5264,-0.3438
3.17,5,4,SF,,0.5255,-0.3434
3.175,5,4,SF,,0.5246,-0.343
3.18,5,4,SF,,0.5236,-0.3426
3.185,5,4,SF,,0.5227,-0.3422
3.19,5,4,SF,,0.5217,-0.3417
3.195,5,4,SF,,0.5208,-0.3413
3.2,5,4,SF,,0.5198,-0.3408
3.205,5,4,SF,,0.5188,-0.3404
3.21,5,4,SF,,0.5178,-0.34
3.215,5,4,SF,,0.5168,-0.3395
3.22,5,4,SF,,0.5158,-0.339
3.225,5,4,SF,,0.5148,-0.3386
3.23,5,4,SF,,0.5138,-0.3381
3.235,5,4,SF,,0.5128,-0.3376
3.24,5,4,SF,,0.5117,-0.3372
3.245,5,4,SF,,0.5107,-0.3367
3.25,5,4,SF,,0.5096,-0.3362
3.255,5,4,SF,,0.5086,-0.3357
3.26,5,4,SF,,0.5075,-0.3352
3.265,5,4,SF,,0.5064,-0.3347
3.27,5,4,SF,,0.5053,-0.3342
3.275,5,4,SF,,0.5042,-0.3337
3.28,5,4,SF,,0.5031,-0.3332
3.285,5,4,SF,,0.502,-0.3327
3.29,5,4,SF,,0.5009,-0.3321
3.295,5,4,SF,,0.4997,-0.3316
3.3,5,4,SF,,0.4986,-0.3311
3.305,5,4,SF,,0.4974,-0.3305
3.31,5,4,SF,,0.4963,-0.33
3.315,5,4,SF,,0.4951,-0.3295
3.32,5,4,SF,,0.4939,-0.3289
3.325,5,4,SF,,0.4927,-0.3283
3.33,5,4,SF,,0.4915,-0.3278
3.335,5,4,SF,,0.4903,-0.3272
3.34,5,4,SF,,0.4891,-0.3266
3.345,5,4,SF,,0.4879,-0.3261
3.35,5,4,SF,,0.4867,-0.3255
3.355,5,4,SF,,0.4854,-0.3249
3.36,5,4,SF,,0.4842,-0.3243
3.365,5,4,SF,,0.4829,-0.3237
3.37,5,4,SF,,0.4816,-0.3231
3.375,5,4,SF,,0.4804,-0.3225
3.38,5,4,SF,,0.4791,-0.3219
3.385,5,4,SF,,0.4778,-0.3213
3.39,5,4,SF,,0.4765,-0.3207
3.395,5,4,SF,,0.4751,-0.3201
3.4,5,4,SF,,0.4738,-0.3194
3.405,5,4,SF,,0.4725,-0.3188
3.41,5,4,SF,,0.4711,-0.3182
3.415,5,4,SF,,0.4698,-0.3175
3.42,5,4,SF,,0.4684,-0.3169
3.425,5,4,SF,,0.4671,-0.3162
3.43,5,4,SF,,0.4657,-0.3156
3.435,5,4,SF,,0.4643,-0.3149
3.44,5,4,SF,,0.4629,-0.3142
3.445,5,4,SF,,0.4615,-0.3136
3.45,5,4,SF,,0.4601,-0.3129
3.455,5,4,SF,,0.4586,-0.3122
3.46,5,4,SF,,0.4572,-0.3115
3.465,5,4,SF,,0.4558,-0.3108
3.47,5,4,SF,,0.4543,-0.3101
3.475,5,4,SF,,0.4528,-0.3094
3.48,5,4,SF,,0.4514,-0.3087
3.485,5,4,SF,,0.4499,-0.308
3.49,5,4,SF,,0.4484,-0.3073
3.495,5,4,SF,,0.4469,-0.3066
3.5,5,4,SF,,0.4454,-0.3058
3.505,5,4,SF,,0.4439,-0.3051
3.51,5,4,SF,,0.4423,-0.3044
3.515,5,4,SF,,0.4408,-0.3036
3.52,5,4,SF,,0.4392,-0.3029
3.525,5,4,SF,,0.4377,-0.3021
3.53,5,4,SF,,0.4361,-0.3014
3.535,5,4,SF,,0.4345,-0.3006
3.54,5,4,SF,,0.4329,-0.2998
3.545,5,4,SF,,0.4313,-0.2991
3.55,5,4,SF,,0.4297,-0.2983
3.555,5,4,SF,,0.4281,-0.2975
3.56,5,4,SF,,0.4265,-0.2967
3.565,5,4,SF,,0.4249,-0.2959
3.57,5,4,SF,,0.4232,-0.2951
3.575,5,4,SF,,0.4216,-0.2943
3.58,5,4,SF,,0.4199,-0.2935
3.585,5,4,SF,,0.4182,-0.2927
3.59,5,4,SF,,0.4165,-0.2919
3.595,5,4,SF,,0.4148,-0.2911
3.6,5,4,SF,,0.4131,-0.2902
3.605,5,4,SF,,0.4114,-0.2894
3.61,5,4,SF,,0.4097,-0.2886
3.615,5,4,SF,,0.408,-0.2877
3.62,5,4,SF,,0.4062,-0.2869
3.625,5,4,SF,,0.4045,-0.286
3.63,5,4,SF,,0.4027,-0.2852
3.635,5,4,SF,,0.4009,-0.2843
3.64,5,4,SF,,0.3992,-0.2834
3.645,5,4,SF,,0.3974,-0.2825
3.65,5,4,SF,,0.3956,-0.2817
3.655,5,4,SF,,0.3937,-0.2808
3.66,5,4,SF,,0.3919,-0.2799
3.665,5,4,SF,,0.3901,-0.279
3.67,5,4,SF,,0.3883,-0.2781
3.675,5,4,SF,,0.3864,-0.2772
3.68,5,4,SF,,0.3845,-0.2763
3.685,5,4,SF,,0.3827,-0.2754
3.69,5,4,SF,,0.3808,-0.2744
3.695,5,4,SF,,0.3789,-0.2735
3.7,5,4,SF,,0.377,-0.2726
3.705,5,4,SF,,0.3751,-0.2716
3.71,5,4,SF,,0.3732,-0.2707
3.715,5,4,SF,,0.3712,-0.2698
3.72,5,4,SF,,0.3693,-0.2688
3.725,5,4,SF,,0.3673,-0.2678
3.73,5,4,SF,,0.3654,-0.2669
3.735,5,4,SF,,0.3634,-0.2659
3.74,5,4,SF,,0.3614,-0.2649
3.745,5,4,SF,,0.3594,-0.264
3.75,5,4,SF,,0.3574,-0.263
3.755,5,4,SF,,0.3554,-0.262
3.76,5,4,SF,,0.3534,-0.261
3.765,5,4,SF,,0.3514,-0.26
3.77,5,4,SF,,0.3493,-0.259
3.775,5,4,SF,,0.3473,-0.258
3.78,5,4,SF,,0.3452,-0.2569
3.785,5,4,SF,,0.3431,-0.2559
3.79,5,4,SF,,0.341,-0.2549
3.795,5,4,SF,,0.3389,-0.2539
3.8,5,4,SF,,0.3368,-0.2528
3.805,5,4,SF,,0.3347,-0.2518
3.81,5,4,SF,,0.3326,-0.2507
3.815,5,4,SF,,0.3305,-0.2497
3.82,5,4,SF,,0.3283,-0.2486
3.825,5,4,SF,,0.3262,-0.2475
3.83,5,4,SF,,0.324,-0.2465
3.835,5,4,SF,,0.3218,-0.2454
3.84,5,4,SF,,0.3196,-0.2443
3.845,5,4,SF,,0.3174,-0.2432
3.85,5,4,SF,,0.3152,-0.2421
3.855,5,4,SF,,0.313,-0.241
3.86,5,4,SF,,0.3108,-0.2399
3.865,5,4,SF,,0.3085,-0.2388
3.87,5,4,SF,,0.3063,-0.2377
3.875,5,4,SF,,0.304,-0.2366
3.88,5,4,SF,,0.3017,-0.2354
3.885,5,4,SF,,0.2995,-0.2343
3.89,5,4,SF,,0.2972,-0.2332
3.895,5,4,SF,,0.2949,-0.232
3.9,5,4,SF,,0.2925,-0.2309
3.905,5,4,SF,,0.2902,-0.2297
3.91,5,4,SF,,0.2879,-0.2286
3.915,5,4,SF,,0.2855,-0.2274
3.92,5,4,SF,,0.2832,-0.2262
3.925,5,4,SF,,0.2808,-0.2251
3.93,5,4,SF,,0.2784,-0.2239
3.935,5,4,SF,,0.276,-0.2227
3.94,5,4,SF,,0.2736,-0.2215
3.945,5,4,SF,,0.2712,-0.2203
3.95,5,4,SF,,0.2688,-0.2191
3.955,5,4,SF,,0.2664,-0.2179
3.96,5,4,SF,,0.2639,-0.2167
3.965,5,4,SF,,0.2615,-0.2154
3.97,5,4,SF,,0.259,-0.2142
3.975,5,4,SF,,0.2565,-0.213
3.98,5,4,SF,,0.2541,-0.2117
3.985,5,4,SF,,0.2516,-0.2105
3.99,5,4,SF,,0.249,-0.2092
3.995,5,4,SF,,0.2465,-0.208
4,5,4,SF,,0.244,-0.2067
4.005,5,4,SF,,0.2415,-0.2055
4.01,5,4,SF,,0.239,-0.2042
4.015,5,4,SF,,0.2365,-0.2029
4.02,5,4,SF,,0.234,-0.2016
4.025,5,4,SF,,0.2315,-0.2003
4.03,5,4,SF,,0.229,-0.199
4.035,5,4,SF,,0.2266,-0.1977
4.04,5,4,SF,,0.2242,-0.1964
4.045,5,4,SF,,0.2218,-0.1951
4.05,5,4,SF,,0.2194,-0.1938
4.055,5,4,SF,,0.217,-0.1925
4.06,5,4,SF,,0.2146,-0.1912
4.065,5,4,SF,,0.2122,-0.1898
4.07,5,4,SF,,0.2099,-0.1885
4.075,5,4,SF,,0.2076,-0.1872
4.08,5,4,SF,,0.2052,-0.1858
4.085,5,4,SF,,0.2029,-0.1845
4.09,5,4,SF,,0.2006,-0.1831
4.095,5,4,SF,,0.1984,-0.1818
4.1,5,4,SF,,0.1961,-0.1804
4.105,5,4,SF,,0.1939,-0.1791
4.11,5,4,SF,,0.1916,-0.1777
4.115,5,4,SF,,0.1894,-0.1764
4.12,5,4,SF,,0.1872,-0.175
4.125,5,4,SF,,0.185,-0.1736
4.13,5,4,SF,,0.1828,-0.1723
4.135,5,4,SF,,0.1806,-0.1709
4.14,5,4,SF,,0.1785,-0.1695
4.145,5,4,SF,,0.1764,-0.1681
4.15,5,4,SF,,0.1742,-0.1667
4.155,5,4,SF,,0.1721,-0.1654
4.16,5,4,SF,,0.17,-0.164
4.165,5,4,SF,,0.1679,-0.1626
4.17,5,4,SF,,0.1659,-0.1612
4.175,5,4,SF,,0.1638,-0.1598
4.18,5,4,SF,,0.1618,-0.1584
4.185,5,4,SF,,0.1597,-0.157
4.19,5,4,SF,,0.1577,-0.1556
4.195,5,4,SF,,0.1557,-0.1542
4.2,5,4,SF,,0.1537,-0.1528
4.205,5,4,SF,,0.1518,-0.1514
4.21,5,4,SF,,0.1498,-0.15
4.215,5,4,SF,,0.1478,-0.1486
4.22,5,4,SF,,0.1459,-0.1472
4.225,5,4,SF,,0.144,-0.1458
4.23,5,4,SF,,0.1421,-0.1444
4.235,5,4,SF,,0.1402,-0.143
4.24,5,4,SF,,0.1383,-0.1416
4.245,5,4,SF,,0.1364,-0.1402
4.25,5,4,SF,,0.1346,-0.1388
4.255,5,4,SF,,0.1327,-0.1374
4.26,5,4,SF,,0.1309,-0.136
4.265,5,4,SF,,0.1291,-0.1346
4.27,5,4,SF,,0.1273,-0.1333
4.275,5,4,SF,,0.1255,-0.1319
4.28,5,4,SF,,0.1237,-0.1305
4.285,5,4,SF,,0.122,-0.1291
4.29,5,4,SF,,0.1202,-0.1277
4.295,5,4,SF,,0.1185,-0.1263
4.3,5,4,SF,,0.1168,-0.1249
4.305,5,4,SF,,0.1151,-0.1235
4.31,5,4,SF,,0.1134,-0.1221
4.315,5,4,SF,,0.1117,-0.1207
4.32,5,4,SF,,0.11,-0.1193
4.325,5,4,SF,,0.1084,-0.118
4.33,5,4,SF,,0.1067,-0.1166
4.335,5,4,SF,,0.1051,-0.1152
4.34,5,4,SF,,0.1035,-0.1138
4.345,5,4,SF,,0.1019,-0.1124
4.35,5,4,SF,,0.1003,-0.1111
4.355,5,4,SF,,0.0987,-0.1097
4.36,5,4,SF,,0.0971,-0.1083
4.365,5,4,SF,,0.0956,-0.107
4.37,5,4,SF,,0.0941,-0.1056
4.375,5,4,SF,,0.0925,-0.1043
4.38,5,4,SF,,0.091,-0.1029
4.385,5,4,SF,,0.0895,-0.1016
4.39,5,4,SF,,0.088,-0.1002
4.395,5,4,SF,,0.0866,-0.0989
4.4,5,4,SF,,0.0851,-0.0975
4.405,5,4,SF,,0.0837,-0.0962
4.41,5,4,SF,,0.0822,-0.0949
4.415,5,4,SF,,0.0808,-0.0935
4.42,5,4,SF,,0.0794,-0.0922
4.425,5,4,SF,,0.078,-0.0909
4.43,5,4,SF,,0.0766,-0.0896
4.435,5,4,SF,,0.0753,-0.0883
4.44,5,4,SF,,0.0739,-0.087
4.445,5,4,SF,,0.0726,-0.0857
4.45,5,4,SF,,0.0712,-0.0844
4.455,5,4,SF,,0.0699,-0.0831
4.46,5,4,SF,,0.0686,-0.0818
4.465,5,4,SF,,0.0673,-0.0805
4.47,5,4,SF,,0.066,-0.0793
4.475,5,4,SF,,0.0648,-0.078
4.48,5,4,SF,,0.0635,-0.0767
4.485,5,4,SF,,0.0623,-0.0755
4.49,5,4,SF,,0.061,-0.0742
4.495,5,4,SF,,0.0598,-0.073
4.5,5,4,SF,,0.0586,-0.0717
4.505,5,4,SF,,0.0574,-0.0705
4.51,5,4,SF,,0.0563,-0.0693
4.515,5,4,SF,,0.0551,-0.0681
4.52,5,4,SF,,0.0539,-0.0669
4.525,5,4,SF,,0.0528,-0.0657
4.53,5,4,SF,,0.0517,-0.0645
4.535,5,4,SF,,0.0506,-0.0633
4.54,5,4,SF,,0.0495,-0.0621
4.545,5,4,SF,,0.0484,-0.0609
4.55,5,4,SF,,0.0473,-0.0597
4.555,5,4,SF,,0.0462,-0.0586
4.56,5,4,SF,,0.0452,-0.0574
4.565,5,4,SF,,0.0441,-0.0563
4.57,5,4,SF,,0.0431,-0.0551
4.575,5,4,SF,,0.0421,-0.054
4.58,5,4,SF,,0.0411,-0.0529
4.585,5,4,SF,,0.0401,-0.0518
4.59,5,4,SF,,0.0391,-0.0507
4.595,5,4,SF,,0.0382,-0.0496
4.6,5,4,SF,,0.0372,-0.0485
4.605,5,4,SF,,0.0363,-0.0474
4.61,5,4,SF,,0.0353,-0.0463
4.615,5,4,SF,,0.0344,-0.0453
4.62,5,4,SF,,0.0335,-0.0442
4.625,5,4,SF,,0.0326,-0.0432
4.63,5,4,SF,,0.0318,-0.0421
4.635,5,4,SF,,0.0309,-0.0411
4.64,5,4,SF,,0.03,-0.0401
4.645,5,4,SF,,0.0292,-0.0391
4.65,5,4,SF,,0.0284,-0.0381
4.655,5,4,SF,,0.0276,-0.0371
4.66,5,4,SF,,0.0268,-0.0361
4.665,5,4,SF,,0.026,-0.0352
4.67,5,4,SF,,0.0252,-0.0342
4.675,5,4,SF,,0.0244,-0.0333
4.68,5,4,SF,,0.0237,-0.0323
4.685,5,4,SF,,0.0229,-0.0314
4.69,5,4,SF,,0.0222,-0.0305
4.695,5,4,SF,,0.0215,-0.0296
4.7,5,4,SF,,0.0208,-0.0287
4.705,5,4,SF,,0.0201,-0.0278
4.71,5,4,SF,,0.0194,-0.027
4.715,5,4,SF,,0.0187,-0.0261
4.72,5,4,SF,,0.0181,-0.0253
4.725,5,4,SF,,0.0174,-0.0244
4.73,5,4,SF,,0.0168,-0.0236
4.735,5,4,SF,,0.0162,-0.0228
4.74,5,4,SF,,0.0155,-0.022
4.745,5,4,SF,,0.0149,-0.0212
4.75,5,4,SF,,0.0144,-0.0204
4.755,5,4,SF,,0.0138,-0.0197
4.76,5,4,SF,,0.0132,-0.0189
4.765,5,4,SF,,0.0127,-0.0182
4.77,5,4,SF,,0.0121,-0.0175
4.775,5,4,SF,,0.0116,-0.0168
4.78,5,4,SF,,0.0111,-0.0161
4.785,5,4,SF,,0.0106,-0.0154
4.79,5,4,SF,,0.0101,-0.0147
4.795,5,4,SF,,0.0096,-0.014
4.8,5,4,SF,,0.0092,-0.0134
4.805,5,4,SF,,0.0087,-0.0128
4.81,5,4,SF,,0.0083,-0.0122
4.815,5,4,SF,,0.0078,-0.0116
4.82,5,4,SF,,0.0074,-0.011
4.825,5,4,SF,,0.007,-0.0104
4.83,5,4,SF,,0.0066,-0.0098
4.835,5,4,SF,,0.0062,-0.0093
4.84,5,4,SF,,0.0058,-0.0087
4.845,5,4,SF,,0.0055,-0.0082
4.85,5,4,SF,,0.0051,-0.0077
4.855,5,4,SF,,0.0048,-0.0072
4.86,5,4,SF,,0.0045,-0.0068
4.865,5,4,SF,,0.0041,-0.0063
4.87,5,4,SF,,0.0038,-0.0059
4.875,5,4,SF,,0.0036,-0.0054
4.88,5,4,SF,,0.0033,-0.005
4.885,5,4,SF,,0.003,-0.0046
4.89,5,4,SF,,0.0027,-0.0042
4.895,5,4,SF,,0.0025,-0.0039
4.9,5,4,SF,,0.0023,-0.0035
4.905,5,4,SF,,0.002,-0.0032
4.91,5,4,SF,,0.0018,-0.0029
4.915,5,4,SF,,0.0016,-0.0026
4.92,5,4,SF,,0.0014,-0.0023
4.925,5,4,SF,,0.0013,-0.002
4.93,5,4,SF,,0.0011,-0.0017
4.935,5,4,SF,,0.001,-0.0015
4.94,5,4,SF,,0.0008,-0.0013
4.945,5,4,SF,,0.0007,-0.0011
4.95,5,4,SF,,0.0006,-0.0009
4.955,5,4,SF,,0.0005,-0.0007
4.96,5,4,SF,,0.0004,-0.0006
4.965,5,4,SF,,0.0003,-0.0004
4.97,5,4,SF,,0.0002,-0.0003
4.975,5,4,SF,,0.0001,-0.0002
4.98,5,4,SF,,0.0001,-0.0001
4.985,5,4,SF,,0.0001,-0.0001
4.99,5,4,SF,,0,0
4.995,5,4,SF,,0,0
5,5,4,SF,,0,0
0,5,4.5,SF,,0,0
0.005,5,4.5,SF,,0.0009,-0.0003
0.01,5,4.5,SF,,0.0019,-0.0006
0.015,5,4.5,SF,,0.0028,-0.0009
0.02,5,4.5,SF,,0.0038,-0.0011
0.025,5,4.5,SF,,0.0047,-0.0014
0.03,5,4.5,SF,,0.0056,-0.0017
0.035,5,4.5,SF,,0.0066,-0.002
0.04,5,4.5,SF,,0.0075,-0.0023
0.045,5,4.5,SF,,0.0085,-0.0026
0.05,5,4.5,SF,,0.0094,-0.0029
0.055,5,4.5,SF,,0.0103,-0.0032
0.06,5,4.5,SF,,0.0113,-0.0034
0.065,5,4.5,SF,,0.0122,-0.0037
0.07,5,4.5,SF,,0.0132,-0.004
0.075,5,4.5,SF,,0.0141,-0.0043
0.08,5,4.5,SF,,0.0151,-0.0046
0.085,5,4.5,SF,,0.016,-0.0049
0.09,5,4.5,SF,,0.0169,-0.0052
0.095,5,4.5,SF,,0.0179,-0.0054
0.1,5,4.5,SF,,0.0188,-0.0057
0.105,5,4.5,SF,,0.0198,-0.006
0.11,5,4.5,SF,,0.0207,-0.0063
0.115,5,4.5,SF,,0.0217,-0.0066
0.12,5,4.5,SF,,0.0226,-0.0069
0.125,5,4.5,SF,,0.0236,-0.0072
0.13,5,4.5,SF,,0.0245,-0.0075
0.135,5,4.5,SF,,0.0255,-0.0077
0.14,5,4.5,SF,,0.0264,-0.008
0.145,5,4.5,SF,,0.0274,-0.0083
0.15,5,4.5,SF,,0.0283,-0.0086
0.155,5,4.5,SF,,0.0293,-0.0089
0.16,5,4.5,SF,,0.0302,-0.0092
0.165,5,4.5,SF,,0.0312,-0.0095
0.17,5,4.5,SF,,0.0321,-0.0097
0.175,5,4.5,SF,,0.0331,-0.01
0.18,5,4.5,SF,,0.034,-0.0103
0.185,5,4.5,SF,,0.035,-0.0106
0.19,5,4.5,SF,,0.0359,-0.0109
0.195,5,4.5,SF,,0.0369,-0.0112
0.2,5,4.5,SF,,0.0378,-0.0115
0.205,5,4.5,SF,,0.0388,-0.0117
0.21,5,4.5,SF,,0.0397,-0.012
0.215,5,4.5,SF,,0.0407,-0.0123
0.22,5,4.5,SF,,0.0416,-0.0126
0.225,5,4.5,SF,,0.0426,-0.0129
0.23,5,4.5,SF,,0.0435,-0.0132
0.235,5,4.5,SF,,0.0445,-0.0135
0.24,5,4.5,SF,,0.0454,-0.0137
0.245,5,4.5,SF,,0.0464,-0.014
0.25,5,4.5,SF,,0.0473,-0.0143
0.255,5,4.5,SF,,0.0483,-0.0146
0.26,5,4.5,SF,,0.0492,-0.0149
0.265,5,4.5,SF,,0.0502,-0.0152
0.27,5,4.5,SF,,0.0511,-0.0154
0.275,5,4.5,SF,,0.0521,-0.0157
0.28,5,4.5,SF,,0.0531,-0.016
0.285,5,4.5,SF,,0.054,-0.0163
0.29,5,4.5,SF,,0.055,-0.0166
0.295,5,4.5,SF,,0.0559,-0.0169
0.3,5,4.5,SF,,0.0569,-0.0171
0.305,5,4.5,SF,,0.0578,-0.0174
0.31,5,4.5,SF,,0.0588,-0.0177
0.315,5,4.5,SF,,0.0597,-0.018
0.32,5,4.5,SF,,0.0607,-0.0183
0.325,5,4.5,SF,,0.0616,-0.0186
0.33,5,4.5,SF,,0.0626,-0.0188
0.335,5,4.5,SF,,0.0635,-0.0191
0.34,5,4.5,SF,,0.0645,-0.0194
0.345,5,4.5,SF,,0.0654,-0.0197
0.35,5,4.5,SF,,0.0664,-0.02
0.355,5,4.5,SF,,0.0674,-0.0203
0.36,5,4.5,SF,,0.0683,-0.0205
0.365,5,4.5,SF,,0.0693,-0.0208
0.37,5,4.5,SF,,0.0702,-0.0211
0.375,5,4.5,SF,,0.0712,-0.0214
0.38,5,4.5,SF,,0.0721,-0.0217
0.385,5,4.5,SF,,0.0731,-0.0219
0.39,5,4.5,SF,,0.074,-0.0222
0.395,5,4.5,SF,,0.075,-0.0225
0.4,5,4.5,SF,,0.0759,-0.0228
0.405,5,4.5,SF,,0.0769,-0.0231
0.41,5,4.5,SF,,0.0778,-0.0234
0.415,5,4.5,SF,,0.0788,-0.0236
0.42,5,4.5,SF,,0.0797,-0.0239
0.425,5,4.5,SF,,0.0807,-0.0242
0.43,5,4.5,SF,,0.0816,-0.0245
0.435,5,4.5,SF,,0.0826,-0.0248
0.44,5,4.5,SF,,0.0835,-0.025
0.445,5,4.5,SF,,0.0845,-0.0253
0.45,5,4.5,SF,,0.0854,-0.0256
0.455,5,4.5,SF,,0.0864,-0.0259
0.46,5,4.5,SF,,0.0873,-0.0262
0.465,5,4.5,SF,,0.0883,-0.0264
0.47,5,4.5,SF,,0.0892,-0.0267
0.475,5,4.5,SF,,0.0902,-0.027
0.48,5,4.5,SF,,0.0911,-0.0273
0.485,5,4.5,SF,,0.0921,-0.0275
0.49,5,4.5,SF,,0.093,-0.0278
0.495,5,4.5,SF,,0.094,-0.0281
0.5,5,4.5,SF,,0.0949,-0.0284
0.505,5,4.5,SF,,0.0959,-0.0287
0.51,5,4.5,SF,,0.0968,-0.0289
0.515,5,4.5,SF,,0.0978,-0.0292
0.52,5,4.5,SF,,0.0987,-0.0295
0.525,5,4.5,SF,,0.0997,-0.0298
0.53,5,4.5,SF,,0.1006,-0.03
0.535,5,4.5,SF,,0.1016,-0.0303
0.54,5,4.5,SF,,0.1025,-0.0306
0.545,5,4.5,SF,,0.1035,-0.0309
0.55,5,4.5,SF,,0.1044,-0.0311
0.555,5,4.5,SF,,0.1053,-0.0314
0.56,5,4.5,SF,,0.1063,-0.0317
0.565,5,4.5,SF,,0.1072,-0.032
0.57,5,4.5,SF,,0.1082,-0.0322
0.575,5,4.5,SF,,0.1091,-0.0325
0.58,5,4.5,SF,,0.1101,-0.0328
0.585,5,4.5,SF,,0.111,-0.0331
0.59,5,4.5,SF,,0.1119,-0.0333
0.595,5,4.5,SF,,0.1129,-0.0336
0.6,5,4.5,SF,,0.1138,-0.0339
0.605,5,4.5,SF,,0.1148,-0.0342
0.61,5,4.5,SF,,0.1157,-0.0344
0.615,5,4.5,SF,,0.1167,-0.0347
0.62,5,4.5,SF,,0.1176,-0.035
0.625,5,4.5,SF,,0.1185,-0.0353
0.63,5,4.5,SF,,0.1195,-0.0355
0.635,5,4.5,SF,,0.1204,-0.0358
0.64,5,4.5,SF,,0.1213,-0.0361
0.645,5,4.5,SF,,0.1223,-0.0363
0.65,5,4.5,SF,,0.1232,-0.0366
0.655,5,4.5,SF,,0.1242,-0.0369
0.66,5,4.5,SF,,0.1251,-0.0372
0.665,5,4.5,SF,,0.126,-0.0374
0.67,5,4.5,SF,,0.127,-0.0377
0.675,5,4.5,SF,,0.1279,-0.038
0.68,5,4.5,SF,,0.1288,-0.0382
0.685,5,4.5,SF,,0.1298,-0.0385
0.69,5,4.5,SF,,0.1307,-0.0388
0.695,5,4.5,SF,,0.1316,-0.039
0.7,5,4.5,SF,,0.1325,-0.0393
0.705,5,4.5,SF,,0.1335,-0.0396
0.71,5,4.5,SF,,0.1344,-0.0399
0.715,5,4.5,SF,,0.1353,-0.0401
0.72,5,4.5,SF,,0.1363,-0.0404
0.725,5,4.5,SF,,0.1372,-0.0407
0.73,5,4.5,SF,,0.1381,-0.0409
0.735,5,4.5,SF,,0.139,-0.0412
0.74,5,4.5,SF,,0.14,-0.0415
0.745,5,4.5,SF,,0.1409,-0.0417
0.75,5,4.5,SF,,0.1418,-0.042
0.755,5,4.5,SF,,0.1427,-0.0423
0.76,5,4.5,SF,,0.1437,-0.0425
0.765,5,4.5,SF,,0.1446,-0.0428
0.77,5,4.5,SF,,0.1455,-0.0431
0.775,5,4.5,SF,,0.1464,-0.0433
0.78,5,4.5,SF,,0.1474,-0.0436
0.785,5,4.5,SF,,0.1483,-0.0438
0.79,5,4.5,SF,,0.1492,-0.0441
0.795,5,4.5,SF,,0.1501,-0.0444
0.8,5,4.5,SF,,0.151,-0.0446
0.805,5,4.5,SF,,0.1519,-0.0449
0.81,5,4.5,SF,,0.1529,-0.0452
0.815,5,4.5,SF,,0.1538,-0.0454
0.82,5,4.5,SF,,0.1547,-0.0457
0.825,5,4.5,SF,,0.1556,-0.046
0.83,5,4.5,SF,,0.1565,-0.0462
0.835,5,4.5,SF,,0.1574,-0.0465
0.84,5,4.5,SF,,0.1583,-0.0467
0.845,5,4.5,SF,,0.1592,-0.047
0.85,5,4.5,SF,,0.1602,-0.0473
0.855,5,4.5,SF,,0.1611,-0.0475
0.86,5,4.5,SF,,0.162,-0.0478
0.865,5,4.5,SF,,0.1629,-0.048
0.87,5,4.5,SF,,0.1638,-0.0483
0.875,5,4.5,SF,,0.1647,-0.0486
0.88,5,4.5,SF,,0.1656,-0.0488
0.885,5,4.5,SF,,0.1665,-0.0491
0.89,5,4.5,SF,,0.1674,-0.0493
0.895,5,4.5,SF,,0.1683,-0.0496
0.9,5,4.5,SF,,0.1692,-0.0498
0.905,5,4.5,SF,,0.1701,-0.0501
0.91,5,4.5,SF,,0.171,-0.0504
0.915,5,4.5,SF,,0.1719,-0.0506
0.92,5,4.5,SF,,0.1728,-0.0509
0.925,5,4.5,SF,,0.1737,-0.0511
0.93,5,4.5,SF,,0.1746,-0.0514
0.935,5,4.5,SF,,0.1755,-0.0516
0.94,5,4.5,SF,,0.1764,-0.0519
0.945,5,4.5,SF,,0.1773,-0.0521
0.95,5,4.5,SF,,0.1781,-0.0524
0.955,5,4.5,SF,,0.179,-0.0526
0.96,5,4.5,SF,,0.1799,-0.0529
0.965,5,4.5,SF,,0.1808,-0.0532
0.97,5,4.5,SF,,0.1817,-0.0534
0.975,5,4.5,SF,,0.1826,-0.0537
0.98,5,4.5,SF,,0.1835,-0.0539
0.985,5,4.5,SF,,0.1844,-0.0542
0.99,5,4.5,SF,,0.1852,-0.0544
0.995,5,4.5,SF,,0.1861,-0.0547
1,5,4.5,SF,,0.187,-0.0549
1.005,5,4.5,SF,,0.1879,-0.0552
1.01,5,4.5,SF,,0.1888,-0.0554
1.015,5,4.5,SF,,0.1896,-0.0557
1.02,5,4.5,SF,,0.1905,-0.0559
1.025,5,4.5,SF,,0.1914,-0.0562
1.03,5,4.5,SF,,0.1923,-0.0564
1.035,5,4.5,SF,,0.1931,-0.0567
1.04,5,4.5,SF,,0.194,-0.0569
1.045,5,4.5,SF,,0.1949,-0.0571
1.05,5,4.5,SF,,0.1957,-0.0574
1.055,5,4.5,SF,,0.1966,-0.0576
1.06,5,4.5,SF,,0.1975,-0.0579
1.065,5,4.5,SF,,0.1983,-0.0581
1.07,5,4.5,SF,,0.1992,-0.0584
1.075,5,4.5,SF,,0.2001,-0.0586
1.08,5,4.5,SF,,0.2009,-0.0589
1.085,5,4.5,SF,,0.2018,-0.0591
1.09,5,4.5,SF,,0.2027,-0.0593
1.095,5,4.5,SF,,0.2035,-0.0596
1.1,5,4.5,SF,,0.2044,-0.0598
1.105,5,4.5,SF,,0.2052,-0.0601
1.11,5,4.5,SF,,0.2061,-0.0603
1.115,5,4.5,SF,,0.2069,-0.0606
1.12,5,4.5,SF,,0.2078,-0.0608
1.125,5,4.5,SF,,0.2086,-0.061
1.13,5,4.5,SF,,0.2095,-0.0613
1.135,5,4.5,SF,,0.2103,-0.0615
1.14,5,4.5,SF,,0.2112,-0.0618
1.145,5,4.5,SF,,0.212,-0.062
1.15,5,4.5,SF,,0.2129,-0.0622
1.155,5,4.5,SF,,0.2137,-0.0625
1.16,5,4.5,SF,,0.2146,-0.0627
1.165,5,4.5,SF,,0.2154,-0.0629
1.17,5,4.5,SF,,0.2162,-0.0632
1.175,5,4.5,SF,,0.2171,-0.0634
1.18,5,4.5,SF,,0.2179,-0.0637
1.185,5,4.5,SF,,0.2188,-0.0639
1.19,5,4.5,SF,,0.2196,-0.0641
1.195,5,4.5,SF,,0.2204,-0.0644
1.2,5,4.5,SF,,0.2213,-0.0646
1.205,5,4.5,SF,,0.2221,-0.0648
1.21,5,4.5,SF,,0.2229,-0.0651
1.215,5,4.5,SF,,0.2237,-0.0653
1.22,5,4.5,SF,,0.2246,-0.0655
1.225,5,4.5,SF,,0.2254,-0.0658
1.23,5,4.5,SF,,0.2262,-0.066
1.235,5,4.5,SF,,0.227,-0.0662
1.24,5,4.5,SF,,0.2279,-0.0664
1.245,5,4.5,SF,,0.2287,-0.0667
1.25,5,4.5,SF,,0.2295,-0.0669
1.255,5,4.5,SF,,0.2303,-0.0671
1.26,5,4.5,SF,,0.2311,-0.0674
1.265,5,4.5,SF,,0.2319,-0.0676
1.27,5,4.5,SF,,0.2327,-0.0678
1.275,5,4.5,SF,,0.2336,-0.068
1.28,5,4.5,SF,,0.2344,-0.0683
1.285,5,4.5,SF,,0.2352,-0.0685
1.29,5,4.5,SF,,0.236,-0.0687
1.295,5,4.5,SF,,0.2368,-0.0689
1.3,5,4.5,SF,,0.2376,-0.0692
1.305,5,4.5,SF,,0.2384,-0.0694
1.31,5,4.5,SF,,0.2392,-0.0696
1.315,5,4.5,SF,,0.24,-0.0698
1.32,5,4.5,SF,,0.2408,-0.0701
1.325,5,4.5,SF,,0.2416,-0.0703
1.33,5,4.5,SF,,0.2424,-0.0705
1.335,5,4.5,SF,,0.2432,-0.0707
1.34,5,4.5,SF,,0.2439,-0.071
1.345,5,4.5,SF,,0.2447,-0.0712
1.35,5,4.5,SF,,0.2455,-0.0714
1.355,5,4.5,SF,,0.2463,-0.0716
1.36,5,4.5,SF,,0.2471,-0.0718
1.365,5,4.5,SF,,0.2479,-0.072
1.37,5,4.5,SF,,0.2486,-0.0723
1.375,5,4.5,SF,,0.2494,-0.0725
1.38,5,4.5,SF,,0.2502,-0.0727
1.385,5,4.5,SF,,0.251,-0.0729
1.39,5,4.5,SF,,0.2517,-0.0731
1.395,5,4.5,SF,,0.2525,-0.0733
1.4,5,4.5,SF,,0.2533,-0.0736
1.405,5,4.5,SF,,0.2541,-0.0738
1.41,5,4.5,SF,,0.2548,-0.074
1.415,5,4.5,SF,,0.2556,-0.0742
1.42,5,4.5,SF,,0.2563,-0.0744
1.425,5,4.5,SF,,0.2571,-0.0746
1.43,5,4.5,SF,,0.2579,-0.0748
1.435,5,4.5,SF,,0.2586,-0.075
1.44,5,4.5,SF,,0.2594,-0.0753
1.445,5,4.5,SF,,0.2601,-0.0755
1.45,5,4.5,SF,,0.2609,-0.0757
1.455,5,4.5,SF,,0.2616,-0.0759
1.46,5,4.5,SF,,0.2624,-0.0761
1.465,5,4.5,SF,,0.2631,-0.0763
1.47,5,4.5,SF,,0.2639,-0.0765
1.475,5,4.5,SF,,0.2646,-0.0767
1.48,5,4.5,SF,,0.2654,-0.0769
1.485,5,4.5,SF,,0.2661,-0.0771
1.49,5,4.5,SF,,0.2668,-0.0773
1.495,5,4.5,SF,,0.2676,-0.0775
1.5,5,4.5,SF,,0.2683,-0.0777
1.505,5,4.5,SF,,0.269,-0.0779
1.51,5,4.5,SF,,0.2698,-0.0781
1.515,5,4.5,SF,,0.2705,-0.0784
1.52,5,4.5,SF,,0.2712,-0.0786
1.525,5,4.5,SF,,0.272,-0.0788
1.53,5,4.5,SF,,0.2727,-0.079
1.535,5,4.5,SF,,0.2734,-0.0792
1.54,5,4.5,SF,,0.2741,-0.0794
1.545,5,4.5,SF,,0.2748,-0.0796
1.55,5,4.5,SF,,0.2755,-0.0798
1.555,5,4.5,SF,,0.2763,-0.0799
1.56,5,4.5,SF,,0.277,-0.0801
1.565,5,4.5,SF,,0.2777,-0.0803
1.57,5,4.5,SF,,0.2784,-0.0805
1.575,5,4.5,SF,,0.2791,-0.0807
1.58,5,4.5,SF,,0.2798,-0.0809
1.585,5,4.5,SF,,0.2805,-0.0811
1.59,5,4.5,SF,,0.2812,-0.0813
1.595,5,4.5,SF,,0.2819,-0.0815
1.6,5,4.5,SF,,0.2826,-0.0817
1.605,5,4.5,SF,,0.2833,-0.0819
1.61,5,4.5,SF,,0.284,-0.0821
1.615,5,4.5,SF,,0.2847,-0.0823
1.62,5,4.5,SF,,0.2854,-0.0825
1.625,5,4.5,SF,,0.286,-0.0827
1.63,5,4.5,SF,,0.2867,-0.0828
1.635,5,4.5,SF,,0.2874,-0.083
1.64,5,4.5,SF,,0.2881,-0.0832
1.645,5,4.5,SF,,0.2888,-0.0834
1.65,5,4.5,SF,,0.2894,-0.0836
1.655,5,4.5,SF,,0.2901,-0.0838
1.66,5,4.5,SF,,0.2908,-0.084
1.665,5,4.5,SF,,0.2914,-0.0842
1.67,5,4.5,SF,,0.2921,-0.0843
1.675,5,4.5,SF,,0.2928,-0.0845
1.68,5,4.5,SF,,0.2934,-0.0847
1.685,5,4.5,SF,,0.2941,-0.0849
1.69,5,4.5,SF,,0.2948,-0.0851
1.695,5,4.5,SF,,0.2954,-0.0852
1.7,5,4.5,SF,,0.2961,-0.0854
1.705,5,4.5,SF,,0.2967,-0.0856
1.71,5,4.5,SF,,0.2974,-0.0858
1.715,5,4.5,SF,,0.298,-0.086
1.72,5,4.5,SF,,0.2987,-0.0861
1.725,5,4.5,SF,,0.2993,-0.0863
1.73,5,4.5,SF,,0.2999,-0.0865
1.735,5,4.5,SF,,0.3006,-0.0867
1.74,5,4.5,SF,,0.3012,-0.0868
1.745,5,4.5,SF,,0.3018,-0.087
1.75,5,4.5,SF,,0.3025,-0.0872
1.755,5,4.5,SF,,0.3031,-0.0874
1.76,5,4.5,SF,,0.3037,-0.0875
1.765,5,4.5,SF,,0.3044,-0.0877
1.77,5,4.5,SF,,0.305,-0.0879
1.775,5,4.5,SF,,0.3056,-0.0881
1.78,5,4.5,SF,,0.3062,-0.0882
1.785,5,4.5,SF,,0.3068,-0.0884
1.79,5,4.5,SF,,0.3074,-0.0886
1.795,5,4.5,SF,,0.3081,-0.0887
1.8,5,4.5,SF,,0.3087,-0.0889
1.805,5,4.5,SF,,0.3093,-0.0891
1.81,5,4.5,SF,,0.3099,-0.0892
1.815,5,4.5,SF,,0.3105,-0.0894
1.82,5,4.5,SF,,0.3111,-0.0896
1.825,5,4.5,SF,,0.3117,-0.0897
1.83,5,4.5,SF,,0.3123,-0.0899
1.835,5,4.5,SF,,0.3129,-0.0901
1.84,5,4.5,SF,,0.3134,-0.0902
1.845,5,4.5,SF,,0.314,-0.0904
1.85,5,4.5,SF,,0.3146,-0.0905
1.855,5,4.5,SF,,0.3152,-0.0907
1.86,5,4.5,SF,,0.3158,-0.0909
1.865,5,4.5,SF,,0.3164,-0.091
1.87,5,4.5,SF,,0.3169,-0.0912
1.875,5,4.5,SF,,0.3175,-0.0913
1.88,5,4.5,SF,,0.3181,-0.0915
1.885,5,4.5,SF,,0.3186,-0.0916
1.89,5,4.5,SF,,0.3192,-0.0918
1.895,5,4.5,SF,,0.3198,-0.092
1.9,5,4.5,SF,,0.3203,-0.0921
1.905,5,4.5,SF,,0.3209,-0.0923
1.91,5,4.5,SF,,0.3214,-0.0924
1.915,5,4.5,SF,,0.322,-0.0926
1.92,5,4.5,SF,,0.3225,-0.0927
1.925,5,4.5,SF,,0.3231,-0.0929
1.93,5,4.5,SF,,0.3236,-0.093
1.935,5,4.5,SF,,0.3242,-0.0932
1.94,5,4.5,SF,,0.3247,-0.0933
1.945,5,4.5,SF,,0.3253,-0.0935
1.95,5,4.5,SF,,0.3258,-0.0936
1.955,5,4.5,SF,,0.3263,-0.0937
1.96,5,4.5,SF,,0.3269,-0.0939
1.965,5,4.5,SF,,0.3274,-0.094
1.97,5,4.5,SF,,0.3279,-0.0942
1.975,5,4.5,SF,,0.3284,-0.0943
1.98,5,4.5,SF,,0.3289,-0.0945
1.985,5,4.5,SF,,0.3295,-0.0946
1.99,5,4.5,SF,,0.33,-0.0948
1.995,5,4.5,SF,,0.3305,-0.0949
2,5,4.5,SF,,0.331,-0.095
2.005,5,4.5,SF,,0.3315,-0.0952
2.01,5,4.5,SF,,0.332,-0.0953
2.015,5,4.5,SF,,0.3325,-0.0954
2.02,5,4.5,SF,,0.333,-0.0956
2.025,5,4.5,SF,,0.3335,-0.0957
2.03,5,4.5,SF,,0.334,-0.0959
2.035,5,4.5,SF,,0.3345,-0.096
2.04,5,4.5,SF,,0.335,-0.0961
2.045,5,4.5,SF,,0.3355,-0.0963
2.05,5,4.5,SF,,0.3359,-0.0964
2.055,5,4.5,SF,,0.3364,-0.0965
2.06,5,4.5,SF,,0.3369,-0.0966
2.065,5,4.5,SF,,0.3374,-0.0968
2.07,5,4.5,SF,,0.3378,-0.0969
2.075,5,4.5,SF,,0.3383,-0.097
2.08,5,4.5,SF,,0.3388,-0.0972
2.085,5,4.5,SF,,0.3392,-0.0973
2.09,5,4.5,SF,,0.3397,-0.0974
2.095,5,4.5,SF,,0.3402,-0.0975
2.1,5,4.5,SF,,0.3406,-0.0977
2.105,5,4.5,SF,,0.3411,-0.0978
2.11,5,4.5,SF,,0.3415,-0.0979
2.115,5,4.5,SF,,0.342,-0.098
2.12,5,4.5,SF,,0.3424,-0.0981
2.125,5,4.5,SF,,0.3428,-0.0983
2.13,5,4.5,SF,,0.3433,-0.0984
2.135,5,4.5,SF,,0.3437,-0.0985
2.14,5,4.5,SF,,0.3441,-0.0986
2.145,5,4.5,SF,,0.3446,-0.0987
2.15,5,4.5,SF,,0.345,-0.0989
2.155,5,4.5,SF,,0.3454,-0.099
2.16,5,4.5,SF,,0.3458,-0.0991
2.165,5,4.5,SF,,0.3463,-0.0992
2.17,5,4.5,SF,,0.3467,-0.0993
2.175,5,4.5,SF,,0.3471,-0.0994
2.18,5,4.5,SF,,0.3475,-0.0995
2.185,5,4.5,SF,,0.3479,-0.0997
2.19,5,4.5,SF,,0.3483,-0.0998
2.195,5,4.5,SF,,0.3487,-0.0999
2.2,5,4.5,SF,,0.3491,-0.1
2.205,5,4.5,SF,,0.3495,-0.1001
2.21,5,4.5,SF,,0.3499,-0.1002
2.215,5,4.5,SF,,0.3503,-0.1003
2.22,5,4.5,SF,,0.3507,-0.1004
2.225,5,4.5,SF,,0.351,-0.1005
2.23,5,4.5,SF,,0.3514,-0.1006
2.235,5,4.5,SF,,0.3518,-0.1007
2.24,5,4.5,SF,,0.3522,-0.1008
2.245,5,4.5,SF,,0.3525,-0.1009
2.25,5,4.5,SF,,0.3529,-0.101
2.255,5,4.5,SF,,0.3533,-0.1011
2.26,5,4.5,SF,,0.3536,-0.1012
2.265,5,4.5,SF,,0.354,-0.1013
2.27,5,4.5,SF,,0.3543,-0.1014
2.275,5,4.5,SF,,0.3547,-0.1015
2.28,5,4.5,SF,,0.355,-0.1016
2.285,5,4.5,SF,,0.3554,-0.1017
2.29,5,4.5,SF,,0.3557,-0.1018
2.295,5,4.5,SF,,0.3561,-0.1019
2.3,5,4.5,SF,,0.3564,-0.102
2.305,5,4.5,SF,,0.3567,-0.1021
2.31,5,4.5,SF,,0.3571,-0.1022
2.315,5,4.5,SF,,0.3574,-0.1022
2.32,5,4.5,SF,,0.3577,-0.1023
2.325,5,4.5,SF,,0.358,-0.1024
2.33,5,4.5,SF,,0.3583,-0.1025
2.335,5,4.5,SF,,0.3587,-0.1026
2.34,5,4.5,SF,,0.359,-0.1027
2.345,5,4.5,SF,,0.3593,-0.1028
2.35,5,4.5,SF,,0.3596,-0.1028
2.355,5,4.5,SF,,0.3599,-0.1029
2.36,5,4.5,SF,,0.3602,-0.103
2.365,5,4.5,SF,,0.3605,-0.1031
2.37,5,4.5,SF,,0.3608,-0.1032
2.375,5,4.5,SF,,0.3611,-0.1032
2.38,5,4.5,SF,,0.3613,-0.1033
2.385,5,4.5,SF,,0.3616,-0.1034
2.39,5,4.5,SF,,0.3619,-0.1035
2.395,5,4.5,SF,,0.3622,-0.1035
2.4,5,4.5,SF,,0.3624,-0.1036
2.405,5,4.5,SF,,0.3627,-0.1037
2.41,5,4.5,SF,,0.363,-0.1038
2.415,5,4.5,SF,,0.3632,-0.1038
2.42,5,4.5,SF,,0.3635,-0.1039
2.425,5,4.5,SF,,0.3638,-0.104
2.43,5,4.5,SF,,0.364,-0.1041
2.435,5,4.5,SF,,0.3643,-0.1041
2.44,5,4.5,SF,,0.3645,-0.1042
2.445,5,4.5,SF,,0.3647,-0.1043
2.45,5,4.5,SF,,0.365,-0.1043
2.455,5,4.5,SF,,0.3652,-0.1044
2.46,5,4.5,SF,,0.3655,-0.1044
2.465,5,4.5,SF,,0.3657,-0.1045
2.47,5,4.5,SF,,0.3659,-0.1046
2.475,5,4.5,SF,,0.3661,-0.1046
2.48,5,4.5,SF,,0.3663,-0.1047
2.485,5,4.5,SF,,0.3666,-0.1048
2.49,5,4.5,SF,,0.3668,-0.1048
2.495,5,4.5,SF,,0.367,-0.1049
2.5,5,4.5,SF,,0.3672,-0.1049
2.505,5,4.5,SF,,0.3674,-0.105
2.51,5,4.5,SF,,0.3676,-0.105
2.515,5,4.5,SF,,0.3678,-0.1051
2.52,5,4.5,SF,,0.368,-0.1051
2.525,5,4.5,SF,,0.3682,-0.1052
2.53,5,4.5,SF,,0.3683,-0.1052
2.535,5,4.5,SF,,0.3685,-0.1053
2.54,5,4.5,SF,,0.3687,-0.1053
2.545,5,4.5,SF,,0.3689,-0.1054
2.55,5,4.5,SF,,0.369,-0.1054
2.555,5,4.5,SF,,0.3692,-0.1055
2.56,5,4.5,SF,,0.3694,-0.1055
2.565,5,4.5,SF,,0.3695,-0.1056
2.57,5,4.5,SF,,0.3697,-0.1056
2.575,5,4.5,SF,,0.3698,-0.1057
2.58,5,4.5,SF,,0.37,-0.1057
2.585,5,4.5,SF,,0.3701,-0.1057
2.59,5,4.5,SF,,0.3703,-0.1058
2.595,5,4.5,SF,,0.3704,-0.1058
2.6,5,4.5,SF,,0.3706,-0.1059
2.605,5,4.5,SF,,0.3707,-0.1059
2.61,5,4.5,SF,,0.3708,-0.1059
2.615,5,4.5,SF,,0.3709,-0.106
2.62,5,4.5,SF,,0.3711,-0.106
2.625,5,4.5,SF,,0.3712,-0.106
2.63,5,4.5,SF,,0.3713,-0.1061
2.635,5,4.5,SF,,0.3714,-0.1061
2.64,5,4.5,SF,,0.3715,-0.1061
2.645,5,4.5,SF,,0.3716,-0.1061
2.65,5,4.5,SF,,0.3717,-0.1062
2.655,5,4.5,SF,,0.3718,-0.1062
2.66,5,4.5,SF,,0.3719,-0.1062
2.665,5,4.5,SF,,0.372,-0.1062
2.67,5,4.5,SF,,0.3721,-0.1063
2.675,5,4.5,SF,,0.3721,-0.1063
2.68,5,4.5,SF,,0.3722,-0.1063
2.685,5,4.5,SF,,0.3723,-0.1063
2.69,5,4.5,SF,,0.3724,-0.1064
2.695,5,4.5,SF,,0.3724,-0.1064
2.7,5,4.5,SF,,0.3725,-0.1064
2.705,5,4.5,SF,,0.3725,-0.1064
2.71,5,4.5,SF,,0.3726,-0.1064
2.715,5,4.5,SF,,0.3726,-0.1064
2.72,5,4.5,SF,,0.3727,-0.1065
2.725,5,4.5,SF,,0.3727,-0.1065
2.73,5,4.5,SF,,0.3728,-0.1065
2.735,5,4.5,SF,,0.3728,-0.1065
2.74,5,4.5,SF,,0.3728,-0.1065
2.745,5,4.5,SF,,0.3729,-0.1065
2.75,5,4.5,SF,,0.3729,-0.1065
2.755,5,4.5,SF,,0.3729,-0.1065
2.76,5,4.5,SF,,0.3729,-0.1065
2.765,5,4.5,SF,,0.3729,-0.1065
2.77,5,4.5,SF,,0.3729,-0.1065
2.775,5,4.5,SF,,0.3729,-0.1065
2.78,5,4.5,SF,,0.3729,-0.1065
2.785,5,4.5,SF,,0.3729,-0.1065
2.79,5,4.5,SF,,0.3729,-0.1065
2.795,5,4.5,SF,,0.3729,-0.1065
2.8,5,4.5,SF,,0.3729,-0.1065
2.805,5,4.5,SF,,0.3729,-0.1065
2.81,5,4.5,SF,,0.3729,-0.1065
2.815,5,4.5,SF,,0.3728,-0.1065
2.82,5,4.5,SF,,0.3728,-0.1065
2.825,5,4.5,SF,,0.3728,-0.1065
2.83,5,4.5,SF,,0.3727,-0.1065
2.835,5,4.5,SF,,0.3727,-0.1065
2.84,5,4.5,SF,,0.3726,-0.1065
2.845,5,4.5,SF,,0.3726,-0.1065
2.85,5,4.5,SF,,0.3725,-0.1065
2.855,5,4.5,SF,,0.3725,-0.1064
2.86,5,4.5,SF,,0.3724,-0.1064
2.865,5,4.5,SF,,0.3723,-0.1064
2.87,5,4.5,SF,,0.3723,-0.1064
2.875,5,4.5,SF,,0.3722,-0.1064
2.88,5,4.5,SF,,0.3721,-0.1064
2.885,5,4.5,SF,,0.372,-0.1063
2.89,5,4.5,SF,,0.372,-0.1063
2.895,5,4.5,SF,,0.3719,-0.1063
2.9,5,4.5,SF,,0.3718,-0.1063
2.905,5,4.5,SF,,0.3717,-0.1062
2.91,5,4.5,SF,,0.3716,-0.1062
2.915,5,4.5,SF,,0.3715,-0.1062
2.92,5,4.5,SF,,0.3713,-0.1062
2.925,5,4.5,SF,,0.3712,-0.1061
2.93,5,4.5,SF,,0.3711,-0.1061
2.935,5,4.5,SF,,0.371,-0.1061
2.94,5,4.5,SF,,0.3709,-0.106
2.945,5,4.5,SF,,0.3707,-0.106
2.95,5,4.5,SF,,0.3706,-0.106
2.955,5,4.5,SF,,0.3704,-0.1059
2.96,5,4.5,SF,,0.3703,-0.1059
2.965,5,4.5,SF,,0.3702,-0.1059
2.97,5,4.5,SF,,0.37,-0.1058
2.975,5,4.5,SF,,0.3698,-0.1058
2.98,5,4.5,SF,,0.3697,-0.1057
2.985,5,4.5,SF,,0.3695,-0.1057
2.99,5,4.5,SF,,0.3694,-0.1057
2.995,5,4.5,SF,,0.3692,-0.1056
3,5,4.5,SF,,0.369,-0.1056
3.005,5,4.5,SF,,0.3688,-0.1055
3.01,5,4.5,SF,,0.3686,-0.1055
3.015,5,4.5,SF,,0.3684,-0.1054
3.02,5,4.5,SF,,0.3682,-0.1054
3.025,5,4.5,SF,,0.368,-0.1053
3.03,5,4.5,SF,,0.3678,-0.1053
3.035,5,4.5,SF,,0.3676,-0.1052
3.04,5,4.5,SF,,0.3674,-0.1052
3.045,5,4.5,SF,,0.3672,-0.1051
3.05,5,4.5,SF,,0.367,-0.1051
3.055,5,4.5,SF,,0.3668,-0.105
3.06,5,4.5,SF,,0.3665,-0.1049
3.065,5,4.5,SF,,0.3663,-0.1049
3.07,5,4.5,SF,,0.3661,-0.1048
3.075,5,4.5,SF,,0.3658,-0.1048
3.08,5,4.5,SF,,0.3656,-0.1047
3.085,5,4.5,SF,,0.3653,-0.1046
3.09,5,4.5,SF,,0.3651,-0.1046
3.095,5,4.5,SF,,0.3648,-0.1045
3.1,5,4.5,SF,,0.3645,-0.1044
3.105,5,4.5,SF,,0.3643,-0.1044
3.11,5,4.5,SF,,0.364,-0.1043
3.115,5,4.5,SF,,0.3637,-0.1042
3.12,5,4.5,SF,,0.3634,-0.1041
3.125,5,4.5,SF,,0.3632,-0.1041
3.13,5,4.5,SF,,0.3629,-0.104
3.135,5,4.5,SF,,0.3626,-0.1039
3.14,5,4.5,SF,,0.3623,-0.1038
3.145,5,4.5,SF,,0.362,-0.1038
3.15,5,4.5,SF,,0.3617,-0.1037
3.155,5,4.5,SF,,0.3614,-0.1036
3.16,5,4.5,SF,,0.361,-0.1035
3.165,5,4.5,SF,,0.3607,-0.1034
3.17,5,4.5,SF,,0.3604,-0.1034
3.175,5,4.5,SF,,0.3601,-0.1033
3.18,5,4.5,SF,,0.3597,-0.1032
3.185,5,4.5,SF,,0.3594,-0.1031
3.19,5,4.5,SF,,0.359,-0.103
3.195,5,4.5,SF,,0.3587,-0.1029
3.2,5,4.5,SF,,0.3583,-0.1028
3.205,5,4.5,SF,,0.358,-0.1027
3.21,5,4.5,SF,,0.3576,-0.1026
3.215,5,4.5,SF,,0.3572,-0.1025
3.22,5,4.5,SF,,0.3569,-0.1025
3.225,5,4.5,SF,,0.3565,-0.1024
3.23,5,4.5,SF,,0.3561,-0.1023
3.235,5,4.5,SF,,0.3557,-0.1022
3.24,5,4.5,SF,,0.3553,-0.1021
3.245,5,4.5,SF,,0.355,-0.102
3.25,5,4.5,SF,,0.3546,-0.1018
3.255,5,4.5,SF,,0.3542,-0.1017
3.26,5,4.5,SF,,0.3537,-0.1016
3.265,5,4.5,SF,,0.3533,-0.1015
3.27,5,4.5,SF,,0.3529,-0.1014
3.275,5,4.5,SF,,0.3525,-0.1013
3.28,5,4.5,SF,,0.3521,-0.1012
3.285,5,4.5,SF,,0.3516,-0.1011
3.29,5,4.5,SF,,0.3512,-0.101
3.295,5,4.5,SF,,0.3508,-0.1009
3.3,5,4.5,SF,,0.3503,-0.1008
3.305,5,4.5,SF,,0.3499,-0.1006
3.31,5,4.5,SF,,0.3494,-0.1005
3.315,5,4.5,SF,,0.3489,-0.1004
3.32,5,4.5,SF,,0.3485,-0.1003
3.325,5,4.5,SF,,0.348,-0.1002
3.33,5,4.5,SF,,0.3475,-0.1
3.335,5,4.5,SF,,0.3471,-0.0999
3.34,5,4.5,SF,,0.3466,-0.0998
3.345,5,4.5,SF,,0.3461,-0.0997
3.35,5,4.5,SF,,0.3456,-0.0995
3.355,5,4.5,SF,,0.3451,-0.0994
3.36,5,4.5,SF,,0.3446,-0.0993
3.365,5,4.5,SF,,0.3441,-0.0991
3.37,5,4.5,SF,,0.3436,-0.099
3.375,5,4.5,SF,,0.3431,-0.0989
3.38,5,4.5,SF,,0.3425,-0.0987
3.385,5,4.5,SF,,0.342,-0.0986
3.39,5,4.5,SF,,0.3415,-0.0985
3.395,5,4.5,SF,,0.3409,-0.0983
3.4,5,4.5,SF,,0.3404,-0.0982
3.405,5,4.5,SF,,0.3399,-0.098
3.41,5,4.5,SF,,0.3393,-0.0979
3.415,5,4.5,SF,,0.3388,-0.0978
3.42,5,4.5,SF,,0.3382,-0.0976
3.425,5,4.5,SF,,0.3376,-0.0975
3.43,5,4.5,SF,,0.3371,-0.0973
3.435,5,4.5,SF,,0.3365,-0.0972
3.44,5,4.5,SF,,0.3359,-0.097
3.445,5,4.5,SF,,0.3353,-0.0969
3.45,5,4.5,SF,,0.3347,-0.0967
3.455,5,4.5,SF,,0.3341,-0.0966
3.46,5,4.5,SF,,0.3335,-0.0964
3.465,5,4.5,SF,,0.3329,-0.0963
3.47,5,4.5,SF,,0.3323,-0.0961
3.475,5,4.5,SF,,0.3317,-0.0959
3.48,5,4.5,SF,,0.3311,-0.0958
3.485,5,4.5,SF,,0.3305,-0.0956
3.49,5,4.5,SF,,0.3298,-0.0955
3.495,5,4.5,SF,,0.3292,-0.0953
3.5,5,4.5,SF,,0.3286,-0.0951
3.505,5,4.5,SF,,0.3279,-0.095
3.51,5,4.5,SF,,0.3273,-0.0948
3.515,5,4.5,SF,,0.3266,-0.0946
3.52,5,4.5,SF,,0.326,-0.0945
3.525,5,4.5,SF,,0.3253,-0.0943
3.53,5,4.5,SF,,0.3246,-0.0941
3.535,5,4.5,SF,,0.3239,-0.0939
3.54,5,4.5,SF,,0.3233,-0.0938
3.545,5,4.5,SF,,0.3226,-0.0936
3.55,5,4.5,SF,,0.3219,-0.0934
3.555,5,4.5,SF,,0.3212,-0.0932
3.56,5,4.5,SF,,0.3205,-0.093
3.565,5,4.5,SF,,0.3198,-0.0929
3.57,5,4.5,SF,,0.3191,-0.0927
3.575,5,4.5,SF,,0.3184,-0.0925
3.58,5,4.5,SF,,0.3176,-0.0923
3.585,5,4.5,SF,,0.3169,-0.0921
3.59,5,4.5,SF,,0.3162,-0.0919
3.595,5,4.5,SF,,0.3155,-0.0917
3.6,5,4.5,SF,,0.3147,-0.0915
3.605,5,4.5,SF,,0.314,-0.0913
3.61,5,4.5,SF,,0.3132,-0.0912
3.615,5,4.5,SF,,0.3125,-0.091
3.62,5,4.5,SF,,0.3117,-0.0908
3.625,5,4.5,SF,,0.3109,-0.0906
3.63,5,4.5,SF,,0.3102,-0.0904
3.635,5,4.5,SF,,0.3094,-0.0902
3.64,5,4.5,SF,,0.3086,-0.09
3.645,5,4.5,SF,,0.3078,-0.0898
3.65,5,4.5,SF,,0.307,-0.0896
3.655,5,4.5,SF,,0.3062,-0.0893
3.66,5,4.5,SF,,0.3054,-0.0891
3.665,5,4.5,SF,,0.3046,-0.0889
3.67,5,4.5,SF,,0.3038,-0.0887
3.675,5,4.5,SF,,0.303,-0.0885
3.68,5,4.5,SF,,0.3021,-0.0883
3.685,5,4.5,SF,,0.3013,-0.0881
3.69,5,4.5,SF,,0.3005,-0.0879
3.695,5,4.5,SF,,0.2996,-0.0876
3.7,5,4.5,SF,,0.2988,-0.0874
3.705,5,4.5,SF,,0.2979,-0.0872
3.71,5,4.5,SF,,0.2971,-0.087
3.715,5,4.5,SF,,0.2962,-0.0868
3.72,5,4.5,SF,,0.2954,-0.0865
3.725,5,4.5,SF,,0.2945,-0.0863
3.73,5,4.5,SF,,0.2936,-0.0861
3.735,5,4.5,SF,,0.2927,-0.0859
3.74,5,4.5,SF,,0.2918,-0.0856
3.745,5,4.5,SF,,0.2909,-0.0854
3.75,5,4.5,SF,,0.29,-0.0852
3.755,5,4.5,SF,,0.2891,-0.0849
3.76,5,4.5,SF,,0.2882,-0.0847
3.765,5,4.5,SF,,0.2873,-0.0845
3.77,5,4.5,SF,,0.2864,-0.0842
3.775,5,4.5,SF,,0.2855,-0.084
3.78,5,4.5,SF,,0.2845,-0.0837
3.785,5,4.5,SF,,0.2836,-0.0835
3.79,5,4.5,SF,,0.2826,-0.0833
3.795,5,4.5,SF,,0.2817,-0.083
3.8,5,4.5,SF,,0.2807,-0.0828
3.805,5,4.5,SF,,0.2798,-0.0825
3.81,5,4.5,SF,,0.2788,-0.0823
3.815,5,4.5,SF,,0.2778,-0.082
3.82,5,4.5,SF,,0.2769,-0.0818
3.825,5,4.5,SF,,0.2759,-0.0815
3.83,5,4.5,SF,,0.2749,-0.0813
3.835,5,4.5,SF,,0.2739,-0.081
3.84,5,4.5,SF,,0.2729,-0.0807
3.845,5,4.5,SF,,0.2719,-0.0805
3.85,5,4.5,SF,,0.2709,-0.0802
3.855,5,4.5,SF,,0.2699,-0.08
3.86,5,4.5,SF,,0.2689,-0.0797
3.865,5,4.5,SF,,0.2678,-0.0794
3.87,5,4.5,SF,,0.2668,-0.0792
3.875,5,4.5,SF,,0.2658,-0.0789
3.88,5,4.5,SF,,0.2647,-0.0786
3.885,5,4.5,SF,,0.2637,-0.0784
3.89,5,4.5,SF,,0.2626,-0.0781
3.895,5,4.5,SF,,0.2616,-0.0778
3.9,5,4.5,SF,,0.2605,-0.0775
3.905,5,4.5,SF,,0.2594,-0.0773
3.91,5,4.5,SF,,0.2584,-0.077
3.915,5,4.5,SF,,0.2573,-0.0767
3.92,5,4.5,SF,,0.2562,-0.0764
3.925,5,4.5,SF,,0.2551,-0.0761
3.93,5,4.5,SF,,0.254,-0.0759
3.935,5,4.5,SF,,0.2529,-0.0756
3.94,5,4.5,SF,,0.2518,-0.0753
3.945,5,4.5,SF,,0.2507,-0.075
3.95,5,4.5,SF,,0.2495,-0.0747
3.955,5,4.5,SF,,0.2484,-0.0744
3.96,5,4.5,SF,,0.2473,-0.0741
3.965,5,4.5,SF,,0.2461,-0.0738
3.97,5,4.5,SF,,0.245,-0.0735
3.975,5,4.5,SF,,0.2438,-0.0732
3.98,5,4.5,SF,,0.2427,-0.0729
3.985,5,4.5,SF,,0.2415,-0.0726
3.99,5,4.5,SF,,0.2404,-0.0723
3.995,5,4.5,SF,,0.2392,-0.072
4,5,4.5,SF,,0.238,-0.0717
4.005,5,4.5,SF,,0.2368,-0.0714
4.01,5,4.5,SF,,0.2356,-0.0711
4.015,5,4.5,SF,,0.2344,-0.0708
4.02,5,4.5,SF,,0.2332,-0.0705
4.025,5,4.5,SF,,0.232,-0.0702
4.03,5,4.5,SF,,0.2308,-0.0699
4.035,5,4.5,SF,,0.2296,-0.0696
4.04,5,4.5,SF,,0.2284,-0.0693
4.045,5,4.5,SF,,0.2271,-0.0689
4.05,5,4.5,SF,,0.2259,-0.0686
4.055,5,4.5,SF,,0.2246,-0.0683
4.06,5,4.5,SF,,0.2234,-0.068
4.065,5,4.5,SF,,0.2221,-0.0677
4.07,5,4.5,SF,,0.2209,-0.0673
4.075,5,4.5,SF,,0.2196,-0.067
4.08,5,4.5,SF,,0.2183,-0.0667
4.085,5,4.5,SF,,0.2171,-0.0663
4.09,5,4.5,SF,,0.2158,-0.066
4.095,5,4.5,SF,,0.2145,-0.0657
4.1,5,4.5,SF,,0.2132,-0.0653
4.105,5,4.5,SF,,0.2119,-0.065
4.11,5,4.5,SF,,0.2106,-0.0647
4.115,5,4.5,SF,,0.2093,-0.0643
4.12,5,4.5,SF,,0.2079,-0.064
4.125,5,4.5,SF,,0.2066,-0.0637
4.13,5,4.5,SF,,0.2053,-0.0633
4.135,5,4.5,SF,,0.2039,-0.063
4.14,5,4.5,SF,,0.2026,-0.0626
4.145,5,4.5,SF,,0.2012,-0.0623
4.15,5,4.5,SF,,0.1999,-0.0619
4.155,5,4.5,SF,,0.1985,-0.0616
4.16,5,4.5,SF,,0.1971,-0.0612
4.165,5,4.5,SF,,0.1958,-0.0609
4.17,5,4.5,SF,,0.1944,-0.0605
4.175,5,4.5,SF,,0.193,-0.0602
4.18,5,4.5,SF,,0.1916,-0.0598
4.185,5,4.5,SF,,0.1902,-0.0594
4.19,5,4.5,SF,,0.1888,-0.0591
4.195,5,4.5,SF,,0.1874,-0.0587
4.2,5,4.5,SF,,0.186,-0.0583
4.205,5,4.5,SF,,0.1846,-0.058
4.21,5,4.5,SF,,0.1831,-0.0576
4.215,5,4.5,SF,,0.1817,-0.0572
4.22,5,4.5,SF,,0.1802,-0.0569
4.225,5,4.5,SF,,0.1788,-0.0565
4.23,5,4.5,SF,,0.1773,-0.0561
4.235,5,4.5,SF,,0.1759,-0.0558
4.24,5,4.5,SF,,0.1744,-0.0554
4.245,5,4.5,SF,,0.1729,-0.055
4.25,5,4.5,SF,,0.1715,-0.0546
4.255,5,4.5,SF,,0.17,-0.0542
4.26,5,4.5,SF,,0.1685,-0.0539
4.265,5,4.5,SF,,0.167,-0.0535
4.27,5,4.5,SF,,0.1655,-0.0531
4.275,5,4.5,SF,,0.164,-0.0527
4.28,5,4.5,SF,,0.1625,-0.0523
4.285,5,4.5,SF,,0.1609,-0.0519
4.29,5,4.5,SF,,0.1594,-0.0515
4.295,5,4.5,SF,,0.1579,-0.0511
4.3,5,4.5,SF,,0.1563,-0.0507
4.305,5,4.5,SF,,0.1548,-0.0503
4.31,5,4.5,SF,,0.1532,-0.0499
4.315,5,4.5,SF,,0.1517,-0.0495
4.32,5,4.5,SF,,0.1501,-0.0491
4.325,5,4.5,SF,,0.1485,-0.0487
4.33,5,4.5,SF,,0.1469,-0.0483
4.335,5,4.5,SF,,0.1454,-0.0479
4.34,5,4.5,SF,,0.1438,-0.0475
4.345,5,4.5,SF,,0.1422,-0.0471
4.35,5,4.5,SF,,0.1406,-0.0467
4.355,5,4.5,SF,,0.139,-0.0463
4.36,5,4.5,SF,,0.1373,-0.0459
4.365,5,4.5,SF,,0.1357,-0.0454
4.37,5,4.5,SF,,0.1341,-0.045
4.375,5,4.5,SF,,0.1324,-0.0446
4.38,5,4.5,SF,,0.1308,-0.0442
4.385,5,4.5,SF,,0.1292,-0.0438
4.39,5,4.5,SF,,0.1275,-0.0433
4.395,5,4.5,SF,,0.1258,-0.0429
4.4,5,4.5,SF,,0.1242,-0.0425
4.405,5,4.5,SF,,0.1225,-0.042
4.41,5,4.5,SF,,0.1208,-0.0416
4.415,5,4.5,SF,,0.1191,-0.0412
4.42,5,4.5,SF,,0.1174,-0.0407
4.425,5,4.5,SF,,0.1157,-0.0403
4.43,5,4.5,SF,,0.114,-0.0399
4.435,5,4.5,SF,,0.1123,-0.0394
4.44,5,4.5,SF,,0.1106,-0.039
4.445,5,4.5,SF,,0.1089,-0.0385
4.45,5,4.5,SF,,0.1071,-0.0381
4.455,5,4.5,SF,,0.1054,-0.0377
4.46,5,4.5,SF,,0.1036,-0.0372
4.465,5,4.5,SF,,0.1019,-0.0368
4.47,5,4.5,SF,,0.1001,-0.0363
4.475,5,4.5,SF,,0.0984,-0.0359
4.48,5,4.5,SF,,0.0966,-0.0354
4.485,5,4.5,SF,,0.0948,-0.0349
4.49,5,4.5,SF,,0.093,-0.0345
4.495,5,4.5,SF,,0.0912,-0.034
4.5,5,4.5,SF,,0.0894,-0.0336
4.505,5,4.5,SF,,0.0876,-0.0331
4.51,5,4.5,SF,,0.0859,-0.0326
4.515,5,4.5,SF,,0.0841,-0.0322
4.52,5,4.5,SF,,0.0824,-0.0317
4.525,5,4.5,SF,,0.0807,-0.0312
4.53,5,4.5,SF,,0.079,-0.0308
4.535,5,4.5,SF,,0.0773,-0.0303
4.54,5,4.5,SF,,0.0756,-0.0298
4.545,5,4.5,SF,,0.074,-0.0294
4.55,5,4.5,SF,,0.0723,-0.0289
4.555,5,4.5,SF,,0.0707,-0.0284
4.56,5,4.5,SF,,0.0691,-0.0279
4.565,5,4.5,SF,,0.0676,-0.0275
4.57,5,4.5,SF,,0.066,-0.027
4.575,5,4.5,SF,,0.0645,-0.0265
4.58,5,4.5,SF,,0.063,-0.026
4.585,5,4.5,SF,,0.0615,-0.0256
4.59,5,4.5,SF,,0.06,-0.0251
4.595,5,4.5,SF,,0.0585,-0.0246
4.6,5,4.5,SF,,0.0571,-0.0242
4.605,5,4.5,SF,,0.0556,-0.0237
4.61,5,4.5,SF,,0.0542,-0.0232
4.615,5,4.5,SF,,0.0528,-0.0228
4.62,5,4.5,SF,,0.0515,-0.0223
4.625,5,4.5,SF,,0.0501,-0.0218
4.63,5,4.5,SF,,0.0488,-0.0214
4.635,5,4.5,SF,,0.0475,-0.0209
4.64,5,4.5,SF,,0.0462,-0.0204
4.645,5,4.5,SF,,0.0449,-0.02
4.65,5,4.5,SF,,0.0436,-0.0195
4.655,5,4.5,SF,,0.0424,-0.0191
4.66,5,4.5,SF,,0.0412,-0.0186
4.665,5,4.5,SF,,0.04,-0.0182
4.67,5,4.5,SF,,0.0388,-0.0177
4.675,5,4.5,SF,,0.0376,-0.0173
4.68,5,4.5,SF,,0.0364,-0.0168
4.685,5,4.5,SF,,0.0353,-0.0164
4.69,5,4.5,SF,,0.0342,-0.016
4.695,5,4.5,SF,,0.0331,-0.0155
4.7,5,4.5,SF,,0.032,-0.0151
4.705,5,4.5,SF,,0.0309,-0.0147
4.71,5,4.5,SF,,0.0299,-0.0142
4.715,5,4.5,SF,,0.0289,-0.0138
4.72,5,4.5,SF,,0.0279,-0.0134
4.725,5,4.5,SF,,0.0269,-0.013
4.73,5,4.5,SF,,0.0259,-0.0126
4.735,5,4.5,SF,,0.0249,-0.0122
4.74,5,4.5,SF,,0.024,-0.0118
4.745,5,4.5,SF,,0.0231,-0.0114
4.75,5,4.5,SF,,0.0222,-0.011
4.755,5,4.5,SF,,0.0213,-0.0106
4.76,5,4.5,SF,,0.0204,-0.0102
4.765,5,4.5,SF,,0.0196,-0.0099
4.77,5,4.5,SF,,0.0188,-0.0095
4.775,5,4.5,SF,,0.018,-0.0091
4.78,5,4.5,SF,,0.0172,-0.0088
4.785,5,4.5,SF,,0.0164,-0.0084
4.79,5,4.5,SF,,0.0156,-0.0081
4.795,5,4.5,SF,,0.0149,-0.0077
4.8,5,4.5,SF,,0.0142,-0.0074
4.805,5,4.5,SF,,0.0135,-0.007
4.81,5,4.5,SF,,0.0128,-0.0067
4.815,5,4.5,SF,,0.0121,-0.0064
4.82,5,4.5,SF,,0.0115,-0.0061
4.825,5,4.5,SF,,0.0109,-0.0058
4.83,5,4.5,SF,,0.0102,-0.0055
4.835,5,4.5,SF,,0.0096,-0.0052
4.84,5,4.5,SF,,0.0091,-0.0049
4.845,5,4.5,SF,,0.0085,-0.0046
4.85,5,4.5,SF,,0.008,-0.0043
4.855,5,4.5,SF,,0.0074,-0.0041
4.86,5,4.5,SF,,0.0069,-0.0038
4.865,5,4.5,SF,,0.0065,-0.0036
4.87,5,4.5,SF,,0.006,-0.0033
4.875,5,4.5,SF,,0.0055,-0.0031
4.88,5,4.5,SF,,0.0051,-0.0029
4.885,5,4.5,SF,,0.0047,-0.0026
4.89,5,4.5,SF,,0.0043,-0.0024
4.895,5,4.5,SF,,0.0039,-0.0022
4.9,5,4.5,SF,,0.0035,-0.002
4.905,5,4.5,SF,,0.0032,-0.0018
4.91,5,4.5,SF,,0.0029,-0.0016
4.915,5,4.5,SF,,0.0026,-0.0015
4.92,5,4.5,SF,,0.0023,-0.0013
4.925,5,4.5,SF,,0.002,-0.0012
4.93,5,4.5,SF,,0.0017,-0.001
4.935,5,4.5,SF,,0.0015,-0.0009
4.94,5,4.5,SF,,0.0013,-0.0007
4.945,5,4.5,SF,,0.0011,-0.0006
4.95,5,4.5,SF,,0.0009,-0.0005
4.955,5,4.5,SF,,0.0007,-0.0004
4.96,5,4.5,SF,,0.0006,-0.0003
4.965,5,4.5,SF,,0.0004,-0.0003
4.97,5,4.5,SF,,0.0003,-0.0002
4.975,5,4.5,SF,,0.0002,-0.0001
4.98,5,4.5,SF,,0.0001,-0.0001
4.985,5,4.5,SF,,0.0001,0
4.99,5,4.5,SF,,0,0
4.995,5,4.5,SF,,0,0
5,5,4.5,SF,,0,0
0,5,5,SF,,0,0
0.005,5,5,SF,,0,0
0.01,5,5,SF,,0,0
0.015,5,5,SF,,0,0
0.02,5,5,SF,,0,0
0.025,5,5,SF,,0,0
0.03,5,5,SF,,0,0
0.035,5,5,SF,,0,0
0.04,5,5,SF,,0,0
0.045,5,5,SF,,0,0
0.05,5,5,SF,,0,0
0.055,5,5,SF,,0,0
0.06,5,5,SF,,0,0
0.065,5,5,SF,,0,0
0.07,5,5,SF,,0,0
0.075,5,5,SF,,0,0
0.08,5,5,SF,,0,0
0.085,5,5,SF,,0,0
0.09,5,5,SF,,0,0
0.095,5,5,SF,,0,0
0.1,5,5,SF,,0,0
0.105,5,5,SF,,0,0
0.11,5,5,SF,,0,0
0.115,5,5,SF,,0,0
0.12,5,5,SF,,0,0
0.125,5,5,SF,,0,0
0.13,5,5,SF,,0,0
0.135,5,5,SF,,0,0
0.14,5,5,SF,,0,0
0.145,5,5,SF,,0,0
0.15,5,5,SF,,0,0
0.155,5,5,SF,,0,0
0.16,5,5,SF,,0,0
0.165,5,5,SF,,0,0
0.17,5,5,SF,,0,0
0.175,5,5,SF,,0,0
0.18,5,5,SF,,0,0
0.185,5,5,SF,,0,0
0.19,5,5,SF,,0,0
0.195,5,5,SF,,0,0
0.2,5,5,SF,,0,0
0.205,5,5,SF,,0,0
0.21,5,5,SF,,0,0
0.215,5,5,SF,,0,0
0.22,5,5,SF,,0,0
0.225,5,5,SF,,0,0
0.23,5,5,SF,,0,0
0.235,5,5,SF,,0,0
0.24,5,5,SF,,0,0
0.245,5,5,SF,,0,0
0.25,5,5,SF,,0,0
0.255,5,5,SF,,0,0
0.26,5,5,SF,,0,0
0.265,5,5,SF,,0,0
0.27,5,5,SF,,0,0
0.275,5,5,SF,,0,0
0.28,5,5,SF,,0,0
0.285,5,5,SF,,0,0
0.29,5,5,SF,,0,0
0.295,5,5,SF,,0,0
0.3,5,5,SF,,0,0
0.305,5,5,SF,,0,0
0.31,5,5,SF,,0,0
0.315,5,5,SF,,0,0
0.32,5,5,SF,,0,0
0.325,5,5,SF,,0,0
0.33,5,5,SF,,0,0
0.335,5,5,SF,,0,0
0.34,5,5,SF,,0,0
0.345,5,5,SF,,0,0
0.35,5,5,SF,,0,0
0.355,5,5,SF,,0,0
0.36,5,5,SF,,0,0
0.365,5,5,SF,,0,0
0.37,5,5,SF,,0,0
0.375,5,5,SF,,0,0
0.38,5,5,SF,,0,0
0.385,5,5,SF,,0,0
0.39,5,5,SF,,0,0
0.395,5,5,SF,,0,0
0.4,5,5,SF,,0,0
0.405,5,5,SF,,0,0
0.41,5,5,SF,,0,0
0.415,5,5,SF,,0,0
0.42,5,5,SF,,0,0
0.425,5,5,SF,,0,0
0.43,5,5,SF,,0,0
0.435,5,5,SF,,0,0
0.44,5,5,SF,,0,0
0.445,5,5,SF,,0,0
0.45,5,5,SF,,0,0
0.455,5,5,SF,,0,0
0.46,5,5,SF,,0,0
0.465,5,5,SF,,0,0
0.47,5,5,SF,,0,0
0.475,5,5,SF,,0,0
0.48,5,5,SF,,0,0
0.485,5,5,SF,,0,0
0.49,5,5,SF,,0,0
0.495,5,5,SF,,0,0
0.5,5,5,SF,,0,0
0.505,5,5,SF,,0,0
0.51,5,5,SF,,0,0
0.515,5,5,SF,,0,0
0.52,5,5,SF,,0,0
0.525,5,5,SF,,0,0
0.53,5,5,SF,,0,0
0.535,5,5,SF,,0,0
0.54,5,5,SF,,0,0
0.545,5,5,SF,,0,0
0.55,5,5,SF,,0,0
0.555,5,5,SF,,0,0
0.56,5,5,SF,,0,0
0.565,5,5,SF,,0,0
0.57,5,5,SF,,0,0
0.575,5,5,SF,,0,0
0.58,5,5,SF,,0,0
0.585,5,5,SF,,0,0
0.59,5,5,SF,,0,0
0.595,5,5,SF,,0,0
0.6,5,5,SF,,0,0
0.605,5,5,SF,,0,0
0.61,5,5,SF,,0,0
0.615,5,5,SF,,0,0
0.62,5,5,SF,,0,0
0.625,5,5,SF,,0,0
0.63,5,5,SF,,0,0
0.635,5,5,SF,,0,0
0.64,5,5,SF,,0,0
0.645,5,5,SF,,0,0
0.65,5,5,SF,,0,0
0.655,5,5,SF,,0,0
0.66,5,5,SF,,0,0
0.665,5,5,SF,,0,0
0.67,5,5,SF,,0,0
0.675,5,5,SF,,0,0
0.68,5,5,SF,,0,0
0.685,5,5,SF,,0,0
0.69,5,5,SF,,0,0
0.695,5,5,SF,,0,0
0.7,5,5,SF,,0,0
0.705,5,5,SF,,0,0
0.71,5,5,SF,,0,0
0.715,5,5,SF,,0,0
0.72,5,5,SF,,0,0
0.725,5,5,SF,,0,0
0.73,5,5,SF,,0,0
0.735,5,5,SF,,0,0
0.74,5,5,SF,,0,0
0.745,5,5,SF,,0,0
0.75,5,5,SF,,0,0
0.755,5,5,SF,,0,0
0.76,5,5,SF,,0,0
0.765,5,5,SF,,0,0
0.77,5,5,SF,,0,0
0.775,5,5,SF,,0,0
0.78,5,5,SF,,0,0
0.785,5,5,SF,,0,0
0.79,5,5,SF,,0,0
0.795,5,5,SF,,0,0
0.8,5,5,SF,,0,0
0.805,5,5,SF,,0,0
0.81,5,5,SF,,0,0
0.815,5,5,SF,,0,0
0.82,5,5,SF,,0,0
0.825,5,5,SF,,0,0
0.83,5,5,SF,,0,0
0.835,5,5,SF,,0,0
0.84,5,5,SF,,0,0
0.845,5,5,SF,,0,0
0.85,5,5,SF,,0,0
0.855,5,5,SF,,0,0
0.86,5,5,SF,,0,0
0.865,5,5,SF,,0,0
0.87,5,5,SF,,0,0
0.875,5,5,SF,,0,0
0.88,5,5,SF,,0,0
0.885,5,5,SF,,0,0
0.89,5,5,SF,,0,0
0.895,5,5,SF,,0,0
0.9,5,5,SF,,0,0
0.905,5,5,SF,,0,0
0.91,5,5,SF,,0,0
0.915,5,5,SF,,0,0
0.92,5,5,SF,,0,0
0.925,5,5,SF,,0,0
0.93,5,5,SF,,0,0
0.935,5,5,SF,,0,0
0.94,5,5,SF,,0,0
0.945,5,5,SF,,0,0
0.95,5,5,SF,,0,0
0.955,5,5,SF,,0,0
0.96,5,5,SF,,0,0
0.965,5,5,SF,,0,0
0.97,5,5,SF,,0,0
0.975,5,5,SF,,0,0
0.98,5,5,SF,,0,0
0.985,5,5,SF,,0,0
0.99,5,5,SF,,0,0
0.995,5,5,SF,,0,0
1,5,5,SF,,0,0
1.005,5,5,SF,,0,0
1.01,5,5,SF,,0,0
1.015,5,5,SF,,0,0
1.02,5,5,SF,,0,0
1.025,5,5,SF,,0,0
1.03,5,5,SF,,0,0
1.035,5,5,SF,,0,0
1.04,5,5,SF,,0,0
1.045,5,5,SF,,0,0
1.05,5,5,SF,,0,0
1.055,5,5,SF,,0,0
1.06,5,5,SF,,0,0
1.065,5,5,SF,,0,0
1.07,5,5,SF,,0,0
1.075,5,5,SF,,0,0
1.08,5,5,SF,,0,0
1.085,5,5,SF,,0,0
1.09,5,5,SF,,0,0
1.095,5,5,SF,,0,0
1.1,5,5,SF,,0,0
1.105,5,5,SF,,0,0
1.11,5,5,SF,,0,0
1.115,5,5,SF,,0,0
1.12,5,5,SF,,0,0
1.125,5,5,SF,,0,0
1.13,5,5,SF,,0,0
1.135,5,5,SF,,0,0
1.14,5,5,SF,,0,0
1.145,5,5,SF,,0,0
1.15,5,5,SF,,0,0
1.155,5,5,SF,,0,0
1.16,5,5,SF,,0,0
1.165,5,5,SF,,0,0
1.17,5,5,SF,,0,0
1.175,5,5,SF,,0,0
1.18,5,5,SF,,0,0
1.185,5,5,SF,,0,0
1.19,5,5,SF,,0,0
1.195,5,5,SF,,0,0
1.2,5,5,SF,,0,0
1.205,5,5,SF,,0,0
1.21,5,5,SF,,0,0
1.215,5,5,SF,,0,0
1.22,5,5,SF,,0,0
1.225,5,5,SF,,0,0
1.23,5,5,SF,,0,0
1.235,5,5,SF,,0,0
1.24,5,5,SF,,0,0
1.245,5,5,SF,,0,0
1.25,5,5,SF,,0,0
1.255,5,5,SF,,0,0
1.26,5,5,SF,,0,0
1.265,5,5,SF,,0,0
1.27,5,5,SF,,0,0
1.275,5,5,SF,,0,0
1.28,5,5,SF,,0,0
1.285,5,5,SF,,0,0
1.29,5,5,SF,,0,0
1.295,5,5,SF,,0,0
1.3,5,5,SF,,0,0
1.305,5,5,SF,,0,0
1.31,5,5,SF,,0,0
1.315,5,5,SF,,0,0
1.32,5,5,SF,,0,0
1.325,5,5,SF,,0,0
1.33,5,5,SF,,0,0
1.335,5,5,SF,,0,0
1.34,5,5,SF,,0,0
1.345,5,5,SF,,0,0
1.35,5,5,SF,,0,0
1.355,5,5,SF,,0,0
1.36,5,5,SF,,0,0
1.365,5,5,SF,,0,0
1.37,5,5,SF,,0,0
1.375,5,5,SF,,0,0
1.38,5,5,SF,,0,0
1.385,5,5,SF,,0,0
1.39,5,5,SF,,0,0
1.395,5,5,SF,,0,0
1.4,5,5,SF,,0,0
1.405,5,5,SF,,0,0
1.41,5,5,SF,,0,0
1.415,5,5,SF,,0,0
1.42,5,5,SF,,0,0
1.425,5,5,SF,,0,0
1.43,5,5,SF,,0,0
1.435,5,5,SF,,0,0
1.44,5,5,SF,,0,0
1.445,5,5,SF,,0,0
1.45,5,5,SF,,0,0
1.455,5,5,SF,,0,0
1.46,5,5,SF,,0,0
1.465,5,5,SF,,0,0
1.47,5,5,SF,,0,0
1.475,5,5,SF,,0,0
1.48,5,5,SF,,0,0
1.485,5,5,SF,,0,0
1.49,5,5,SF,,0,0
1.495,5,5,SF,,0,0
1.5,5,5,SF,,0,0
1.505,5,5,SF,,0,0
1.51,5,5,SF,,0,0
1.515,5,5,SF,,0,0
1.52,5,5,SF,,0,0
1.525,5,5,SF,,0,0
1.53,5,5,SF,,0,0
1.535,5,5,SF,,0,0
1.54,5,5,SF,,0,0
1.545,5,5,SF,,0,0
1.55,5,5,SF,,0,0
1.555,5,5,SF,,0,0
1.56,5,5,SF,,0,0
1.565,5,5,SF,,0,0
1.57,5,5,SF,,0,0
1.575,5,5,SF,,0,0
1.58,5,5,SF,,0,0
1.585,5,5,SF,,0,0
1.59,5,5,SF,,0,0
1.595,5,5,SF,,0,0
1.6,5,5,SF,,0,0
1.605,5,5,SF,,0,0
1.61,5,5,SF,,0,0
1.615,5,5,SF,,0,0
1.62,5,5,SF,,0,0
1.625,5,5,SF,,0,0
1.63,5,5,SF,,0,0
1.635,5,5,SF,,0,0
1.64,5,5,SF,,0,0
1.645,5,5,SF,,0,0
1.65,5,5,SF,,0,0
1.655,5,5,SF,,0,0
1.66,5,5,SF,,0,0
1.665,5,5,SF,,0,0
1.67,5,5,SF,,0,0
1.675,5,5,SF,,0,0
1.68,5,5,SF,,0,0
1.685,5,5,SF,,0,0
1.69,5,5,SF,,0,0
1.695,5,5,SF,,0,0
1.7,5,5,SF,,0,0
1.705,5,5,SF,,0,0
1.71,5,5,SF,,0,0
1.715,5,5,SF,,0,0
1.72,5,5,SF,,0,0
1.725,5,5,SF,,0,0
1.73,5,5,SF,,0,0
1.735,5,5,SF,,0,0
1.74,5,5,SF,,0,0
1.745,5,5,SF,,0,0
1.75,5,5,SF,,0,0
1.755,5,5,SF,,0,0
1.76,5,5,SF,,0,0
1.765,5,5,SF,,0,0
1.77,5,5,SF,,0,0
1.775,5,5,SF,,0,0
1.78,5,5,SF,,0,0
1.785,5,5,SF,,0,0
1.79,5,5,SF,,0,0
1.795,5,5,SF,,0,0
1.8,5,5,SF,,0,0
1.805,5,5,SF,,0,0
1.81,5,5,SF,,0,0
1.815,5,5,SF,,0,0
1.82,5,5,SF,,0,0
1.825,5,5,SF,,0,0
1.83,5,5,SF,,0,0
1.835,5,5,SF,,0,0
1.84,5,5,SF,,0,0
1.845,5,5,SF,,0,0
1.85,5,5,SF,,0,0
1.855,5,5,SF,,0,0
1.86,5,5,SF,,0,0
1.865,5,5,SF,,0,0
1.87,5,5,SF,,0,0
1.875,5,5,SF,,0,0
1.88,5,5,SF,,0,0
1.885,5,5,SF,,0,0
1.89,5,5,SF,,0,0
1.895,5,5,SF,,0,0
1.9,5,5,SF,,0,0
1.905,5,5,SF,,0,0
1.91,5,5,SF,,0,0
1.915,5,5,SF,,0,0
1.92,5,5,SF,,0,0
1.925,5,5,SF,,0,0
1.93,5,5,SF,,0,0
1.935,5,5,SF,,0,0
1.94,5,5,SF,,0,0
1.945,5,5,SF,,0,0
1.95,5,5,SF,,0,0
1.955,5,5,SF,,0,0
1.96,5,5,SF,,0,0
1.965,5,5,SF,,0,0
1.97,5,5,SF,,0,0
1.975,5,5,SF,,0,0
1.98,5,5,SF,,0,0
1.985,5,5,SF,,0,0
1.99,5,5,SF,,0,0
1.995,5,5,SF,,0,0
2,5,5,SF,,0,0
2.005,5,5,SF,,0,0
2.01,5,5,SF,,0,0
2.015,5,5,SF,,0,0
2.02,5,5,SF,,0,0
2.025,5,5,SF,,0,0
2.03,5,5,SF,,0,0
2.035,5,5,SF,,0,0
2.04,5,5,SF,,0,0
2.045,5,5,SF,,0,0
2.05,5,5,SF,,0,0
2.055,5,5,SF,,0,0
2.06,5,5,SF,,0,0
2.065,5,5,SF,,0,0
2.07,5,5,SF,,0,0
2.075,5,5,SF,,0,0
2.08,5,5,SF,,0,0
2.085,5,5,SF,,0,0
2.09,5,5,SF,,0,0
2.095,5,5,SF,,0,0
2.1,5,5,SF,,0,0
2.105,5,5,SF,,0,0
2.11,5,5,SF,,0,0
2.115,5,5,SF,,0,0
2.12,5,5,SF,,0,0
2.125,5,5,SF,,0,0
2.13,5,5,SF,,0,0
2.135,5,5,SF,,0,0
2.14,5,5,SF,,0,0
2.145,5,5,SF,,0,0
2.15,5,5,SF,,0,0
2.155,5,5,SF,,0,0
2.16,5,5,SF,,0,0
2.165,5,5,SF,,0,0
2.17,5,5,SF,,0,0
2.175,5,5,SF,,0,0
2.18,5,5,SF,,0,0
2.185,5,5,SF,,0,0
2.19,5,5,SF,,0,0
2.195,5,5,SF,,0,0
2.2,5,5,SF,,0,0
2.205,5,5,SF,,0,0
2.21,5,5,SF,,0,0
2.215,5,5,SF,,0,0
2.22,5,5,SF,,0,0
2.225,5,5,SF,,0,0
2.23,5,5,SF,,0,0
2.235,5,5,SF,,0,0
2.24,5,5,SF,,0,0
2.245,5,5,SF,,0,0
2.25,5,5,SF,,0,0
2.255,5,5,SF,,0,0
2.26,5,5,SF,,0,0
2.265,5,5,SF,,0,0
2.27,5,5,SF,,0,0
2.275,5,5,SF,,0,0
2.28,5,5,SF,,0,0
2.285,5,5,SF,,0,0
2.29,5,5,SF,,0,0
2.295,5,5,SF,,0,0
2.3,5,5,SF,,0,0
2.305,5,5,SF,,0,0
2.31,5,5,SF,,0,0
2.315,5,5,SF,,0,0
2.32,5,5,SF,,0,0
2.325,5,5,SF,,0,0
2.33,5,5,SF,,0,0
2.335,5,5,SF,,0,0
2.34,5,5,SF,,0,0
2.345,5,5,SF,,0,0
2.35,5,5,SF,,0,0
2.355,5,5,SF,,0,0
2.36,5,5,SF,,0,0
2.365,5,5,SF,,0,0
2.37,5,5,SF,,0,0
2.375,5,5,SF,,0,0
2.38,5,5,SF,,0,0
2.385,5,5,SF,,0,0
2.39,5,5,SF,,0,0
2.395,5,5,SF,,0,0
2.4,5,5,SF,,0,0
2.405,5,5,SF,,0,0
2.41,5,5,SF,,0,0
2.415,5,5,SF,,0,0
2.42,5,5,SF,,0,0
2.425,5,5,SF,,0,0
2.43,5,5,SF,,0,0
2.435,5,5,SF,,0,0
2.44,5,5,SF,,0,0
2.445,5,5,SF,,0,0
2.45,5,5,SF,,0,0
2.455,5,5,SF,,0,0
2.46,5,5,SF,,0,0
2.465,5,5,SF,,0,0
2.47,5,5,SF,,0,0
2.475,5,5,SF,,0,0
2.48,5,5,SF,,0,0
2.485,5,5,SF,,0,0
2.49,5,5,SF,,0,0
2.495,5,5,SF,,0,0
2.5,5,5,SF,,0,0
2.505,5,5,SF,,0,0
2.51,5,5,SF,,0,0
2.515,5,5,SF,,0,0
2.52,5,5,SF,,0,0
2.525,5,5,SF,,0,0
2.53,5,5,SF,,0,0
2.535,5,5,SF,,0,0
2.54,5,5,SF,,0,0
2.545,5,5,SF,,0,0
2.55,5,5,SF,,0,0
2.555,5,5,SF,,0,0
2.56,5,5,SF,,0,0
2.565,5,5,SF,,0,0
2.57,5,5,SF,,0,0
2.575,5,5,SF,,0,0
2.58,5,5,SF,,0,0
2.585,5,5,SF,,0,0
2.59,5,5,SF,,0,0
2.595,5,5,SF,,0,0
2.6,5,5,SF,,0,0
2.605,5,5,SF,,0,0
2.61,5,5,SF,,0,0
2.615,5,5,SF,,0,0
2.62,5,5,SF,,0,0
2.625,5,5,SF,,0,0
2.63,5,5,SF,,0,0
2.635,5,5,SF,,0,0
2.64,5,5,SF,,0,0
2.645,5,5,SF,,0,0
2.65,5,5,SF,,0,0
2.655,5,5,SF,,0,0
2.66,5,5,SF,,0,0
2.665,5,5,SF,,0,0
2.67,5,5,SF,,0,0
2.675,5,5,SF,,0,0
2.68,5,5,SF,,0,0
2.685,5,5,SF,,0,0
2.69,5,5,SF,,0,0
2.695,5,5,SF,,0,0
2.7,5,5,SF,,0,0
2.705,5,5,SF,,0,0
2.71,5,5,SF,,0,0
2.715,5,5,SF,,0,0
2.72,5,5,SF,,0,0
2.725,5,5,SF,,0,0
2.73,5,5,SF,,0,0
2.735,5,5,SF,,0,0
2.74,5,5,SF,,0,0
2.745,5,5,SF,,0,0
2.75,5,5,SF,,0,0
2.755,5,5,SF,,0,0
2.76,5,5,SF,,0,0
2.765,5,5,SF,,0,0
2.77,5,5,SF,,0,0
2.775,5,5,SF,,0,0
2.78,5,5,SF,,0,0
2.785,5,5,SF,,0,0
2.79,5,5,SF,,0,0
2.795,5,5,SF,,0,0
2.8,5,5,SF,,0,0
2.805,5,5,SF,,0,0
2.81,5,5,SF,,0,0
2.815,5,5,SF,,0,0
2.82,5,5,SF,,0,0
2.825,5,5,SF,,0,0
2.83,5,5,SF,,0,0
2.835,5,5,SF,,0,0
2.84,5,5,SF,,0,0
2.845,5,5,SF,,0,0
2.85,5,5,SF,,0,0
2.855,5,5,SF,,0,0
2.86,5,5,SF,,0,0
2.865,5,5,SF,,0,0
2.87,5,5,SF,,0,0
2.875,5,5,SF,,0,0
2.88,5,5,SF,,0,0
2.885,5,5,SF,,0,0
2.89,5,5,SF,,0,0
2.895,5,5,SF,,0,0
2.9,5,5,SF,,0,0
2.905,5,5,SF,,0,0
2.91,5,5,SF,,0,0
2.915,5,5,SF,,0,0
2.92,5,5,SF,,0,0
2.925,5,5,SF,,0,0
2.93,5,5,SF,,0,0
2.935,5,5,SF,,0,0
2.94,5,5,SF,,0,0
2.945,5,5,SF,,0,0
2.95,5,5,SF,,0,0
2.955,5,5,SF,,0,0
2.96,5,5,SF,,0,0
2.965,5,5,SF,,0,0
2.97,5,5,SF,,0,0
2.975,5,5,SF,,0,0
2.98,5,5,SF,,0,0
2.985,5,5,SF,,0,0
2.99,5,5,SF,,0,0
2.995,5,5,SF,,0,0
3,5,5,SF,,0,0
3.005,5,5,SF,,0,0
3.01,5,5,SF,,0,0
3.015,5,5,SF,,0,0
3.02,5,5,SF,,0,0
3.025,5,5,SF,,0,0
3.03,5,5,SF,,0,0
3.035,5,5,SF,,0,0
3.04,5,5,SF,,0,0
3.045,5,5,SF,,0,0
3.05,5,5,SF,,0,0
3.055,5,5,SF,,0,0
3.06,5,5,SF,,0,0
3.065,5,5,SF,,0,0
3.07,5,5,SF,,0,0
3.075,5,5,SF,,0,0
3.08,5,5,SF,,0,0
3.085,5,5,SF,,0,0
3.09,5,5,SF,,0,0
3.095,5,5,SF,,0,0
3.1,5,5,SF,,0,0
3.105,5,5,SF,,0,0
3.11,5,5,SF,,0,0
3.115,5,5,SF,,0,0
3.12,5,5,SF,,0,0
3.125,5,5,SF,,0,0
3.13,5,5,SF,,0,0
3.135,5,5,SF,,0,0
3.14,5,5,SF,,0,0
3.145,5,5,SF,,0,0
3.15,5,5,SF,,0,0
3.155,5,5,SF,,0,0
3.16,5,5,SF,,0,0
3.165,5,5,SF,,0,0
3.17,5,5,SF,,0,0
3.175,5,5,SF,,0,0
3.18,5,5,SF,,0,0
3.185,5,5,SF,,0,0
3.19,5,5,SF,,0,0
3.195,5,5,SF,,0,0
3.2,5,5,SF,,0,0
3.205,5,5,SF,,0,0
3.21,5,5,SF,,0,0
3.215,5,5,SF,,0,0
3.22,5,5,SF,,0,0
3.225,5,5,SF,,0,0
3.23,5,5,SF,,0,0
3.235,5,5,SF,,0,0
3.24,5,5,SF,,0,0
3.245,5,5,SF,,0,0
3.25,5,5,SF,,0,0
3.255,5,5,SF,,0,0
3.26,5,5,SF,,0,0
3.265,5,5,SF,,0,0
3.27,5,5,SF,,0,0
3.275,5,5,SF,,0,0
3.28,5,5,SF,,0,0
3.285,5,5,SF,,0,0
3.29,5,5,SF,,0,0
3.295,5,5,SF,,0,0
3.3,5,5,SF,,0,0
3.305,5,5,SF,,0,0
3.31,5,5,SF,,0,0
3.315,5,5,SF,,0,0
3.32,5,5,SF,,0,0
3.325,5,5,SF,,0,0
3.33,5,5,SF,,0,0
3.335,5,5,SF,,0,0
3.34,5,5,SF,,0,0
3.345,5,5,SF,,0,0
3.35,5,5,SF,,0,0
3.355,5,5,SF,,0,0
3.36,5,5,SF,,0,0
3.365,5,5,SF,,0,0
3.37,5,5,SF,,0,0
3.375,5,5,SF,,0,0
3.38,5,5,SF,,0,0
3.385,5,5,SF,,0,0
3.39,5,5,SF,,0,0
3.395,5,5,SF,,0,0
3.4,5,5,SF,,0,0
3.405,5,5,SF,,0,0
3.41,5,5,SF,,0,0
3.415,5,5,SF,,0,0
3.42,5,5,SF,,0,0
3.425,5,5,SF,,0,0
3.43,5,5,SF,,0,0
3.435,5,5,SF,,0,0
3.44,5,5,SF,,0,0
3.445,5,5,SF,,0,0
3.45,5,5,SF,,0,0
3.455,5,5,SF,,0,0
3.46,5,5,SF,,0,0
3.465,5,5,SF,,0,0
3.47,5,5,SF,,0,0
3.475,5,5,SF,,0,0
3.48,5,5,SF,,0,0
3.485,5,5,SF,,0,0
3.49,5,5,SF,,0,0
3.495,5,5,SF,,0,0
3.5,5,5,SF,,0,0
3.505,5,5,SF,,0,0
3.51,5,5,SF,,0,0
3.515,5,5,SF,,0,0
3.52,5,5,SF,,0,0
3.525,5,5,SF,,0,0
3.53,5,5,SF,,0,0
3.535,5,5,SF,,0,0
3.54,5,5,SF,,0,0
3.545,5,5,SF,,0,0
3.55,5,5,SF,,0,0
3.555,5,5,SF,,0,0
3.56,5,5,SF,,0,0
3.565,5,5,SF,,0,0
3.57,5,5,SF,,0,0
3.575,5,5,SF,,0,0
3.58,5,5,SF,,0,0
3.585,5,5,SF,,0,0
3.59,5,5,SF,,0,0
3.595,5,5,SF,,0,0
3.6,5,5,SF,,0,0
3.605,5,5,SF,,0,0
3.61,5,5,SF,,0,0
3.615,5,5,SF,,0,0
3.62,5,5,SF,,0,0
3.625,5,5,SF,,0,0
3.63,5,5,SF,,0,0
3.635,5,5,SF,,0,0
3.64,5,5,SF,,0,0
3.645,5,5,SF,,0,0
3.65,5,5,SF,,0,0
3.655,5,5,SF,,0,0
3.66,5,5,SF,,0,0
3.665,5,5,SF,,0,0
3.67,5,5,SF,,0,0
3.675,5,5,SF,,0,0
3.68,5,5,SF,,0,0
3.685,5,5,SF,,0,0
3.69,5,5,SF,,0,0
3.695,5,5,SF,,0,0
3.7,5,5,SF,,0,0
3.705,5,5,SF,,0,0
3.71,5,5,SF,,0,0
3.715,5,5,SF,,0,0
3.72,5,5,SF,,0,0
3.725,5,5,SF,,0,0
3.73,5,5,SF,,0,0
3.735,5,5,SF,,0,0
3.74,5,5,SF,,0,0
3.745,5,5,SF,,0,0
3.75,5,5,SF,,0,0
3.755,5,5,SF,,0,0
3.76,5,5,SF,,0,0
3.765,5,5,SF,,0,0
3.77,5,5,SF,,0,0
3.775,5,5,SF,,0,0
3.78,5,5,SF,,0,0
3.785,5,5,SF,,0,0
3.79,5,5,SF,,0,0
3.795,5,5,SF,,0,0
3.8,5,5,SF,,0,0
3.805,5,5,SF,,0,0
3.81,5,5,SF,,0,0
3.815,5,5,SF,,0,0
3.82,5,5,SF,,0,0
3.825,5,5,SF,,0,0
3.83,5,5,SF,,0,0
3.835,5,5,SF,,0,0
3.84,5,5,SF,,0,0
3.845,5,5,SF,,0,0
3.85,5,5,SF,,0,0
3.855,5,5,SF,,0,0
3.86,5,5,SF,,0,0
3.865,5,5,SF,,0,0
3.87,5,5,SF,,0,0
3.875,5,5,SF,,0,0
3.88,5,5,SF,,0,0
3.885,5,5,SF,,0,0
3.89,5,5,SF,,0,0
3.895,5,5,SF,,0,0
3.9,5,5,SF,,0,0
3.905,5,5,SF,,0,0
3.91,5,5,SF,,0,0
3.915,5,5,SF,,0,0
3.92,5,5,SF,,0,0
3.925,5,5,SF,,0,0
3.93,5,5,SF,,0,0
3.935,5,5,SF,,0,0
3.94,5,5,SF,,0,0
3.945,5,5,SF,,0,0
3.95,5,5,SF,,0,0
3.955,5,5,SF,,0,0
3.96,5,5,SF,,0,0
3.965,5,5,SF,,0,0
3.97,5,5,SF,,0,0
3.975,5,5,SF,,0,0
3.98,5,5,SF,,0,0
3.985,5,5,SF,,0,0
3.99,5,5,SF,,0,0
3.995,5,5,SF,,0,0
4,5,5,SF,,0,0
4.005,5,5,SF,,0,0
4.01,5,5,SF,,0,0
4.015,5,5,SF,,0,0
4.02,5,5,SF,,0,0
4.025,5,5,SF,,0,0
4.03,5,5,SF,,0,0
4.035,5,5,SF,,0,0
4.04,5,5,SF,,0,0
4.045,5,5,SF,,0,0
4.05,5,5,SF,,0,0
4.055,5,5,SF,,0,0
4.06,5,5,SF,,0,0
4.065,5,5,SF,,0,0
4.07,5,5,SF,,0,0
4.075,5,5,SF,,0,0
4.08,5,5,SF,,0,0
4.085,5,5,SF,,0,0
4.09,5,5,SF,,0,0
4.095,5,5,SF,,0,0
4.1,5,5,SF,,0,0
4.105,5,5,SF,,0,0
4.11,5,5,SF,,0,0
4.115,5,5,SF,,0,0
4.12,5,5,SF,,0,0
4.125,5,5,SF,,0,0
4.13,5,5,SF,,0,0
4.135,5,5,SF,,0,0
4.14,5,5,SF,,0,0
4.145,5,5,SF,,0,0
4.15,5,5,SF,,0,0
4.155,5,5,SF,,0,0
4.16,5,5,SF,,0,0
4.165,5,5,SF,,0,0
4.17,5,5,SF,,0,0
4.175,5,5,SF,,0,0
4.18,5,5,SF,,0,0
4.185,5,5,SF,,0,0
4.19,5,5,SF,,0,0
4.195,5,5,SF,,0,0
4.2,5,5,SF,,0,0
4.205,5,5,SF,,0,0
4.21,5,5,SF,,0,0
4.215,5,5,SF,,0,0
4.22,5,5,SF,,0,0
4.225,5,5,SF,,0,0
4.23,5,5,SF,,0,0
4.235,5,5,SF,,0,0
4.24,5,5,SF,,0,0
4.245,5,5,SF,,0,0
4.25,5,5,SF,,0,0
4.255,5,5,SF,,0,0
4.26,5,5,SF,,0,0
4.265,5,5,SF,,0,0
4.27,5,5,SF,,0,0
4.275,5,5,SF,,0,0
4.28,5,5,SF,,0,0
4.285,5,5,SF,,0,0
4.29,5,5,SF,,0,0
4.295,5,5,SF,,0,0
4.3,5,5,SF,,0,0
4.305,5,5,SF,,0,0
4.31,5,5,SF,,0,0
4.315,5,5,SF,,0,0
4.32,5,5,SF,,0,0
4.325,5,5,SF,,0,0
4.33,5,5,SF,,0,0
4.335,5,5,SF,,0,0
4.34,5,5,SF,,0,0
4.345,5,5,SF,,0,0
4.35,5,5,SF,,0,0
4.355,5,5,SF,,0,0
4.36,5,5,SF,,0,0
4.365,5,5,SF,,0,0
4.37,5,5,SF,,0,0
4.375,5,5,SF,,0,0
4.38,5,5,SF,,0,0
4.385,5,5,SF,,0,0
4.39,5,5,SF,,0,0
4.395,5,5,SF,,0,0
4.4,5,5,SF,,0,0
4.405,5,5,SF,,0,0
4.41,5,5,SF,,0,0
4.415,5,5,SF,,0,0
4.42,5,5,SF,,0,0
4.425,5,5,SF,,0,0
4.43,5,5,SF,,0,0
4.435,5,5,SF,,0,0
4.44,5,5,SF,,0,0
4.445,5,5,SF,,0,0
4.45,5,5,SF,,0,0
4.455,5,5,SF,,0,0
4.46,5,5,SF,,0,0
4.465,5,5,SF,,0,0
4.47,5,5,SF,,0,0
4.475,5,5,SF,,0,0
4.48,5,5,SF,,0,0
4.485,5,5,SF,,0,0
4.49,5,5,SF,,0,0
4.495,5,5,SF,,0,0
4.5,5,5,SF,,0,0
4.505,5,5,SF,,0,0
4.51,5,5,SF,,0,0
4.515,5,5,SF,,0,0
4.52,5,5,SF,,0,0
4.525,5,5,SF,,0,0
4.53,5,5,SF,,0,0
4.535,5,5,SF,,0,0
4.54,5,5,SF,,0,0
4.545,5,5,SF,,0,0
4.55,5,5,SF,,0,0
4.555,5,5,SF,,0,0
4.56,5,5,SF,,0,0
4.565,5,5,SF,,0,0
4.57,5,5,SF,,0,0
4.575,5,5,SF,,0,0
4.58,5,5,SF,,0,0
4.585,5,5,SF,,0,0
4.59,5,5,SF,,0,0
4.595,5,5,SF,,0,0
4.6,5,5,SF,,0,0
4.605,5,5,SF,,0,0
4.61,5,5,SF,,0,0
4.615,5,5,SF,,0,0
4.62,5,5,SF,,0,0
4.625,5,5,SF,,0,0
4.63,5,5,SF,,0,0
4.635,5,5,SF,,0,0
4.64,5,5,SF,,0,0
4.645,5,5,SF,,0,0
4.65,5,5,SF,,0,0
4.655,5,5,SF,,0,0
4.66,5,5,SF,,0,0
4.665,5,5,SF,,0,0
4.67,5,5,SF,,0,0
4.675,5,5,SF,,0,0
4.68,5,5,SF,,0,0
4.685,5,5,SF,,0,0
4.69,5,5,SF,,0,0
4.695,5,5,SF,,0,0
4.7,5,5,SF,,0,0
4.705,5,5,SF,,0,0
4.71,5,5,SF,,0,0
4.715,5,5,SF,,0,0
4.72,5,5,SF,,0,0
4.725,5,5,SF,,0,0
4.73,5,5,SF,,0,0
4.735,5,5,SF,,0,0
4.74,5,5,SF,,0,0
4.745,5,5,SF,,0,0
4.75,5,5,SF,,0,0
4.755,5,5,SF,,0,0
4.76,5,5,SF,,0,0
4.765,5,5,SF,,0,0
4.77,5,5,SF,,0,0
4.775,5,5,SF,,0,0
4.78,5,5,SF,,0,0
4.785,5,5,SF,,0,0
4.79,5,5,SF,,0,0
4.795,5,5,SF,,0,0
4.8,5,5,SF,,0,0
4.805,5,5,SF,,0,0
4.81,5,5,SF,,0,0
4.815,5,5,SF,,0,0
4.82,5,5,SF,,0,0
4.825,5,5,SF,,0,0
4.83,5,5,SF,,0,0
4.835,5,5,SF,,0,0
4.84,5,5,SF,,0,0
4.845,5,5,SF,,0,0
4.85,5,5,SF,,0,0
4.855,5,5,SF,,0,0
4.86,5,5,SF,,0,0
4.865,5,5,SF,,0,0
4.87,5,5,SF,,0,0
4.875,5,5,SF,,0,0
4.88,5,5,SF,,0,0
4.885,5,5,SF,,0,0
4.89,5,5,SF,,0,0
4.895,5,5,SF,,0,0
4.9,5,5,SF,,0,0
4.905,5,5,SF,,0,0
4.91,5,5,SF,,0,0
4.915,5,5,SF,,0,0
4.92,5,5,SF,,0,0
4.925,5,5,SF,,0,0
4.93,5,5,SF,,0,0
4.935,5,5,SF,,0,0
4.94,5,5,SF,,0,0
4.945,5,5,SF,,0,0
4.95,5,5,SF,,0,0
4.955,5,5,SF,,0,0
4.96,5,5,SF,,0,0
4.965,5,5,SF,,0,0
4.97,5,5,SF,,0,0
4.975,5,5,SF,,0,0
4.98,5,5,SF,,0,0
4.985,5,5,SF,,0,0
4.99,5,5,SF,,0,0
4.995,5,5,SF,,0,0
5,5,5,SF,,0,0
